date,SMALL LoBM,ME1 BM2,ME1 BM3,ME1 BM4,ME1 BM5,ME1 BM6,ME1 BM7,ME1 BM8,ME1 BM9,SMALL HiBM,ME2 BM1,ME2 BM2,ME2 BM3,ME2 BM4,ME2 BM5,ME2 BM6,ME2 BM7,ME2 BM8,ME2 BM9,ME2 BM10,ME3 BM1,ME3 BM2,ME3 BM3,ME3 BM4,ME3 BM5,ME3 BM6,ME3 BM7,ME3 BM8,ME3 BM9,ME3 BM10,ME4 BM1,ME4 BM2,ME4 BM3,ME4 BM4,ME4 BM5,ME4 BM6,ME4 BM7,ME4 BM8,ME4 BM9,ME4 BM10,ME5 BM1,ME5 BM2,ME5 BM3,ME5 BM4,ME5 BM5,ME5 BM6,ME5 BM7,ME5 BM8,ME5 BM9,ME5 BM10,ME6 BM1,ME6 BM2,ME6 BM3,ME6 BM4,ME6 BM5,ME6 BM6,ME6 BM7,ME6 BM8,ME6 BM9,ME6 BM10,ME7 BM1,ME7 BM2,ME7 BM3,ME7 BM4,ME7 BM5,ME7 BM6,ME7 BM7,ME7 BM8,ME7 BM9,ME7 BM10,ME8 BM1,ME8 BM2,ME8 BM3,ME8 BM4,ME8 BM5,ME8 BM6,ME8 BM7,ME8 BM8,ME8 BM9,ME8 BM10,ME9 BM1,ME9 BM2,ME9 BM3,ME9 BM4,ME9 BM5,ME9 BM6,ME9 BM7,ME9 BM8,ME9 BM9,BIG LoBM,ME10 BM2,ME10 BM3,ME10 BM4,ME10 BM5,ME10 BM6,ME10 BM7,ME10 BM8,ME10 BM9
2026-01-02,0.01020408163265306,0.006405527314084317,0.04702215973370623,-0.07081337355584197,-0.07434425387748837,0.01020408163265306,0.01020408163265306,0.01020408163265306,0.01020408163265306,0.01020408163265306,0.01020408163265306,0.01020408163265306,0.0037945012061791896,0.00590400263762928,-0.07555364726904917,-0.005452305823557652,-0.016535587103469522,0.01020408163265306,0.01020408163265306,0.01020408163265306,0.01020408163265306,0.01020408163265306,0.01020408163265306,0.01020408163265306,0.01020408163265306,0.027581283693927636,0.01020408163265306,0.01020408163265306,0.01020408163265306,-0.034431332444207575,0.01020408163265306,0.01020408163265306,-0.04769673469398924,0.01020408163265306,0.01020408163265306,-0.0007272307252924829,0.01020408163265306,0.01020408163265306,-0.06378343220555997,-0.02437192050445286,0.01020408163265306,0.01020408163265306,-0.10735401625369106,0.01020408163265306,0.01020408163265306,0.01020408163265306,-0.1498962822356257,0.01020408163265306,0.01020408163265306,0.01020408163265306,0.01020408163265306,-0.05022000570135138,0.01020408163265306,0.01020408163265306,0.01020408163265306,0.01020408163265306,0.01020408163265306,0.01020408163265306,0.01020408163265306,0.01020408163265306,0.01020408163265306,0.01020408163265306,0.01020408163265306,0.01020408163265306,0.01020408163265306,0.01020408163265306,0.01020408163265306,0.01020408163265306,0.01020408163265306,0.01020408163265306,0.01020408163265306,0.01020408163265306,0.01020408163265306,0.01020408163265306,0.01020408163265306,0.01020408163265306,-0.14505309129197008,0.01020408163265306,0.01020408163265306,-0.0039140140909247265,0.01020408163265306,0.01020408163265306,0.01020408163265306,0.044764655629091724,0.01020408163265306,0.01020408163265306,0.22226806097024016,0.01020408163265306,0.01020408163265306,0.42767440605753493,0.01020408163265306,0.01020408163265306,0.01020408163265306,0.1882485478241107,0.01020408163265306,0.3522642339478256,0.01020408163265306,-0.1904740287888783
2026-01-05,0.0023564948169509294,-0.003671866732951789,0.04565293702555499,-0.06012486269756245,-0.07047409210634613,0.01020408163265306,0.01020408163265306,0.01020408163265306,0.01020408163265306,0.01020408163265306,0.009254601986124161,0.01020408163265306,0.0028556810089599262,0.00413985816603106,-0.06286778445962263,-0.007752589580933595,-0.007231276581273817,0.01020408163265306,0.01020408163265306,0.01020408163265306,0.01020408163265306,0.010170524798714947,0.01020408163265306,0.01020408163265306,0.01020408163265306,0.029654384436360454,0.01020408163265306,0.01020408163265306,0.01020408163265306,-0.04730059623508356,0.01020408163265306,0.01020408163265306,-0.03861972375750954,0.01020408163265306,0.01020408163265306,0.01020408163265306,0.01020408163265306,0.01020408163265306,-0.0644558531035027,-0.011085324903765624,0.01020408163265306,0.01020408163265306,-0.1162007614219042,0.01020408163265306,0.01020408163265306,0.01020408163265306,-0.15056023822499934,0.01020408163265306,0.01020408163265306,0.01020408163265306,0.01020408163265306,-0.0627924766221903,0.01020408163265306,0.01020408163265306,0.01020408163265306,0.01020408163265306,0.01020408163265306,0.01020408163265306,0.01020408163265306,0.01020408163265306,0.01020408163265306,0.01020408163265306,0.01020408163265306,0.01020408163265306,0.01020408163265306,0.01020408163265306,0.01020408163265306,0.01020408163265306,0.01020408163265306,0.01020408163265306,0.01020408163265306,0.01020408163265306,0.01020408163265306,0.01020408163265306,0.01020408163265306,0.01020408163265306,-0.15004231883991462,0.01020408163265306,0.01020408163265306,-0.02234610393536434,0.01020408163265306,0.01020408163265306,0.01020408163265306,0.040782530947771865,0.01020408163265306,0.01020408163265306,0.22323579883005085,0.01020408163265306,0.01020408163265306,0.43657555407013454,0.01020408163265306,0.01020408163265306,0.01020408163265306,0.18347125130919908,0.01020408163265306,0.35758126306282617,0.01020408163265306,-0.18449072554146861
2026-01-06,-0.08618221471570205,0.01020408163265306,0.1394983758733945,-0.06421962255235301,-0.16843581522459888,0.01020408163265306,0.01020408163265306,0.01020408163265306,0.27105107902942466,0.01020408163265306,-0.00676025868491238,0.01020408163265306,-0.032990197082673305,-0.0060080234790554615,-0.07705166680956448,-0.00848927463333739,0.01020408163265306,0.01020408163265306,0.01020408163265306,0.01020408163265306,0.01020408163265306,0.01020408163265306,0.01020408163265306,-0.04690029720125407,0.01020408163265306,0.07516282181757736,0.01020408163265306,0.01020408163265306,0.01020408163265306,-0.10042615315717644,0.01020408163265306,0.01020408163265306,-0.01379942468288929,0.01967528315512941,0.0018965029372217494,-0.1253937658821802,0.01020408163265306,-0.154128077165042,-0.027271399380565643,0.01020408163265306,0.01020408163265306,0.01020408163265306,-0.12322267750436762,0.1520334949367625,0.07587287267752373,0.01020408163265306,-0.17361705233453903,0.03225089050538394,0.01020408163265306,0.017537820521794305,0.01020408163265306,-0.04811588397014437,0.01020408163265306,0.01020408163265306,0.009264911417504124,0.01020408163265306,0.01020408163265306,0.01020408163265306,0.01020408163265306,0.01020408163265306,0.01020408163265306,0.10345058597537428,0.06138884662405063,0.01020408163265306,0.01020408163265306,0.01020408163265306,-0.1805997591403348,0.01020408163265306,0.049792426379427525,0.015340176389941599,0.01020408163265306,0.01020408163265306,0.01020408163265306,0.01020408163265306,0.042331035284658404,0.01020408163265306,-0.18185940426496905,0.01020408163265306,0.01020408163265306,-0.00660398364029916,0.01020408163265306,0.01020408163265306,0.01020408163265306,0.13624649029770355,0.01020408163265306,0.01020408163265306,0.01020408163265306,0.01020408163265306,0.01020408163265306,0.34979045383804674,0.01020408163265306,-0.042407207003645614,0.0038531203492214224,0.19262137126002848,0.01020408163265306,0.5339297314413507,0.01020408163265306,-0.1799347036304867
2026-01-07,-0.020813980755839956,-0.0006874696747981562,0.01020408163265306,-0.018674712057605104,-0.06888421275447358,0.01020408163265306,0.01020408163265306,0.01020408163265306,0.01020408163265306,0.01020408163265306,-0.011837030722719704,0.01020408163265306,0.0040186171921129735,0.01020408163265306,-0.04799213922779395,0.01020408163265306,0.01020408163265306,0.01020408163265306,0.01020408163265306,0.01020408163265306,0.01020408163265306,-0.00196297055676168,0.01020408163265306,0.01020408163265306,0.01020408163265306,0.01020408163265306,0.01020408163265306,0.01020408163265306,0.01020408163265306,-0.022532314624722015,0.01020408163265306,0.01020408163265306,-0.05995963752935367,0.01020408163265306,0.01020408163265306,-0.0034726237220903695,0.01020408163265306,0.01020408163265306,-0.08537734527164405,0.01020408163265306,0.01020408163265306,0.01020408163265306,-0.0703986797647623,0.01020408163265306,0.01020408163265306,0.01020408163265306,-0.18398957326028437,0.01020408163265306,0.01020408163265306,0.01020408163265306,0.01020408163265306,-0.033723264366378326,0.01020408163265306,0.01020408163265306,0.01020408163265306,0.01020408163265306,0.01020408163265306,0.01020408163265306,0.01020408163265306,0.01020408163265306,0.01020408163265306,0.01020408163265306,0.01020408163265306,0.01020408163265306,0.01020408163265306,0.01020408163265306,0.01020408163265306,0.01020408163265306,0.01020408163265306,0.014295206066772937,0.01020408163265306,0.01020408163265306,0.01020408163265306,0.01020408163265306,0.01020408163265306,0.01020408163265306,-0.09114478058457946,0.01020408163265306,0.01020408163265306,0.01020408163265306,0.01020408163265306,0.01020408163265306,0.01020408163265306,0.0669983007267541,0.01020408163265306,0.01020408163265306,0.051619617723643554,0.01020408163265306,0.01020408163265306,0.41770839263409065,0.01020408163265306,0.01020408163265306,0.01020408163265306,0.1875439308617695,0.01020408163265306,0.3800714378744878,0.01020408163265306,-0.16611089065480444
2026-01-08,-0.001052973931053136,-0.006295145026860885,0.05566313324899523,-0.03812243524797291,-0.09177781190161587,0.01020408163265306,0.01020408163265306,0.01020408163265306,0.043418161017300984,0.01020408163265306,-0.019283474014983704,0.01020408163265306,0.0025013826872274875,-0.0014363934382576604,-0.026296178170858893,0.01020408163265306,0.01020408163265306,0.01020408163265306,0.01020408163265306,0.01020408163265306,0.01020408163265306,0.00925858539630485,0.01020408163265306,0.000995037823915898,0.01020408163265306,0.01020408163265306,0.01020408163265306,0.01020408163265306,0.01020408163265306,-0.05607671598320017,0.01020408163265306,0.01020408163265306,-0.05388990988542029,0.01020408163265306,-0.016509644819191358,-0.04087276762019312,0.01020408163265306,0.01020408163265306,-0.0892850611062712,0.01020408163265306,0.01020408163265306,0.01020408163265306,-0.07997383924476281,0.01020408163265306,0.01020408163265306,0.01020408163265306,-0.16838441175429184,0.01020408163265306,0.01020408163265306,0.01020408163265306,0.01020408163265306,-0.04430786944223156,0.01020408163265306,0.01020408163265306,0.01020408163265306,0.01020408163265306,0.01020408163265306,0.01020408163265306,0.01020408163265306,0.01020408163265306,0.01020408163265306,0.01020408163265306,0.01020408163265306,0.01020408163265306,0.01020408163265306,0.01020408163265306,-0.008186961251646281,0.01020408163265306,0.01020408163265306,0.019478008815112205,0.01020408163265306,0.01020408163265306,0.01020408163265306,0.01020408163265306,0.01020408163265306,0.01020408163265306,-0.13674202111996028,0.01020408163265306,0.01020408163265306,0.01020408163265306,0.01020408163265306,0.01020408163265306,0.01020408163265306,0.052547927602407236,0.01020408163265306,0.01020408163265306,0.13460525299732007,0.01020408163265306,0.01020408163265306,0.45658965725383993,0.01020408163265306,0.01020408163265306,0.01020408163265306,0.19248851106255155,0.01020408163265306,0.38516318373322056,0.01020408163265306,-0.17829686033248515
2026-01-09,-0.1443731095087842,0.01020408163265306,0.10358832362240107,0.01020408163265306,-0.23460625874605281,0.01020408163265306,0.05102458497610222,-0.03560273708289514,0.3499626161703502,0.0983904217045694,0.003948841728300609,0.01020408163265306,-0.029813084655481714,-0.03792846529708092,0.01020408163265306,-0.011928651855216547,-0.0093310365049798,-0.09012116764708548,0.01020408163265306,0.01020408163265306,0.01020408163265306,-0.04584010626953825,0.01020408163265306,-0.09643151886016466,0.037743505747212976,0.1419465021785578,0.01020408163265306,0.12128946506230204,0.01020408163265306,-0.10193067858245156,0.01020408163265306,0.01020408163265306,-0.0056631440492522205,0.01020408163265306,-0.05748878802989835,-0.06329907522250115,0.01020408163265306,-0.2725125860991238,-0.06838494029323942,0.01020408163265306,-0.013663117348759564,0.01020408163265306,-0.1347758255014993,0.21621217447051616,0.18620794244065794,0.01020408163265306,-0.22066497323010423,0.11681512620608364,0.01020408163265306,0.0397179749140807,0.01020408163265306,-0.08701211019858689,0.01020408163265306,0.01020408163265306,-0.010360604440020188,0.01020408163265306,-0.10862926796084366,0.01020408163265306,0.01020408163265306,0.01020408163265306,0.01020408163265306,0.08047676035288305,0.1864993868889981,0.01020408163265306,0.01020408163265306,0.01020408163265306,-0.2848277454298972,0.01020408163265306,0.08316440532613084,0.013709631775255336,0.036379529179899846,0.01020408163265306,0.01020408163265306,0.01020408163265306,0.08356121279139019,0.026266600736247488,-0.1357990594626985,0.01020408163265306,0.010229699483900461,-0.03716637929601038,0.01020408163265306,0.09561405401251896,0.07530907252579809,0.054115502002608014,0.036200288121591144,0.01020408163265306,0.01020408163265306,-0.097788927786967,0.01020408163265306,0.3466248464663941,0.01020408163265306,-0.048050664687370306,-0.19484127489363953,0.1322019396499199,0.10414926809803621,0.49775196446153225,0.07949844617505637,-0.13792805363527458
2026-01-12,-0.09244757254965431,-0.0068374539284120645,0.13094832402101375,0.01020408163265306,-0.20575631425863186,0.01020408163265306,0.044391299325311745,0.01020408163265306,0.2620821312338402,0.07014241752802512,-0.003214881078655616,0.01020408163265306,-0.03577197224297378,-0.0031263973881061214,0.01020408163265306,-0.05065321091618932,-0.03511109894994922,-0.047919125725932224,0.01020408163265306,0.01020408163265306,0.01020408163265306,-0.01637702598862885,0.01020408163265306,-0.09860439633613574,0.01020408163265306,0.14182172304875112,0.01020408163265306,0.06501053491171281,0.01020408163265306,-0.10428277987846475,0.01020408163265306,0.01020408163265306,-0.012987361721723866,0.01020408163265306,0.009805098940783255,-0.08580977276158056,0.01020408163265306,-0.20195626540797315,-0.06907448735882467,-0.018808209453768376,-0.017458947373202298,0.01020408163265306,-0.13595710503144112,0.18966326884320464,0.0935314664720822,0.05803489647733454,-0.26431138351514627,0.08025076641421916,0.01020408163265306,0.07741330632403834,-0.0047804262119115,-0.08415006732308396,0.01020408163265306,0.01020408163265306,0.01020408163265306,0.01020408163265306,-0.018179897467191015,0.01020408163265306,0.01020408163265306,0.01020408163265306,0.01020408163265306,0.07744686888237534,0.14168357722821484,0.01020408163265306,0.01020408163265306,0.01020408163265306,-0.20505972084019666,0.01020408163265306,0.10686619766133644,0.02304943428677437,0.01020408163265306,0.01020408163265306,0.01020408163265306,0.01020408163265306,0.03519451172463592,0.027245237502223164,-0.19253231188586317,0.01020408163265306,0.03143043768458596,-0.02005885932151704,0.04217596193975003,0.10149189553779006,0.026715073568943322,0.09331537855217098,0.01020408163265306,0.01020408163265306,0.010500128652990007,-0.0962279432361612,0.01020408163265306,0.29909162943806805,0.16633062468247933,-0.11569637007934298,-0.08487511160529201,0.21886948503035258,0.01020408163265306,0.45772688440780834,0.07684405396181102,-0.22900532812014218
2026-01-13,-0.019462011351356556,0.004653875349191538,0.01020408163265306,-0.0004683663908194198,-0.04776911167293675,0.01020408163265306,0.01020408163265306,0.01020408163265306,0.01020408163265306,0.01020408163265306,-0.04000716676829366,0.01020408163265306,-0.0008932402555689896,0.01020408163265306,0.01020408163265306,0.01020408163265306,-0.06100286997563381,0.01020408163265306,0.01020408163265306,0.01020408163265306,0.01020408163265306,-0.0008715964865168603,0.01020408163265306,0.01020408163265306,0.01020408163265306,0.01020408163265306,0.01020408163265306,0.01020408163265306,0.01020408163265306,-0.04764052024249021,0.004017546683432042,0.01020408163265306,-0.06754020660930024,0.01020408163265306,0.01020408163265306,-0.005002154162290455,0.01020408163265306,0.01020408163265306,-0.12112786268559013,0.01020408163265306,0.01020408163265306,0.01020408163265306,-0.05211219092675148,0.01020408163265306,0.01020408163265306,0.01020408163265306,-0.11579641331963046,0.01020408163265306,0.01020408163265306,0.01020408163265306,0.01020408163265306,-0.05417096311239447,0.01020408163265306,0.01020408163265306,0.01020408163265306,0.01020408163265306,0.01020408163265306,0.01020408163265306,0.01020408163265306,0.01020408163265306,0.01020408163265306,0.01020408163265306,0.01020408163265306,0.01020408163265306,0.01020408163265306,0.01020408163265306,-0.056882778092199535,0.01020408163265306,0.01020408163265306,0.014276589306401176,0.01020408163265306,0.01020408163265306,0.01020408163265306,0.01020408163265306,0.01020408163265306,0.01020408163265306,0.008603014625460348,0.02677736819813109,0.01020408163265306,0.01020408163265306,0.01020408163265306,0.01020408163265306,0.01020408163265306,0.01020408163265306,0.01020408163265306,0.01020408163265306,0.015803162311169273,0.01020408163265306,0.01020408163265306,0.39569493338392564,0.01020408163265306,0.01020408163265306,0.01020408163265306,0.19379647337666808,0.01020408163265306,0.3958249681815699,0.01020408163265306,-0.11359843854784936
2026-01-14,0.01020408163265306,-0.0009429260680979389,0.01020408163265306,-0.014491595935073773,-0.06860594494292778,0.01020408163265306,0.01020408163265306,0.01020408163265306,0.03126341383314536,0.01020408163265306,-0.031076809468451302,0.01020408163265306,-0.005876826908065852,0.01020408163265306,0.01020408163265306,0.01020408163265306,-0.020335230133187505,0.01020408163265306,0.01020408163265306,0.01020408163265306,0.01020408163265306,0.005067060111805161,0.01020408163265306,0.0014671159886045278,0.01020408163265306,0.015527456048645456,0.01020408163265306,0.01020408163265306,0.01020408163265306,-0.056811282618175224,-0.0014055089187846714,0.01020408163265306,-0.09089773312920293,0.01020408163265306,0.01020408163265306,-0.03907567209479529,0.01020408163265306,-0.017518655823721606,-0.09886894695801883,0.01020408163265306,0.01020408163265306,0.01020408163265306,-0.08354014524929276,0.01020408163265306,0.01020408163265306,0.01020408163265306,-0.10250570599224107,0.01020408163265306,0.01020408163265306,0.01020408163265306,0.01020408163265306,-0.06967677621948518,0.01020408163265306,0.01020408163265306,0.01020408163265306,0.01020408163265306,0.01020408163265306,0.01020408163265306,0.01020408163265306,0.01020408163265306,0.01020408163265306,0.01020408163265306,0.01020408163265306,0.01020408163265306,0.01020408163265306,0.01020408163265306,-0.05047058443423255,0.01020408163265306,0.048099129121771056,0.013880517285866645,0.01020408163265306,0.01020408163265306,0.01020408163265306,0.01020408163265306,0.01020408163265306,0.01020408163265306,-0.06336279401024167,0.01020408163265306,0.01020408163265306,0.01020408163265306,0.01020408163265306,0.01020408163265306,0.01020408163265306,0.028073307516133496,0.01020408163265306,0.01020408163265306,0.11353142330969782,0.01020408163265306,0.01020408163265306,0.44722064292424885,0.01020408163265306,0.01020408163265306,0.01020408163265306,0.20763071542914915,0.01020408163265306,0.34500461190918746,0.01020408163265306,-0.1453838872273201
2026-01-15,-0.051164979452403225,-0.007032504609501064,0.1221828753294279,0.005965669099085699,-0.20958732288142595,0.0436458314911608,0.11793001534978086,0.01020408163265306,0.23690989927916276,0.01020408163265306,-0.02312130563154058,0.004811395131843184,-0.042436740672168835,0.01020408163265306,0.01020408163265306,-0.06906850486073064,-0.13773653211596942,0.01020408163265306,0.044647435576073376,0.08704983097546107,0.03505181450365449,0.01020408163265306,0.05521348294391266,-0.07699999632569937,0.05598153821713985,0.1226429686897518,0.01020408163265306,0.0747482299829481,0.01020408163265306,-0.10900859114901677,0.006295240574030668,-0.05252646233432695,0.01020408163265306,0.01020408163265306,-0.05873401278600307,-0.10738827367004272,0.01020408163265306,-0.3265135636534902,-0.1144748675518259,0.01020408163265306,0.004902102133287246,0.0152699964966806,-0.17136763311701075,0.01020408163265306,0.02065571027137439,0.01020408163265306,-0.13381054357758823,0.05604273060311359,0.01020408163265306,0.06687841089629233,0.01020408163265306,-0.14057268140970045,0.01020408163265306,0.01020408163265306,0.01020408163265306,0.01020408163265306,0.01020408163265306,0.01020408163265306,0.01020408163265306,0.01020408163265306,0.01020408163265306,0.14056351200464465,0.1251692117064018,0.01020408163265306,0.01020408163265306,0.01020408163265306,-0.09711022285940167,0.01020408163265306,0.2479878438684556,0.01020408163265306,0.01020408163265306,0.01020408163265306,0.01020408163265306,0.01020408163265306,0.04232188002670026,0.01020408163265306,-0.2481354464087256,0.01020408163265306,0.11241580545850428,0.01020408163265306,0.01020408163265306,0.11629386145087071,0.13513979755353026,0.0597456315125026,0.01020408163265306,0.01020408163265306,0.028115078283232856,-0.06241692226471143,0.01020408163265306,0.20448737720290155,0.25073675376106863,-0.0654215280540265,-0.117047659647609,0.2885840403966315,0.01020408163265306,0.34701679677338576,0.018144623272773525,-0.3004425243542955
2026-01-16,-0.030752846467004026,-0.027724234631443398,0.13178091595668556,-0.011150387367287308,-0.1330793218795934,0.029908375803502592,0.01169237619868637,0.01020408163265306,0.20992434705786497,0.01020408163265306,-0.015435811718310556,0.01020408163265306,-0.032126255037210075,-0.0018077328452146286,0.006041196832787141,-0.10959367082392532,-0.04404052542852869,0.01020408163265306,0.08026829930542397,0.01020408163265306,0.01020408163265306,0.01020408163265306,0.01020408163265306,-0.05541294206162198,0.01020408163265306,0.1135713226337078,0.01020408163265306,0.03752687038259447,0.01020408163265306,-0.10475980814754114,-0.01537016773377792,0.01020408163265306,-0.040549971036182506,0.01020408163265306,-0.014947434199100948,-0.1172997578912716,0.01020408163265306,-0.15876480435207582,0.0018166613410437113,-0.02395086679863128,0.01020408163265306,0.01020408163265306,-0.10865894798019864,0.01020408163265306,0.03137115466812529,0.01020408163265306,-0.13320818591125574,0.01020408163265306,0.01020408163265306,0.0343366363748288,0.01020408163265306,-0.08270744875041047,0.01020408163265306,0.01020408163265306,0.01020408163265306,0.01020408163265306,0.01020408163265306,-0.014575611164636558,0.01020408163265306,0.01235426478145822,0.01020408163265306,0.11595445749294296,0.01020408163265306,0.01020408163265306,0.01020408163265306,0.01020408163265306,-0.060508612994977715,0.01020408163265306,0.17964616076370668,0.010926560096703373,0.01020408163265306,0.01020408163265306,0.01020408163265306,0.01020408163265306,0.01020408163265306,0.01020408163265306,-0.19763076637660992,0.01020408163265306,0.01020408163265306,0.01020408163265306,0.01020408163265306,0.01020408163265306,0.01020408163265306,0.06950969676265065,0.01020408163265306,0.01020408163265306,0.03489346488733,0.005073722507277702,0.01020408163265306,0.38438293205146823,0.08956163966146764,0.01020408163265306,0.01020408163265306,0.27954604852287596,0.01020408163265306,0.37775376538035776,0.01020408163265306,-0.24439700276463927
2026-01-20,-0.04322684742402487,-0.02687771074579825,0.0845225096229725,-0.004620515215436532,-0.09057232760178922,0.01020408163265306,0.01020408163265306,0.01020408163265306,0.17627894438312633,0.01020408163265306,-0.004117005452565981,0.01020408163265306,-0.02099625679398239,0.004928223809562071,-0.020041894977029656,-0.07057311053139094,-0.024025556243424624,0.01020408163265306,0.052343314052835176,0.01020408163265306,0.01020408163265306,0.01020408163265306,0.01020408163265306,-0.08501827360328552,0.01020408163265306,0.09275909105604908,0.01020408163265306,0.026569563804416454,0.01020408163265306,-0.09311409957890666,-0.0036654596513632665,0.01020408163265306,-0.04183018464213909,0.01020408163265306,0.01020408163265306,-0.12235077044435665,0.01020408163265306,-0.13132347226118884,-0.0056500184432818675,0.01020408163265306,0.01020408163265306,0.01020408163265306,-0.09172246054598567,0.01020408163265306,0.022640453061419128,0.01020408163265306,-0.12837921441637937,0.01020408163265306,0.01020408163265306,0.019508301331976192,0.01020408163265306,-0.067564233906254,0.01020408163265306,0.01020408163265306,0.01020408163265306,0.01020408163265306,0.01020408163265306,-0.020774503437671496,0.01020408163265306,0.01020408163265306,0.01020408163265306,0.07429954380888892,0.01020408163265306,0.01020408163265306,0.01020408163265306,0.01020408163265306,-0.053526543259845294,0.01020408163265306,0.15536711305005174,0.01020408163265306,0.01020408163265306,0.01020408163265306,0.01020408163265306,0.01020408163265306,0.01020408163265306,0.01020408163265306,-0.1671970604175301,0.01020408163265306,0.01020408163265306,0.01020408163265306,0.01020408163265306,0.01020408163265306,0.01020408163265306,0.025959331279475167,0.01020408163265306,0.01020408163265306,0.0446014614390419,0.01020408163265306,0.01020408163265306,0.47060722183375386,0.01020408163265306,-0.017382487757030524,0.01020408163265306,0.2760671512549929,0.01020408163265306,0.36802706775317506,0.01020408163265306,-0.16197010051760624
2026-01-21,0.01020408163265306,-0.010725749108190285,0.01020408163265306,-0.033305374175534905,-0.011537604346183788,0.01020408163265306,0.01020408163265306,0.01020408163265306,0.01020408163265306,0.01020408163265306,-0.033433881013842565,0.01020408163265306,-0.009895740348650305,0.01020408163265306,-0.030857958643998096,0.0015307198532344066,-0.0030785316294925247,0.01020408163265306,0.01020408163265306,0.01020408163265306,0.01020408163265306,-0.014028741023297703,0.01020408163265306,0.01020408163265306,0.01020408163265306,0.01020408163265306,0.01020408163265306,0.01020408163265306,0.01020408163265306,-0.06566436287174636,-0.008330416027799796,0.01020408163265306,-0.053446593678255605,0.01020408163265306,-0.03664127043831949,-0.079185041838201,0.01020408163265306,0.0032376669325275753,-0.0771646316389375,0.01020408163265306,0.01020408163265306,0.01020408163265306,-0.11043948067555073,0.01020408163265306,0.01020408163265306,0.01020408163265306,-0.09538583886496425,0.01020408163265306,0.01020408163265306,0.01020408163265306,0.01020408163265306,0.008452009503819755,0.01020408163265306,0.01020408163265306,0.01020408163265306,0.01020408163265306,0.01020408163265306,0.01020408163265306,0.01020408163265306,0.01020408163265306,0.01020408163265306,0.01020408163265306,0.01020408163265306,0.01020408163265306,0.01020408163265306,0.01020408163265306,-0.0212881899122783,0.01020408163265306,0.01020408163265306,0.014913186781724628,0.01020408163265306,0.01020408163265306,0.01020408163265306,0.01020408163265306,0.01020408163265306,0.01020408163265306,-0.053412863859469834,0.1040223332394113,0.01020408163265306,0.01020408163265306,0.01020408163265306,0.01020408163265306,0.01020408163265306,0.01020408163265306,0.01020408163265306,0.01020408163265306,0.01020408163265306,0.01020408163265306,0.01020408163265306,0.3552421899872737,0.01020408163265306,0.01020408163265306,0.01020408163265306,0.17989074808595637,0.01020408163265306,0.3722883579222102,0.01020408163265306,-0.01624473812981221
2026-01-22,0.01020408163265306,-0.01955320478134869,0.05996301002335067,-0.045912661303621725,-0.04242568737444077,0.01020408163265306,0.01020408163265306,0.01020408163265306,0.039907404970141315,0.01020408163265306,-0.026273895358612416,0.01020408163265306,-0.024445913036428235,0.01020408163265306,-0.03150650670326769,0.01020408163265306,0.003126221221421207,0.01020408163265306,0.01020408163265306,0.01020408163265306,0.01020408163265306,0.01020408163265306,0.01020408163265306,0.01020408163265306,0.01020408163265306,0.01020408163265306,0.01020408163265306,0.01020408163265306,0.01020408163265306,-0.05110613250645053,-0.004826933527403763,0.01020408163265306,-0.05203438271639097,0.01020408163265306,0.01020408163265306,-0.12986574161779244,0.01020408163265306,-0.05835795605094159,-0.06427265303535011,0.01020408163265306,0.01020408163265306,0.01020408163265306,-0.1637250214684946,0.01020408163265306,0.01020408163265306,0.01020408163265306,-0.0989968058856885,0.01020408163265306,0.01020408163265306,0.01020408163265306,0.01020408163265306,0.004263011462462481,0.01020408163265306,0.01020408163265306,0.01020408163265306,0.01020408163265306,0.01020408163265306,0.01020408163265306,0.01020408163265306,0.01020408163265306,0.01020408163265306,0.01020408163265306,0.01020408163265306,0.01020408163265306,0.01020408163265306,0.01020408163265306,-0.059323041240125995,0.01020408163265306,0.01020408163265306,0.026442552245947062,0.01020408163265306,0.01020408163265306,0.01020408163265306,0.01020408163265306,0.01020408163265306,0.01020408163265306,-0.11186745288382151,0.11057606824947297,0.01020408163265306,0.01020408163265306,0.01020408163265306,0.01020408163265306,0.01020408163265306,0.01020408163265306,0.01020408163265306,0.01020408163265306,0.03514125364522942,0.01020408163265306,0.01020408163265306,0.3430207028900689,0.0536000768906411,0.01020408163265306,0.01020408163265306,0.20881126668059777,0.01020408163265306,0.37621122224034054,0.01020408163265306,0.009145484684791915
2026-01-23,0.01020408163265306,-0.009481945681797969,0.01020408163265306,-0.03562518810458132,-0.010848153627174591,0.01020408163265306,0.01020408163265306,0.01020408163265306,0.01020408163265306,0.01020408163265306,-0.026532954307139492,0.01020408163265306,-0.01909795259217839,0.01020408163265306,-0.04793046814751773,0.01020408163265306,0.006110995066204873,0.01020408163265306,0.01020408163265306,0.01020408163265306,0.01020408163265306,0.01020408163265306,0.01020408163265306,0.01020408163265306,0.01020408163265306,0.01020408163265306,0.01020408163265306,0.01020408163265306,0.01020408163265306,-0.0600456123232231,-0.006911904018037816,0.01020408163265306,-0.01717995187042838,0.01020408163265306,0.01020408163265306,-0.1353986932604369,0.01020408163265306,-0.03601454729305304,-0.05288419677140069,0.01020408163265306,0.01020408163265306,0.01020408163265306,-0.13900049018593674,0.01020408163265306,0.01020408163265306,0.01020408163265306,-0.13288990141862722,0.01020408163265306,0.01020408163265306,0.01020408163265306,0.01020408163265306,0.01020408163265306,0.01020408163265306,0.01020408163265306,0.01020408163265306,0.01020408163265306,0.01020408163265306,0.01020408163265306,0.01020408163265306,0.01020408163265306,0.01020408163265306,0.01020408163265306,0.01020408163265306,0.01020408163265306,0.01020408163265306,0.01020408163265306,-0.027117493932751667,0.01020408163265306,0.01020408163265306,0.01020408163265306,0.01020408163265306,0.01020408163265306,0.01020408163265306,0.01020408163265306,0.01020408163265306,0.01020408163265306,-0.05734943105667539,0.09657937789260548,0.01020408163265306,0.01020408163265306,0.01020408163265306,0.01020408163265306,0.01020408163265306,0.01020408163265306,0.01020408163265306,0.01020408163265306,0.01020408163265306,0.01020408163265306,0.01020408163265306,0.37370950558115085,0.01020408163265306,0.01020408163265306,0.01020408163265306,0.21591728367177296,0.01020408163265306,0.317534113852412,0.01020408163265306,0.02894740444518161
2026-01-26,0.01020408163265306,-0.017587742004027906,0.03941689282671627,-0.0470305994708614,-0.0410438865035467,0.01020408163265306,0.01020408163265306,0.01020408163265306,0.06450545902049808,0.01020408163265306,-0.02006232610046642,0.01020408163265306,-0.022759831892104725,0.008354578619071278,-0.050594651314098675,0.01020408163265306,0.009865086452599325,0.01020408163265306,0.01020408163265306,0.01020408163265306,0.01020408163265306,0.01020408163265306,0.01020408163265306,0.01020408163265306,0.01020408163265306,0.01020408163265306,0.01020408163265306,0.01020408163265306,0.01020408163265306,-0.07871662190125751,-0.010932343195147373,0.009919036883627571,-0.03544559076813629,0.01020408163265306,-0.0007284280479989552,-0.1391908239038886,0.01020408163265306,-0.031861724661272336,-0.0385751157696339,0.01020408163265306,0.01020408163265306,0.01020408163265306,-0.14677834256571362,0.01020408163265306,0.01020408163265306,0.01020408163265306,-0.11902667127778262,0.01020408163265306,0.01020408163265306,0.01020408163265306,0.01020408163265306,0.01020408163265306,0.01020408163265306,0.01020408163265306,0.01020408163265306,0.01020408163265306,0.01020408163265306,0.01020408163265306,0.01020408163265306,0.01020408163265306,0.01020408163265306,0.01020408163265306,0.01020408163265306,0.01020408163265306,0.01020408163265306,0.01020408163265306,-0.066785931589955,0.01020408163265306,0.01020408163265306,0.023620001216591816,0.01020408163265306,0.01020408163265306,0.01020408163265306,0.01020408163265306,0.01020408163265306,0.01020408163265306,-0.09779429677774981,0.11400956986634832,0.01020408163265306,0.01020408163265306,0.01020408163265306,0.01020408163265306,0.01020408163265306,0.01020408163265306,0.01020408163265306,0.01020408163265306,0.025536154995068436,0.01020408163265306,0.01020408163265306,0.38224340156032216,0.01020408163265306,0.01020408163265306,0.01020408163265306,0.22913494933052903,0.01020408163265306,0.3284300611344123,0.01020408163265306,0.025798103184796015
2026-01-27,0.01020408163265306,-0.04163091341634223,0.10549849889762147,0.007432413012549163,-0.095094395171749,0.06747965271595975,0.01020408163265306,-0.026243307147219022,0.10532538510030343,0.01020408163265306,0.01020408163265306,0.01020408163265306,-0.060920764657553236,0.01020408163265306,-0.05384497296916223,0.01020408163265306,0.01020408163265306,0.01020408163265306,0.1116502163963308,0.01020408163265306,0.01020408163265306,0.01020408163265306,7.2213326598871e-05,-0.010530142865249332,0.035799081074324515,0.08571154420643812,0.01020408163265306,0.01020408163265306,0.01020408163265306,-0.11344200087662148,-0.026136787359594175,0.01020408163265306,-0.08111532558472749,0.01020408163265306,-0.028322537795339706,-0.15978495654305122,0.01020408163265306,-0.10116002519168846,-0.005171967250416019,-0.11517397350726731,0.01020408163265306,0.02597356573569655,-0.24174958238704486,0.07682208005202015,0.01020408163265306,0.11809281154504035,-0.20223972892399503,0.01020408163265306,0.01020408163265306,0.07431699336102963,0.01020408163265306,0.01020408163265306,0.01020408163265306,0.01020408163265306,0.01020408163265306,0.01020408163265306,0.01020408163265306,0.01020408163265306,0.01020408163265306,0.01020408163265306,0.01020408163265306,0.051741986456826164,0.01020408163265306,0.01020408163265306,0.01020408163265306,0.01020408163265306,-0.09078928653530591,0.01020408163265306,0.151107350202186,0.07836898903279704,0.008326478912049792,0.01020408163265306,0.01020408163265306,0.01020408163265306,0.01020408163265306,0.015224339971486672,-0.24441550848775784,0.04514022714371592,0.01020408163265306,0.01020408163265306,0.18255394537279337,0.01020408163265306,0.13147891946393894,0.01020408163265306,0.01020408163265306,0.01020408163265306,0.017143138058419567,0.01020408163265306,-0.01919989455631449,0.2948944720292176,0.20150257484458928,-0.1983790267593636,-0.0407992226523929,0.3033789388606115,0.01020408163265306,0.30285007504178013,0.01020408163265306,-0.16214973344147537
2026-01-28,0.01020408163265306,0.01020408163265306,0.01252193796174417,-0.02303755672478207,-0.04968946733832263,0.014894465995571426,0.01020408163265306,0.01020408163265306,0.01020408163265306,0.01020408163265306,-0.02681412166970163,0.01020408163265306,-0.019205248136830742,0.01020408163265306,-0.011843998845459164,0.01020408163265306,0.01020408163265306,0.01020408163265306,0.01020408163265306,0.01020408163265306,0.01020408163265306,0.01020408163265306,0.01020408163265306,0.01020408163265306,0.01020408163265306,0.01020408163265306,0.01020408163265306,0.01020408163265306,0.01020408163265306,-0.05368865416724218,0.004410655206459638,0.01020408163265306,-0.08308492502952006,0.01020408163265306,0.01020408163265306,-0.05954121991847601,0.01020408163265306,-0.016550037363159437,-0.06738942594923679,0.01020408163265306,0.01020408163265306,0.01020408163265306,-0.13201156742282377,0.01020408163265306,0.01020408163265306,0.01020408163265306,-0.13240598315035015,0.01020408163265306,0.01020408163265306,0.01020408163265306,0.01020408163265306,0.01020408163265306,0.01020408163265306,0.01020408163265306,0.01020408163265306,0.01020408163265306,0.01020408163265306,0.01020408163265306,0.01020408163265306,0.01020408163265306,0.01020408163265306,0.01020408163265306,0.01020408163265306,0.01020408163265306,0.01020408163265306,0.01020408163265306,-0.02641273076746007,0.01020408163265306,0.01020408163265306,0.01041455242224398,0.01020408163265306,0.01020408163265306,0.01020408163265306,0.01020408163265306,0.01020408163265306,0.01020408163265306,-0.0813701131287486,0.054826806868935075,0.01020408163265306,0.01020408163265306,0.01020408163265306,0.01020408163265306,0.01020408163265306,0.01020408163265306,0.01020408163265306,0.01020408163265306,0.01020408163265306,0.01020408163265306,0.01020408163265306,0.34862532623287945,0.01020408163265306,0.01020408163265306,0.01020408163265306,0.19234351598495864,0.01020408163265306,0.4100556303738878,0.01020408163265306,-0.03035396388354651
2026-01-29,0.01020408163265306,-0.023636746999528044,0.045689547015052075,-0.013685058013251006,-0.11198968781357596,0.05656453864308438,0.01020408163265306,0.01020408163265306,0.08900778901205729,0.01020408163265306,-0.005616818254926327,0.01020408163265306,-0.039574334180976535,0.0009994417839817062,0.01020408163265306,0.01020408163265306,0.01020408163265306,0.01020408163265306,0.04157602284206116,0.01020408163265306,0.01020408163265306,0.01020408163265306,0.01020408163265306,0.01020408163265306,0.01020408163265306,0.03979506113743022,0.01020408163265306,0.01020408163265306,0.01020408163265306,-0.07804973157498885,-0.015013223071650034,0.01020408163265306,-0.0727165731383464,0.01020408163265306,-0.03109063814707693,-0.06659704646202637,0.01020408163265306,0.002622205999415316,-0.050860715102283384,-0.06900394889951726,0.01020408163265306,0.01020408163265306,-0.1547492922711132,0.01020408163265306,0.01020408163265306,0.01020408163265306,-0.13011375420896257,0.01020408163265306,0.01020408163265306,0.01020408163265306,0.01020408163265306,0.01020408163265306,0.01020408163265306,0.01020408163265306,-0.02898601229046606,0.01020408163265306,0.01020408163265306,0.01020408163265306,0.01020408163265306,0.01020408163265306,0.01020408163265306,0.01020408163265306,0.01020408163265306,0.01020408163265306,0.01020408163265306,-0.023340025398185214,-0.07994772552443306,0.01020408163265306,0.0596817742026964,0.06903352410846261,0.01020408163265306,0.01020408163265306,0.01020408163265306,0.01020408163265306,0.01020408163265306,0.01020408163265306,-0.17277731029984175,0.04307125445272331,0.01020408163265306,0.01020408163265306,0.06686761458969272,0.01020408163265306,0.01020408163265306,0.05645585251862742,0.01020408163265306,0.01020408163265306,0.05576687384589265,0.01020408163265306,0.01020408163265306,0.3211628421413093,0.10360516116455042,-0.014842121173151085,0.01020408163265306,0.23769924056745304,0.01020408163265306,0.32980257544791325,0.01020408163265306,-0.05925953623993975
2026-01-30,0.01020408163265306,-0.04517400695250382,0.07348695976783857,0.01020408163265306,-0.10847108231721232,0.10660947929143967,0.01020408163265306,-0.04106246834675044,0.13829367329213507,0.01020408163265306,0.01020408163265306,0.01020408163265306,-0.06871433447819936,0.01020408163265306,-0.03132362898921772,0.01020408163265306,0.01020408163265306,0.0016053725869947817,0.16161167904482937,0.01020408163265306,0.01020408163265306,0.01020408163265306,-0.04099471704040043,-0.019209891716565113,0.05865821222490164,0.07735867277446853,0.01020408163265306,0.01020408163265306,0.01020408163265306,-0.11830692702211056,0.01020408163265306,0.01020408163265306,-0.08797416830782283,0.01020408163265306,-0.0900554703192199,-0.10139863453915342,0.01020408163265306,-0.07917353025087431,-0.01904148298492657,-0.17297496998524559,0.01020408163265306,0.01020408163265306,-0.18591815863403904,0.0991677629425579,0.01020408163265306,0.01020408163265306,-0.16864321886747385,0.01020408163265306,0.01020408163265306,0.053482656432204914,0.01020408163265306,0.01020408163265306,0.01020408163265306,0.01020408163265306,0.01020408163265306,0.01020408163265306,0.01020408163265306,0.01020408163265306,0.01020408163265306,0.01020408163265306,0.01020408163265306,0.0764538122942628,0.01020408163265306,0.01020408163265306,0.01020408163265306,0.0013780511365487687,-0.12588652914010318,0.01020408163265306,0.1122687678189107,0.07640625663619321,0.01020408163265306,0.01020408163265306,0.01020408163265306,0.01020408163265306,0.01020408163265306,0.01020408163265306,-0.2343114689075829,0.01020408163265306,0.005758998888983918,0.01020408163265306,0.29460863112494534,0.018267438280879282,0.03733193598402865,0.01020408163265306,0.01020408163265306,0.12274123488502113,0.01020408163265306,0.10133014229634978,0.00973497158466588,0.1952389133838512,0.21573887945076528,-0.13387098998922534,-0.04662835219333859,0.24538686586669847,0.01020408163265306,0.23718344721896292,0.01020408163265306,-0.14178511075708455
2026-02-02,0.01020408163265306,-0.03051072219887773,0.035264754040191526,-0.01258494664165234,-0.09711722465483914,0.029155889804743665,0.01020408163265306,0.01020408163265306,0.13796149095248852,0.01020408163265306,0.01020408163265306,0.01020408163265306,-0.028990150373234297,0.01020408163265306,-0.03383367592246269,0.01020408163265306,0.01020408163265306,0.01020408163265306,0.01020408163265306,0.01020408163265306,0.01020408163265306,0.01020408163265306,0.01020408163265306,0.01020408163265306,0.01020408163265306,0.04757183145160119,0.01020408163265306,0.01020408163265306,0.01020408163265306,-0.05496299490396475,0.01020408163265306,-0.0077206803125575586,-0.09594426477373404,0.01020408163265306,-0.01860083648327203,-0.06923085665793872,0.01020408163265306,0.01020408163265306,-0.00019361919569820495,-0.06949671489276021,-0.015188733174391093,0.01020408163265306,-0.1881615356299564,0.01020408163265306,0.01020408163265306,0.01020408163265306,-0.18637218295761387,0.01020408163265306,0.01020408163265306,0.027638623960511283,0.01020408163265306,0.01020408163265306,0.01020408163265306,0.01020408163265306,-0.011266449947398128,0.01020408163265306,0.01020408163265306,0.01020408163265306,0.01020408163265306,0.01020408163265306,0.01020408163265306,0.01020408163265306,0.01020408163265306,0.01020408163265306,0.06831372991903409,0.01020408163265306,0.01020408163265306,0.01020408163265306,0.01020408163265306,0.027404966785582678,0.01020408163265306,0.01020408163265306,0.01020408163265306,0.01020408163265306,0.01020408163265306,0.01020408163265306,-0.2089453074829593,0.10525948794550428,0.01020408163265306,0.01020408163265306,0.1774909913838267,0.01020408163265306,0.01020408163265306,0.01020408163265306,0.01020408163265306,0.01020408163265306,0.0508321456152964,0.01020408163265306,-0.02981593500210366,0.35227842912000273,0.01020408163265306,0.01020408163265306,0.01020408163265306,0.23522842324171675,0.01020408163265306,0.24852997111444433,0.01020408163265306,-0.05746329188463174
2026-02-03,0.01020408163265306,-0.05571452353580668,0.04456133324634044,-0.004341364776793847,-0.08864124105856484,0.03993409288607143,0.01020408163265306,0.01020408163265306,0.1288239562732326,0.01020408163265306,0.01020408163265306,0.01020408163265306,-0.027181489317873286,0.01020408163265306,-0.03117565644545392,0.01020408163265306,0.01020408163265306,0.01020408163265306,0.01020408163265306,0.01020408163265306,0.01020408163265306,0.01020408163265306,0.01020408163265306,0.01020408163265306,0.01020408163265306,0.04013539572011961,0.01020408163265306,0.01020408163265306,0.01020408163265306,-0.03931841928552583,0.01020408163265306,-0.018070532682342745,-0.10573444930787709,0.01020408163265306,-0.035563878655709334,-0.07915272603671213,0.01020408163265306,0.01020408163265306,0.01020408163265306,-0.06588468224535218,-0.010726408661860394,0.01020408163265306,-0.17844552374217743,0.01020408163265306,0.01020408163265306,0.01020408163265306,-0.18580497307877064,0.01020408163265306,0.01020408163265306,0.02592111473194718,0.01020408163265306,0.01020408163265306,0.01020408163265306,0.01020408163265306,0.008917948540208616,0.01020408163265306,0.01020408163265306,0.01020408163265306,0.01020408163265306,0.01020408163265306,0.01020408163265306,0.01020408163265306,0.01020408163265306,0.01020408163265306,0.09372623649372966,0.01020408163265306,0.01020408163265306,0.01020408163265306,0.01020408163265306,0.015628197074065837,0.01020408163265306,0.01020408163265306,0.01020408163265306,0.01020408163265306,0.01020408163265306,0.01020408163265306,-0.2055025887373707,0.09987324458302985,0.01020408163265306,0.01020408163265306,0.18026894761657164,0.01020408163265306,0.01020408163265306,0.01020408163265306,0.01020408163265306,0.01020408163265306,0.026344165432741554,0.01791418138909912,-0.02910120476315333,0.35339589809462824,0.01020408163265306,0.01020408163265306,0.01020408163265306,0.22471687786291733,0.01020408163265306,0.2693013867219541,0.01020408163265306,-0.08257270209041469
2026-02-04,0.01020408163265306,-0.06123232923197207,0.06814942922603412,-0.011937964921089577,-0.10967195635157079,0.06868208507171984,0.01020408163265306,0.01020408163265306,0.12193543018985092,0.022069938848780717,0.01020408163265306,0.01020408163265306,-0.0378704171170001,0.01020408163265306,-0.01910177389521043,0.01020408163265306,0.01020408163265306,0.01020408163265306,0.01645285258995454,0.01020408163265306,0.01020408163265306,0.01020408163265306,0.01020408163265306,0.01020408163265306,0.01020408163265306,0.035167262308655696,0.01020408163265306,0.01020408163265306,0.01020408163265306,-0.030857454749924504,0.01020408163265306,-0.05493787450164021,-0.08657582552625195,0.01020408163265306,-0.04137172926699454,-0.07553853840407877,0.01020408163265306,0.0058260978891556785,0.01020408163265306,-0.10153240118087523,0.0057407489046287985,0.01020408163265306,-0.21641494046481743,0.01020408163265306,0.01020408163265306,0.01020408163265306,-0.1386101348470421,0.01020408163265306,0.01020408163265306,0.028694664327695123,0.01020408163265306,0.01020408163265306,0.01020408163265306,0.01020408163265306,0.01020408163265306,0.01020408163265306,0.01020408163265306,0.01020408163265306,0.01020408163265306,0.01020408163265306,0.01020408163265306,0.01020408163265306,0.01020408163265306,0.01020408163265306,0.1232888626342171,0.01020408163265306,0.01020408163265306,0.01020408163265306,0.04077975553898967,0.03139416107669738,0.01020408163265306,-0.032189183406148326,0.01020408163265306,0.01020408163265306,0.01020408163265306,0.01020408163265306,-0.26738501899234923,0.12223299971647518,0.01020408163265306,0.01020408163265306,0.2283814731857643,0.01020408163265306,0.01020408163265306,0.01020408163265306,0.01020408163265306,0.0935855066337229,0.014994119241220828,0.01020408163265306,-0.08631470583444208,0.3172584212779245,0.01020408163265306,0.01020408163265306,0.004277149930367794,0.2268915460430239,0.01020408163265306,0.23566780273268914,0.01020408163265306,-0.06237703826799758
2026-02-05,0.01020408163265306,-0.03448792387111941,0.01020408163265306,-0.016312503709411653,-0.07193835101523113,0.06471130304614903,0.01020408163265306,0.01020408163265306,0.0707483168439976,0.01020408163265306,0.01020408163265306,0.01020408163265306,-0.021383823014914663,0.01020408163265306,-0.004862160438535634,0.01020408163265306,0.01020408163265306,0.01020408163265306,0.01020408163265306,0.01020408163265306,0.01020408163265306,0.01020408163265306,0.01020408163265306,0.01020408163265306,0.01020408163265306,0.02471277531817297,0.01020408163265306,0.01020408163265306,0.01020408163265306,-0.05018053436518286,0.01020408163265306,-0.040517605678656934,-0.061952026085424924,0.01020408163265306,-0.05421387244971823,-0.11846469312885315,0.01020408163265306,0.01020408163265306,-0.026932442128547812,-0.042031588980628025,0.01020408163265306,0.01020408163265306,-0.1374403723453709,0.01020408163265306,0.01020408163265306,0.01020408163265306,-0.11628361794502905,0.01020408163265306,0.01020408163265306,0.01020408163265306,0.01020408163265306,-0.01203585462282355,0.01020408163265306,0.01020408163265306,0.001679244703325443,0.01020408163265306,0.01020408163265306,0.01020408163265306,0.01020408163265306,0.01020408163265306,0.01020408163265306,0.01020408163265306,0.01020408163265306,0.01020408163265306,0.06882605501710032,0.01020408163265306,0.01020408163265306,0.01020408163265306,0.01020408163265306,0.011063712754074546,0.01020408163265306,0.01020408163265306,0.01020408163265306,0.01020408163265306,0.01020408163265306,0.01020408163265306,-0.16516283729719858,0.06582296329346538,0.01020408163265306,0.01020408163265306,0.017769568964105944,0.01020408163265306,0.01020408163265306,0.01020408163265306,0.01020408163265306,0.061193513774691795,0.01020408163265306,0.01020408163265306,0.01020408163265306,0.4117801537601417,0.01020408163265306,0.01020408163265306,0.01020408163265306,0.25511928450915455,0.01020408163265306,0.2468910861100402,0.01020408163265306,-0.030199403670834304
2026-02-06,0.01020408163265306,-0.033021030535630165,0.03576702333036626,-0.021337355871522398,-0.09617545420469431,0.06787263197813864,0.01020408163265306,0.01020408163265306,0.12579281991470626,0.01020408163265306,0.01020408163265306,0.01020408163265306,-0.03070722176440683,0.01020408163265306,-0.005038963282046061,0.01020408163265306,0.01020408163265306,0.01020408163265306,0.01020408163265306,0.01020408163265306,0.01020408163265306,0.01020408163265306,0.01020408163265306,0.01020408163265306,0.01020408163265306,0.042059609110058904,0.01020408163265306,0.01020408163265306,0.01020408163265306,-0.05236077809926605,0.01020408163265306,-0.03600532720709536,-0.07716881811314134,0.01020408163265306,-0.08681217732371443,-0.10988995507737029,0.01020408163265306,0.01020408163265306,0.01020408163265306,-0.0678028154673226,0.01020408163265306,0.01020408163265306,-0.15101545637338848,0.01020408163265306,0.01020408163265306,0.01020408163265306,-0.1252210571952511,0.01020408163265306,0.01020408163265306,0.01020408163265306,0.01020408163265306,-0.009238175945736645,0.01020408163265306,0.01020408163265306,0.00683239233334084,0.01020408163265306,0.01020408163265306,0.01020408163265306,0.01020408163265306,0.01020408163265306,0.01020408163265306,0.01020408163265306,0.01020408163265306,0.01020408163265306,0.08928853069918387,0.01020408163265306,0.01020408163265306,0.01020408163265306,0.020247874591026456,0.025097362923935967,0.01020408163265306,-0.08791958409510586,0.01020408163265306,0.01020408163265306,0.01020408163265306,0.01020408163265306,-0.20160091437465086,0.02449292738433917,0.01020408163265306,0.01020408163265306,0.1639404489984546,0.01020408163265306,0.01020408163265306,0.01020408163265306,0.01020408163265306,0.08200332970553839,0.01020408163265306,0.01020408163265306,0.007156658003963224,0.3624452852121898,0.01020408163265306,0.01020408163265306,0.01020408163265306,0.2588762567284086,0.01020408163265306,0.2502444993749316,0.01020408163265306,-0.04427195311334188
2026-02-09,0.01020408163265306,-0.05441244056349874,0.06801389841538641,-0.010086995094520752,-0.0916381910948005,0.08448409381030925,0.01020408163265306,0.007764957418747681,0.08890239891661221,0.01020408163265306,0.01020408163265306,0.01020408163265306,-0.038202515633716204,0.01020408163265306,-0.015195479542169653,0.01020408163265306,0.01020408163265306,0.01020408163265306,0.08953080810193394,0.01020408163265306,-0.05249617583943371,0.01020408163265306,0.01020408163265306,0.01020408163265306,0.01020408163265306,0.07088238352674743,0.01020408163265306,0.01020408163265306,0.01020408163265306,-0.03851758103983429,0.01020408163265306,-0.026735642792747406,-0.013652022976918117,0.01020408163265306,-0.10926907346779845,-0.08082671685045714,0.01020408163265306,-0.12316197476097608,0.01020408163265306,-0.08395603352443523,0.00708843186367716,0.01020408163265306,-0.14460717489316077,0.01020408163265306,0.01020408163265306,0.01020408163265306,-0.12547300735570718,0.01020408163265306,0.01020408163265306,0.01020408163265306,0.01020408163265306,-0.03088957737967099,0.01020408163265306,0.01020408163265306,-0.019417277454478292,0.01020408163265306,0.01020408163265306,0.01020408163265306,0.01020408163265306,0.01020408163265306,0.01020408163265306,0.024989804816881053,0.01020408163265306,0.01020408163265306,0.1280182707854141,0.01020408163265306,0.01020408163265306,0.01020408163265306,0.01020408163265306,0.03950368077772341,0.01020408163265306,-0.05889705602351533,0.01020408163265306,0.01020408163265306,0.01020408163265306,0.01020408163265306,-0.29367164189651507,0.01020408163265306,0.01020408163265306,0.01020408163265306,0.2791523033239983,0.01020408163265306,0.01020408163265306,0.01020408163265306,0.01020408163265306,0.15173813855447738,0.01020408163265306,0.01020408163265306,-5.9833011718629994e-05,0.20371787225904114,0.0972672804324683,0.01020408163265306,-0.001980075140900154,0.22242081104768727,0.01020408163265306,0.2806594792133277,0.01020408163265306,-0.04323302488664378
2026-02-10,0.01020408163265306,-0.03880387699025306,0.018483334518828318,-0.029061216037273054,-0.03567855920593213,0.07502401446295995,0.01020408163265306,0.01020408163265306,0.07915603302914848,0.01020408163265306,0.009027841406235006,0.01020408163265306,-0.05049318739799058,0.01020408163265306,-0.016305717514893583,0.01020408163265306,0.01020408163265306,0.01020408163265306,0.01020408163265306,0.01020408163265306,-0.0352567359544702,0.01020408163265306,0.01020408163265306,0.01020408163265306,0.01020408163265306,0.07101686118330612,0.01020408163265306,0.01020408163265306,0.01020408163265306,-0.07325175550350532,0.01020408163265306,0.01020408163265306,0.01020408163265306,0.01020408163265306,-0.059373339202694594,-0.1466270816574552,0.01020408163265306,-0.033362132504551625,0.01020408163265306,-0.09466030129331679,0.01020408163265306,0.040850104024744156,-0.1663681626978593,0.01020408163265306,0.01020408163265306,0.01020408163265306,-0.1238453317385894,0.01020408163265306,0.01020408163265306,0.01020408163265306,0.01020408163265306,-0.06269348908897955,0.01020408163265306,0.01020408163265306,-0.047094988347238693,0.01020408163265306,0.01020408163265306,0.01020408163265306,0.01020408163265306,0.01020408163265306,0.01020408163265306,0.01020408163265306,0.01020408163265306,0.01020408163265306,0.06536875251868547,0.01020408163265306,0.01020408163265306,0.01020408163265306,0.01020408163265306,0.07583491581601107,0.01020408163265306,0.01020408163265306,0.01020408163265306,0.01020408163265306,0.01020408163265306,0.01020408163265306,-0.23328472193269667,0.01020408163265306,0.01020408163265306,0.01020408163265306,0.1341704977203959,0.01020408163265306,0.01020408163265306,0.01020408163265306,0.01020408163265306,0.1772422425975121,0.01020408163265306,0.01020408163265306,0.01020408163265306,0.23512319218187305,0.15418317665991305,0.01020408163265306,0.01020408163265306,0.17874133468995515,0.01020408163265306,0.24322629359047956,0.01020408163265306,0.005038533279897327
2026-02-11,0.01020408163265306,-0.012010228437019316,0.01020408163265306,-0.008024051882057669,-0.06035425424597056,0.03136644322270947,0.05815135512768918,0.01020408163265306,0.03960675368166107,0.01020408163265306,0.006925570322410212,0.01020408163265306,-0.03536515092931515,0.01020408163265306,0.01020408163265306,0.01020408163265306,0.01020408163265306,0.01020408163265306,0.01020408163265306,0.01020408163265306,-0.06954534343297944,0.01020408163265306,0.01020408163265306,0.01020408163265306,0.01020408163265306,0.04432198627580363,0.01020408163265306,0.01020408163265306,0.01020408163265306,-0.03624342545636042,0.01020408163265306,0.01020408163265306,0.01020408163265306,0.01020408163265306,-0.06565589958704726,-0.1347066219941713,0.01020408163265306,-0.06870639212456736,0.01020408163265306,-0.09772758004738265,0.01020408163265306,0.01020408163265306,-0.13332089803809635,0.01020408163265306,0.01020408163265306,0.01020408163265306,-0.12964829122919694,0.01020408163265306,0.01020408163265306,0.01020408163265306,0.01020408163265306,-0.07675743512897376,0.01020408163265306,0.01020408163265306,0.01020408163265306,0.01020408163265306,0.01020408163265306,0.01020408163265306,0.01020408163265306,0.01020408163265306,0.01020408163265306,0.01020408163265306,0.01020408163265306,0.01020408163265306,0.07339180965723884,0.01020408163265306,0.01020408163265306,0.01020408163265306,0.01020408163265306,0.04273268201448963,0.01020408163265306,0.01020408163265306,0.01020408163265306,0.01020408163265306,0.01020408163265306,0.01020408163265306,-0.14635791116023414,0.01020408163265306,0.01020408163265306,0.01020408163265306,0.01020408163265306,0.01020408163265306,0.01020408163265306,0.01020408163265306,0.01020408163265306,0.13124608547595878,0.01020408163265306,0.01020408163265306,0.01020408163265306,0.3583156584648341,0.11613319870985303,0.01020408163265306,0.01020408163265306,0.1987931147259463,0.01020408163265306,0.22586271751665787,0.01020408163265306,0.02308631257975295
2026-02-12,0.01020408163265306,-0.017519971596517032,0.011704066981621906,-0.014691743389121091,-0.0737471444137948,0.05521348014017713,0.06745822896077959,0.01020408163265306,0.06807537919592313,0.01020408163265306,0.01020408163265306,0.01020408163265306,-0.04398295164425864,0.01020408163265306,0.01020408163265306,0.01020408163265306,0.01020408163265306,0.01020408163265306,0.027235294529095788,0.01020408163265306,-0.06328357531400668,0.01020408163265306,0.01020408163265306,0.01020408163265306,0.01020408163265306,0.06026417800404466,0.01020408163265306,0.01020408163265306,0.01020408163265306,-0.05430748765421947,0.01020408163265306,0.01020408163265306,0.01020408163265306,0.01020408163265306,-0.09969386099116562,-0.14458846264903336,0.01020408163265306,-0.07201456797803557,0.01020408163265306,-0.0978688932246595,0.01020408163265306,0.01020408163265306,-0.15390010508755872,0.01020408163265306,0.01020408163265306,0.01020408163265306,-0.13625078641257715,0.01020408163265306,0.01020408163265306,0.01020408163265306,0.01020408163265306,-0.08209217085503387,0.01020408163265306,0.01020408163265306,0.01020408163265306,0.01020408163265306,0.01020408163265306,0.01020408163265306,0.01020408163265306,0.01020408163265306,0.01020408163265306,0.01020408163265306,0.01020408163265306,0.01020408163265306,0.09498285068242342,0.01020408163265306,0.01020408163265306,0.01020408163265306,0.01020408163265306,0.061566464578223325,0.01020408163265306,0.01020408163265306,0.01020408163265306,0.01020408163265306,0.01020408163265306,0.01020408163265306,-0.1877500790681949,0.01020408163265306,0.01020408163265306,0.01020408163265306,0.06348369117335755,0.01020408163265306,0.01020408163265306,0.01020408163265306,0.01020408163265306,0.1446632396938872,0.01020408163265306,0.01020408163265306,0.01020408163265306,0.2995050386907923,0.1642831323783879,0.01020408163265306,0.01020408163265306,0.2013437768368552,0.01020408163265306,0.2031076261847966,0.01020408163265306,0.014723719594749595
2026-02-13,0.01020408163265306,0.0011555105673290537,0.03049447076588948,-0.030490296228841404,-0.09797789185515184,0.07893842454865353,0.09651361386947148,-0.031508188679462104,0.06490615154355839,0.01020408163265306,0.007347451146135126,0.0026208235403963782,-0.01978128681269402,0.01020408163265306,0.0019988462352784914,0.01020408163265306,0.01020408163265306,0.01020408163265306,0.025719698153180072,0.01020408163265306,-0.07810488803451403,0.01830336651273002,0.01020408163265306,0.01020408163265306,0.01020408163265306,0.05609417228061015,0.01020408163265306,0.01020408163265306,0.01020408163265306,-0.08437434291896571,0.01020408163265306,-0.025548703689144733,0.01020408163265306,0.01020408163265306,-0.12997426586835956,-0.0923534360197629,0.01020408163265306,-0.008302507897713559,0.006102388067474386,-0.08258298310677314,-0.014845966107953164,0.022589581135855796,-0.10038220141085734,0.03911254947470067,0.01020408163265306,0.01020408163265306,-0.10737513767817716,0.01020408163265306,0.01020408163265306,0.01020408163265306,0.01020408163265306,-0.09299658006730022,0.01020408163265306,0.01020408163265306,0.01020408163265306,0.01020408163265306,-0.09653434510581231,0.01020408163265306,0.01020408163265306,0.01020408163265306,0.01020408163265306,0.01020408163265306,0.01020408163265306,0.01020408163265306,0.08813390928192485,0.01020408163265306,0.01020408163265306,0.01020408163265306,0.01020408163265306,0.08979908673218412,0.01020408163265306,0.01020408163265306,-0.05444418089946712,0.0589854143262597,0.01020408163265306,0.01020408163265306,-0.22734044112492827,0.01020408163265306,0.01020408163265306,0.01020408163265306,0.09147952463353638,0.01020408163265306,0.01020408163265306,0.01020408163265306,0.01020408163265306,0.11914461905724365,0.01020408163265306,0.01020408163265306,0.01020408163265306,0.31711268195928,0.1404468454051451,0.01020408163265306,0.01020408163265306,0.31086207569975016,0.01020408163265306,0.17186833343138003,0.01020408163265306,-0.036240466290659704
2026-02-17,0.01020408163265306,-0.05426529335357794,0.03876492707903029,0.01020408163265306,-0.0688866953426091,0.10912906368703683,0.02550315546680805,0.0037652969857290084,0.018899242885951302,0.01020408163265306,0.01020408163265306,-0.0037762991065372117,-0.053547328702106364,0.01020408163265306,0.006884364453939211,0.01020408163265306,0.01020408163265306,0.01020408163265306,0.10711913705346936,0.01020408163265306,-0.05213730627630358,0.07180470792002011,0.0727572982342394,0.006729872582715203,0.01020408163265306,0.08375924028143555,0.01020408163265306,0.01020408163265306,-0.1675968447217368,-0.06408881523661059,0.01020408163265306,0.01020408163265306,0.01020408163265306,0.01020408163265306,-0.1069768900015119,-0.22604305841392777,0.01020408163265306,0.01020408163265306,-0.02566139504030522,-0.10883495673517016,-0.018602606022256607,0.03595667528323607,-0.1694253575034214,0.026844530335647085,0.01020408163265306,0.01020408163265306,-0.1022376859921843,0.01020408163265306,0.01020408163265306,0.01020408163265306,0.01020408163265306,-0.0724446942812059,0.01020408163265306,0.01020408163265306,-0.06569608329551131,0.01020408163265306,0.01020408163265306,0.01020408163265306,0.01020408163265306,0.10305876119684254,0.01020408163265306,0.01020408163265306,0.07587482955780699,0.01020408163265306,0.11153473364282807,0.01020408163265306,0.01020408163265306,0.01020408163265306,0.01020408163265306,0.09402757202198078,0.01020408163265306,0.01020408163265306,-0.15265989724309603,0.2999568295556717,0.01020408163265306,0.01020408163265306,-0.25104908928253755,0.019513764315304293,0.01020408163265306,0.01020408163265306,0.022839699037646672,0.01020408163265306,0.08155143580178922,0.01020408163265306,-0.019651729476271952,0.01020408163265306,0.01020408163265306,0.01020408163265306,-0.07238557264406754,0.2010660609139599,0.2271545389884995,0.01020408163265306,-0.04650114721789011,0.29563354632610533,0.01020408163265306,0.3213962063609148,0.01020408163265306,-0.07946490734507429
2026-02-18,0.01020408163265306,-0.03138050347200307,0.015219048770979291,-0.0003420614004974419,-0.043365586829911124,0.12970420132665636,0.01020408163265306,0.009145977569599477,0.02065722110464884,0.013148183439470799,0.01020408163265306,-0.02312186877104886,-0.07308354261842828,0.01020408163265306,0.01020408163265306,0.01020408163265306,0.01020408163265306,0.01020408163265306,0.16510915007843557,0.01020408163265306,-0.031896916447171034,0.09937810844646212,0.01020408163265306,0.01020408163265306,0.01020408163265306,0.08487517256730141,0.01020408163265306,0.01020408163265306,-0.22762560407318733,-0.04919412185338637,0.01020408163265306,0.01020408163265306,0.01020408163265306,0.01020408163265306,-0.05783405070114683,-0.3180842810983252,0.01020408163265306,0.01020408163265306,-0.04860270207503735,-0.18229443460197792,-0.07055369437626136,0.09849060275709177,-0.15480044190809233,0.1098607294182696,0.01020408163265306,0.015513586227193982,-0.1140727218244595,0.0028163799090414636,0.01020408163265306,0.01020408163265306,0.01020408163265306,-0.0826098791496281,0.01020408163265306,0.01020408163265306,-0.19083415277106278,-0.0027475719471621966,0.01020408163265306,0.01020408163265306,0.01020408163265306,0.24873948546355085,0.01020408163265306,0.01020408163265306,0.08566519012103233,0.01020408163265306,0.024521010484124035,0.01020408163265306,0.01020408163265306,0.01020408163265306,0.01020408163265306,0.04582003130237332,0.01020408163265306,0.01020408163265306,-0.08801730389636843,0.4469578969746593,0.01020408163265306,0.01020408163265306,-0.2205524640977217,0.07601860383103928,0.01020408163265306,0.01020408163265306,0.01020408163265306,0.01020408163265306,0.09545691051427936,0.01020408163265306,-0.03828682279568651,0.013388024668376549,0.01020408163265306,0.08540967225713299,-0.12765900500638738,0.1525008955792423,0.2637773012753467,-0.04838640694884115,-0.01724374805908755,0.24420970206866152,0.03233579208852698,0.2883072095818232,0.01020408163265306,-0.10402803783713356
2026-02-19,0.01020408163265306,-0.023821708761073097,0.017147768340969385,-0.004322459672333844,-0.04495735535486238,0.1282866165584029,0.01020408163265306,0.01020408163265306,0.012471026628404172,0.01020408163265306,0.01020408163265306,-0.01770056892968168,-0.06821099692950944,0.01020408163265306,0.01020408163265306,0.01020408163265306,0.01020408163265306,0.01020408163265306,0.15334072287381845,0.01020408163265306,-0.041428518745056424,0.08239776048352908,0.01341406971570352,0.01020408163265306,0.01020408163265306,0.06854103401220246,0.01020408163265306,0.01020408163265306,-0.20723136383313126,-0.048931912187370634,0.01020408163265306,0.01020408163265306,0.01020408163265306,0.01020408163265306,-0.07145831147176532,-0.29465452615806703,0.01020408163265306,0.01020408163265306,-0.05015083059688177,-0.16929165853728254,-0.05750360844165443,0.07788195884050861,-0.1485480635200243,0.09585550288985806,0.01020408163265306,0.01020408163265306,-0.10060486380114875,0.01020408163265306,0.01020408163265306,0.01020408163265306,0.01020408163265306,-0.0738983036544915,0.01020408163265306,0.01020408163265306,-0.16390744860738093,0.01020408163265306,0.01020408163265306,0.01020408163265306,0.01020408163265306,0.21357814408431114,0.01020408163265306,0.01020408163265306,0.07168646462837407,0.01020408163265306,0.05187228160171619,0.01020408163265306,0.01020408163265306,0.01020408163265306,0.01020408163265306,0.053055479799535066,0.01020408163265306,0.01020408163265306,-0.10302501231146594,0.41802326262955797,0.01020408163265306,0.01020408163265306,-0.23200356086697893,0.07288706005981424,0.01020408163265306,0.01020408163265306,0.01020408163265306,0.01020408163265306,0.09697544878966678,0.01020408163265306,-0.028484317091935225,0.01020408163265306,0.01020408163265306,0.061968298536386746,-0.11813970684359272,0.15280036505941144,0.25639982512715226,0.0023748601932213707,-0.034095558609127,0.23769302452205762,0.011062728476926308,0.3090152277524921,0.01020408163265306,-0.08697052157716424
2026-02-20,0.01020408163265306,0.003706284590137817,0.01719226569382571,0.01020408163265306,-0.0896779072332613,0.01020408163265306,0.1580622658861417,-0.00032685037627376394,0.01020408163265306,0.01020408163265306,0.01020408163265306,0.01020408163265306,-0.01879471140853326,0.01020408163265306,-0.02101464789933708,0.01020408163265306,0.01020408163265306,0.01020408163265306,0.01020408163265306,0.01020408163265306,-0.1097312112082968,0.01020408163265306,0.01020408163265306,0.01020408163265306,0.01020408163265306,0.01020408163265306,0.01020408163265306,0.01020408163265306,-0.012791932783840014,-0.07348181561814854,0.01020408163265306,0.01020408163265306,0.01020408163265306,0.01020408163265306,-0.05616359957689661,-0.11535530362841954,0.01020408163265306,0.01020408163265306,-0.013341960845628926,-0.12195478451936138,-0.029217465238762952,0.017235578552934568,-0.07382298563880384,0.01020408163265306,0.01020408163265306,0.01020408163265306,-0.10108790937986552,0.01020408163265306,0.01020408163265306,0.01020408163265306,0.01020408163265306,-0.08422287851784034,0.01020408163265306,0.01020408163265306,-0.007769775610983064,0.01020408163265306,0.01020408163265306,0.01020408163265306,0.01020408163265306,0.01020408163265306,0.01020408163265306,0.01020408163265306,0.01020408163265306,0.01020408163265306,0.10087084967262323,0.01020408163265306,0.01020408163265306,0.01020408163265306,0.01020408163265306,0.05081058673749294,0.01020408163265306,0.01020408163265306,-0.09053260024138063,0.14550337003857167,0.01020408163265306,0.01020408163265306,-0.1922244133791325,0.01020408163265306,0.01020408163265306,0.01020408163265306,0.01020408163265306,0.01020408163265306,0.01020408163265306,0.01020408163265306,0.01020408163265306,0.0143723541549247,0.01020408163265306,0.01020408163265306,0.01020408163265306,0.3384310359079506,0.13025548801466075,0.01020408163265306,0.01020408163265306,0.2476085664521148,0.01020408163265306,0.3265648359900445,0.01020408163265306,-0.02277419797441184
2026-02-23,0.01020408163265306,0.01020408163265306,0.01614969217913749,0.01020408163265306,-0.09143151822882462,0.01020408163265306,0.14832688636639235,-0.0012923468296363125,0.010967286316069504,0.01020408163265306,0.01020408163265306,0.01020408163265306,-0.01595428634779268,0.01020408163265306,-0.010731998792903317,0.01020408163265306,0.01020408163265306,0.01020408163265306,0.01020408163265306,0.01020408163265306,-0.10387769663604123,0.01020408163265306,0.01020408163265306,0.01020408163265306,0.01020408163265306,0.01020408163265306,0.01020408163265306,0.01020408163265306,-0.02199411222901637,-0.07018944024163634,0.01020408163265306,-0.013014541997038663,0.01020408163265306,0.01020408163265306,-0.05509738537611153,-0.08618014866892375,0.01020408163265306,0.01020408163265306,-0.0035149815644845046,-0.12846128992552594,-0.0340795085971589,0.013000958821596572,-0.07063698329073363,0.01020408163265306,0.01020408163265306,0.01020408163265306,-0.1079100300456237,0.01020408163265306,0.01020408163265306,0.01020408163265306,0.01020408163265306,-0.07371927528468562,0.01020408163265306,0.01020408163265306,-0.0075060152922231515,0.01020408163265306,0.01020408163265306,0.01020408163265306,0.01020408163265306,0.01020408163265306,0.01020408163265306,0.01020408163265306,0.01020408163265306,0.01020408163265306,0.10104430910117344,0.01020408163265306,0.01020408163265306,0.01020408163265306,0.01020408163265306,0.04815206014920212,0.01020408163265306,0.01020408163265306,-0.10386747409847945,0.14292220104955466,0.01020408163265306,0.01020408163265306,-0.19312437743569083,0.01020408163265306,0.01020408163265306,0.01020408163265306,0.01020408163265306,0.01020408163265306,0.01020408163265306,0.01020408163265306,0.01020408163265306,0.013919252640455623,0.01020408163265306,0.01020408163265306,0.01020408163265306,0.37146817182738495,0.09269871984506543,0.01020408163265306,0.010024537023635266,0.26596760531631836,0.01020408163265306,0.3198507041368395,0.01020408163265306,-0.02517428001274359
2026-02-24,0.01020408163265306,-0.04412183753561147,0.011314975439589314,-0.04253630696528811,-0.07173253457989028,0.08927714910930229,0.0540963903591687,0.01020408163265306,0.04466498951003804,0.0651773305901406,0.021108671809567277,0.01020408163265306,-0.018674183450592206,0.01020408163265306,0.01020408163265306,0.01020408163265306,0.01020408163265306,0.01020408163265306,0.05526285931671831,0.01020408163265306,-0.02229515031182129,0.01020408163265306,0.01020408163265306,0.01020408163265306,0.01020408163265306,0.05366788619501425,0.01020408163265306,0.01020408163265306,-0.12413023044232536,-0.07659893729207225,0.01020408163265306,0.005569152456854382,0.01020408163265306,0.01020408163265306,-0.11874810768777237,-0.16034587895775596,0.01020408163265306,0.01020408163265306,0.01020408163265306,-0.08551641276398335,-0.03496194923011679,0.08960208858032755,-0.1062114707008534,0.01020408163265306,0.01020408163265306,0.01020408163265306,-0.11512135308182649,0.01020408163265306,0.01020408163265306,0.015928257481304435,0.01020408163265306,-0.079899292552262,0.01020408163265306,0.01020408163265306,-0.03777084464724334,0.01020408163265306,0.01020408163265306,0.013706786395138202,0.01020408163265306,0.01020408163265306,0.01020408163265306,0.01020408163265306,0.01020408163265306,0.01020408163265306,0.05950647389967558,0.01020408163265306,0.01020408163265306,0.01020408163265306,0.01020408163265306,0.09774053924726157,0.01020408163265306,0.01020408163265306,-0.0922800203992229,0.23353764454517942,0.01020408163265306,0.05926242465904416,-0.3414698521030187,0.07737156810905131,0.01020408163265306,0.01020408163265306,0.04042524402339466,0.01020408163265306,0.12201088191708451,0.01020408163265306,0.01020408163265306,0.01020408163265306,0.01020408163265306,0.01020408163265306,0.01020408163265306,0.14122117715411814,0.1264269505220929,0.01020408163265306,0.01020408163265306,0.33366277168203706,0.02160936281571923,0.30067125075895873,-0.008486784790867946,-0.11314616888017484
2026-02-25,0.01020408163265306,-0.1643427159175173,0.07388622966403917,0.01020408163265306,-0.1086221775268946,0.09413869915006835,0.01020408163265306,0.004508740111572143,0.09566470405701609,0.09322947341765878,0.051993074961068135,0.029962548956559483,-0.01629677424592134,0.01020408163265306,0.01020408163265306,0.01020408163265306,0.01020408163265306,-0.08122103743925911,0.06906439863879589,0.01020408163265306,-0.03419418092142919,0.01020408163265306,0.05544343472189064,0.01020408163265306,0.01020408163265306,0.09310667076557991,0.01020408163265306,0.03292756386300532,-0.2490337709854311,-0.023385235307920672,0.01020408163265306,-0.08546790712746159,0.05772786795803482,0.01020408163265306,-0.15796121405481373,-0.0857209512532461,0.01020408163265306,-0.0036464139470338205,0.01020408163265306,-0.021336288316735917,-0.0015826296120999995,0.10042687786133134,-0.16838083217593341,0.01020408163265306,0.01020408163265306,0.01020408163265306,-0.08680944367999537,-0.023754197953647686,0.01020408163265306,0.01020408163265306,0.01020408163265306,-0.09314123050330432,0.01020408163265306,0.03818853651036076,0.01020408163265306,-0.02365723591221943,0.01020408163265306,0.07873159047116314,0.01020408163265306,0.01020408163265306,0.01020408163265306,0.032689461164728824,0.01020408163265306,0.01020408163265306,0.01020408163265306,0.01020408163265306,0.01020408163265306,0.01020408163265306,0.01020408163265306,0.1366920596793244,0.01020408163265306,0.01020408163265306,-0.07106141875468978,0.13886140452854775,-0.005993996295987158,0.11158297187672044,-0.46009699569270196,0.10429205903331275,0.007358832661617253,0.01020408163265306,0.20590433100487612,0.01020408163265306,0.01020408163265306,0.030210516434878522,-0.004633949937933295,0.01020408163265306,0.01020408163265306,0.01020408163265306,0.01020408163265306,0.029745006015747123,0.15850265555699394,0.01020408163265306,0.01020408163265306,0.2553659295032054,0.07646631958427584,0.3494337184629279,0.01020408163265306,-0.11535691578781727
2026-02-26,0.01020408163265306,-0.1429712443619817,0.056687921343403565,0.01020408163265306,-0.13563299854037844,0.13124972544735222,0.01020408163265306,0.01020408163265306,0.09412858888019071,0.030748257671121805,0.06638584918815822,0.05099780787303319,-0.040360344956735766,0.01020408163265306,0.01020408163265306,0.01020408163265306,0.01020408163265306,-0.1111252274052693,0.07741676908384629,0.01020408163265306,-0.05733705881579994,0.06301575611279274,0.10084614264171002,0.01020408163265306,0.01020408163265306,0.049842804906709746,0.01020408163265306,0.14158972391127078,-0.22639375146983082,-0.03821930527690301,0.01020408163265306,-0.1170428306074754,0.16309679274877803,0.0019723819329086362,-0.128070460708414,-0.1151259289405245,0.01020408163265306,-0.13678754198289914,0.01020408163265306,0.01020408163265306,0.0065783901108116515,0.04840231536801099,-0.19873606988454864,0.01020408163265306,0.01020408163265306,0.01020408163265306,-0.1641939113333823,-0.03255865520921848,-0.001430856253141358,0.01020408163265306,0.042067874307901335,-0.19817234773456163,0.01020408163265306,0.10303913674547574,-0.07137001637815654,0.003233498832905366,0.01020408163265306,0.01727028216214482,0.01020408163265306,0.01020408163265306,0.01020408163265306,0.01020408163265306,0.01020408163265306,0.01020408163265306,0.0660868597333219,0.01020408163265306,0.01020408163265306,0.06233150591551197,0.01020408163265306,0.12565479918391986,0.01020408163265306,0.01020408163265306,0.01020408163265306,0.23771212047662113,0.01020408163265306,0.20398211748904954,-0.33427489533331395,0.10139615946834436,0.00037953474696503404,0.01020408163265306,0.03012977804579537,0.01020408163265306,0.01020408163265306,0.08562848117151886,-0.07322320156623947,0.02111291988041461,0.01020408163265306,0.01020408163265306,0.01020408163265306,0.01020408163265306,0.33375566318140326,0.01020408163265306,-0.03031483401192949,0.17154895195193046,0.08936115676521439,0.2688511397756306,0.01020408163265306,-0.1421393181201982
2026-02-27,0.01020408163265306,-0.16499118074768135,0.06182903672563511,-0.02344190195918626,-0.13139121210625798,0.12532285924874087,0.01020408163265306,0.01020408163265306,0.10745188821620627,0.03975336310548299,0.07817345213156007,0.01020408163265306,-0.01426671786194065,4.175998194575099e-05,0.01020408163265306,0.01020408163265306,0.01020408163265306,-0.10415548233840913,0.05133127820283248,0.01020408163265306,-0.036244234148448407,0.03414733205533047,0.13880822443904203,0.01020408163265306,0.01020408163265306,0.040799058532246565,0.01020408163265306,0.0908855869468484,-0.2156856592327355,-0.06471607426147598,0.03698649996232613,-0.1340363665702888,0.11132697885258178,0.01020408163265306,-0.07842626952109012,-0.10999052770613105,0.01020408163265306,-0.06871361032129183,0.01020408163265306,-0.0052756765388661045,-0.10339036533095528,0.11215846254310692,-0.11831645733901174,0.01020408163265306,0.01020408163265306,0.01020408163265306,-0.11222847333444008,0.002632921606976369,-0.03867915274971593,0.01386214290204859,0.05815792250418321,-0.1037137446911798,0.01020408163265306,0.01020408163265306,0.01020408163265306,0.01020408163265306,0.01020408163265306,0.05377235343797804,0.01020408163265306,0.01020408163265306,0.01020408163265306,0.01020408163265306,0.01020408163265306,0.01020408163265306,0.013219577327424993,0.01020408163265306,0.01020408163265306,0.01020408163265306,0.01020408163265306,0.16810206710387465,0.01020408163265306,0.01020408163265306,-0.02460956833966891,0.156984799113779,0.01020408163265306,0.1297944785671898,-0.35585006423598725,0.09165936667692962,0.01020408163265306,0.052175740471026716,0.12163633747300788,0.01020408163265306,0.01020408163265306,0.01020408163265306,-0.029583560028857224,0.02504773807850274,0.01020408163265306,0.01020408163265306,0.01020408163265306,0.024640650668745958,0.2969551107287292,0.01020408163265306,-0.022998619721702182,0.25672260066071595,0.01020408163265306,0.25281989393253623,-0.026027720421250164,-0.10944643452769785
2026-03-02,0.01020408163265306,-0.19513552078812735,0.09173547609155601,0.007958213654386332,-0.11727876697221111,0.09341768171727835,0.01020408163265306,0.00762787877395478,0.1419393794199878,0.04413203748332096,0.044984177595591826,0.02150133991755284,-0.05164077779952064,0.01020408163265306,0.01037035608131182,0.005573185657970206,0.01020408163265306,-0.30596518379757237,0.12919322033916134,0.01020408163265306,-0.013381592463627868,0.06422078770683724,0.1679525774846304,0.01020408163265306,0.01020408163265306,0.10452225211117587,0.01020408163265306,0.01020408163265306,-0.2787182463363947,-0.008296780131700503,0.06129226134217732,-0.12287738997000115,0.12085099644558857,0.01020408163265306,0.01020408163265306,-0.17387704703509638,0.01020408163265306,0.01020408163265306,0.01020408163265306,0.01020408163265306,0.01020408163265306,0.10061924258963509,-0.18882724373284293,0.01020408163265306,0.01020408163265306,0.01020408163265306,-0.08913647535000174,-0.034208064621702165,0.01020408163265306,0.01020408163265306,0.01020408163265306,-0.10224331629975497,0.01020408163265306,0.01020408163265306,0.01020408163265306,0.005357400149753024,0.01020408163265306,0.01020408163265306,0.01020408163265306,0.1053650075214829,0.01020408163265306,0.01020408163265306,0.01020408163265306,0.028791903208081324,0.01020408163265306,0.01020408163265306,0.01020408163265306,0.07975266967619965,0.02819445346830702,0.10601935354326932,0.01020408163265306,0.01020408163265306,-0.10491898959742993,0.301558974613152,0.01020408163265306,0.03877277638084266,-0.2965514099761603,0.07607287647425288,-0.035851122030901406,0.01020408163265306,0.12117312602600827,0.01020408163265306,0.01020408163265306,0.01020408163265306,-0.1506997653096031,0.02582200176126251,0.01020408163265306,0.01020408163265306,-0.059882278569065056,0.01020408163265306,0.2989488279084739,-0.006442234909805994,-0.046555258318193925,0.23477753589923706,0.015257369445779306,0.38048705540945704,-0.024838200049460475,-0.10589632367523606
2026-03-03,0.01020408163265306,-0.122329932388749,0.049436986910135046,-0.011573003325803905,-0.108531121941913,0.10835327470031429,0.020828993218063085,0.01020408163265306,0.09840358555089089,0.02979130346549797,0.032481629718426774,0.024100155047975608,-0.04228686118728784,0.025036505893659564,0.01020408163265306,0.01020408163265306,0.01020408163265306,-0.18703557192857867,0.07455653592520663,0.01020408163265306,-0.02955647554632268,0.021784090459821145,0.16756236944877345,0.01020408163265306,0.01020408163265306,0.07884719255172515,0.01020408163265306,0.01020408163265306,-0.2614833610608213,-0.016750766487093595,0.06443146418254987,-0.09952620564879748,0.09983952156435408,0.01020408163265306,0.001689509306837587,-0.1795173786738354,0.01020408163265306,0.003576819381775183,-0.00012393013738421464,0.01020408163265306,0.01020408163265306,0.09183952706879434,-0.2049334979919695,0.01020408163265306,0.01020408163265306,0.01020408163265306,-0.0926679699558037,0.00337115444548216,0.01020408163265306,0.01020408163265306,0.01020408163265306,-0.09138340132153179,0.01020408163265306,0.01020408163265306,0.01020408163265306,0.01020408163265306,0.01020408163265306,0.01020408163265306,0.01020408163265306,0.062363924338182525,0.01020408163265306,0.01020408163265306,0.01020408163265306,0.02011859417868543,0.01020408163265306,0.01020408163265306,0.01020408163265306,0.023509403762747863,0.01020408163265306,0.0996339545177195,0.01020408163265306,0.01020408163265306,-0.07598472664143478,0.2823643677119027,0.01020408163265306,0.078030936477594,-0.2715833087261166,0.12003744535233787,0.01020408163265306,0.01020408163265306,0.0861872740074788,0.01020408163265306,0.01020408163265306,0.01020408163265306,-0.1295237009973884,0.01020408163265306,0.01020408163265306,0.01020408163265306,-0.03918124739994344,0.01020408163265306,0.2964102114477197,0.01020408163265306,-0.04758436230423787,0.23648444057827686,0.01020408163265306,0.31273083127354506,-0.0019096786162182376,-0.0901314185725885
2026-03-04,0.05905991788276119,-0.048497122305519905,0.012514957221678847,-0.03638308084291166,-0.10785355579220535,0.07847878399635178,0.06096676164669177,0.01020408163265306,0.063821632728558,0.014306993430220329,0.01020408163265306,0.011490717721593097,-0.035137757430683154,0.03585745426999906,0.01020408163265306,-0.023917681203502045,0.01020408163265306,-0.053064997953179385,0.01020408163265306,0.01020408163265306,-0.04926269827999916,0.01020408163265306,0.12633910985860794,0.01020408163265306,0.01020408163265306,0.04659719680315314,0.01020408163265306,0.01020408163265306,-0.2134858658672509,-0.010789356562320924,0.032107605990034,-0.027327247565272585,0.07156602621615762,0.01020408163265306,-0.014645420674343988,-0.1428956720598331,0.01020408163265306,-0.011991114586429824,0.01020408163265306,0.01020408163265306,0.01020408163265306,0.04906675466845416,-0.16235095834815938,0.01020408163265306,0.01020408163265306,0.01020408163265306,-0.11604918881918692,0.01020408163265306,0.01020408163265306,0.01020408163265306,0.01020408163265306,-0.0948789162091933,0.01020408163265306,0.01020408163265306,0.01020408163265306,0.01020408163265306,0.01020408163265306,0.01020408163265306,0.01020408163265306,0.01020408163265306,0.01020408163265306,0.01020408163265306,0.01020408163265306,0.01020408163265306,0.01020408163265306,0.01020408163265306,0.01020408163265306,0.01020408163265306,0.01020408163265306,0.0940133629357862,0.01020408163265306,0.01020408163265306,-0.04496319461553295,0.2792518341785567,0.01020408163265306,0.0162521761648706,-0.26838350166905756,0.12966003844766869,0.00934123527813105,0.01020408163265306,0.07699456058804979,0.01020408163265306,0.01020408163265306,0.01020408163265306,-0.08165494465733526,0.01020408163265306,0.01020408163265306,0.01020408163265306,-0.0016316777083155327,0.03782706555955354,0.28214082142599367,0.01020408163265306,-0.054618896490274946,0.21555405847475087,0.01020408163265306,0.3226950998979391,0.01020408163265306,-0.06693764227566525
2026-03-05,0.07144847645035442,-0.02479825005327598,0.01020408163265306,-0.03383263175588884,-0.06793475119945551,0.027420867064734997,0.14014423850348448,0.01020408163265306,0.01020408163265306,0.01020408163265306,-0.009653076437671005,0.01020408163265306,-0.021179672751115958,0.02013694439255361,0.01020408163265306,0.008175598341754098,0.01020408163265306,0.01020408163265306,0.01020408163265306,0.01020408163265306,-0.0508729875706904,0.01020408163265306,0.021883355643797606,0.01020408163265306,0.01020408163265306,0.01020408163265306,0.01020408163265306,0.01020408163265306,-0.08743423801918541,0.01020408163265306,0.01020408163265306,0.01020408163265306,0.01020408163265306,0.01020408163265306,-0.08258879718257098,-0.11966014236375343,0.01020408163265306,-0.057698724491077324,-0.03997486638654192,-0.046076844801154544,0.01020408163265306,0.034391822040684104,-0.0866608866381456,0.01020408163265306,0.01020408163265306,0.01020408163265306,-0.09258045625221362,0.01020408163265306,0.01020408163265306,0.01020408163265306,0.01554402744647806,-0.018315435357657575,0.01020408163265306,0.01020408163265306,0.01020408163265306,0.01020408163265306,0.01020408163265306,0.01020408163265306,0.01020408163265306,0.01020408163265306,0.01020408163265306,0.01020408163265306,0.01020408163265306,0.01020408163265306,0.01020408163265306,0.009193488003609132,0.01020408163265306,0.01020408163265306,0.01020408163265306,0.033202256662725804,0.01020408163265306,0.01020408163265306,-0.045894385769783226,0.20956770159359164,0.01020408163265306,0.05814228017896961,-0.23893980512098786,0.1075630384840482,0.01020408163265306,0.01020408163265306,0.01586431748298741,0.01020408163265306,0.01020408163265306,0.01020408163265306,0.01020408163265306,0.01020408163265306,0.01020408163265306,0.01020408163265306,0.01020408163265306,0.0922682834181664,0.08465325349662924,0.01020408163265306,0.004048153572760004,0.23417236299568123,0.01020408163265306,0.3927780995922045,0.01020408163265306,-0.07895159280588206
2026-03-06,0.1063766571238438,-0.09273016834019361,0.01691545080080196,-0.06500228557792204,-0.06352306048852846,0.03289875848366406,0.14974228207868065,0.01020408163265306,0.06306814851501635,0.01020408163265306,0.0002671127455894876,0.01020408163265306,-0.04372745429644822,0.08317683905461393,0.01020408163265306,-0.023315795751204953,0.01020408163265306,-0.041003658992992326,0.01020408163265306,0.01020408163265306,0.01020408163265306,0.01020408163265306,0.06202763360200688,0.01020408163265306,0.01020408163265306,0.033984474348043234,0.01020408163265306,0.01020408163265306,-0.18923672950797105,0.01020408163265306,0.05041117454439369,0.01020408163265306,0.04218782333044389,0.01020408163265306,0.01020408163265306,-0.22064498770277516,0.01020408163265306,0.01020408163265306,-0.05078687547205676,-0.025472737415582695,0.01020408163265306,0.10625783286001794,-0.1751899713988937,0.01020408163265306,0.01020408163265306,0.01020408163265306,-0.09785293461196115,0.01020408163265306,0.01020408163265306,0.01020408163265306,0.01020408163265306,-0.012253980583968588,0.01020408163265306,0.01020408163265306,0.01020408163265306,0.01020408163265306,0.01020408163265306,0.01020408163265306,0.01020408163265306,0.01020408163265306,0.01020408163265306,-0.057104721565845035,0.01020408163265306,0.01020408163265306,0.01020408163265306,-0.08728282291214275,0.01020408163265306,0.01020408163265306,0.01020408163265306,0.06995430938524154,0.01020408163265306,0.01020408163265306,-0.1393480971755316,0.27552895176401343,0.01020408163265306,0.11897334935153847,-0.180423376528682,0.055422359016176224,-0.03144513212285767,-0.03497952282459612,0.06588417715365358,0.01020408163265306,0.0665064827583995,0.01020408163265306,0.01020408163265306,0.02805464668841455,0.01020408163265306,0.01020408163265306,-0.021765324071726155,0.01020408163265306,0.1550595097338448,0.01020408163265306,-0.14581327335429467,0.31648455217166765,0.06662114903901699,0.3729060942699111,-0.028129066848467443,-0.042290036172310724
2026-03-09,0.08134003512660395,-0.06706570806302908,0.04506791536472235,-0.04571588866896662,-0.0703978425342094,0.01798121635775861,0.07345546637323834,0.01020408163265306,0.05651672147391246,0.01020408163265306,0.01020408163265306,0.01020408163265306,0.01020408163265306,0.06680662536872521,-0.021754353199251814,-0.049615479062039024,0.01020408163265306,-0.017143281023387073,0.01020408163265306,0.01020408163265306,-0.03203049410099747,0.01020408163265306,0.061975474893135575,0.01020408163265306,0.01020408163265306,0.01020408163265306,0.01020408163265306,0.01020408163265306,-0.17060721440465487,0.01020408163265306,0.01020408163265306,0.01020408163265306,0.01020408163265306,0.01020408163265306,0.01020408163265306,-0.14358419336349418,0.01020408163265306,-0.019869805497076676,-0.047314099263799404,-0.0409994246722337,0.01020408163265306,0.06881846887390963,-0.14146014383758365,0.01020408163265306,0.01020408163265306,0.01020408163265306,-0.05839194404554239,0.01020408163265306,0.01020408163265306,0.01020408163265306,0.04295923681816739,-0.0245351518408339,0.01020408163265306,0.01020408163265306,0.01020408163265306,0.01020408163265306,0.01020408163265306,0.01020408163265306,0.01020408163265306,0.01020408163265306,0.01020408163265306,0.008503141387860657,0.01020408163265306,0.01020408163265306,0.01020408163265306,-0.08614116872432999,0.01020408163265306,0.01020408163265306,0.01020408163265306,0.06778536903852543,0.01020408163265306,0.01020408163265306,-0.1162249661149861,0.25935629915492553,0.01020408163265306,0.08080130881829838,-0.21341517335302856,0.11202850815116874,-0.0311785992103304,0.01020408163265306,0.08586290211126547,0.01020408163265306,0.01020408163265306,0.01020408163265306,0.01020408163265306,0.01020408163265306,0.01020408163265306,0.01020408163265306,-0.03219099186201625,0.01020408163265306,0.1473111106016158,0.01020408163265306,-0.06552914270912684,0.27547111312428746,0.01020408163265306,0.4135952603715924,0.0027140491230538697,-0.054817810043074344
2026-03-10,0.12595734882656406,-0.120343079519915,0.01020408163265306,-0.06561362491575082,-0.015556697734825634,0.07013259428241563,0.06082223867591767,0.0023805632744879276,0.013049091308582773,0.01020408163265306,0.010048008320866192,0.01020408163265306,0.01020408163265306,0.09458904919014308,0.01020408163265306,-0.02616443648563549,0.01020408163265306,0.01020408163265306,0.01020408163265306,-0.03561632509264495,-0.003019629994204416,0.06053143287341354,0.01020408163265306,0.02392683180136887,0.014256995898747859,0.01020408163265306,0.01020408163265306,0.08058011766980905,-0.17990918742662515,-0.011042728710654882,0.01020408163265306,-0.06906663560920248,0.07162302496651347,0.01020408163265306,0.01020408163265306,-0.22984913106515598,0.0516200966024852,0.01020408163265306,-0.14318199784041027,-0.06930711330193418,0.01020408163265306,0.15961188188575953,-0.21993580563319898,0.01020408163265306,0.01020408163265306,0.01020408163265306,-0.15278260865500395,0.01020408163265306,0.01020408163265306,0.01020408163265306,0.01020408163265306,0.01020408163265306,0.03512085854012736,0.01020408163265306,0.01020408163265306,0.01020408163265306,0.01020408163265306,0.03565309406080924,0.01020408163265306,0.07934422403316473,0.14149369157044825,-0.1635808172588885,0.01020408163265306,0.016144989568687224,0.01020408163265306,-0.1808737861804985,0.01020408163265306,0.01020408163265306,0.01020408163265306,0.12236408379070596,-0.04945143047139765,0.01020408163265306,-0.1462806092982498,0.3790345673662945,0.01020408163265306,0.18301609982787653,-0.11438433926424772,0.07839685479414706,-0.05832112333991496,-0.04625056454429196,0.035862072640256155,-0.013823586449247206,0.08920360021977616,0.07048744436185667,-0.07790748193145793,0.01020408163265306,-0.05543865406398189,0.01020408163265306,-0.053211197848853795,0.030078902782702928,0.1957799821547762,0.01020408163265306,-0.1354539811204375,0.2628679957346323,0.1983780222564807,0.25350697322691385,-0.034440691280582705,0.02698534885701241
2026-03-11,0.07976223496410619,-0.07365071760849634,0.0158525692484281,-0.029634490063710092,-0.07478038472169082,0.011272841821584948,0.09738648726204571,0.01020408163265306,0.037855750424427695,0.050389831387389894,0.009513551733774373,0.016477197926234696,0.01020408163265306,0.06354720777097847,0.01020408163265306,0.01020408163265306,0.01020408163265306,-0.03256179897144093,0.01020408163265306,0.004482759299073797,-0.03388648755479311,0.01020408163265306,0.01020408163265306,0.01020408163265306,0.01020408163265306,0.01020408163265306,0.01020408163265306,0.022453793987650884,-0.14585451375184377,0.01020408163265306,0.01020408163265306,-0.007348689254352848,0.01020408163265306,0.01020408163265306,0.002250651616243377,-0.12413609642390848,0.01020408163265306,0.01020408163265306,-0.11014100707740178,-0.08580238685019088,0.01020408163265306,0.13210096912379868,-0.14285855690954055,0.01020408163265306,0.01020408163265306,0.01020408163265306,-0.11136530210180974,0.01020408163265306,-0.005176265823552044,0.01020408163265306,0.0576850536781238,0.01020408163265306,0.01020408163265306,0.01020408163265306,0.01020408163265306,0.01020408163265306,0.01020408163265306,0.01020408163265306,0.01020408163265306,0.01767925548778109,0.030745316646916723,-0.04684936380111228,0.01020408163265306,0.01020408163265306,0.00771211199944102,-0.11234136735833325,0.01020408163265306,0.01020408163265306,0.01020408163265306,0.08444618187938059,-0.06214625164922921,0.01020408163265306,-0.16743758449607923,0.3809288888420659,0.011684726087572712,0.03294385145816983,-0.16127553481540724,0.1370928615508055,-0.10181532329425683,8.387430202892038e-05,0.0985027725266819,-0.037258773131808316,0.01020408163265306,0.023363398363246784,-0.05554706074771859,0.01020408163265306,0.01020408163265306,0.01020408163265306,-0.09606845927205374,0.01020408163265306,0.24861095558392177,0.01020408163265306,-0.05649161033792599,0.2274386064305771,0.13813766014400936,0.3599696834774863,-0.010275893462350758,0.035353282618325974
2026-03-12,0.08222049764861925,-0.06842923157162996,0.03571794979820633,-0.048350649987063996,-0.045742440799639135,0.04282882971872873,0.03665515543314381,0.01020408163265306,0.02719871760698897,0.014999316243806054,-0.003703210148300686,0.043594299705432556,0.01020408163265306,0.08306409454833107,0.01020408163265306,0.01020408163265306,0.01020408163265306,-0.06901227337061869,0.01020408163265306,0.01020408163265306,-0.03163398181725415,0.017363130821554596,0.01020408163265306,0.01020408163265306,0.01020408163265306,0.01020408163265306,0.01020408163265306,0.01020408163265306,-0.15808836547358068,0.01020408163265306,0.01020408163265306,-0.06229166443971593,0.01020408163265306,0.01020408163265306,-0.07545298829443174,-0.13934351318434546,0.01020408163265306,0.002166794945456834,-0.046408928858500745,-0.04844988123153523,0.01020408163265306,0.08497071254240071,-0.0918600180401299,0.01020408163265306,0.01020408163265306,0.01020408163265306,-0.04973029777274644,0.01020408163265306,0.01020408163265306,0.01020408163265306,0.07350022423225305,0.01020408163265306,0.01020408163265306,0.01020408163265306,0.01020408163265306,0.01020408163265306,0.01020408163265306,0.01020408163265306,0.01020408163265306,0.01020408163265306,0.03931304624350293,-0.057305358860134215,0.01020408163265306,0.01020408163265306,0.01020408163265306,-0.0993766446339554,-0.027062362002446355,0.01020408163265306,0.01020408163265306,0.07823319853826807,-0.008497595421015877,0.01020408163265306,-0.14230818596175934,0.3466190029433482,0.01020408163265306,0.01020408163265306,-0.1435061908847025,0.14780714528562694,-0.08490862536594329,0.01020408163265306,0.01020408163265306,0.01020408163265306,0.01020408163265306,0.01020408163265306,-0.0015237800282847797,0.01020408163265306,0.01020408163265306,0.01020408163265306,-0.06989351937631669,0.01020408163265306,0.30129379969907366,0.01020408163265306,-0.06130840959224465,0.24754235142764505,0.01020408163265306,0.3994267827928878,-0.01109815640838968,-4.5103181201293016e-05
2026-03-13,0.06734979759743175,0.01020408163265306,0.01020408163265306,-0.10191506756857431,-0.016890050343135246,0.01020408163265306,0.011154201455550485,0.0052863641015796796,0.026092653330507948,0.1296412029440822,-0.0356518463039432,0.01020408163265306,-0.02997977153573151,0.08157891343264642,-0.009246143742243628,0.01020408163265306,0.01020408163265306,0.01020408163265306,0.03594294836609947,0.01020408163265306,0.01020408163265306,0.01020408163265306,0.01020408163265306,0.01020408163265306,0.01020408163265306,0.01020408163265306,0.01020408163265306,0.01020408163265306,-0.21574132553956568,0.01020408163265306,0.01020408163265306,-0.030794693299232657,0.01020408163265306,0.014237931634479254,-0.11946851731741333,-0.11049396662151847,0.01020408163265306,0.01020408163265306,0.01020408163265306,-0.03789488047251421,0.01020408163265306,0.020146477471849923,-0.02837180737869796,0.01020408163265306,0.01020408163265306,0.01020408163265306,-0.0998597143387921,0.01020408163265306,0.01020408163265306,0.01020408163265306,0.01020408163265306,0.01020408163265306,0.01020408163265306,0.01020408163265306,0.01020408163265306,0.01020408163265306,0.01020408163265306,0.01020408163265306,0.01020408163265306,0.01020408163265306,0.029516626715777823,0.01020408163265306,0.01020408163265306,0.01020408163265306,0.01020408163265306,0.01020408163265306,-0.05858863437991546,0.01020408163265306,0.01020408163265306,0.059841552918368436,0.01020408163265306,0.01020408163265306,-0.08394250568485753,0.1929461377877786,0.015586679321289064,0.01020408163265306,-0.11620035160380392,0.028618469858260595,-0.1356194923993805,0.01020408163265306,0.01020408163265306,0.01020408163265306,0.01020408163265306,0.01020408163265306,0.01020408163265306,0.037879287647275696,0.01020408163265306,0.01020408163265306,-0.14220430504550352,0.01020408163265306,0.2097705709486374,0.01020408163265306,0.01020408163265306,0.34044303512584473,0.01020408163265306,0.468018271981421,0.01020408163265306,-0.033841110288546986
2026-03-16,0.06354134572085086,0.01020408163265306,0.01020408163265306,-0.09887607751036018,-0.01880062311238858,0.01020408163265306,0.01020408163265306,0.01020408163265306,0.031004948746964307,0.12354343996935097,-0.04380463403763504,0.01020408163265306,0.006195583905577477,0.06243136948223232,0.002735937728317526,0.01020408163265306,0.01020408163265306,0.01020408163265306,0.01020408163265306,0.01020408163265306,0.0006631745441113956,0.01020408163265306,0.01020408163265306,0.01020408163265306,0.01020408163265306,0.01020408163265306,0.01020408163265306,0.01020408163265306,-0.17650776402696847,0.01020408163265306,0.01020408163265306,-0.006488746258107829,0.01020408163265306,0.011668434299845144,-0.16726529546418378,-0.10144646513897972,0.01020408163265306,0.01020408163265306,0.01020408163265306,-0.03105824622942193,0.01020408163265306,0.01020408163265306,-0.0032300379520913865,0.01020408163265306,0.01020408163265306,0.01020408163265306,-0.0935154309888476,0.01020408163265306,0.01020408163265306,0.01020408163265306,0.01020408163265306,0.01020408163265306,0.01020408163265306,0.01020408163265306,0.01020408163265306,0.01020408163265306,0.01020408163265306,0.01020408163265306,0.01020408163265306,0.01020408163265306,0.01020408163265306,0.01020408163265306,0.01020408163265306,0.01020408163265306,0.01020408163265306,0.01020408163265306,-0.05324740735822074,0.01020408163265306,0.01020408163265306,0.052463600708189596,0.01020408163265306,0.01020408163265306,-0.05835213408814506,0.17746487610610823,0.01020408163265306,0.01020408163265306,-0.119020351247301,0.01020408163265306,-0.09365725517591002,0.01020408163265306,0.01020408163265306,0.01020408163265306,0.01020408163265306,0.01020408163265306,0.01020408163265306,0.039924073522783994,0.01020408163265306,0.01020408163265306,-0.08914972646854816,0.01020408163265306,0.1617127185996626,0.01020408163265306,0.01020408163265306,0.32337046327888985,0.01020408163265306,0.45338600119352696,0.01020408163265306,-0.04956332376970986
2026-03-17,0.0719149012024611,0.01020408163265306,0.01020408163265306,-0.10813153190914157,-0.007904513932181745,0.01020408163265306,0.01020408163265306,0.01020408163265306,0.03535216689649467,0.12239985228220944,-0.03594008511410189,0.01020408163265306,-0.03864256341527065,0.07521749963254924,-0.014293467519588808,0.01020408163265306,0.01020408163265306,0.01020408163265306,0.07163992500700579,0.01020408163265306,0.005617428923558811,0.01020408163265306,0.01020408163265306,0.01020408163265306,0.01020408163265306,0.01020408163265306,0.01020408163265306,0.01020408163265306,-0.21964570506975073,0.01020408163265306,0.01020408163265306,-0.01788839475672016,0.01020408163265306,0.05912455318484114,-0.16719086175513048,-0.1287187021344741,0.01020408163265306,0.01020408163265306,0.01020408163265306,-0.05823281830034889,0.01020408163265306,0.01020408163265306,-0.019454640968646922,0.01020408163265306,0.01020408163265306,0.01020408163265306,-0.09075084713622668,0.01020408163265306,0.01020408163265306,0.01020408163265306,0.01020408163265306,0.01020408163265306,0.01020408163265306,0.0015887939967460137,0.01020408163265306,0.01020408163265306,0.01020408163265306,0.01020408163265306,0.01020408163265306,0.01020408163265306,0.026150911315257964,0.01020408163265306,0.01020408163265306,0.01020408163265306,0.01020408163265306,0.01020408163265306,-0.026130808032936742,0.01020408163265306,0.01020408163265306,0.04084270058508795,0.01020408163265306,0.01020408163265306,-0.05017350582743614,0.19017380257055236,0.02469264810840692,0.01020408163265306,-0.11284283186452675,0.01020408163265306,-0.09514497382345573,0.01020408163265306,0.01020408163265306,0.01020408163265306,0.01020408163265306,0.01020408163265306,0.01020408163265306,0.024981440799083945,0.01020408163265306,0.01020408163265306,-0.12377055464676655,0.01020408163265306,0.1617531852917307,0.01020408163265306,0.01020408163265306,0.35778151990458423,0.01020408163265306,0.4406261600781261,0.01020408163265306,-0.048061908061787464
2026-03-18,0.07533216736067651,0.01020408163265306,0.01020408163265306,-0.09588125912938747,0.01020408163265306,0.01020408163265306,0.01020408163265306,0.01020408163265306,0.011739528512955361,0.08173581830831976,-0.030712057087539664,0.01020408163265306,0.00581522850508711,0.041117208834318936,0.01020408163265306,0.01020408163265306,0.01020408163265306,0.01020408163265306,0.02181801920484091,0.016828711762829466,-0.013617502405337318,0.01020408163265306,0.01020408163265306,0.01020408163265306,0.01020408163265306,0.01020408163265306,0.01020408163265306,0.01020408163265306,-0.16636462277469447,0.01020408163265306,0.01020408163265306,-0.027582371485998722,0.01020408163265306,0.026265355941939912,-0.23874702169801118,-0.06487399483859238,0.01020408163265306,0.01020408163265306,0.01020408163265306,-0.05850140499785085,0.01020408163265306,0.01020408163265306,0.003981329654992883,0.01020408163265306,0.01020408163265306,0.01020408163265306,-0.05257751215470262,0.01020408163265306,0.01020408163265306,0.01020408163265306,0.01020408163265306,0.01020408163265306,0.01020408163265306,0.01020408163265306,0.01020408163265306,0.01020408163265306,0.01020408163265306,0.01020408163265306,0.01020408163265306,0.01020408163265306,0.018674887424762806,0.01020408163265306,0.01020408163265306,0.01020408163265306,0.01020408163265306,0.01020408163265306,-0.06695251833336753,0.01020408163265306,0.01020408163265306,0.04222528142877113,0.01020408163265306,0.01020408163265306,-0.02096122979048818,0.1756478449788081,0.01020408163265306,0.01020408163265306,-0.11976151444420675,0.01020408163265306,-0.05324104335114585,0.01020408163265306,0.01020408163265306,0.01020408163265306,0.01020408163265306,0.01020408163265306,0.01020408163265306,0.02148348463185788,0.01020408163265306,0.01020408163265306,-0.07313414329465824,0.01020408163265306,0.1288109858208612,0.01020408163265306,0.01020408163265306,0.3217485310677908,0.01020408163265306,0.4790153187936931,0.01020408163265306,-0.07300497583427969
2026-03-19,0.05576098044712074,-0.003469961629158134,0.01020408163265306,-0.0897062324821333,0.0004050828151771317,0.01020408163265306,0.01020408163265306,0.01020408163265306,0.06311261455203625,0.03217928097042419,-0.043304836426025436,0.01020408163265306,0.01020408163265306,0.06332432363217264,-0.004247173186473104,0.01020408163265306,0.01020408163265306,0.01020408163265306,0.01020408163265306,0.01020408163265306,0.01020408163265306,0.01020408163265306,0.01020408163265306,0.01020408163265306,0.01020408163265306,0.01020408163265306,0.01020408163265306,0.01020408163265306,-0.12241773107660574,0.01020408163265306,0.01020408163265306,-0.024987583573987948,0.01020408163265306,0.01020408163265306,-0.13596698903890092,-0.09775156903911737,0.01020408163265306,0.01020408163265306,0.01020408163265306,-0.007286516913468667,0.01020408163265306,0.01020408163265306,0.01020408163265306,0.01020408163265306,-0.00014304297610361755,0.01020408163265306,-0.09321602998539728,0.01020408163265306,0.01020408163265306,0.01020408163265306,0.01020408163265306,0.01020408163265306,0.01020408163265306,0.01020408163265306,0.01020408163265306,0.01020408163265306,0.01020408163265306,0.01020408163265306,0.01020408163265306,0.01020408163265306,0.01750177559942563,0.01020408163265306,0.01020408163265306,0.01020408163265306,0.01020408163265306,0.01020408163265306,-0.11661445409754086,0.01020408163265306,0.01020408163265306,0.040911252809871665,0.01020408163265306,0.01020408163265306,0.01020408163265306,0.1972795490141225,0.01020408163265306,0.01020408163265306,-0.14239053691422887,0.01020408163265306,-0.11575604079050679,0.01020408163265306,0.01020408163265306,0.01020408163265306,0.01020408163265306,0.01020408163265306,0.01020408163265306,0.019254815566882192,0.01020408163265306,0.01020408163265306,0.0010875760346397007,0.021433356616665847,0.07002056004724784,0.01020408163265306,0.01020408163265306,0.33893096995343575,0.01020408163265306,0.44901816303510245,0.01020408163265306,-0.07704323561773775
2026-03-20,0.04564456460942093,-0.0037522421096666692,0.01020408163265306,-0.0756800330134788,0.01020408163265306,0.01020408163265306,0.01020408163265306,0.01020408163265306,0.027149397288049118,0.027945105068237677,-0.0382844703301282,0.01020408163265306,0.01020408163265306,0.03912225329367461,-0.003083131211113744,0.01020408163265306,0.01020408163265306,0.01020408163265306,0.01020408163265306,0.01020408163265306,0.007483900409731684,0.01020408163265306,0.01020408163265306,0.01020408163265306,-0.006521020915256666,0.01020408163265306,0.01020408163265306,0.01020408163265306,-0.09924216847895485,0.01020408163265306,0.01020408163265306,-0.01637739467080354,0.01020408163265306,0.01020408163265306,-0.11201494511915232,-0.10137807999105901,0.01020408163265306,0.01020408163265306,0.01020408163265306,0.01020408163265306,0.01020408163265306,0.01020408163265306,0.01020408163265306,0.01020408163265306,-0.023222442846365987,0.01020408163265306,-0.08692984830866649,0.01020408163265306,0.01020408163265306,0.01020408163265306,0.01020408163265306,0.01020408163265306,0.01020408163265306,0.01020408163265306,0.01020408163265306,0.01020408163265306,0.01020408163265306,0.01020408163265306,0.01020408163265306,0.01020408163265306,0.015427974953992972,0.01020408163265306,0.01020408163265306,0.01020408163265306,0.01020408163265306,0.01020408163265306,-0.11195631878209975,0.01020408163265306,0.00970302505364015,0.0262104195257283,0.01020408163265306,0.01020408163265306,0.01020408163265306,0.1912170398743671,0.01020408163265306,0.01020408163265306,-0.14710681016261495,0.01020408163265306,-0.12999667217067218,0.01020408163265306,0.01020408163265306,0.01020408163265306,0.01020408163265306,0.01020408163265306,0.01020408163265306,0.01315657151444927,0.01020408163265306,0.01020408163265306,0.01020408163265306,0.01028095653363571,0.08328887126509862,0.01020408163265306,0.01020408163265306,0.34598925170310024,0.01020408163265306,0.4991720171259292,0.01020408163265306,-0.09032740276208374
2026-03-23,0.05074929166598141,0.008590749833378831,0.01020408163265306,-0.04184806654083122,0.01020408163265306,0.01020408163265306,0.01020408163265306,0.01020408163265306,0.01020408163265306,0.01020408163265306,-0.04586704365193617,0.01020408163265306,0.01020408163265306,0.02088401271351046,-0.02582182510884712,0.01020408163265306,0.01020408163265306,0.01020408163265306,0.01020408163265306,0.01020408163265306,0.01020408163265306,0.01020408163265306,0.01020408163265306,0.01020408163265306,-0.07398455189263412,0.009046042652826668,0.01020408163265306,0.01020408163265306,-0.02938293114939157,0.01020408163265306,0.01020408163265306,0.0003023007512686221,0.01020408163265306,0.01020408163265306,-0.06961817482928036,-0.14290170458396553,0.01020408163265306,0.01020408163265306,0.01020408163265306,-0.0021504487531562415,0.01020408163265306,0.01020408163265306,0.01020408163265306,0.01020408163265306,0.01020408163265306,0.01020408163265306,-0.06549028956747294,0.01020408163265306,0.01020408163265306,0.01020408163265306,0.01020408163265306,0.01020408163265306,0.01020408163265306,0.01020408163265306,0.01020408163265306,0.01020408163265306,0.01020408163265306,0.01020408163265306,0.01020408163265306,0.01020408163265306,0.01020408163265306,0.01020408163265306,0.01020408163265306,0.01020408163265306,0.01020408163265306,0.01020408163265306,-0.012110236593876873,0.01020408163265306,0.01020408163265306,0.01020408163265306,0.01020408163265306,0.01020408163265306,0.01020408163265306,0.06917348440199204,0.01020408163265306,0.01020408163265306,-0.20410962401128646,0.01020408163265306,-0.050421527121561636,0.01020408163265306,0.01020408163265306,0.01020408163265306,0.01020408163265306,0.01020408163265306,0.01020408163265306,0.01020408163265306,0.01020408163265306,0.01020408163265306,0.01020408163265306,0.10127717663640387,0.01020408163265306,0.01020408163265306,0.01020408163265306,0.31739742478647903,0.01020408163265306,0.5110519141124309,0.01020408163265306,-0.1002761778316641
2026-03-24,0.054118275304716766,0.009265342834442405,0.01020408163265306,-0.04012482404770416,0.01020408163265306,0.01020408163265306,0.01020408163265306,0.01020408163265306,0.01020408163265306,0.01020408163265306,-0.04824433938620406,0.01020408163265306,0.01020408163265306,0.0216113706380759,-0.03126666557394389,0.01020408163265306,0.01020408163265306,0.01020408163265306,0.01020408163265306,0.01020408163265306,0.01020408163265306,0.01020408163265306,0.01020408163265306,0.01020408163265306,-0.07515787494273403,0.010179012325443455,0.01020408163265306,0.01020408163265306,-0.02674210654772209,0.01020408163265306,0.01020408163265306,0.001957152685836459,0.01020408163265306,0.01020408163265306,-0.068323255727005,-0.14877530355922872,0.01020408163265306,0.01020408163265306,0.01020408163265306,-0.0010548133906199235,0.01020408163265306,0.01020408163265306,0.01020408163265306,0.01020408163265306,0.01020408163265306,0.01020408163265306,-0.06918210313164153,0.01020408163265306,0.01020408163265306,0.01020408163265306,0.01020408163265306,0.01020408163265306,0.01020408163265306,0.01020408163265306,0.01020408163265306,0.01020408163265306,0.01020408163265306,0.01020408163265306,0.01020408163265306,0.01020408163265306,0.01020408163265306,0.01020408163265306,0.01020408163265306,0.01020408163265306,0.01020408163265306,0.01020408163265306,-0.008903668929092957,0.01020408163265306,0.01020408163265306,0.01020408163265306,0.01020408163265306,0.01020408163265306,0.01020408163265306,0.06632405859688628,0.01020408163265306,0.01020408163265306,-0.20283464976447643,0.01020408163265306,-0.05303775296623055,0.01020408163265306,0.01020408163265306,0.01020408163265306,0.01020408163265306,0.01020408163265306,0.01020408163265306,0.01020408163265306,0.01020408163265306,0.01020408163265306,0.01020408163265306,0.10163435137133964,0.01020408163265306,0.01020408163265306,0.01020408163265306,0.3214697058494477,0.01020408163265306,0.5110025615354967,0.01020408163265306,-0.09942467725671457
2026-03-25,0.016979396884825543,-0.04379024129318415,0.04896940452432861,-0.10504143442687226,-0.004795615951378918,0.01020408163265306,0.01020408163265306,0.01020408163265306,0.12193225911735998,0.09317708412636716,-0.06149342151485235,0.01020408163265306,-0.006208234864753375,0.08873074343903961,-0.00245780821174384,-0.02789235545802246,0.01020408163265306,0.01020408163265306,0.01020408163265306,0.01020408163265306,0.01020408163265306,0.01020408163265306,0.01020408163265306,0.01020408163265306,-0.03767814433077409,0.01020408163265306,0.01020408163265306,0.01020408163265306,-0.0511637407691075,0.01020408163265306,0.01020408163265306,-0.043126735796448684,0.027880080967251253,0.01020408163265306,-0.024450926074302118,-0.11289072384960692,0.01020408163265306,0.01020408163265306,0.004876496093948145,0.01020408163265306,0.01020408163265306,0.04927590743931128,-0.006019207717895004,0.01020408163265306,-0.1331105980728102,0.01020408163265306,-0.09997213110705437,0.01020408163265306,0.01020408163265306,0.01020408163265306,0.01020408163265306,0.01020408163265306,0.01020408163265306,0.01020408163265306,0.01020408163265306,0.01020408163265306,0.01020408163265306,0.01020408163265306,0.01020408163265306,0.16672741493981025,0.01020408163265306,0.01020408163265306,-0.03311611301737178,0.01020408163265306,0.01020408163265306,-0.048094050799279024,-0.19785926833703643,0.01020408163265306,-0.08205287086068783,0.06005411196727803,0.01020408163265306,0.01020408163265306,-0.013812120653501648,0.24814411604452688,0.01020408163265306,0.01020408163265306,-0.17482019178824146,0.01020408163265306,-0.18109671345453884,0.01020408163265306,0.01020408163265306,0.01020408163265306,0.2324726909969536,-0.0321509771729116,-0.10055362338129109,0.1320364156337886,0.01020408163265306,0.07048572713929525,-0.08395025617267171,0.010327278213720465,0.040532205029408755,0.01020408163265306,0.01020408163265306,0.31473528596051836,0.01020408163265306,0.4706768812866555,0.01020408163265306,-0.041436402891314686
2026-03-26,0.05171964522589871,-0.0344529352222154,0.011799199372066279,-0.08925837046668128,0.009937652175583086,0.01020408163265306,0.01020408163265306,0.01020408163265306,0.08283819764716796,0.06804338102216963,-0.04962347699479792,0.01020408163265306,0.0004743653978974364,0.0660741524748095,-0.016087369100556158,0.01020408163265306,0.01020408163265306,0.01020408163265306,0.01020408163265306,0.01020408163265306,0.01020408163265306,0.01020408163265306,0.01020408163265306,0.01020408163265306,-0.017874297620669194,-0.026829883584454373,0.01020408163265306,0.01020408163265306,-0.06801162294371635,0.01020408163265306,0.01020408163265306,-0.030886795225998978,0.01020408163265306,0.01020408163265306,-0.08531816233758288,-0.10926493628755339,0.01020408163265306,0.01020408163265306,0.01020408163265306,0.01020408163265306,0.01020408163265306,0.01020408163265306,0.01020408163265306,0.01020408163265306,-0.02771644175812272,0.01020408163265306,-0.06582354569669467,0.01020408163265306,0.01020408163265306,-0.004402419671277963,0.01020408163265306,0.01020408163265306,0.01020408163265306,0.01020408163265306,0.01020408163265306,0.01020408163265306,0.01020408163265306,0.01020408163265306,0.01020408163265306,0.01020408163265306,0.01020408163265306,0.01020408163265306,0.01020408163265306,0.01020408163265306,0.01020408163265306,-0.030318130039753415,-0.16990238494968077,0.01020408163265306,-0.027115087569102955,0.03308595768632751,0.01020408163265306,0.01020408163265306,0.01020408163265306,0.2215576049139528,0.01020408163265306,0.01020408163265306,-0.13494458439307602,0.01020408163265306,-0.12392554702076174,0.01020408163265306,0.01020408163265306,0.01020408163265306,0.051785170985660794,-0.031572644980719884,0.01020408163265306,0.053568731936496916,0.01020408163265306,0.01020408163265306,0.00871272910076691,0.01020408163265306,0.07461974368099089,0.01020408163265306,0.01020408163265306,0.35333685133879444,0.01020408163265306,0.4619818889142109,0.01020408163265306,-0.04906377886652048
2026-03-27,0.021414348360440025,0.01020408163265306,0.01020408163265306,-0.032163617249498816,0.01020408163265306,0.01020408163265306,0.01020408163265306,0.01020408163265306,0.01020408163265306,0.01020408163265306,-0.042627887290052686,0.01020408163265306,0.01020408163265306,0.01020408163265306,0.01020408163265306,0.01020408163265306,0.01020408163265306,0.01020408163265306,0.01020408163265306,0.01020408163265306,-0.008488509511779119,0.01020408163265306,0.01020408163265306,0.01020408163265306,0.01020408163265306,-0.042632101217624195,0.01020408163265306,0.01020408163265306,0.01020408163265306,0.01020408163265306,0.01020408163265306,0.01020408163265306,0.01020408163265306,0.01020408163265306,-0.03623091535521306,-0.10051654433951629,0.01020408163265306,0.01020408163265306,0.01020408163265306,-0.02337110128604586,0.01020408163265306,0.01020408163265306,0.01020408163265306,0.01020408163265306,0.01020408163265306,0.01020408163265306,-0.0696141642341595,0.01020408163265306,0.01020408163265306,0.01020408163265306,0.01020408163265306,0.01020408163265306,0.01020408163265306,0.01020408163265306,0.01020408163265306,0.01020408163265306,0.01020408163265306,0.01020408163265306,0.01020408163265306,0.01020408163265306,0.01020408163265306,0.01020408163265306,0.01020408163265306,0.01020408163265306,0.01020408163265306,0.01020408163265306,0.01020408163265306,0.01020408163265306,0.01020408163265306,0.01020408163265306,0.01020408163265306,0.01020408163265306,0.01020408163265306,0.01020408163265306,0.01020408163265306,0.01020408163265306,-0.0892052535694762,0.01020408163265306,0.01020408163265306,0.01020408163265306,0.01020408163265306,0.01020408163265306,0.01020408163265306,0.01020408163265306,0.01020408163265306,0.01020408163265306,0.01020408163265306,0.01020408163265306,0.01020408163265306,0.023734468028358702,0.01020408163265306,0.01020408163265306,0.01020408163265306,0.2881036994133231,0.01020408163265306,0.40937056315039244,0.01020408163265306,-0.15491584204200565
2026-03-30,0.023347198369671442,0.01020408163265306,0.017472855335153106,-0.1218801806986176,0.007272017273681919,0.01020408163265306,0.01020408163265306,0.01020408163265306,0.08770682517634137,0.06488369011320644,-0.06276058479717574,0.01020408163265306,0.01020408163265306,0.10503300020321871,-0.03462588431654809,0.01020408163265306,0.01020408163265306,0.01020408163265306,0.01020408163265306,0.01020408163265306,0.01020408163265306,0.01020408163265306,0.01020408163265306,0.01020408163265306,0.01020408163265306,-0.057772571174972906,0.01020408163265306,0.01020408163265306,-0.0869962438414992,0.01020408163265306,0.01020408163265306,-0.04028003316356394,0.01020408163265306,0.01020408163265306,-0.029878891954153636,-0.09295013103492766,0.01020408163265306,0.01020408163265306,0.01020408163265306,0.01020408163265306,0.01020408163265306,0.01020408163265306,0.01020408163265306,0.01020408163265306,-0.024645322316154038,0.01020408163265306,-0.08356032580572009,0.01020408163265306,0.01020408163265306,0.01020408163265306,0.01020408163265306,0.01020408163265306,0.01020408163265306,0.01020408163265306,0.01020408163265306,0.01020408163265306,0.01020408163265306,0.01020408163265306,0.01020408163265306,0.01020408163265306,0.01020408163265306,0.01020408163265306,0.01020408163265306,0.01020408163265306,0.06440617201960479,-0.060020294113717954,-0.1618327343069409,0.01020408163265306,-0.07531592395081646,0.036733235645697415,0.01020408163265306,0.01020408163265306,-0.01130418315549281,0.16289588825652515,0.01020408163265306,0.01020408163265306,-0.09308709614053737,0.01020408163265306,-0.1580489465822748,0.01020408163265306,0.01020408163265306,0.01020408163265306,0.035830398126407155,-0.027209824635830902,0.01020408163265306,0.11969169662646498,0.01020408163265306,0.01020408163265306,-0.03562854363314888,0.01020408163265306,0.08373753775168256,0.01020408163265306,0.01020408163265306,0.3774504022537514,0.01020408163265306,0.42047131787575504,0.01020408163265306,-0.012399825527517628
2026-03-31,0.0170892798464704,0.008183167304575894,0.04089014907433511,-0.138466360768695,0.01020408163265306,0.01020408163265306,0.01020408163265306,0.01020408163265306,0.0809635317139031,0.10027868615430924,-0.06694736646944699,0.01020408163265306,0.01020408163265306,0.1074529835106525,-0.05037689144810589,0.01020408163265306,0.01020408163265306,0.01020408163265306,0.01020408163265306,0.01020408163265306,0.01020408163265306,0.01020408163265306,0.01020408163265306,0.01020408163265306,0.01020408163265306,-0.02613474659722357,0.01020408163265306,0.01020408163265306,-0.07322146554187078,0.01020408163265306,0.01020408163265306,-0.03443653479923127,0.01020408163265306,0.01114282446248929,-0.0001024770386531329,-0.06610474044258947,0.01020408163265306,0.01020408163265306,0.01020408163265306,0.01020408163265306,0.01020408163265306,0.01020408163265306,-0.012459649790512008,0.01020408163265306,-0.12504903338174023,0.01020408163265306,-0.09413070597793173,-0.002186501534201215,0.01020408163265306,0.01020408163265306,0.01020408163265306,0.01020408163265306,0.01020408163265306,0.01020408163265306,0.01020408163265306,0.01020408163265306,0.01020408163265306,0.01020408163265306,0.01020408163265306,0.09785754736896854,0.01020408163265306,0.01020408163265306,0.01020408163265306,0.01020408163265306,0.061918322008949665,-0.14153021698570892,-0.20498700756949165,0.01020408163265306,-0.08242923776936294,0.0414346970890404,0.01020408163265306,0.01020408163265306,-0.016899250810554496,0.17323187638141613,0.01020408163265306,0.01020408163265306,-0.11186613422656373,0.01020408163265306,-0.17433125522213894,0.01020408163265306,0.01020408163265306,0.01020408163265306,0.13212907897992918,-0.01715657127351318,0.01020408163265306,0.14352640496761915,0.01020408163265306,0.10064034990363643,-0.08788615613725094,0.01020408163265306,0.04546545021074773,0.01020408163265306,0.0016393799418883536,0.36708615787981946,0.01020408163265306,0.4183940190507243,0.01020408163265306,-0.024662418391219534
2026-04-01,0.01020408163265306,0.0039779771936066105,0.06543559516956446,-0.14020414770442724,0.01020408163265306,-0.0016302678446781134,0.01020408163265306,0.01020408163265306,0.11849510004535334,0.10531001521266334,-0.06601013019465195,-0.032271998978105815,0.01020408163265306,0.08226055165241529,-0.056445152082588726,-0.034975134024514846,0.01020408163265306,0.05343842846210208,0.01020408163265306,0.0587459211435361,0.01020408163265306,0.01020408163265306,0.01020408163265306,0.01020408163265306,-0.007439408180283524,0.01020408163265306,0.01020408163265306,0.02437462466428082,-0.07886204974508147,0.01839308495454183,0.01020408163265306,0.0030682422255346184,0.06454842464405992,0.01020408163265306,0.01020408163265306,-0.041486885690402445,0.01020408163265306,0.01020408163265306,0.01020408163265306,-0.03097547434864724,-0.018308713790671678,0.08981348478396237,-0.05168651706200478,0.01020408163265306,-0.239885221472808,0.01020408163265306,-0.11145429259989836,0.01020408163265306,0.01020408163265306,0.01020408163265306,0.01020408163265306,0.01020408163265306,0.01020408163265306,0.004302729921086915,0.01020408163265306,0.01020408163265306,0.023297194309086264,0.01020408163265306,0.01020408163265306,0.23062408611657584,0.01020408163265306,-0.026542284683648713,-0.12220598082115676,0.01020408163265306,0.015744644336654193,-0.19882339023130333,-0.22211735301043614,0.01020408163265306,-0.08148704956224206,0.06870262424886006,0.01020408163265306,0.01020408163265306,-0.013613926220403827,0.20712750787964138,0.01020408163265306,0.01020408163265306,-0.1397971743010466,0.01020408163265306,-0.20633069564844567,0.01020408163265306,0.01020408163265306,0.01020408163265306,0.3380114453919645,-0.017474570667956615,-0.09965879137858821,0.14522271223656635,0.01020408163265306,0.225936192144929,-0.14981582464974458,0.01020408163265306,0.021102057020386554,0.04447961385969081,-0.012915817639685244,0.3176478586029152,0.01020408163265306,0.4563366192019427,0.01020408163265306,-0.0533662379905392
2026-04-02,0.022345856391085654,0.01020408163265306,0.051975447412132544,-0.17059849416541178,0.005830089186565482,0.01020408163265306,0.01020408163265306,0.01020408163265306,0.1200168163469407,0.1518856360024533,-0.062281863886528496,0.001183182652757176,0.01020408163265306,0.10168389751420451,-0.06002618967827027,0.01020408163265306,0.01020408163265306,0.01020408163265306,0.01020408163265306,0.01020408163265306,0.01020408163265306,0.01020408163265306,0.006502163863746798,0.01020408163265306,0.006920077046790161,-0.04137926547333318,0.01020408163265306,0.01020408163265306,-0.04967244420702762,0.01020408163265306,-0.03457891782864422,-0.029435030423040492,0.01020408163265306,0.057071272495241125,0.01020408163265306,-0.08188920745956119,0.01020408163265306,0.01020408163265306,0.01020408163265306,0.01020408163265306,0.01020408163265306,0.01364065807693764,-0.01672134812428696,0.01020408163265306,-0.07465834670417477,0.01020408163265306,-0.072825618845806,0.01020408163265306,0.01020408163265306,0.01020408163265306,0.01020408163265306,0.01020408163265306,0.01020408163265306,0.01020408163265306,0.01020408163265306,0.01020408163265306,0.01020408163265306,0.01020408163265306,0.01020408163265306,0.03928029333555257,0.01020408163265306,0.01020408163265306,-0.03549506608934154,0.01020408163265306,0.05642598802395824,-0.18725556748125335,-0.2401591941099085,0.01020408163265306,-0.0812514841514424,0.04487074143023287,0.01020408163265306,0.01020408163265306,0.01020408163265306,0.14990021148061766,0.01020408163265306,0.01020408163265306,-0.06759241081819438,0.01020408163265306,-0.12488448844850443,0.01020408163265306,0.01020408163265306,0.01020408163265306,0.1752741887682359,-0.02786169287403719,0.01020408163265306,0.1473650659390044,0.01020408163265306,0.08051896360338784,-0.07265361513102367,0.01020408163265306,0.01020408163265306,0.01020408163265306,-0.009485740904582462,0.39694779298462646,0.01020408163265306,0.357035714649906,0.01020408163265306,-0.027600723461228674
2026-04-06,0.03620080080189066,0.01020408163265306,0.07081041958309069,-0.16913027304070918,0.01020408163265306,0.01020408163265306,0.01020408163265306,0.01020408163265306,0.1432695040019581,0.05127483028975862,-0.06899900473355869,0.01020408163265306,0.01020408163265306,0.1230399999455776,-0.05248312184744919,0.01020408163265306,0.01020408163265306,0.01020408163265306,0.01020408163265306,0.01020408163265306,0.01020408163265306,0.01020408163265306,-0.023953758282043894,0.01020408163265306,0.01020408163265306,-0.051037125333000526,0.01020408163265306,0.01020408163265306,-0.06292341653813216,0.01020408163265306,-0.039805177752972404,-0.023137101744926114,0.01020408163265306,0.059887605238769834,0.01020408163265306,-0.09874517226056138,0.01020408163265306,0.01020408163265306,0.01020408163265306,0.01020408163265306,0.01020408163265306,0.023060576856213523,0.005883648953012287,0.01020408163265306,-0.08107893747988655,0.01020408163265306,-0.07271740188445812,0.01020408163265306,0.01020408163265306,0.005369016512084135,0.01020408163265306,0.01020408163265306,0.01020408163265306,0.01020408163265306,0.01020408163265306,0.01020408163265306,0.01020408163265306,0.01020408163265306,0.01020408163265306,0.061863335674073476,0.01020408163265306,0.01020408163265306,-0.028181712101152258,0.01020408163265306,0.030438921073724597,-0.16087805934515964,-0.2215413706365107,0.01020408163265306,-0.07769640361330624,0.05413898474113704,0.01020408163265306,0.01020408163265306,0.01020408163265306,0.1631940227571838,0.01020408163265306,0.01020408163265306,-0.04255633313663537,0.01020408163265306,-0.15552861253233935,0.01020408163265306,0.01020408163265306,0.01020408163265306,0.14605856471870712,-0.03936807146323152,0.01020408163265306,0.14454083642579216,0.01020408163265306,0.08399220997741025,-0.07134796669870812,0.01020408163265306,0.01020408163265306,0.01020408163265306,-0.0007653005895779663,0.3883777646819727,0.01020408163265306,0.370058124769405,0.01020408163265306,-0.021625662313973018
2026-04-07,0.02545885363974213,-0.007039099475938131,0.07894393275102544,-0.15700017292482077,0.010018811972215047,-0.022214019091986836,0.01020408163265306,0.01147860031143139,0.16606963740364916,0.12222647870281421,-0.07084439917765992,-0.03759392102273475,0.01020408163265306,0.1028003588866515,-0.08323226201183592,-0.01722246103769705,0.01020408163265306,0.01020408163265306,0.01020408163265306,0.028470396671409874,0.01020408163265306,0.01020408163265306,-0.03754569770886782,0.02414176998599496,0.01020408163265306,-0.00809947862392116,0.01020408163265306,0.04113613046334576,-0.08930953007230012,0.023658084689644303,-0.015990097174462578,-0.0032233114966448134,0.01020408163265306,0.07281740739932697,0.01020408163265306,-0.08736862324759051,0.01020408163265306,0.01020408163265306,-0.02544704634799181,0.01020408163265306,-0.027121741537024333,0.053906693868441,0.01020408163265306,0.01020408163265306,-0.22914111807978818,0.01020408163265306,-0.1030005357138214,0.01020408163265306,0.01020408163265306,0.01020408163265306,0.01020408163265306,0.01020408163265306,0.01020408163265306,0.01020408163265306,0.01020408163265306,0.01020408163265306,0.014430718226460412,0.01020408163265306,0.01020408163265306,0.2064287776845242,0.01020408163265306,0.01020408163265306,-0.06558940852843878,0.01020408163265306,0.047747634312826574,-0.13805201874983197,-0.1649538343711096,0.01020408163265306,-0.11799064469336724,0.0614988791935266,0.01020408163265306,0.01020408163265306,0.01020408163265306,0.09801063395935776,0.01020408163265306,0.01020408163265306,-0.10852036748490916,0.01020408163265306,-0.1945997909238828,0.008004775729345498,0.01020408163265306,0.01020408163265306,0.33830347502928787,-0.02149998592441467,-0.049689301877406424,0.17589290785192907,0.01020408163265306,0.08947851739771544,-0.1143213858747146,0.01020408163265306,0.01020408163265306,0.02112625000426035,-0.03629250183494153,0.35840067146378385,0.01020408163265306,0.4315558864658159,0.01020408163265306,-0.038287202525809985
2026-04-08,0.07942053488368163,0.01020408163265306,0.01020408163265306,-0.09601722053742134,0.01020408163265306,0.01020408163265306,0.01020408163265306,0.01020408163265306,0.01020408163265306,0.01020408163265306,-0.035695081764462816,0.01020408163265306,-0.014146429272474685,0.01020408163265306,0.01020408163265306,0.01020408163265306,0.01020408163265306,0.01020408163265306,0.01020408163265306,0.01020408163265306,0.002636289438545817,0.01020408163265306,0.01020408163265306,0.01020408163265306,0.01020408163265306,-0.07681258310243058,0.01020408163265306,0.01020408163265306,-0.01900815024436222,0.01020408163265306,-0.04132429561717966,0.01020408163265306,0.01020408163265306,0.01020408163265306,0.01020408163265306,-0.09100055015175448,0.01020408163265306,0.01020408163265306,-0.0028139015875563427,-0.036751833655421486,0.01020408163265306,0.01020408163265306,0.01020408163265306,0.01020408163265306,0.01020408163265306,0.01020408163265306,-0.06946523496737483,0.01020408163265306,0.01020408163265306,-0.0018326426039476061,0.01020408163265306,0.01020408163265306,0.01020408163265306,0.01020408163265306,0.01020408163265306,0.01020408163265306,0.01020408163265306,0.01020408163265306,0.01020408163265306,0.01020408163265306,0.01020408163265306,0.01020408163265306,0.01020408163265306,0.01020408163265306,0.01020408163265306,0.01020408163265306,0.01020408163265306,0.01020408163265306,0.01020408163265306,0.01020408163265306,0.01020408163265306,0.01020408163265306,0.01020408163265306,0.01020408163265306,0.01020408163265306,0.01020408163265306,-0.10214180378337405,0.01020408163265306,0.01020408163265306,0.01020408163265306,0.01020408163265306,0.01020408163265306,0.01020408163265306,0.01020408163265306,0.01020408163265306,0.09394623668141364,0.01020408163265306,0.01020408163265306,0.01020408163265306,0.05809829900228777,0.01020408163265306,0.01020408163265306,0.01020408163265306,0.27119997378878763,0.01020408163265306,0.38611118413805257,0.01020408163265306,-0.11052523962460083
2026-04-09,0.05377667277718925,-0.00782208287786292,0.07133770416150412,-0.16808378351257094,0.01020408163265306,0.007712463153196245,0.01020408163265306,0.01020408163265306,0.20155547274304644,0.10959566373455804,-0.07310036939415848,0.0004577268312124048,0.01020408163265306,0.11027022031793844,-0.134094541012823,0.01020408163265306,0.01020408163265306,0.01020408163265306,0.01020408163265306,0.01020408163265306,0.01020408163265306,0.047325271588663405,-0.07037913271135308,0.01020408163265306,-0.016064594895216784,-0.015666953339278984,0.01020408163265306,0.01020408163265306,-0.11919775898365141,0.017219144111757057,-0.013477123630876697,-0.026410024720576776,0.01231045233708056,0.12429102860401614,0.01020408163265306,-0.08266090154646415,0.01020408163265306,0.01020408163265306,-0.04365298605766608,0.0020159203897793763,0.01020408163265306,0.01020408163265306,-0.053688900483464086,0.01020408163265306,-0.13610641366672846,-0.03249376283083074,-0.051150527769462946,0.006323924093820377,0.01020408163265306,0.004245144105443261,0.01020408163265306,0.01020408163265306,0.01020408163265306,0.01020408163265306,0.01020408163265306,0.01020408163265306,0.01020408163265306,0.01020408163265306,0.01020408163265306,0.1857934713934431,0.01020408163265306,0.01020408163265306,-0.06252749591475262,0.01020408163265306,0.10678213110802659,-0.13384171008119414,-0.17608625993216523,0.01020408163265306,-0.09188969109105591,0.070238258897172,0.01020408163265306,0.01020408163265306,0.01020408163265306,0.0715876162805511,0.01020408163265306,0.01020408163265306,-0.06616395053886595,0.01020408163265306,-0.14846821420437356,-0.009192400567538924,0.01020408163265306,0.01020408163265306,0.19507446216022292,0.01020408163265306,0.01020408163265306,0.1657568491496374,0.01020408163265306,0.04866173473995241,-0.0601741684859719,0.01020408163265306,0.01020408163265306,0.02752325595791747,-0.058836059408096886,0.33849264369592436,0.01020408163265306,0.4233998465333026,0.01020408163265306,-0.040313189575701416
2026-04-10,0.05654223467257224,0.01020408163265306,0.0788912271966365,-0.15433659545874456,0.01020408163265306,0.01020408163265306,0.01020408163265306,0.01020408163265306,0.20525836943065345,0.025185702014734294,-0.06705318720549251,0.01020408163265306,0.01020408163265306,0.10003858414087086,-0.13983166265265176,0.01020408163265306,0.01020408163265306,0.01020408163265306,0.01020408163265306,0.01020408163265306,0.01020408163265306,0.01020408163265306,-0.077504200808724,0.01020408163265306,-0.04269322614822102,-0.03721861916809372,0.01020408163265306,0.01020408163265306,-0.10008358703227754,0.01020408163265306,-0.038527264368097884,-0.012891338715331968,0.031133072053972644,0.15081907856132032,0.01020408163265306,-0.11361446423958957,0.01020408163265306,0.01020408163265306,-0.01637711944576073,0.005067116978914871,0.01020408163265306,0.0281100091603948,-0.028017299551253393,0.01020408163265306,-0.09208927116183054,-0.020462090582318536,-0.052486702470808,-0.0025481212171514812,0.005738151744484933,-0.03906545929344022,0.01020408163265306,0.01020408163265306,0.01020408163265306,0.01020408163265306,0.01020408163265306,0.01020408163265306,0.01020408163265306,0.01020408163265306,0.01020408163265306,0.15033196175957703,0.02848885637270223,0.01020408163265306,-0.030512146656664803,0.01020408163265306,0.08528739498904354,-0.09507868925168447,-0.1478159146884489,0.01020408163265306,-0.06951262310233115,0.08133697854597592,0.01020408163265306,0.01020408163265306,0.01020408163265306,0.05739013191956651,0.01020408163265306,0.01020408163265306,-0.06957830558455845,0.01020408163265306,-0.1629473971075784,-0.007425733063023932,0.01020408163265306,0.01020408163265306,0.1186257802171768,0.01020408163265306,0.01020408163265306,0.12093811642037111,0.01020408163265306,0.01020408163265306,-0.023513760556454794,0.01020408163265306,0.01020408163265306,0.023541061258763547,-0.015320645767036218,0.3481528233229572,0.01020408163265306,0.46482642019217785,0.01020408163265306,-0.029605808920604063
2026-04-13,0.05425611418566168,0.0069273719505106145,0.061124069342286876,-0.07392925872547515,0.01020408163265306,0.01020408163265306,0.01020408163265306,0.01020408163265306,0.08720443053947004,0.01020408163265306,-0.029046292648436056,0.0029391119454257163,0.01020408163265306,0.01020408163265306,-0.12600880618530003,0.01020408163265306,0.01020408163265306,0.01020408163265306,0.01020408163265306,0.01020408163265306,0.01020408163265306,0.01020408163265306,0.01020408163265306,0.01020408163265306,-0.08986476927823905,-0.030189636752959985,0.01020408163265306,0.01020408163265306,0.01020408163265306,0.01020408163265306,-0.06168466581472834,0.01020408163265306,0.01020408163265306,0.01020408163265306,0.01020408163265306,-0.05604790106080876,0.01020408163265306,-0.02152416302132537,0.01020408163265306,-0.013968793005529197,0.01020408163265306,0.01020408163265306,0.01020408163265306,0.01020408163265306,0.01020408163265306,0.01020408163265306,-0.029487863209145475,0.01020408163265306,0.01020408163265306,0.01020408163265306,0.01020408163265306,0.01020408163265306,0.01020408163265306,0.01020408163265306,0.01020408163265306,0.01020408163265306,0.01020408163265306,0.01020408163265306,0.01020408163265306,0.01020408163265306,0.024761421512375127,0.01020408163265306,0.01020408163265306,0.01020408163265306,0.01020408163265306,0.01020408163265306,-0.1584083217215614,0.01020408163265306,0.01020408163265306,0.05047228401279589,0.01020408163265306,0.01020408163265306,0.01020408163265306,0.01020408163265306,0.01020408163265306,0.01020408163265306,-0.06841580481784076,0.01020408163265306,-0.05147399768978442,0.006661699955595155,0.01020408163265306,0.01020408163265306,0.01020408163265306,0.01020408163265306,0.01020408163265306,0.19865630114167968,0.01020408163265306,0.01020408163265306,0.01020408163265306,0.01020408163265306,0.01020408163265306,0.01020408163265306,0.01020408163265306,0.19158237309586487,0.01020408163265306,0.49242949458487384,0.01020408163265306,-0.11186235751907882
2026-04-14,0.051411725261193225,0.01020408163265306,0.05384883856647391,-0.06838192576011444,0.01020408163265306,0.01020408163265306,0.01020408163265306,0.01020408163265306,0.07778752501710773,0.012169806710126473,-0.035915653486601015,0.00350406610357542,0.01020408163265306,0.01020408163265306,-0.12011510472798594,0.01020408163265306,0.01020408163265306,0.01020408163265306,0.01020408163265306,0.01020408163265306,0.01020408163265306,0.01020408163265306,0.01020408163265306,0.01020408163265306,-0.10191112376742009,-0.024550154152234653,0.01020408163265306,0.01020408163265306,0.01020408163265306,0.01020408163265306,-0.05879911872471745,0.01020408163265306,0.01020408163265306,0.013930020428218014,0.01020408163265306,-0.057728102046315094,0.01020408163265306,-0.018007199049043646,0.01020408163265306,0.0025032720768849923,0.01020408163265306,0.01020408163265306,0.01020408163265306,0.01020408163265306,0.01020408163265306,0.01020408163265306,-0.02851492681988066,0.01020408163265306,0.01020408163265306,0.01020408163265306,0.01020408163265306,0.01020408163265306,0.01020408163265306,0.01020408163265306,0.01020408163265306,0.01020408163265306,0.01020408163265306,0.01020408163265306,0.01020408163265306,0.01020408163265306,0.024877611802981883,0.01020408163265306,0.01020408163265306,0.01020408163265306,0.01020408163265306,0.01020408163265306,-0.14837177776282434,0.01020408163265306,0.01020408163265306,0.044999015244309784,0.01020408163265306,0.01020408163265306,0.01020408163265306,0.01020408163265306,0.01020408163265306,0.01020408163265306,-0.091041253288859,0.01020408163265306,-0.06065288714256965,0.01020408163265306,0.01020408163265306,0.01020408163265306,0.01020408163265306,0.01020408163265306,0.01020408163265306,0.1950860277639392,0.01020408163265306,0.01020408163265306,0.01020408163265306,0.01020408163265306,0.01020408163265306,0.01020408163265306,0.01020408163265306,0.19141768183021718,0.01020408163265306,0.5129697231093406,0.01020408163265306,-0.11541404636947607
2026-04-15,0.011134605389035324,-0.056010691711780344,0.024275542020210365,-0.09583648890349204,-0.024422163764799686,0.01020408163265306,0.04117184299296132,0.01020408163265306,0.18990097480773518,0.32446671742621824,-0.06580191666133592,0.01020408163265306,0.01020408163265306,0.01020408163265306,-0.2071165397588812,0.01020408163265306,0.01020408163265306,0.01020408163265306,0.01020408163265306,0.019325726065544276,-0.017266704066495546,0.01020408163265306,-0.03730727265754888,0.01020408163265306,-0.13205411624647118,0.01020408163265306,0.01020408163265306,0.01020408163265306,0.01020408163265306,0.026151111425214167,-0.057115064632845366,-0.023597732729788767,0.04251785363970638,0.21469074252943537,0.01020408163265306,0.007342745803145534,0.01020408163265306,-0.08075660887351417,-0.13731914564245243,0.01020408163265306,0.01020408163265306,0.01020408163265306,-0.026071861504675248,0.01020408163265306,-0.02837500844964902,0.01020408163265306,-0.0018894385058795433,-0.08739686133152251,0.01020408163265306,0.01020408163265306,0.01020408163265306,0.006328529664569231,0.01020408163265306,0.01020408163265306,0.01020408163265306,0.01020408163265306,0.01020408163265306,0.01020408163265306,0.01020408163265306,0.02942463817833931,0.045794784937638035,0.01020408163265306,0.0002352989227206951,0.01020408163265306,0.11394630416474184,-0.008891959236603382,-0.2632320520529118,-0.03733214553212142,0.01020408163265306,0.11308640093365764,0.01020408163265306,0.01020408163265306,-0.022854523827294505,0.01020408163265306,0.01020408163265306,0.01020408163265306,-0.05442722701315093,0.01020408163265306,-0.15187448589556174,-0.028907188365835307,0.01020408163265306,0.01020408163265306,0.12746572504320278,0.01020408163265306,-0.03585882800424911,0.1671633217474419,0.01020408163265306,0.01020408163265306,0.01020408163265306,0.01020408163265306,0.01020408163265306,0.01020408163265306,-0.011975935195030223,0.19947513188889843,0.01020408163265306,0.5108613159292152,0.02135903915452187,-0.06283455536556873
2026-04-16,0.014448192460607308,-0.04707803572705813,0.04367191810624203,-0.08855031092598624,-0.0019472376949399937,0.01020408163265306,0.023524448576151165,0.01020408163265306,0.1960432015092496,0.22708671439161784,-0.06258433087170302,-0.002029102976795814,0.01020408163265306,0.01020408163265306,-0.2195612319456691,0.01020408163265306,0.01020408163265306,0.01020408163265306,0.01020408163265306,0.01020408163265306,0.008342259775058456,0.01020408163265306,-0.022977195519973924,0.01020408163265306,-0.1520569175509485,0.01020408163265306,0.01020408163265306,0.01020408163265306,0.01020408163265306,0.01020408163265306,-0.07305647284757814,-0.008856635437943157,0.015052079092877133,0.20613663589584588,0.01020408163265306,-0.008090499435974579,0.01020408163265306,-0.05271455769203447,-0.03837821254173345,0.01020408163265306,0.01020408163265306,0.01020408163265306,-0.011771103293280629,0.01020408163265306,-0.027814092674244173,0.01020408163265306,-0.0008191185114049451,-0.04467796872103139,-0.0345063615127734,0.01020408163265306,0.01020408163265306,0.01020408163265306,0.01020408163265306,0.01020408163265306,0.01020408163265306,0.01020408163265306,0.01020408163265306,0.01020408163265306,0.01020408163265306,0.01020408163265306,0.03976477249434196,0.01020408163265306,0.01020408163265306,0.01020408163265306,0.08459597450729718,-0.008807751330646036,-0.2767522091713991,-0.0068913916838972845,0.01020408163265306,0.08654913462882811,0.01020408163265306,0.01020408163265306,-0.00697202621532521,0.01020408163265306,0.01020408163265306,0.01020408163265306,-0.08542386807371255,0.01020408163265306,-0.1343251330790508,-0.03394016514098506,0.01020408163265306,0.01020408163265306,0.07735886692960407,0.01020408163265306,0.01020408163265306,0.16014260758971138,0.01020408163265306,0.01020408163265306,0.01020408163265306,0.01020408163265306,0.01020408163265306,0.01020408163265306,0.01020408163265306,0.2357204031035723,0.01020408163265306,0.5254349926706597,0.01020408163265306,-0.07492292421679937
2026-04-17,0.03439516947122873,-0.06243301211848977,0.046392649394879734,0.01020408163265306,-0.04726077829569884,0.01020408163265306,0.04938611408165257,0.01020408163265306,0.22220715042033737,0.2228303038734015,-0.09055036543452039,0.006252300837471928,0.01020408163265306,0.0104837928710976,-0.27583176924808595,0.01020408163265306,0.01020408163265306,0.01020408163265306,0.01020408163265306,0.01020408163265306,-0.011280004431136635,0.01020408163265306,-0.07037158909398836,0.01020408163265306,-0.1517108641748134,0.01020408163265306,0.01020408163265306,0.01020408163265306,0.01020408163265306,0.01020408163265306,-0.08074579489351841,-0.035436726958264844,0.040459345119418524,0.26793484317601435,0.01020408163265306,-0.07809333688862777,0.006145466403057237,-0.03580941583457089,-0.039754948304672404,-0.016113712712812138,0.01020408163265306,0.01020408163265306,0.01020408163265306,0.01020408163265306,-0.02437424073246272,0.01020408163265306,-0.008145350054335419,-0.026991573004511174,0.01020408163265306,0.01020408163265306,0.01020408163265306,0.008547888013706048,0.01020408163265306,0.01020408163265306,0.01020408163265306,0.01020408163265306,0.01020408163265306,0.01020408163265306,0.01020408163265306,0.01020408163265306,0.01020408163265306,0.01020408163265306,0.01020408163265306,0.01020408163265306,0.0711674927433859,0.01020408163265306,-0.22537913325608336,-0.053992590313832245,0.01020408163265306,0.1160413039646586,0.01020408163265306,0.01020408163265306,0.01020408163265306,0.024892293094426223,0.01020408163265306,0.01020408163265306,-0.04401138255033439,0.01020408163265306,-0.1413779227005787,-0.011208852742229774,0.01020408163265306,0.0428680140410661,0.01020408163265306,0.01020408163265306,0.01020408163265306,0.1317647671210129,0.01020408163265306,0.01020408163265306,0.01020408163265306,0.01020408163265306,0.01020408163265306,0.01020408163265306,0.01020408163265306,0.1979805508433071,0.01020408163265306,0.49002363941931926,0.01020408163265306,-0.05073645583975163
2026-04-20,0.030978764842237945,-0.05384826415960221,0.04779579749426338,0.01020408163265306,-0.0515386530214587,0.01020408163265306,0.045852737668001096,0.01020408163265306,0.21833894312217703,0.22878086413299742,-0.0883766184457078,-0.0017972787263713045,0.01020408163265306,0.01020408163265306,-0.28217432500560996,0.01020408163265306,0.01020408163265306,0.01020408163265306,0.01020408163265306,0.01020408163265306,-0.007182474862919957,0.01020408163265306,-0.05855692480039727,0.01020408163265306,-0.14743291987282328,0.01020408163265306,0.01020408163265306,0.01020408163265306,0.01020408163265306,0.01020408163265306,-0.08857370112499391,-0.04439067086927442,0.04779871960481946,0.2591551379211921,0.01020408163265306,-0.0779132128177138,0.01020408163265306,-0.050781751722910516,-0.02045253565637202,-0.020157263507622154,0.01020408163265306,0.01020408163265306,0.01020408163265306,0.01020408163265306,-0.013718353850120728,0.01020408163265306,-0.00952717621582177,-0.016739027249258347,0.01020408163265306,0.01020408163265306,0.01020408163265306,0.002901775811506504,0.01020408163265306,0.01020408163265306,0.01020408163265306,0.01020408163265306,0.01020408163265306,0.01020408163265306,0.01020408163265306,0.01020408163265306,0.01020408163265306,0.01020408163265306,0.01020408163265306,0.01020408163265306,0.0704596023467667,0.01020408163265306,-0.2349803761146453,-0.04576515506401884,0.01020408163265306,0.11300291606032745,0.01020408163265306,0.01020408163265306,0.01020408163265306,0.020982570929475114,0.01020408163265306,0.01020408163265306,-0.05268714004388449,0.01020408163265306,-0.15023203981799668,-0.0031009636221376417,0.01020408163265306,0.05135868765283767,0.01020408163265306,0.01020408163265306,0.01020408163265306,0.1376631582541291,0.01020408163265306,0.01020408163265306,0.01020408163265306,0.01020408163265306,0.01020408163265306,0.01020408163265306,0.01020408163265306,0.18689265731785004,0.01020408163265306,0.49983565086463516,0.01020408163265306,-0.0541160554107384
2026-04-21,0.03797731949381031,-0.09103137895093376,0.05334918901635121,0.01020408163265306,-0.04734579713532668,-0.026513588537180062,0.07163457279321103,0.01020408163265306,0.28625712416017807,0.2308077314963049,-0.09257030939201151,0.01020408163265306,0.01020408163265306,0.01020408163265306,-0.27253984249549534,-0.061876504275186206,0.01020408163265306,0.01020408163265306,0.01020408163265306,0.01020408163265306,-0.03255420994156195,0.01020408163265306,-0.10023361987925163,0.01020408163265306,-0.1313746831915642,0.01020408163265306,0.01020408163265306,0.01020408163265306,0.01020408163265306,0.011956381480563938,-0.0422537031815317,-0.00106751764542839,0.04923221379720344,0.247609895357107,0.01020408163265306,-0.1040311511512453,-0.0101392979052913,-0.028719370501697816,-0.04205356328018799,-0.014023746730800141,0.01020408163265306,0.01020408163265306,-0.003638459780908475,0.01020408163265306,-0.09487697402160349,0.01020408163265306,-0.028366945833243826,0.00272283329272813,0.01020408163265306,0.01020408163265306,0.01020408163265306,0.01020408163265306,0.01020408163265306,0.01020408163265306,0.01020408163265306,0.01020408163265306,0.01020408163265306,0.01020408163265306,0.01020408163265306,0.10620123430791159,0.01020408163265306,0.01020408163265306,0.01020408163265306,0.01020408163265306,0.0698546758251273,0.01020408163265306,-0.143471355277091,-0.05095931947660318,0.01020408163265306,0.1125383084769906,0.01020408163265306,-0.015112627267343142,0.01020408163265306,0.02016770992949128,0.01020408163265306,0.01020408163265306,-0.12230018243352082,0.01020408163265306,-0.15654836279701506,-0.02095894441257469,0.01020408163265306,0.0615935870821342,0.09983623997078292,0.01020408163265306,0.01020408163265306,0.13010078348806037,0.01020408163265306,0.01020408163265306,0.01020408163265306,0.01020408163265306,0.01020408163265306,0.01020408163265306,0.01020408163265306,0.17208117392983985,0.01020408163265306,0.5022666274112559,0.01020408163265306,-0.08264655397771949
2026-04-22,0.02220553419996284,-0.07142564334076325,0.04278245816272637,0.01020408163265306,-0.027638967265376783,0.01020408163265306,0.013722595944246171,0.022295861645655043,0.18322610229212768,0.21497046789339372,-0.07896145185320902,-0.004627866666274296,0.01020408163265306,0.01020408163265306,-0.23875815651662677,0.0015554129057679111,0.01020408163265306,0.01020408163265306,0.01020408163265306,0.01020408163265306,0.009139458199026045,0.008864256759875268,-0.059365299271303476,0.01020408163265306,-0.15400482496115825,-0.004528879301318543,0.01020408163265306,0.01020408163265306,0.01020408163265306,0.01020408163265306,-0.05944148225516961,0.01020408163265306,0.01020408163265306,0.16658806691133307,0.01020408163265306,-0.06200763812235123,0.01020408163265306,0.01020408163265306,-0.02648659431680813,0.01020408163265306,0.01020408163265306,0.01020408163265306,0.01020408163265306,0.01020408163265306,0.01020408163265306,0.01020408163265306,-0.029643050438644312,0.01020408163265306,0.01020408163265306,0.01020408163265306,0.01020408163265306,0.01020408163265306,0.01020408163265306,0.01020408163265306,0.01020408163265306,0.01020408163265306,0.01020408163265306,0.01020408163265306,0.01020408163265306,0.028423265588739317,0.01020408163265306,0.01020408163265306,0.01020408163265306,0.01020408163265306,0.01020408163265306,0.01020408163265306,-0.2155799929936853,-0.03393917661822358,0.01020408163265306,0.08174805380880969,0.01020408163265306,0.01020408163265306,0.01020408163265306,0.02822235012943535,0.01020408163265306,0.01020408163265306,-0.1313086511146975,0.01020408163265306,-0.11023298399594059,-0.010705474753242421,0.01020408163265306,0.07027918784997197,0.01020408163265306,0.01020408163265306,0.01020408163265306,0.18383425223302172,0.01020408163265306,0.01020408163265306,0.01020408163265306,0.01020408163265306,0.01020408163265306,0.01020408163265306,0.01020408163265306,0.20372272053703894,0.026375956561436417,0.45803765968187465,0.01020408163265306,-0.07999058874413868
2026-04-23,0.021195032675558237,-0.07074150549233017,0.045153008359288004,0.005538646841687922,-0.021477286139339025,0.01020408163265306,0.015322852947036204,0.022575337244998467,0.18299584936258345,0.19869599520735545,-0.07880297165910724,-0.005083098804040918,0.01020408163265306,0.01020408163265306,-0.22710362433247494,-0.0002053544471428883,0.01020408163265306,0.01020408163265306,0.01020408163265306,0.01020408163265306,0.006278741708623896,0.0009265601229319787,-0.05557808623416752,0.01020408163265306,-0.1554791162372581,0.0037064586358114973,0.01020408163265306,0.01020408163265306,0.01020408163265306,0.01020408163265306,-0.0588415564623979,0.006938904083718842,0.010812491727730043,0.15333558021654792,0.01020408163265306,-0.05727135965534834,0.01020408163265306,0.01020408163265306,-0.025112400665697913,0.01020408163265306,0.01020408163265306,0.01020408163265306,0.01020408163265306,0.01020408163265306,0.01020408163265306,0.01020408163265306,-0.027686922106188727,0.01020408163265306,0.01020408163265306,0.01020408163265306,0.01020408163265306,0.01020408163265306,0.01020408163265306,0.01020408163265306,0.01020408163265306,0.01020408163265306,0.01020408163265306,0.01020408163265306,0.01020408163265306,0.0440475004105033,0.01020408163265306,0.01020408163265306,0.01020408163265306,0.01020408163265306,0.01020408163265306,0.01020408163265306,-0.2144065891380358,-0.0278012950805904,0.01020408163265306,0.07870411588030347,0.01020408163265306,0.01020408163265306,0.01020408163265306,0.03414715779952557,0.01020408163265306,0.01020408163265306,-0.13431071241538659,0.01020408163265306,-0.11693819050473266,-0.010946715585734077,0.01020408163265306,0.07615206883301401,0.01020408163265306,0.01020408163265306,0.01020408163265306,0.1816366011670525,0.01020408163265306,0.01020408163265306,0.01020408163265306,0.01020408163265306,0.01020408163265306,0.01020408163265306,0.01020408163265306,0.1959862814133196,0.025472009229234455,0.46506835376293754,0.01020408163265306,-0.08894357899631956
2026-04-24,0.04916864636359529,0.01020408163265306,0.01020408163265306,-0.012756341352086758,0.01020408163265306,0.01020408163265306,0.01020408163265306,0.01020408163265306,0.01020408163265306,0.01020408163265306,-0.04214909642591418,0.01020408163265306,0.01020408163265306,0.01020408163265306,-0.036295345100024454,0.01020408163265306,0.01020408163265306,0.01020408163265306,0.01020408163265306,0.01020408163265306,-0.01925072388875128,0.01020408163265306,0.01020408163265306,0.01020408163265306,-0.10124298802044636,-0.006156636213176409,0.01020408163265306,0.01020408163265306,0.01020408163265306,0.01020408163265306,-0.06470354777540056,0.01020408163265306,0.01020408163265306,0.01020408163265306,0.01020408163265306,0.01020408163265306,0.01020408163265306,0.01020408163265306,0.008502209267476595,0.01020408163265306,0.01020408163265306,0.01020408163265306,0.01020408163265306,0.01020408163265306,0.01020408163265306,0.01020408163265306,-0.07221799080746484,0.01020408163265306,0.01020408163265306,0.01020408163265306,0.01020408163265306,-0.03008483617828471,0.01020408163265306,0.01020408163265306,0.01020408163265306,0.01020408163265306,0.01020408163265306,0.01020408163265306,0.01020408163265306,0.01020408163265306,0.01020408163265306,0.01020408163265306,0.01020408163265306,0.01020408163265306,0.01020408163265306,0.01020408163265306,-0.11118377994313797,-0.0004440101683548213,0.01020408163265306,0.06527616335279449,0.01020408163265306,0.01020408163265306,0.01020408163265306,0.01020408163265306,0.01020408163265306,0.01020408163265306,-0.018387060239644412,0.01020408163265306,0.0003786366335857931,0.01020408163265306,0.01020408163265306,0.01020408163265306,0.01020408163265306,0.01020408163265306,0.01020408163265306,0.14325501549930708,0.01020408163265306,0.01020408163265306,0.01020408163265306,0.01020408163265306,0.01020408163265306,0.01020408163265306,0.01020408163265306,0.18212116931661226,0.0937246305829123,0.2925388882959542,0.01020408163265306,-0.10580728891383702
2026-04-27,0.020603251355786084,-0.021445724238287285,0.01020408163265306,-0.04509327504386408,-0.014227482656303378,0.01020408163265306,0.017572894269229106,0.01020408163265306,0.23118518280966413,0.21768238486336533,-0.0887304934183611,-0.020068350298445288,0.01020408163265306,0.016919435998791078,-0.19469285866170763,-0.02388381388485805,0.01020408163265306,0.01020408163265306,0.01020408163265306,0.028231700772666228,-0.007385184930758926,0.01020408163265306,0.0027682306475697045,0.01020408163265306,-0.18999928247542375,-0.023446636856996217,0.01020408163265306,0.01020408163265306,0.01020408163265306,0.017823514602654474,-0.08304585890582751,-0.03621526506950108,0.06601840840665346,0.24003027996641704,0.01020408163265306,0.01020408163265306,0.01020408163265306,0.01020408163265306,-0.05578667337951389,0.01020408163265306,0.01020408163265306,0.01020408163265306,0.01020408163265306,0.01020408163265306,-0.012887147041906041,-0.014936443362214806,-0.026261097108753004,-0.1590909374506734,0.01020408163265306,0.01020408163265306,0.01020408163265306,0.01020408163265306,0.01020408163265306,0.01020408163265306,0.01020408163265306,0.01020408163265306,0.01020408163265306,0.01020408163265306,0.01020408163265306,0.01020408163265306,0.05262783919998934,-0.020493458315422874,0.01020408163265306,0.01020408163265306,0.01020408163265306,0.01020408163265306,-0.1587196462307922,-0.09000830639417348,0.01020408163265306,0.09451934257867771,0.01020408163265306,0.01020408163265306,0.01020408163265306,0.01020408163265306,0.01020408163265306,0.01020408163265306,-0.07579428850125634,0.01020408163265306,-0.15584067681718425,-0.010363297817055387,0.01020408163265306,0.08166637257121313,0.01020408163265306,0.01020408163265306,0.01020408163265306,0.13825014229680999,0.17346591520813803,0.01020408163265306,0.01020408163265306,0.01020408163265306,0.01020408163265306,0.01020408163265306,0.01020408163265306,0.17670255371567453,0.01020408163265306,0.4224305274259545,0.01020408163265306,-0.05171443089119822
2026-04-28,0.028805529413118258,0.0013830027327188105,0.01020408163265306,-0.03526435268307935,0.01020408163265306,0.01020408163265306,0.01020408163265306,0.01020408163265306,0.04549354723897693,0.01020408163265306,-0.028607708885932108,-0.004742612685385596,0.01020408163265306,0.03580436119487873,-0.019368623436597385,-0.014863389435892075,0.01020408163265306,0.01020408163265306,0.01020408163265306,0.01020408163265306,-0.016626707502230782,0.0036624346642362225,0.01020408163265306,0.01020408163265306,-0.07716863339332207,-0.027944771962614225,0.01020408163265306,0.01020408163265306,0.01020408163265306,0.01020408163265306,-0.08078029260528688,0.01020408163265306,0.01020408163265306,0.019564842353789514,0.01020408163265306,0.01020408163265306,0.01020408163265306,0.01020408163265306,0.01020408163265306,0.01020408163265306,0.01020408163265306,0.01020408163265306,0.01020408163265306,0.01020408163265306,0.01020408163265306,0.01020408163265306,-0.05913844959882547,0.01020408163265306,0.01020408163265306,0.01020408163265306,0.01020408163265306,0.008862637376392325,0.01020408163265306,0.01020408163265306,0.01020408163265306,0.01020408163265306,0.01020408163265306,0.01020408163265306,0.01020408163265306,0.01020408163265306,0.05798704973078477,0.01020408163265306,0.01020408163265306,0.01020408163265306,0.01020408163265306,0.01020408163265306,-0.12668432679810362,-0.08602058158199336,0.01020408163265306,0.08608783427540864,0.01020408163265306,0.01020408163265306,0.01020408163265306,0.01020408163265306,0.01020408163265306,0.01020408163265306,-0.04753100061278655,0.01020408163265306,-0.10076691128943362,0.01020408163265306,0.01020408163265306,0.01020408163265306,0.01020408163265306,0.0014371496901584777,0.01020408163265306,0.14102061842470998,0.0403816623461396,0.01020408163265306,0.01020408163265306,0.01020408163265306,0.01020408163265306,0.01020408163265306,0.01020408163265306,0.16872054563281697,0.07537822902816534,0.39046809120107057,0.01020408163265306,-0.07342672385229022
2026-04-29,0.030074495754830212,-0.007084760053687097,0.01020408163265306,-0.024303209840288068,0.01020408163265306,0.01020408163265306,0.01020408163265306,0.01020408163265306,0.033841028590264326,0.01020408163265306,-0.03678963015104228,-0.025912842984511297,0.01020408163265306,0.042292073986260184,-0.0008847052001317718,-0.020193723579237016,0.01020408163265306,0.01020408163265306,0.01020408163265306,0.01020408163265306,-0.014057657370668076,-0.00018904138550461698,0.01020408163265306,0.01020408163265306,-0.0835897161268139,-0.020319970574848814,0.01020408163265306,0.01020408163265306,0.01020408163265306,0.01020408163265306,-0.08050507755237622,-0.0010855735106975323,0.01020408163265306,0.022702176262335227,0.01020408163265306,0.01020408163265306,0.01020408163265306,0.01020408163265306,0.01020408163265306,0.01020408163265306,0.01020408163265306,0.01020408163265306,0.01020408163265306,0.01020408163265306,0.01020408163265306,0.01020408163265306,-0.05099947235118739,0.01020408163265306,0.01020408163265306,0.01020408163265306,0.01020408163265306,0.01020408163265306,0.01020408163265306,0.01020408163265306,0.01020408163265306,0.01020408163265306,0.01020408163265306,0.01020408163265306,0.01020408163265306,0.01020408163265306,0.0798628376639693,0.01020408163265306,0.01020408163265306,0.01020408163265306,0.01020408163265306,0.01020408163265306,-0.1074116031806747,-0.08524952760935331,0.01020408163265306,0.09102013860830191,0.01020408163265306,0.01020408163265306,0.01020408163265306,0.01020408163265306,0.01020408163265306,0.01020408163265306,-0.03876791443321237,0.01020408163265306,-0.097421805912205,0.01020408163265306,0.01020408163265306,0.01020408163265306,0.01020408163265306,-0.0015779763016669172,0.01020408163265306,0.1573945960656177,0.03735464720930857,0.01020408163265306,0.0032520064608864757,0.01020408163265306,0.01020408163265306,0.01020408163265306,0.01020408163265306,0.11762671023506581,0.09325527228172412,0.38592960750504124,0.01020408163265306,-0.08193485189325385
2026-04-30,0.02959000427944984,-0.0548458428926559,0.01020408163265306,-0.01821227619285274,-0.00825957247410016,0.01020408163265306,0.023168539400026496,0.01020408163265306,0.23805448711897356,0.24018683583018022,-0.1182719150002944,-0.0707087971065715,0.01020408163265306,0.01020408163265306,-0.18175373884994814,-0.04556395505438862,0.01020408163265306,0.013073404043623699,0.01020408163265306,0.056781003490249844,-0.006412363787111195,0.01020408163265306,0.0013115505611898115,0.01020408163265306,-0.19275993246860504,0.01020408163265306,0.01020408163265306,0.0023336325852882298,0.01020408163265306,0.042482209793309765,-0.0885856198040937,-0.10543421639563451,0.18050146910734743,0.2609880273552906,0.01020408163265306,0.01020408163265306,0.01020408163265306,0.01020408163265306,-0.05155731164559429,0.01020408163265306,0.01020408163265306,0.01020408163265306,0.01020408163265306,0.01020408163265306,-0.012677220481456168,-0.1316592605795297,0.01020408163265306,-0.15775635205338043,0.01020408163265306,0.01020408163265306,0.006418300547460671,0.01020408163265306,0.01020408163265306,0.01020408163265306,0.01020408163265306,0.01020408163265306,0.010661822076027193,0.01020408163265306,0.01020408163265306,0.01020408163265306,0.06663661323860416,-0.0816300343114929,0.01020408163265306,0.01020408163265306,0.011971253996540625,-0.006797490764491701,-0.16296758064879405,-0.06785885841062564,0.01020408163265306,0.08120349737788982,0.01020408163265306,0.01020408163265306,0.01020408163265306,0.05124280984475124,0.01020408163265306,0.01020408163265306,-0.06238601242598492,0.01020408163265306,-0.15637098931625903,0.01020408163265306,0.01020408163265306,0.12265388355703453,0.01020408163265306,0.01020408163265306,0.01020408163265306,0.1495616659130657,0.16778816086794535,0.01631690388889383,-0.03372297170028571,0.01020408163265306,0.01020408163265306,0.01020408163265306,0.01020408163265306,0.14064353709979024,0.01020408163265306,0.42975789759562355,0.01020408163265306,-0.05774744210236506
2026-05-01,0.01020408163265306,-0.04875514306216261,0.01020408163265306,-0.00233416497762773,-0.008253675988465875,0.01020408163265306,0.01020408163265306,0.01020408163265306,0.01020408163265306,0.01020408163265306,-0.04916587682284826,0.01020408163265306,0.01020408163265306,0.01020408163265306,0.01020408163265306,0.01020408163265306,0.01020408163265306,0.01020408163265306,0.01020408163265306,0.01020408163265306,-0.04085752636633333,0.01020408163265306,0.01020408163265306,0.01020408163265306,0.01020408163265306,0.01020408163265306,0.01020408163265306,0.01020408163265306,0.01020408163265306,0.01020408163265306,-0.004098751206389957,0.01020408163265306,0.01020408163265306,0.01020408163265306,0.01020408163265306,0.01020408163265306,0.01020408163265306,0.01020408163265306,0.01020408163265306,0.01020408163265306,0.01020408163265306,0.01020408163265306,0.01020408163265306,0.01020408163265306,0.01020408163265306,0.01020408163265306,-0.08363076483969112,0.01020408163265306,0.01020408163265306,0.01020408163265306,0.01020408163265306,-0.02640135304947335,0.01020408163265306,0.01020408163265306,0.01020408163265306,0.01020408163265306,0.01020408163265306,0.01020408163265306,0.01020408163265306,0.01020408163265306,0.01020408163265306,0.01020408163265306,0.01020408163265306,0.01020408163265306,0.01020408163265306,0.01020408163265306,0.01020408163265306,0.01020408163265306,0.01020408163265306,0.061713865945356876,0.01020408163265306,0.01020408163265306,0.01020408163265306,0.01020408163265306,0.01020408163265306,0.01020408163265306,0.01020408163265306,0.01020408163265306,0.01020408163265306,0.01020408163265306,0.01020408163265306,0.01020408163265306,0.01020408163265306,0.01020408163265306,0.01020408163265306,0.13858631813916739,0.01020408163265306,0.01020408163265306,0.01020408163265306,0.01020408163265306,0.01020408163265306,0.01020408163265306,0.01020408163265306,0.03269287671723124,0.14164076329794892,0.21689918182482068,0.01020408163265306,-0.18517860675439
2026-05-04,0.04534740106181717,-0.11017832746070337,0.01020408163265306,-0.0011081099691181897,-0.03939954962259566,0.01020408163265306,0.06287474981110679,0.01020408163265306,0.3699902552366333,0.20577907649016905,-0.1520650079067752,-0.0020007917820787577,0.15285476549054255,0.01020408163265306,-0.19452082670900778,-0.11495650322831828,0.01020408163265306,0.024614311296581898,0.10833213731130219,0.01020408163265306,0.01020408163265306,0.01020408163265306,-0.06014777374654194,0.01020408163265306,-0.22116960778512912,0.01020408163265306,0.04931363122961045,-0.0753302458890894,0.01020408163265306,0.01020408163265306,-0.016166647122240287,-0.12536227844072204,0.19786510171395608,0.28418223789806474,0.01020408163265306,0.01020408163265306,0.01020408163265306,0.01020408163265306,-0.09197123309637233,0.01020408163265306,0.01020408163265306,-0.014868825415105745,0.003380860017839169,0.01020408163265306,0.01020408163265306,-0.11935385638288105,0.01020408163265306,-0.1435151550711589,0.01020408163265306,-0.012519759631107625,-0.13435161484543573,0.027934843791177798,0.01020408163265306,0.01020408163265306,0.01020408163265306,-0.044699801399179104,0.01020408163265306,-0.0960822216202989,0.01020408163265306,0.07193576392526993,0.010621309447551193,-0.0711644322308202,0.01020408163265306,0.01020408163265306,0.01020408163265306,-0.11758681099136241,-0.12045093624348731,-0.22156018482800435,0.08283045183577421,0.05080959914585244,0.01020408163265306,0.01020408163265306,0.01020408163265306,0.1090240798425318,0.01020408163265306,0.01020408163265306,-0.010679811288634653,0.01020408163265306,-0.13153450438860065,0.01020408163265306,0.01020408163265306,0.0803980245185102,0.05537238805350715,0.01020408163265306,0.01020408163265306,0.06342269893796551,0.3404040709648246,0.1996743521422201,-0.02058311824786685,0.01020408163265306,0.01020408163265306,0.01020408163265306,0.01020408163265306,0.06233367472020686,0.01020408163265306,0.367599387772769,0.01020408163265306,-0.032954992415189205
2026-05-05,0.073403124081702,-0.1521724182228679,-0.009356226526252865,0.01020408163265306,-0.055949988008001605,0.01020408163265306,0.07205594415594047,0.01020408163265306,0.38100088425398443,0.2650602979769921,-0.13220593162897937,0.01020408163265306,0.0574300215405955,0.00512681987303396,-0.2087307549270865,-0.11553475374823292,0.01020408163265306,0.01020408163265306,0.10095677689994102,0.02365126333041945,0.01020408163265306,0.01020408163265306,-0.03678302332575918,0.01020408163265306,-0.31338851730159517,0.01020408163265306,0.01020408163265306,-0.08316916683530029,0.01020408163265306,0.01020408163265306,-0.0022388655368926983,-0.1271858465296088,0.20267850883020558,0.38622899800701405,0.01020408163265306,0.01020408163265306,-0.049793072883168234,0.01020408163265306,-0.02297045292563861,0.01020408163265306,0.01020408163265306,0.0026650175989632744,-0.018761629446142923,0.01020408163265306,0.01020408163265306,-0.003562272422562733,0.01020408163265306,-0.14528130203974307,0.01020408163265306,-0.0774904317041593,-0.10592047056748344,0.08804078820861419,0.01020408163265306,0.01020408163265306,0.01020408163265306,-0.015158209718330583,0.01020408163265306,-0.02446146647500424,0.01020408163265306,0.07592100173341398,0.0518489654146321,-0.10866250708444919,0.01020408163265306,0.01020408163265306,0.01020408163265306,-0.14943965279797328,-0.13621032617113815,-0.2600545888367182,0.07215963374362297,0.04251449150772013,0.01020408163265306,0.01020408163265306,0.01020408163265306,0.01020408163265306,0.01020408163265306,-0.013382877158820807,-0.028562721590702535,0.01020408163265306,-0.1250118506101409,-0.022841965280867446,0.01020408163265306,0.01683675845723861,0.09722062394085099,0.01020408163265306,0.01020408163265306,0.12793230089024477,0.31012623946697765,0.31268725870884867,0.0055502661453428635,0.01020408163265306,0.01020408163265306,0.01020408163265306,0.01020408163265306,0.022414484771418254,0.023050451319600387,0.3326397542879859,0.01020408163265306,-0.05389897667841691
2026-05-06,0.07040216329687306,-0.10577651762781581,0.01020408163265306,0.01020408163265306,-0.06418987549557256,0.01020408163265306,0.057408716428735164,0.01020408163265306,0.28930610295951303,0.2224865887656589,-0.11630494665668882,0.01020408163265306,0.01020408163265306,0.01020408163265306,-0.17858587836936454,-0.0767030467702845,0.01020408163265306,0.017102189570703093,0.01020408163265306,0.01020408163265306,0.01020408163265306,0.01020408163265306,-0.06384876040548881,0.01020408163265306,-0.2376871999351388,0.01020408163265306,0.01020408163265306,-0.0379106956760787,0.01020408163265306,0.01020408163265306,-0.032170153177849235,-0.09248339332185274,0.13834660378834615,0.3491557724533249,0.01020408163265306,0.01020408163265306,0.01020408163265306,0.01020408163265306,-0.024929823337067385,0.01020408163265306,0.01020408163265306,0.01020408163265306,-0.009688285475866186,0.01020408163265306,0.01020408163265306,0.01020408163265306,0.01020408163265306,-0.1307530912112391,0.01020408163265306,-0.022339710239505442,-0.08476151514292284,0.030725699981344036,0.01020408163265306,0.01020408163265306,0.01020408163265306,-0.015370389286957659,0.01020408163265306,0.004064085213466557,0.01020408163265306,0.01020408163265306,0.041174796665771694,-0.018074867354686865,0.01020408163265306,0.01020408163265306,0.01020408163265306,-0.1353347376843353,-0.09513814963493282,-0.22113761294995163,0.06105416919887431,0.0698320620417829,0.01020408163265306,0.01020408163265306,0.01020408163265306,0.01020408163265306,0.01020408163265306,0.01020408163265306,-0.008692081273144915,0.01020408163265306,-0.1351273830215499,-0.01614337299606016,0.01020408163265306,0.01020408163265306,0.01759646531949163,0.01020408163265306,0.01020408163265306,0.12096035586177262,0.24427330494072486,0.181111429384779,-0.00033194684852641543,0.01020408163265306,0.01020408163265306,0.01020408163265306,0.01020408163265306,0.02411440915373872,0.05579388148731098,0.4139231426534594,0.01020408163265306,-0.0363689134360551
2026-05-07,0.059383914192405546,-0.11427956578239173,0.06049232174441895,0.01020408163265306,-0.024986234358144968,0.01020408163265306,0.01020408163265306,0.06824732542105424,0.13699401762911895,0.011662200112750503,-0.1070911377333574,0.01020408163265306,0.01020408163265306,0.03253159115444933,-0.026779638201022506,-0.03434170792458282,0.01020408163265306,0.01020408163265306,0.01020408163265306,0.01020408163265306,-0.0021684465683126045,-0.05534635412497986,-0.08775215105463091,0.01020408163265306,-0.11936252561366832,0.01020408163265306,0.01020408163265306,0.01020408163265306,0.01020408163265306,0.032195163539246785,-0.0446603784200219,0.007989017700570792,0.04169245587919381,0.01020408163265306,0.01020408163265306,0.01020408163265306,0.01020408163265306,0.01020408163265306,0.01020408163265306,0.01020408163265306,0.01020408163265306,0.01020408163265306,0.01020408163265306,0.01020408163265306,0.01020408163265306,0.01020408163265306,-0.03274767251692901,-0.01511859885408019,0.01020408163265306,0.01020408163265306,-5.1141882450774986e-05,0.01020408163265306,0.01020408163265306,0.01020408163265306,0.01020408163265306,-0.01376777293823389,0.01020408163265306,0.01020408163265306,0.01020408163265306,0.01020408163265306,0.08537346743581596,0.01020408163265306,0.01020408163265306,0.01020408163265306,0.01020408163265306,-0.017848353252655616,0.01020408163265306,-0.14888461442594025,0.01020408163265306,0.10728181159079556,0.01020408163265306,0.01020408163265306,0.01020408163265306,0.01020408163265306,0.01020408163265306,0.01020408163265306,0.01020408163265306,0.01020408163265306,-0.07621718173185435,0.01020408163265306,0.01020408163265306,0.01020408163265306,0.01020408163265306,0.01020408163265306,0.01020408163265306,0.02261990293169485,0.07204968426959667,0.031143635216852192,-0.005957681553639007,0.01020408163265306,0.01020408163265306,0.01020408163265306,0.01020408163265306,0.051510341022021705,0.1077438841855063,0.4555589006500272,0.01020408163265306,-0.08976153896311308
2026-05-08,0.045136406712025075,-0.0633859676231933,0.01020408163265306,0.01020408163265306,-0.014029282690533164,0.01020408163265306,0.01020408163265306,0.02238009095849028,0.01020408163265306,0.01020408163265306,-0.08457623749993992,0.01020408163265306,-0.0007871111365891862,0.014083520365495811,0.01020408163265306,0.01020408163265306,0.01020408163265306,0.01020408163265306,0.01020408163265306,0.01020408163265306,0.000459817633555043,-0.0763126043571915,0.01020408163265306,0.01020408163265306,-0.06568390098963789,0.01020408163265306,0.01020408163265306,0.01020408163265306,0.01020408163265306,0.040395841830135476,-0.046887644067225676,0.01020408163265306,0.01020408163265306,0.01020408163265306,0.01020408163265306,0.01020408163265306,0.01020408163265306,0.01020408163265306,0.01020408163265306,0.01020408163265306,0.01020408163265306,0.01020408163265306,0.01020408163265306,0.01020408163265306,0.01020408163265306,0.01020408163265306,-0.09397575098338075,0.01020408163265306,0.01020408163265306,0.01020408163265306,0.01020408163265306,0.01020408163265306,0.01020408163265306,0.01020408163265306,0.01020408163265306,0.01020408163265306,0.01020408163265306,0.01020408163265306,0.01020408163265306,0.01020408163265306,0.06928779207937805,0.01020408163265306,0.01020408163265306,0.01020408163265306,0.01020408163265306,0.01020408163265306,0.01020408163265306,-0.005176143233980881,0.01020408163265306,0.0692315332777534,0.01020408163265306,0.01020408163265306,0.01020408163265306,0.01020408163265306,0.01020408163265306,0.01020408163265306,0.01020408163265306,0.01020408163265306,-0.04067591552352831,0.01020408163265306,0.01020408163265306,0.01020408163265306,0.01020408163265306,0.01020408163265306,0.01020408163265306,0.02419707774993462,0.029623357794010978,0.01020408163265306,0.01020408163265306,0.01020408163265306,0.01020408163265306,0.01020408163265306,0.01020408163265306,0.060709204233313614,0.08781667695210338,0.4178023602450541,0.01020408163265306,-0.15493924417502886
2026-05-11,0.08884122788523274,-0.11870478621032483,0.021521124727373706,0.009931166446237635,-0.030854738714469254,0.01020408163265306,0.01020408163265306,0.1328870874165062,0.12324875778881339,0.07243805304186762,-0.1065837144329946,0.01020408163265306,0.01020408163265306,0.01020408163265306,-0.015335709907398897,-0.07019681408976447,0.01020408163265306,0.01020408163265306,0.01020408163265306,0.01020408163265306,0.01020408163265306,0.002231227337081145,-0.09089793806831188,0.01020408163265306,-0.13396168265657923,-0.03747053940927166,0.01020408163265306,0.01020408163265306,0.01020408163265306,0.04154699389951914,0.005622117515497977,0.01020408163265306,0.0812436994162576,0.01020408163265306,0.01020408163265306,0.01020408163265306,0.00968669601652268,0.01020408163265306,-0.10289186456092336,0.01020408163265306,0.01020408163265306,0.01020408163265306,0.01020408163265306,0.01020408163265306,0.01020408163265306,0.01020408163265306,-0.020806658094566992,0.01020408163265306,0.01020408163265306,0.01020408163265306,-0.05741394229638998,0.01020408163265306,0.01020408163265306,0.01020408163265306,0.01020408163265306,0.01020408163265306,0.01020408163265306,0.01020408163265306,0.01020408163265306,0.019762708102324923,0.04916753159368314,-0.05058995163700644,0.01020408163265306,0.01020408163265306,0.01020408163265306,-0.008632522421248226,0.01020408163265306,-0.1475507971658405,0.01020408163265306,0.11025278885309017,0.01020408163265306,0.01020408163265306,0.01020408163265306,0.01020408163265306,0.01020408163265306,0.01020408163265306,0.01020408163265306,0.04171714462633202,-0.08409390086995,0.009768035009545097,0.01020408163265306,0.01020408163265306,0.01020408163265306,0.01020408163265306,0.01020408163265306,0.01020408163265306,0.157092777951164,0.01020408163265306,-0.05707547812498222,0.01020408163265306,0.01020408163265306,0.01020408163265306,0.01020408163265306,0.039244633395285285,0.13179124824543023,0.40791028447094235,0.01020408163265306,-0.045293244670521246
2026-05-12,0.07198288285320449,-0.08941599400841385,0.02329568997326869,0.00922738232448723,-0.029428245944836534,0.01020408163265306,0.01020408163265306,0.08360617938792174,0.08678997985651173,0.02410912616901005,-0.0893830856714575,0.01020408163265306,0.01020408163265306,0.01020408163265306,0.01020408163265306,-0.03672217909295298,0.01020408163265306,0.01020408163265306,0.01020408163265306,0.01020408163265306,0.01020408163265306,-0.054156939808367624,-0.037450328613146996,0.01020408163265306,-0.14290317056881244,-0.007335399133834875,0.01020408163265306,0.01020408163265306,0.01020408163265306,0.04616028156603926,-0.015911781158706992,0.01020408163265306,0.05147808941677982,0.01020408163265306,0.01020408163265306,0.01020408163265306,0.01020408163265306,0.01020408163265306,-0.03854588557869914,0.01020408163265306,0.01020408163265306,0.01020408163265306,0.01020408163265306,0.01020408163265306,0.01020408163265306,0.01020408163265306,-0.039063762860508965,0.01020408163265306,0.01020408163265306,0.01020408163265306,-0.06596119225768053,0.01020408163265306,0.01020408163265306,0.01020408163265306,0.01020408163265306,0.01020408163265306,0.01020408163265306,0.01020408163265306,0.01020408163265306,0.022410491764946274,0.058681390820460845,0.01020408163265306,0.01020408163265306,0.01020408163265306,0.01020408163265306,0.01020408163265306,0.01020408163265306,-0.13233084924642197,0.01020408163265306,0.10223759056828333,0.01020408163265306,0.01020408163265306,0.01020408163265306,0.01020408163265306,0.01020408163265306,0.01020408163265306,0.01020408163265306,0.06661276995458978,-0.07129811445561479,0.0058201069449620585,0.01020408163265306,0.01020408163265306,0.01020408163265306,0.01020408163265306,0.01020408163265306,0.01020408163265306,0.09467466151986897,0.01020408163265306,-0.03151394517524176,0.01020408163265306,0.01020408163265306,0.01020408163265306,0.01020408163265306,0.01020408163265306,0.10774141914039209,0.43051206624661226,0.01020408163265306,-0.07738862268774367
2026-05-13,0.08453348315867137,-0.12284562936280398,0.04839310567889189,-0.013480203816254475,-0.01688622322325796,0.01020408163265306,0.01029554569610532,0.08475087147246915,0.20273584695144545,0.17475258755300743,-0.12164198368546734,0.01020408163265306,0.01020408163265306,0.01020408163265306,-0.09295483649895775,-0.053434860452984415,0.01020408163265306,0.011215574117359168,0.01020408163265306,0.01020408163265306,0.01020408163265306,-0.02818555465178013,-0.05955478140664468,0.01020408163265306,-0.20433934134674153,-0.02039319980311182,0.01020408163265306,0.01020408163265306,0.01020408163265306,0.03074925357324445,8.163530409113946e-05,0.01020408163265306,0.0986454930954983,0.05343222872202546,0.01020408163265306,0.01020408163265306,0.01020408163265306,0.022127202001634608,-0.16911265237868386,0.01020408163265306,0.01020408163265306,-0.0012822256524267148,0.01020408163265306,0.01020408163265306,0.01020408163265306,0.01020408163265306,-0.02694738852349047,0.01020408163265306,0.01020408163265306,0.01020408163265306,-0.0505602427563909,0.01020408163265306,0.016776248299476416,0.01020408163265306,0.01020408163265306,0.01020408163265306,0.01020408163265306,0.01020408163265306,0.05837870235983639,0.01020408163265306,0.05309189357922682,-0.03535786037115313,0.01020408163265306,0.01020408163265306,0.01020408163265306,-0.03779998345191731,0.01020408163265306,-0.20058621582161745,0.09037674408536209,0.0972151300526919,0.01020408163265306,0.01020408163265306,0.01020408163265306,0.01020408163265306,0.01020408163265306,0.01020408163265306,0.01020408163265306,0.03945979326969873,-0.09802303039996683,-0.00361068117156073,0.01020408163265306,0.01020408163265306,0.01020408163265306,0.01020408163265306,0.01020408163265306,0.01020408163265306,0.2374387161087445,0.01020408163265306,-0.023382698668322252,0.01020408163265306,0.01020408163265306,0.01020408163265306,0.01020408163265306,0.01020408163265306,0.048191061397166675,0.395140094750876,0.01020408163265306,-0.04883018921256098
2026-05-14,0.0591805495332851,-0.06436910033636938,0.01020408163265306,0.01020408163265306,0.0007603844910136527,0.01020408163265306,0.01020408163265306,0.07008243592424851,0.058849250735180436,0.04995546340602191,-0.09952653172006858,0.01020408163265306,0.01020408163265306,0.01020408163265306,0.01020408163265306,-0.07204419543186902,0.01020408163265306,0.01020408163265306,0.01020408163265306,0.01020408163265306,0.00033168840258487355,-0.06204128117606825,-0.030347418534569903,0.01020408163265306,-0.13643822072239103,0.01020408163265306,0.01020408163265306,0.01020408163265306,0.01020408163265306,0.07654418862130963,-0.03124340813377159,0.01020408163265306,0.011604683038669319,0.01020408163265306,0.01020408163265306,0.01020408163265306,0.01020408163265306,0.01020408163265306,-0.015362386129314681,0.01020408163265306,0.01020408163265306,0.01020408163265306,0.01020408163265306,0.01020408163265306,0.01020408163265306,0.01020408163265306,-0.045610974055201516,0.01020408163265306,0.01020408163265306,0.01020408163265306,-0.007713560976421037,-0.001354649161288645,0.01020408163265306,0.01020408163265306,0.01020408163265306,0.01020408163265306,0.01020408163265306,0.01020408163265306,0.01020408163265306,0.01020408163265306,0.03252166164335436,0.01020408163265306,0.01020408163265306,0.01020408163265306,0.01020408163265306,0.00413879838517943,0.01020408163265306,-0.0138063238468495,0.012557604271665008,0.10269028610815255,0.01020408163265306,0.01020408163265306,0.01020408163265306,0.01020408163265306,0.01020408163265306,0.01020408163265306,0.01020408163265306,0.11202574923596374,-0.09546823035612571,-0.037983569987313164,0.01020408163265306,0.01020408163265306,0.01020408163265306,0.01020408163265306,0.01020408163265306,0.01020408163265306,0.06920276142118263,0.01020408163265306,-0.021785911195916746,0.01020408163265306,0.01020408163265306,0.01020408163265306,0.01020408163265306,0.01020408163265306,0.10084887141062006,0.4431815634845819,0.01020408163265306,-0.14284956610457655
2026-05-15,0.08063285828270707,-0.07624677318239388,0.01020408163265306,0.01020408163265306,0.01020408163265306,0.01020408163265306,0.01020408163265306,0.10200952216986155,0.044187426228627924,0.028566539970782567,-0.09589187776536975,0.01020408163265306,0.01020408163265306,0.01020408163265306,0.01020408163265306,-0.05086669149491137,0.01020408163265306,0.01020408163265306,0.01020408163265306,0.01020408163265306,0.00638212899445819,-0.033345299757148214,-0.026783116341038332,0.01020408163265306,-0.15836780085418312,0.01020408163265306,0.01020408163265306,-0.00859245293875941,0.01020408163265306,0.03631722448497454,-0.03183385832741036,0.01020408163265306,0.01020408163265306,0.01020408163265306,0.01020408163265306,0.01020408163265306,0.01020408163265306,0.01020408163265306,0.01020408163265306,0.01020408163265306,0.01020408163265306,0.01020408163265306,0.01020408163265306,0.01020408163265306,0.01020408163265306,0.01020408163265306,-0.12086273895603879,0.01020408163265306,-0.021513051563429107,0.01020408163265306,0.01020408163265306,0.01020408163265306,0.01020408163265306,0.01020408163265306,0.01020408163265306,0.01020408163265306,0.01020408163265306,0.01020408163265306,0.01020408163265306,0.01020408163265306,0.01020408163265306,0.01020408163265306,0.01020408163265306,0.01020408163265306,0.01020408163265306,0.01020408163265306,0.01020408163265306,0.01020408163265306,0.05860608472041366,0.08775481391504518,0.01020408163265306,0.01020408163265306,0.01020408163265306,0.01020408163265306,0.01020408163265306,0.01020408163265306,0.01020408163265306,0.05446490546536147,-0.10537420344082023,-0.014189980173932483,0.01020408163265306,0.01020408163265306,0.01020408163265306,0.01020408163265306,0.01020408163265306,0.01020408163265306,0.05869015082938261,0.01020408163265306,-0.03526871965802948,0.01020408163265306,0.01020408163265306,0.01020408163265306,0.01020408163265306,0.01020408163265306,0.14242734050610412,0.43787980206573085,0.01020408163265306,-0.0934761107310056
2026-05-18,0.086643886424821,-0.10876169928056281,0.01020408163265306,0.01020408163265306,0.01020408163265306,0.01020408163265306,0.0017805544044242338,0.07348624743322352,0.10036801980775929,0.1432398860137715,-0.11863290903429395,0.01020408163265306,0.01020408163265306,0.016470209197347478,0.0013874424306433847,-0.02555451163933345,0.01020408163265306,0.01020408163265306,0.01020408163265306,0.01020408163265306,0.01020408163265306,-0.037235917543165804,-0.043289762490343116,-0.022442007896513794,-0.2129172912633813,0.01020408163265306,0.011378733548432924,0.0007902913946122338,0.01020408163265306,0.048792395770055445,-0.013038411446378214,0.01020408163265306,0.046523683494399164,0.01020408163265306,0.01020408163265306,0.01020408163265306,0.01020408163265306,0.11350388315026395,-0.12873733833462056,0.01020408163265306,0.01020408163265306,-0.011823956740648884,-0.0011115799107032382,0.01020408163265306,0.01020408163265306,-0.10002717570647673,-0.046991905390259055,-0.03019446465312379,0.01020408163265306,0.01020408163265306,0.01020408163265306,0.01020408163265306,0.01020408163265306,0.01020408163265306,0.01020408163265306,0.01020408163265306,0.01020408163265306,0.01020408163265306,0.01020408163265306,0.01020408163265306,0.021563887535729034,0.006545266057060403,0.01020408163265306,0.01020408163265306,0.01020408163265306,-0.051368934613553074,0.01020408163265306,-0.03390193960744618,0.12801482652652033,0.09150544083377385,0.01020408163265306,0.01020408163265306,0.01020408163265306,0.01020408163265306,0.036670657396506955,0.01020408163265306,0.01020408163265306,0.0383536444518306,-0.11797336946835164,-0.042903051442515806,0.01020408163265306,0.0441083190218752,0.01020408163265306,0.01020408163265306,0.01020408163265306,0.01020408163265306,0.18478655799700566,0.01020408163265306,-0.08053851907553612,0.01020408163265306,0.01020408163265306,0.01020408163265306,0.01020408163265306,0.01020408163265306,0.14292273632879599,0.3998111520977779,0.01020408163265306,-0.08263154720799394
2026-05-19,0.07332328059074009,-0.05710088127286089,0.01020408163265306,0.01020408163265306,0.01020408163265306,0.01020408163265306,0.01020408163265306,0.01020408163265306,0.01020408163265306,0.01020408163265306,-0.0822986654897558,0.01020408163265306,0.01020408163265306,0.01020408163265306,0.01020408163265306,0.01020408163265306,0.01020408163265306,0.01020408163265306,0.01020408163265306,0.01020408163265306,0.01020408163265306,-0.06466879297255218,0.01020408163265306,0.01020408163265306,-0.09386934889276835,0.01020408163265306,0.01020408163265306,0.01020408163265306,0.01020408163265306,0.029815328492926146,-0.04355392844088555,0.01020408163265306,0.01020408163265306,0.01020408163265306,0.01020408163265306,0.01020408163265306,0.01020408163265306,0.01020408163265306,0.01020408163265306,0.01020408163265306,0.01020408163265306,0.01020408163265306,0.01020408163265306,0.01020408163265306,0.01020408163265306,0.01020408163265306,-0.14546218469652256,0.01020408163265306,0.01020408163265306,0.01020408163265306,0.01020408163265306,0.009940347597782976,0.01020408163265306,0.01020408163265306,0.01020408163265306,0.01020408163265306,0.01020408163265306,0.01020408163265306,0.01020408163265306,0.01020408163265306,0.029254896007334837,0.01020408163265306,0.01020408163265306,0.01020408163265306,0.01020408163265306,0.01020408163265306,0.01020408163265306,0.01020408163265306,0.01020408163265306,0.09480023989771318,0.01020408163265306,0.01020408163265306,0.01020408163265306,0.01020408163265306,0.01020408163265306,0.01020408163265306,0.01020408163265306,0.01020408163265306,-0.06950022915688239,0.01020408163265306,0.01020408163265306,0.01020408163265306,0.01020408163265306,0.01020408163265306,0.01020408163265306,0.01020408163265306,0.01020408163265306,0.01020408163265306,0.01020408163265306,0.01020408163265306,0.01020408163265306,0.01020408163265306,0.01020408163265306,0.08808360023645016,0.15860539277446903,0.34873379697430307,0.01020408163265306,-0.11283754552704274
2026-05-20,0.09368038530968974,-0.07713537697290873,0.01020408163265306,0.01020408163265306,0.01020408163265306,0.01020408163265306,0.01020408163265306,0.0375700025160254,0.01020408163265306,0.025999356936259495,-0.08647982847297442,0.01020408163265306,0.01020408163265306,0.01020408163265306,0.01020408163265306,0.01020408163265306,0.01020408163265306,0.01020408163265306,0.01020408163265306,0.01020408163265306,0.00636986075639759,-0.07266761132373725,0.01020408163265306,0.01020408163265306,-0.14348162741395293,0.01020408163265306,0.01020408163265306,0.01020408163265306,0.01020408163265306,0.03734552823992891,-0.05034956429678055,0.01020408163265306,0.01020408163265306,0.01020408163265306,0.01020408163265306,-0.015429047714812858,0.01020408163265306,0.01020408163265306,0.01020408163265306,0.01020408163265306,0.01020408163265306,0.01020408163265306,0.01020408163265306,0.01020408163265306,0.01020408163265306,0.01020408163265306,-0.12644360713652042,0.01020408163265306,0.006542828999994453,0.01020408163265306,0.01020408163265306,0.01020408163265306,0.01020408163265306,0.01020408163265306,0.01020408163265306,0.01020408163265306,0.01020408163265306,0.01020408163265306,0.01020408163265306,0.01020408163265306,0.05110360923763892,0.01020408163265306,0.01020408163265306,0.01020408163265306,0.01020408163265306,0.01020408163265306,0.01020408163265306,0.01020408163265306,0.01020408163265306,0.11391610650755053,0.01020408163265306,0.01020408163265306,0.01020408163265306,0.01020408163265306,0.01020408163265306,0.01020408163265306,0.01020408163265306,0.01020408163265306,-0.09447892779998204,0.007670507945342413,0.01020408163265306,0.01020408163265306,0.01020408163265306,0.01020408163265306,0.01020408163265306,0.01020408163265306,0.01020408163265306,0.01020408163265306,0.006439887802059701,0.01020408163265306,0.01020408163265306,0.01020408163265306,0.01020408163265306,0.0869468830342262,0.15321434533265155,0.3637735851478786,0.01020408163265306,-0.099617500715607
2026-05-21,0.0910537907406756,-0.07224808649506678,0.01020408163265306,0.01020408163265306,0.01020408163265306,0.01020408163265306,0.01020408163265306,0.02985641495546812,0.01020408163265306,0.025925434006368632,-0.08838742814785523,0.01020408163265306,0.01020408163265306,0.01020408163265306,0.01020408163265306,0.01020408163265306,0.01020408163265306,0.01020408163265306,0.01020408163265306,0.01020408163265306,0.005946074138763835,-0.06812635255135054,0.01020408163265306,0.01020408163265306,-0.16642435190696656,0.01020408163265306,0.01020408163265306,0.01020408163265306,0.01020408163265306,0.0354205634156539,-0.04996745575569395,0.01020408163265306,0.01020408163265306,0.01020408163265306,0.01020408163265306,-3.5902457338442273e-06,0.01020408163265306,0.01020408163265306,0.01020408163265306,0.01020408163265306,0.01020408163265306,0.009309965508936424,0.01020408163265306,0.01020408163265306,0.01020408163265306,0.01020408163265306,-0.12133358071266019,0.01020408163265306,-0.013456144296255168,0.01020408163265306,0.01020408163265306,0.01020408163265306,0.01020408163265306,0.01020408163265306,0.01020408163265306,-0.004094613603899736,0.01020408163265306,0.01020408163265306,0.01020408163265306,0.01020408163265306,0.058812367275625194,0.01020408163265306,0.01020408163265306,0.01020408163265306,0.01020408163265306,0.01020408163265306,0.01020408163265306,0.01020408163265306,0.01020408163265306,0.12220679513066496,0.01020408163265306,0.01020408163265306,0.01020408163265306,0.01020408163265306,0.01020408163265306,0.01020408163265306,0.01020408163265306,0.01020408163265306,-0.09684738046793089,0.0035784268434334403,0.01020408163265306,0.01020408163265306,0.01020408163265306,0.01020408163265306,0.01020408163265306,0.01020408163265306,0.013665443177121202,0.01020408163265306,0.01020408163265306,0.01020408163265306,0.01020408163265306,0.01020408163265306,0.01020408163265306,0.05376775335331683,0.17141597222215396,0.38599266229262635,0.01020408163265306,-0.08116471969372203
2026-05-22,0.09160129061900192,-0.086546197434993,0.01020408163265306,0.01020408163265306,0.01020408163265306,0.01020408163265306,0.01020408163265306,0.03653782083372803,0.01020408163265306,0.01020408163265306,-0.07830733926441831,0.01020408163265306,0.01020408163265306,0.01020408163265306,0.01020408163265306,0.01020408163265306,0.01020408163265306,0.01020408163265306,0.01020408163265306,0.01020408163265306,0.003691226564713237,-0.05988706412031085,0.01020408163265306,0.01020408163265306,-0.18324283777012026,0.01020408163265306,0.01020408163265306,0.01020408163265306,0.01020408163265306,0.034568702744998736,-0.03914378126547799,0.01020408163265306,0.01020408163265306,0.01020408163265306,0.01020408163265306,-0.008761852644939271,0.01020408163265306,0.01020408163265306,0.01020408163265306,0.01020408163265306,0.01020408163265306,0.005377450682251962,0.01020408163265306,0.01020408163265306,0.01020408163265306,0.01020408163265306,-0.11926239506405904,0.01020408163265306,0.0008216245213391194,0.01020408163265306,0.01020408163265306,0.01020408163265306,0.01020408163265306,0.01020408163265306,0.01020408163265306,-0.0009466788402884806,0.01020408163265306,0.01020408163265306,0.01020408163265306,0.01020408163265306,0.05829447137802053,0.01020408163265306,0.01020408163265306,0.01020408163265306,0.01020408163265306,0.01020408163265306,0.01020408163265306,0.01020408163265306,0.01020408163265306,0.11912322265745619,0.01020408163265306,0.01020408163265306,0.01020408163265306,0.01020408163265306,0.01020408163265306,0.01020408163265306,0.01020408163265306,0.01020408163265306,-0.0980143028674382,0.009242143327193789,0.01020408163265306,0.01020408163265306,0.01020408163265306,0.01020408163265306,0.01020408163265306,0.01020408163265306,0.01614548651296698,0.01020408163265306,-0.003897473777701478,0.01020408163265306,0.01020408163265306,0.01020408163265306,0.01020408163265306,0.07185922475572051,0.19167281325948674,0.3591431703740525,0.01020408163265306,-0.07517076599750995
2026-05-26,0.0740052587655117,-0.10521103315717367,0.01020408163265306,0.01020408163265306,0.01020408163265306,0.01020408163265306,0.01020408163265306,0.10263291451190136,0.01020408163265306,0.04396542461796633,-0.08831479174831436,0.01020408163265306,0.01020408163265306,0.01020408163265306,0.01020408163265306,0.01020408163265306,0.01020408163265306,0.01020408163265306,0.01020408163265306,0.01020408163265306,0.004227874068084837,-0.06209271848384712,-0.019581470133670002,0.01020408163265306,-0.21854588533741845,0.01020408163265306,0.01020408163265306,0.01020408163265306,0.01020408163265306,0.06763690076170206,-0.04419997931332608,0.01020408163265306,0.01020408163265306,0.01020408163265306,0.01020408163265306,0.01020408163265306,0.01020408163265306,0.01020408163265306,0.01020408163265306,0.01020408163265306,0.01020408163265306,-0.06369744040927044,0.01020408163265306,0.01020408163265306,0.01020408163265306,0.01020408163265306,-0.07441603766165039,0.01020408163265306,0.01020408163265306,0.01020408163265306,0.01020408163265306,0.01020408163265306,0.01020408163265306,0.01020408163265306,-0.029666162776273167,0.01020408163265306,0.01020408163265306,0.01020408163265306,0.01020408163265306,0.01020408163265306,0.07973167083110537,0.01020408163265306,0.01020408163265306,0.01020408163265306,0.01020408163265306,0.01020408163265306,-0.06193825357893305,0.01020408163265306,0.02652579704344348,0.11297729448535518,0.01020408163265306,0.01020408163265306,0.01020408163265306,0.01020408163265306,0.01020408163265306,0.01020408163265306,0.01020408163265306,0.01020408163265306,-0.07660342745995535,0.01020408163265306,0.01020408163265306,0.07370387209917764,0.01020408163265306,0.01020408163265306,0.01020408163265306,0.01020408163265306,0.060489184442241994,0.01020408163265306,-0.05879237123995176,0.01020408163265306,0.01020408163265306,0.01020408163265306,0.01020408163265306,0.0677618833584938,0.23819403549558837,0.2686874537700366,0.01020408163265306,-0.05217387050184537
2026-05-27,0.07657824681879244,-0.1104836366098983,0.003010970057361933,0.01020408163265306,0.01020408163265306,0.01020408163265306,0.01020408163265306,0.11147832913659869,0.03840469833607756,0.06917602997851119,-0.1021208084336849,0.01020408163265306,0.01020408163265306,0.01020408163265306,0.01020408163265306,0.01020408163265306,0.01020408163265306,0.025494615567303498,0.01020408163265306,0.01020408163265306,0.006821286267655141,-0.07507485637981505,-0.028192309319034617,0.01020408163265306,-0.22873895110102926,0.01020408163265306,0.01020408163265306,0.01020408163265306,0.01020408163265306,0.07425650708829985,-0.026935157389194622,0.01020408163265306,0.02084296056480992,0.01020408163265306,0.01020408163265306,0.01020408163265306,0.01020408163265306,0.01020408163265306,0.01020408163265306,0.01020408163265306,0.01020408163265306,-0.11719948026425268,0.01020408163265306,0.01020408163265306,0.01020408163265306,0.01020408163265306,-0.05886188252934703,0.01020408163265306,0.01020408163265306,0.01020408163265306,-0.016619583949689952,0.01020408163265306,0.01020408163265306,0.01020408163265306,-0.04619196749385117,0.01020408163265306,0.019425978653183393,0.01020408163265306,0.01020408163265306,0.01020408163265306,0.08827485324294368,0.01020408163265306,0.01020408163265306,0.01020408163265306,0.01020408163265306,0.01020408163265306,-0.08049205983837561,0.01020408163265306,0.047816819308348336,0.12537163830176473,0.01020408163265306,0.01020408163265306,0.01020408163265306,0.01020408163265306,0.01020408163265306,0.01020408163265306,0.01020408163265306,0.01020408163265306,-0.08455208241448642,0.01020408163265306,0.01020408163265306,0.11865213584652877,0.01020408163265306,0.01020408163265306,0.01020408163265306,0.01020408163265306,0.021059652938201074,0.01020408163265306,-0.0965168077111851,0.01020408163265306,0.01020408163265306,0.01020408163265306,0.01020408163265306,0.08213631046053531,0.2638458662110498,0.2479755351298721,0.01020408163265306,-0.04211223822909484
2026-05-28,0.037442684322176505,-0.05494233317898163,0.01020408163265306,0.01020408163265306,0.01020408163265306,0.01020408163265306,0.01020408163265306,0.01020408163265306,0.01020408163265306,0.01020408163265306,-0.0645429338205241,0.01020408163265306,0.01020408163265306,0.01020408163265306,0.01020408163265306,0.01020408163265306,0.01020408163265306,0.01020408163265306,0.01020408163265306,0.01020408163265306,0.004957663060721036,-0.07934530129915372,0.01020408163265306,0.01020408163265306,-0.10097141264117632,0.01020408163265306,0.01020408163265306,0.01020408163265306,0.01020408163265306,0.05317476856828254,-0.04509564310531708,0.01020408163265306,0.01020408163265306,0.01020408163265306,0.01020408163265306,0.01020408163265306,0.01020408163265306,0.01020408163265306,0.01020408163265306,0.01020408163265306,0.01020408163265306,0.01020408163265306,0.01020408163265306,0.01020408163265306,0.01020408163265306,0.01020408163265306,-0.14846946637151143,0.01020408163265306,0.01020408163265306,0.01020408163265306,0.01020408163265306,0.01020408163265306,0.01020408163265306,0.01020408163265306,0.01020408163265306,0.01020408163265306,0.01020408163265306,0.01020408163265306,0.01020408163265306,0.01020408163265306,0.05010235478327816,0.01020408163265306,0.01020408163265306,0.01020408163265306,0.01020408163265306,0.01020408163265306,0.01020408163265306,0.01020408163265306,0.01020408163265306,0.0947273059383542,0.01020408163265306,0.01020408163265306,0.01020408163265306,0.01020408163265306,0.01020408163265306,0.01020408163265306,0.01020408163265306,0.01020408163265306,-0.05861783034272719,0.01020408163265306,0.01020408163265306,0.01020408163265306,0.01020408163265306,0.01020408163265306,0.01020408163265306,0.01020408163265306,0.05049537448426523,0.01020408163265306,0.01020408163265306,0.01020408163265306,0.01020408163265306,0.01020408163265306,0.01020408163265306,0.04692587030421261,0.18635419666295708,0.30226788894725376,0.01020408163265306,-0.10099379855700762
2026-05-29,0.03548109387391677,-0.05498405199417267,0.01020408163265306,0.01020408163265306,0.01020408163265306,0.01020408163265306,0.01020408163265306,0.01020408163265306,0.01020408163265306,0.01020408163265306,-0.06362475376354158,0.01020408163265306,0.01020408163265306,0.01020408163265306,0.01020408163265306,0.01020408163265306,0.01020408163265306,0.01020408163265306,0.01020408163265306,0.01020408163265306,0.005588737215930605,-0.08378733796802142,0.01020408163265306,0.01020408163265306,-0.09470875304923013,0.01020408163265306,0.01020408163265306,0.01020408163265306,0.01020408163265306,0.06085624666268196,-0.047636955944662926,0.01020408163265306,0.01020408163265306,0.01020408163265306,0.01020408163265306,0.01020408163265306,0.01020408163265306,0.01020408163265306,0.01020408163265306,0.01020408163265306,0.01020408163265306,0.01020408163265306,0.01020408163265306,0.01020408163265306,0.01020408163265306,0.01020408163265306,-0.14819935539156642,0.01020408163265306,0.01020408163265306,0.01020408163265306,0.01020408163265306,0.01020408163265306,0.01020408163265306,0.01020408163265306,0.01020408163265306,0.01020408163265306,0.01020408163265306,0.01020408163265306,0.01020408163265306,0.01020408163265306,0.05565685037967233,0.01020408163265306,0.01020408163265306,0.01020408163265306,0.01020408163265306,0.01020408163265306,0.01020408163265306,0.01020408163265306,0.01020408163265306,0.08884472984372094,0.01020408163265306,0.01020408163265306,0.01020408163265306,0.01020408163265306,0.01020408163265306,0.01020408163265306,0.01020408163265306,0.01020408163265306,-0.05689109544045795,0.01020408163265306,0.01020408163265306,0.01020408163265306,0.01020408163265306,0.01020408163265306,0.01020408163265306,0.01020408163265306,0.06734077973008315,0.01020408163265306,0.01020408163265306,0.01020408163265306,0.01020408163265306,0.01020408163265306,0.01020408163265306,0.04119749706316896,0.1711788429960742,0.2995784301607205,0.01020408163265306,-0.10242151661921421
2026-06-01,0.05713256144678121,-0.07766571610084623,-0.00948206119751859,0.01020408163265306,0.01020408163265306,0.01020408163265306,0.01020408163265306,0.09299035210946416,0.01020408163265306,0.05055075918007025,-0.0769046805677903,0.01020408163265306,0.007885221199256658,0.01020408163265306,0.01020408163265306,0.01020408163265306,0.01020408163265306,0.01020408163265306,0.01020408163265306,0.01020408163265306,-0.0026170492664832155,-0.06744000919578501,-0.030123458506069907,0.01020408163265306,-0.1695538738491009,0.005131958475239576,0.01020408163265306,0.01020408163265306,0.01020408163265306,0.07822799851772344,-0.04893876978482859,0.01020408163265306,0.01020408163265306,0.01020408163265306,0.01020408163265306,0.004426543838036362,0.01020408163265306,0.01020408163265306,0.01020408163265306,0.01020408163265306,-0.01347306725603868,-0.019502957615712885,0.01020408163265306,0.01020408163265306,0.01020408163265306,0.01020408163265306,-0.08543916743198543,0.01020408163265306,0.01020408163265306,0.01020408163265306,0.01020408163265306,0.01020408163265306,0.01020408163265306,0.01020408163265306,-0.03294849841399195,0.01020408163265306,0.01020408163265306,0.01020408163265306,0.01020408163265306,0.01020408163265306,0.08121295631190432,0.01020408163265306,0.01020408163265306,0.01020408163265306,0.01020408163265306,0.01020408163265306,-0.07887172314345167,0.01020408163265306,0.017294993363106668,0.11663970991611375,0.01020408163265306,0.01020408163265306,0.01020408163265306,0.01020408163265306,0.01020408163265306,0.01020408163265306,0.01020408163265306,0.01020408163265306,-0.08677291582181973,0.01020408163265306,0.01020408163265306,0.08921888890065233,0.01020408163265306,0.01020408163265306,0.01020408163265306,0.01020408163265306,0.04662706521437043,0.01020408163265306,-0.02731371038843059,0.01020408163265306,0.01020408163265306,0.01020408163265306,0.01020408163265306,0.0490832352384966,0.2197258192252273,0.29263408065876545,0.01020408163265306,-0.06540795444310994
2026-06-02,0.026343042252877542,-0.048249253996193044,0.01020408163265306,0.01020408163265306,0.01020408163265306,0.01020408163265306,0.01020408163265306,0.01020408163265306,0.01020408163265306,0.01020408163265306,-0.06589722390666505,0.01020408163265306,0.01020408163265306,0.01020408163265306,0.01020408163265306,0.01020408163265306,0.01020408163265306,0.01020408163265306,0.01020408163265306,0.01020408163265306,0.00978802423190097,-0.0644350134730149,0.01020408163265306,0.01020408163265306,-0.11270325229601949,0.01020408163265306,0.01020408163265306,0.01020408163265306,0.01020408163265306,0.05734767787880899,-0.05364082187141696,0.01020408163265306,0.01020408163265306,0.01020408163265306,0.01020408163265306,0.01020408163265306,0.01020408163265306,0.01020408163265306,0.01020408163265306,0.01020408163265306,0.01020408163265306,0.01020408163265306,0.01020408163265306,0.01020408163265306,0.01020408163265306,0.01020408163265306,-0.15580582948508762,0.01020408163265306,0.01020408163265306,0.01020408163265306,0.01020408163265306,0.01020408163265306,0.01020408163265306,0.01020408163265306,0.01020408163265306,0.01020408163265306,0.01020408163265306,0.01020408163265306,0.01020408163265306,0.01020408163265306,0.05890750266912338,0.01020408163265306,0.01020408163265306,0.01020408163265306,0.01020408163265306,0.01020408163265306,0.01020408163265306,0.01020408163265306,0.01020408163265306,0.08036632750242234,0.01020408163265306,0.01020408163265306,0.01020408163265306,0.01020408163265306,0.01020408163265306,0.01020408163265306,0.01020408163265306,0.01020408163265306,-0.06390219731772077,0.01020408163265306,0.01020408163265306,0.01020408163265306,0.01020408163265306,0.01020408163265306,0.01020408163265306,0.01020408163265306,0.03708886759926909,0.01020408163265306,0.01020408163265306,0.01020408163265306,0.01020408163265306,0.01020408163265306,0.01020408163265306,0.021018858488674422,0.18856431339635613,0.3489572503022904,0.01020408163265306,-0.09027888422050338
2026-06-03,0.01020408163265306,-0.0579825213326418,0.01020408163265306,0.01020408163265306,0.01020408163265306,0.01020408163265306,0.01020408163265306,0.09489114769648355,0.01020408163265306,0.07800004271513912,-0.08032679360212516,0.01020408163265306,-0.015517779960842361,0.01020408163265306,0.01020408163265306,0.01020408163265306,0.01020408163265306,0.01020408163265306,0.01020408163265306,0.01020408163265306,-0.0010391278404501738,-0.04826257781728806,-0.013609878503688758,0.01020408163265306,-0.182915261957851,-0.017437664186876818,0.01020408163265306,0.01020408163265306,0.01020408163265306,0.08470660270048139,-0.06253322664339088,0.01020408163265306,0.01020408163265306,0.01020408163265306,0.01020408163265306,0.01020408163265306,0.01020408163265306,0.01020408163265306,0.01020408163265306,0.01020408163265306,0.00353741275797229,-0.05645950193114033,0.01020408163265306,0.01020408163265306,0.01020408163265306,0.01020408163265306,-0.09060581568556846,0.01020408163265306,0.01020408163265306,0.01020408163265306,0.01020408163265306,0.002100434954551429,0.01020408163265306,0.01020408163265306,-0.0047431003143846295,0.01020408163265306,0.027646506023576482,0.01020408163265306,0.01020408163265306,0.01020408163265306,0.09842057014422956,0.01020408163265306,0.01020408163265306,0.01020408163265306,0.01020408163265306,0.01020408163265306,-0.08444696856536742,0.01020408163265306,0.016613462945297544,0.09371866852908473,0.01020408163265306,0.01020408163265306,0.01020408163265306,0.01020408163265306,0.015634328293770913,0.01020408163265306,0.01020408163265306,0.01020408163265306,-0.08156919161364519,0.01020408163265306,0.01020408163265306,0.07313197478845115,0.01020408163265306,0.01020408163265306,0.01020408163265306,0.01020408163265306,0.03999502632641261,0.01020408163265306,-0.02650251077068832,0.01020408163265306,0.01020408163265306,0.01020408163265306,0.01020408163265306,0.010593073850691992,0.24670813666041355,0.30221135822363826,0.01020408163265306,-0.04763029527200026
2026-06-04,0.01020408163265306,-0.056927947863643136,0.01020408163265306,0.01020408163265306,0.01020408163265306,0.01020408163265306,0.01020408163265306,0.08627198243986055,0.012462986925654094,0.07729125554216183,-0.06339378924344145,0.01020408163265306,-0.006837165851443993,0.01020408163265306,0.01020408163265306,0.01020408163265306,0.01020408163265306,0.01020408163265306,0.01020408163265306,0.01020408163265306,-0.0031534601336122587,-0.05647030717072131,0.01020408163265306,0.01020408163265306,-0.19012248373772736,-0.018774688421707653,0.01020408163265306,0.01020408163265306,0.01020408163265306,0.08602490080636228,-0.06652909133339113,0.01020408163265306,0.01020408163265306,0.01020408163265306,0.01020408163265306,0.01020408163265306,0.01020408163265306,0.01020408163265306,0.01020408163265306,0.01020408163265306,0.0008510568360176815,-0.07191270226919687,0.01020408163265306,0.01020408163265306,0.01020408163265306,0.01020408163265306,-0.09448620199800614,0.01020408163265306,0.01020408163265306,0.01020408163265306,0.008659442649844563,0.007106448237658943,0.01020408163265306,0.01020408163265306,-0.024194304409125976,0.01020408163265306,0.01020408163265306,0.01020408163265306,0.01020408163265306,0.01020408163265306,0.09568216726129998,0.01020408163265306,0.01020408163265306,0.01020408163265306,0.01020408163265306,0.01020408163265306,-0.053502506188158175,0.01020408163265306,0.0204115407968268,0.08845500079057828,0.01020408163265306,0.01020408163265306,0.01020408163265306,0.01020408163265306,0.01020408163265306,0.01020408163265306,0.01020408163265306,0.01020408163265306,-0.0778393199457778,0.01020408163265306,0.01020408163265306,0.054215644591170196,0.01020408163265306,0.01020408163265306,0.01020408163265306,0.01020408163265306,0.06758021647895072,0.01020408163265306,-0.029769061531317753,0.01020408163265306,0.01020408163265306,0.01020408163265306,0.01020408163265306,0.02207923967039896,0.25476358804776755,0.2838287791060574,0.01020408163265306,-0.045648771103747
2026-06-05,0.01020408163265306,-0.0189574445505334,0.01020408163265306,0.01020408163265306,0.01020408163265306,0.01020408163265306,0.01020408163265306,0.01020408163265306,0.01020408163265306,0.01020408163265306,-0.061272021596228896,0.01020408163265306,-0.018535768382797004,0.01020408163265306,0.01020408163265306,0.01020408163265306,0.01020408163265306,0.01020408163265306,0.01020408163265306,0.01020408163265306,0.0019925457319517233,-0.0654694549987292,0.01020408163265306,0.01020408163265306,-0.07153728798297615,-0.007126915110087931,0.01020408163265306,0.01020408163265306,0.01020408163265306,0.06066927925778546,-0.05478294645666533,0.01020408163265306,0.01020408163265306,0.01020408163265306,0.01020408163265306,0.01020408163265306,0.01020408163265306,0.01020408163265306,0.01020408163265306,0.01020408163265306,0.01020408163265306,0.01020408163265306,0.01020408163265306,0.01020408163265306,0.01020408163265306,0.01020408163265306,-0.14150006501763604,0.01020408163265306,0.01020408163265306,0.01020408163265306,0.01020408163265306,0.01020408163265306,0.01020408163265306,0.01020408163265306,0.01020408163265306,0.01020408163265306,0.01020408163265306,0.01020408163265306,0.01020408163265306,0.01020408163265306,0.05020593640474744,0.01020408163265306,0.01020408163265306,0.01020408163265306,0.01020408163265306,0.01020408163265306,0.01020408163265306,0.01020408163265306,0.01020408163265306,0.09966229599133322,0.01020408163265306,0.01020408163265306,0.01020408163265306,0.01020408163265306,0.01020408163265306,0.01020408163265306,0.01020408163265306,0.01020408163265306,-0.04570719713379434,0.01020408163265306,0.01020408163265306,0.01020408163265306,0.01020408163265306,0.01020408163265306,0.01020408163265306,0.01020408163265306,0.07367918144483956,0.01020408163265306,0.01020408163265306,0.01020408163265306,0.01020408163265306,0.01020408163265306,0.01020408163265306,0.08817559011330452,0.20282202484587633,0.20818269734984196,0.01020408163265306,-0.1168269805224768
2026-06-08,0.01020408163265306,-0.045248968413918254,0.01020408163265306,0.01020408163265306,0.01020408163265306,0.01020408163265306,0.01020408163265306,0.01020408163265306,0.01020408163265306,0.01020408163265306,-0.059920634501760106,0.01020408163265306,-0.027342263804978457,0.01020408163265306,0.01020408163265306,0.01020408163265306,0.01020408163265306,0.01020408163265306,0.01020408163265306,0.01020408163265306,0.0017583412943588447,-0.043970072288556254,0.01020408163265306,0.01020408163265306,-0.07942321347342816,-0.0061350429354278275,0.01020408163265306,0.01020408163265306,0.01020408163265306,0.0753130996323422,-0.059541396594333745,0.01020408163265306,0.01020408163265306,0.01020408163265306,0.01020408163265306,0.01020408163265306,0.01020408163265306,0.01020408163265306,0.01020408163265306,0.01020408163265306,0.01020408163265306,0.01020408163265306,0.01020408163265306,0.01020408163265306,0.01020408163265306,0.01020408163265306,-0.1373778682445168,0.01020408163265306,0.01020408163265306,0.01020408163265306,0.01020408163265306,0.01020408163265306,0.01020408163265306,0.01020408163265306,0.01020408163265306,0.01020408163265306,0.01020408163265306,0.01020408163265306,0.01020408163265306,0.01020408163265306,0.055027983042862216,0.01020408163265306,0.01020408163265306,0.01020408163265306,0.01020408163265306,0.01020408163265306,0.01020408163265306,0.01020408163265306,0.01020408163265306,0.09111618525687415,0.01020408163265306,0.01020408163265306,0.01020408163265306,0.01020408163265306,0.01020408163265306,0.01020408163265306,0.01020408163265306,0.01020408163265306,-0.03779891783721915,0.01020408163265306,0.01020408163265306,0.01020408163265306,0.01020408163265306,0.01020408163265306,0.01020408163265306,0.01020408163265306,0.07597596920484943,0.01020408163265306,0.01020408163265306,0.01020408163265306,0.01020408163265306,0.01020408163265306,0.01020408163265306,0.0780337109443428,0.21523888306049227,0.18704493140468093,0.01020408163265306,-0.09907725635890903
2026-06-09,0.01020408163265306,-0.045066611082028016,0.01020408163265306,0.0052692422007417404,0.01020408163265306,0.01020408163265306,0.01020408163265306,0.01020408163265306,0.01020408163265306,0.01020408163265306,-0.06162021370881965,0.01020408163265306,-0.029560157431465964,0.01020408163265306,0.01020408163265306,0.01020408163265306,0.01020408163265306,0.01020408163265306,0.01020408163265306,0.01020408163265306,0.01020408163265306,-0.04524858973728079,0.01020408163265306,0.01020408163265306,0.01020408163265306,0.01020408163265306,0.01020408163265306,0.01020408163265306,0.01020408163265306,0.021460569625378192,-0.008617461010434426,0.01020408163265306,0.01020408163265306,0.01020408163265306,0.01020408163265306,0.01020408163265306,0.01020408163265306,0.01020408163265306,0.01020408163265306,0.01020408163265306,0.01020408163265306,0.01020408163265306,0.01020408163265306,0.01020408163265306,0.01020408163265306,0.01020408163265306,-0.11594797530535934,0.01020408163265306,0.01020408163265306,0.01020408163265306,0.01020408163265306,-0.004654123794676699,0.01020408163265306,0.01020408163265306,0.01020408163265306,0.01020408163265306,0.01020408163265306,0.01020408163265306,0.01020408163265306,0.01020408163265306,0.01020408163265306,0.01020408163265306,0.01020408163265306,0.01020408163265306,0.01020408163265306,0.01020408163265306,0.01020408163265306,0.01020408163265306,0.01020408163265306,0.09683428361077938,0.01020408163265306,0.01020408163265306,0.01020408163265306,0.01020408163265306,0.01020408163265306,0.01020408163265306,0.01020408163265306,0.01020408163265306,0.01020408163265306,0.01020408163265306,0.01020408163265306,0.01020408163265306,0.01020408163265306,0.01020408163265306,0.01020408163265306,0.01020408163265306,0.15360058030310533,0.01020408163265306,0.01020408163265306,0.01020408163265306,0.01020408163265306,0.01020408163265306,0.01020408163265306,0.0832678596115643,0.14893528420682342,0.08728389133239327,0.01020408163265306,-0.13287535433092484
2026-06-10,0.01020408163265306,-0.037919812749616914,-0.013140940210417033,0.0033534851797391227,0.01020408163265306,0.01020408163265306,0.01020408163265306,0.01020408163265306,0.01020408163265306,0.01020408163265306,-0.056273924848178086,0.01020408163265306,-0.06029623526153588,0.01020408163265306,0.01020408163265306,0.01020408163265306,0.01020408163265306,0.01020408163265306,0.01020408163265306,0.01020408163265306,0.01020408163265306,-0.04507234732312003,0.01020408163265306,0.01020408163265306,-0.05022609227209581,0.01020408163265306,0.01020408163265306,0.01020408163265306,0.01020408163265306,0.08618576819747667,-0.00688968800752751,0.01020408163265306,0.01020408163265306,0.01020408163265306,0.01020408163265306,0.01020408163265306,0.01020408163265306,0.01020408163265306,0.01020408163265306,0.01020408163265306,0.01020408163265306,0.01020408163265306,0.01020408163265306,0.01020408163265306,0.01020408163265306,0.01020408163265306,-0.09850038892966329,0.01020408163265306,0.01020408163265306,0.01020408163265306,0.01020408163265306,-0.05264594394519638,0.01020408163265306,0.01020408163265306,0.01020408163265306,0.01020408163265306,0.01020408163265306,0.01020408163265306,0.01020408163265306,0.01020408163265306,0.018132675735945625,0.01020408163265306,0.01020408163265306,0.01020408163265306,0.01020408163265306,0.01020408163265306,0.01020408163265306,0.01020408163265306,0.01020408163265306,0.1335540236298385,0.01020408163265306,0.01020408163265306,0.01020408163265306,0.01020408163265306,0.01020408163265306,0.01020408163265306,0.01020408163265306,0.01020408163265306,-0.02041698622556031,0.01020408163265306,0.01020408163265306,0.01020408163265306,0.01020408163265306,0.01020408163265306,0.01020408163265306,0.01020408163265306,0.14069143880435622,0.01020408163265306,0.01020408163265306,0.01020408163265306,0.01020408163265306,0.01020408163265306,0.01020408163265306,0.10550405706451155,0.20772736964307942,0.06532177480971299,0.01020408163265306,-0.1252106822713407
2026-06-11,0.01020408163265306,-0.028454097720257275,-0.0013089386094337942,0.0042999292091682895,0.01020408163265306,0.01020408163265306,0.01020408163265306,0.01020408163265306,0.01020408163265306,0.01020408163265306,-0.05954699682242294,0.01020408163265306,-0.0684507163306537,0.01020408163265306,0.01020408163265306,0.01020408163265306,0.01020408163265306,0.01020408163265306,0.01020408163265306,0.01020408163265306,0.01020408163265306,-0.045847169617233036,0.01020408163265306,0.01020408163265306,0.01020408163265306,0.01020408163265306,0.01020408163265306,0.01020408163265306,0.01020408163265306,0.05962005002763807,-0.0006612365585651758,0.01020408163265306,0.01020408163265306,0.01020408163265306,0.01020408163265306,0.01020408163265306,0.01020408163265306,0.01020408163265306,0.01020408163265306,0.01020408163265306,0.01020408163265306,0.01020408163265306,0.01020408163265306,0.01020408163265306,0.01020408163265306,0.01020408163265306,-0.09433777660693311,0.01020408163265306,0.01020408163265306,0.01020408163265306,0.01020408163265306,-0.0703672445384462,0.01020408163265306,0.01020408163265306,0.01020408163265306,0.01020408163265306,0.01020408163265306,0.01020408163265306,0.01020408163265306,0.01020408163265306,0.01020408163265306,0.01020408163265306,0.01020408163265306,0.01020408163265306,0.01020408163265306,0.01020408163265306,0.01020408163265306,0.01020408163265306,0.01020408163265306,0.13663332565657738,0.01020408163265306,0.01020408163265306,0.01020408163265306,0.01020408163265306,0.01020408163265306,0.01020408163265306,0.01020408163265306,0.01020408163265306,0.01020408163265306,0.01020408163265306,0.01020408163265306,0.01020408163265306,0.01020408163265306,0.01020408163265306,0.01020408163265306,0.01020408163265306,0.1913797214308887,0.01020408163265306,0.01020408163265306,0.01020408163265306,0.01020408163265306,0.01020408163265306,0.01020408163265306,0.11081159387731647,0.17308171714008327,0.01020408163265306,0.01020408163265306,-0.153790936047931
2026-06-12,0.01020408163265306,-0.04665750645952213,0.01020408163265306,0.005327752508597244,0.01020408163265306,0.01020408163265306,0.01020408163265306,0.01020408163265306,0.01020408163265306,0.01020408163265306,-0.06262711818458855,0.01020408163265306,-0.05341158499735629,0.01020408163265306,0.01020408163265306,0.01020408163265306,0.01020408163265306,0.01020408163265306,0.01020408163265306,0.01020408163265306,0.01020408163265306,-0.0012852750867627868,0.01020408163265306,0.01020408163265306,0.01020408163265306,0.01020408163265306,0.01020408163265306,0.01020408163265306,0.01020408163265306,0.028907479652058886,0.01020408163265306,0.01020408163265306,0.01020408163265306,0.01020408163265306,0.01020408163265306,0.01020408163265306,0.01020408163265306,0.01020408163265306,0.01020408163265306,0.01020408163265306,0.01020408163265306,0.01020408163265306,0.01020408163265306,0.01020408163265306,0.01020408163265306,0.01020408163265306,-0.10357270212286587,0.01020408163265306,0.01020408163265306,0.01020408163265306,0.01020408163265306,-0.06833770533041254,0.01020408163265306,0.01020408163265306,0.01020408163265306,0.01020408163265306,0.01020408163265306,0.01020408163265306,0.01020408163265306,0.01020408163265306,0.01020408163265306,0.01020408163265306,0.01020408163265306,0.01020408163265306,0.01020408163265306,0.01020408163265306,0.01020408163265306,0.01020408163265306,0.01020408163265306,0.12110108580941795,0.01020408163265306,0.01020408163265306,0.01020408163265306,0.01020408163265306,0.01020408163265306,0.01020408163265306,0.01020408163265306,0.01020408163265306,0.01020408163265306,0.01020408163265306,0.01020408163265306,0.01020408163265306,0.01020408163265306,0.01020408163265306,0.01020408163265306,0.01020408163265306,0.15742776258404262,0.01020408163265306,0.01020408163265306,0.01020408163265306,0.01020408163265306,0.01020408163265306,0.01020408163265306,0.100448735256686,0.1778324328330453,0.01020408163265306,0.01020408163265306,-0.12250029523785001
2026-06-15,0.04116975861896094,-0.060485544512437206,-0.04768106495266817,-0.0012546111672526433,0.01020408163265306,0.01020408163265306,0.011569976180491697,0.10588373674692522,0.01540618161744018,0.03722185678894442,-0.07046620827279931,0.01020408163265306,-0.08989478585767897,0.01020408163265306,0.01020408163265306,0.01020408163265306,0.01020408163265306,0.01020408163265306,0.01020408163265306,0.01020408163265306,-0.0007833809276080808,0.01020408163265306,-0.021336532369952012,0.01020408163265306,-0.08561482368510842,-0.04289606980235769,0.01020408163265306,0.01020408163265306,0.01020408163265306,0.0797303056846251,-0.017010908057212656,0.01020408163265306,0.01020408163265306,0.01020408163265306,0.01020408163265306,0.01020408163265306,0.01020408163265306,0.01020408163265306,0.01020408163265306,0.01020408163265306,0.01020408163265306,0.01020408163265306,0.01020408163265306,0.01020408163265306,0.01020408163265306,0.01020408163265306,-0.08881118220826933,0.01020408163265306,0.01020408163265306,0.03213198053871078,-0.0042382873442201215,-0.061615158779364826,0.01020408163265306,0.01020408163265306,0.01020408163265306,0.01020408163265306,0.01020408163265306,0.01020408163265306,0.01020408163265306,0.01020408163265306,0.06904774590893474,0.01020408163265306,0.01020408163265306,0.01020408163265306,0.01020408163265306,0.01020408163265306,0.01020408163265306,0.0036692552673146216,0.0319574652597027,0.14103554318056263,0.01020408163265306,0.01020408163265306,0.01020408163265306,0.01020408163265306,0.01020408163265306,0.01020408163265306,0.01020408163265306,0.01020408163265306,-0.04552996296928153,-0.058883046242669365,0.01020408163265306,0.05367615996819295,0.01020408163265306,0.01020408163265306,0.01020408163265306,0.01020408163265306,0.10725268124116075,0.01020408163265306,0.01020408163265306,0.01020408163265306,0.01020408163265306,0.01020408163265306,0.01020408163265306,0.13859419160574377,0.2561989607741158,0.01020408163265306,0.01020408163265306,-0.11171770162070103
2026-06-16,0.043827030038082304,-0.06728777570253199,-0.0501733057816229,-0.0020625467896855237,0.01020408163265306,0.01020408163265306,0.01020408163265306,0.10772785784047871,0.022080467649091377,0.03793609133998694,-0.07134049278429763,0.005909684558116044,-0.078833069822444,0.01020408163265306,0.01020408163265306,0.01020408163265306,0.01020408163265306,0.01020408163265306,0.01020408163265306,0.01020408163265306,-0.004173603989874378,0.01020408163265306,-0.037633555774810694,0.01020408163265306,-0.08575398129372422,-0.04586494824815624,0.01020408163265306,0.01020408163265306,0.01020408163265306,0.0808527890447011,-0.01766599408945533,0.01020408163265306,0.01020408163265306,0.01020408163265306,0.01020408163265306,0.01020408163265306,0.01020408163265306,0.01020408163265306,0.01020408163265306,0.01020408163265306,0.01020408163265306,0.01020408163265306,0.010568111966054979,0.01020408163265306,0.01020408163265306,0.01020408163265306,-0.08477542306020315,0.01020408163265306,0.01020408163265306,0.04131210008178008,0.01020408163265306,-0.05212913037960661,0.01020408163265306,0.01020408163265306,0.01020408163265306,0.01020408163265306,0.01020408163265306,0.01020408163265306,0.01020408163265306,0.01020408163265306,0.07336656240300146,0.01020408163265306,0.01020408163265306,0.01020408163265306,0.01020408163265306,0.01020408163265306,0.01020408163265306,0.01020408163265306,0.019901188157460094,0.13246553959772506,0.01020408163265306,0.01020408163265306,0.01020408163265306,0.01020408163265306,0.01020408163265306,0.01020408163265306,0.01020408163265306,0.01020408163265306,-0.03830446108291382,-0.06099621161402648,0.01020408163265306,0.04682858997959956,0.01020408163265306,0.01020408163265306,0.01020408163265306,0.01020408163265306,0.10198773930420835,0.01020408163265306,0.01020408163265306,0.01020408163265306,0.01020408163265306,0.01020408163265306,0.01020408163265306,0.14209838403938896,0.2703442416582283,0.01020408163265306,0.01020408163265306,-0.13408942826495857
2026-06-17,0.01020408163265306,-0.006682456034707846,-0.014686593467127715,0.00478856154125688,0.01020408163265306,0.01020408163265306,0.01020408163265306,0.01020408163265306,0.01020408163265306,0.01020408163265306,-0.07304383566684058,0.01020408163265306,-0.059892935869474154,0.01020408163265306,0.01020408163265306,0.01020408163265306,0.01020408163265306,0.01020408163265306,0.01020408163265306,0.01020408163265306,0.01020408163265306,-0.004858819994154197,0.01020408163265306,0.01020408163265306,0.01020408163265306,0.0026107536261074163,0.01020408163265306,0.01020408163265306,0.01020408163265306,0.03611931837464646,0.010199386505142507,0.01020408163265306,0.01020408163265306,0.01020408163265306,0.01020408163265306,0.01020408163265306,0.01020408163265306,0.01020408163265306,0.01020408163265306,0.01020408163265306,0.01020408163265306,0.01020408163265306,0.01020408163265306,0.01020408163265306,0.01020408163265306,0.01020408163265306,-0.12573350677620193,0.01020408163265306,0.01020408163265306,0.01020408163265306,0.01020408163265306,-0.07877566599940791,0.01020408163265306,0.01020408163265306,0.01020408163265306,0.01020408163265306,0.01020408163265306,0.01020408163265306,0.01020408163265306,0.01020408163265306,0.01020408163265306,0.01020408163265306,0.01020408163265306,0.01020408163265306,0.01020408163265306,0.01020408163265306,0.01020408163265306,0.01020408163265306,0.01020408163265306,0.12603571583231865,0.01020408163265306,0.01020408163265306,0.01020408163265306,0.01020408163265306,0.01020408163265306,0.01020408163265306,0.01020408163265306,0.01020408163265306,0.01020408163265306,0.01020408163265306,0.01020408163265306,0.01020408163265306,0.01020408163265306,0.01020408163265306,0.01020408163265306,0.01020408163265306,0.13270708313572865,0.01020408163265306,0.01020408163265306,0.01020408163265306,0.01020408163265306,0.01020408163265306,0.01020408163265306,0.14197717911174723,0.22232633635254223,0.01020408163265306,0.01020408163265306,-0.14982521454912665
2026-06-18,0.055857702562749814,-0.00205239892595388,-0.036121242753355653,-4.1932866446445574e-05,0.01020408163265306,0.01020408163265306,0.01020408163265306,0.022882869900380288,0.11807958680253261,0.01020408163265306,-0.09280505685030752,0.01020408163265306,-0.0405718378500522,0.01020408163265306,0.01020408163265306,0.01020408163265306,0.01020408163265306,0.01020408163265306,0.01020408163265306,0.01020408163265306,-0.02654488481238896,-0.01884770469356451,-0.07958825011786395,0.01020408163265306,-0.06955192965141434,0.01020408163265306,0.01020408163265306,0.01020408163265306,0.01020408163265306,0.08840255437445645,-0.026397218244255394,0.01020408163265306,0.01020408163265306,0.01020408163265306,0.01020408163265306,0.01020408163265306,0.01020408163265306,0.01020408163265306,0.01020408163265306,0.01020408163265306,0.01020408163265306,0.01020408163265306,0.011814494511374053,0.01020408163265306,0.01020408163265306,0.01020408163265306,-0.09791006554578946,-0.033603336996398184,0.01020408163265306,0.01020408163265306,-0.011382361011842855,-0.0615358235843443,0.01020408163265306,0.01020408163265306,0.01020408163265306,0.01020408163265306,0.01020408163265306,0.01020408163265306,0.01020408163265306,0.01020408163265306,0.10705458573241732,0.01020408163265306,0.01020408163265306,0.01020408163265306,0.01020408163265306,0.01020408163265306,0.01020408163265306,-0.05439158671294185,0.01020408163265306,0.10399293227625285,0.01020408163265306,0.01020408163265306,0.01020408163265306,0.01020408163265306,0.01020408163265306,0.01020408163265306,0.01020408163265306,0.01020408163265306,-0.045069426365530005,0.0024509630409528483,0.01020408163265306,0.012289647244375415,0.01020408163265306,0.01020408163265306,0.01020408163265306,0.01020408163265306,0.0645042270379588,0.01020408163265306,0.01020408163265306,0.01020408163265306,0.01020408163265306,0.01020408163265306,0.01020408163265306,0.11439392453879409,0.27674848295334425,0.16977673018802944,0.01020408163265306,-0.14571119520157688
2026-06-22,0.024590000438681512,-0.015690590516730538,-0.043595892271478066,-0.005754421495189713,0.01020408163265306,0.01020408163265306,0.01020408163265306,0.04069802223266807,0.20649953301878957,0.01020408163265306,-0.09818884057943017,-0.013401775327803527,-0.08585405251740867,0.01020408163265306,0.01020408163265306,0.01020408163265306,0.01020408163265306,0.01020408163265306,0.01020408163265306,0.01020408163265306,-0.030146188631355257,0.01020408163265306,-0.11803417823121969,0.01020408163265306,-0.08923523144396364,-0.008390647832224955,0.01020408163265306,0.01020408163265306,0.01020408163265306,0.07696146475847411,-0.013030779377118279,0.07884082074267443,0.01020408163265306,0.01020408163265306,0.01020408163265306,0.005909002960318872,0.01020408163265306,0.01020408163265306,0.01020408163265306,0.01020408163265306,0.01020408163265306,0.01020408163265306,0.10545037718913183,0.01020408163265306,0.01020408163265306,0.01020408163265306,-0.061571791257860733,-0.08555960618746987,0.01020408163265306,0.01020408163265306,-0.15603272037101804,-0.026732111802054356,0.01020408163265306,0.01020408163265306,0.01020408163265306,0.01020408163265306,0.039232590964849504,0.01020408163265306,0.01020408163265306,0.01020408163265306,0.14911579013187165,0.01020408163265306,0.01020408163265306,0.01020408163265306,0.01020408163265306,0.0004086192191338437,0.01020408163265306,-0.19168609979184237,0.056571918102898834,0.12293398837721571,0.01020408163265306,0.01020408163265306,0.01020408163265306,-0.011802577122458685,0.01020408163265306,0.01020408163265306,0.01020408163265306,0.01020408163265306,-0.05188570968084896,-0.03623667734789043,0.01020408163265306,0.045219503771843875,0.01020408163265306,0.03741822984528266,0.01020408163265306,0.01020408163265306,0.06649529081848603,0.01020408163265306,0.01020408163265306,0.01020408163265306,0.01020408163265306,0.01020408163265306,0.01020408163265306,0.12990964596050814,0.28502278049018925,0.17050073119926276,0.01020408163265306,-0.11119331639609849
2026-06-23,0.022476062538289075,-0.01020684629566306,-0.0013061614907104498,0.0024253503598733045,0.01020408163265306,0.01020408163265306,0.01020408163265306,0.09112664057172352,0.07940488788516373,0.01020408163265306,-0.08233600766489968,0.01020408163265306,-0.07855424899801022,0.01020408163265306,0.01020408163265306,0.01020408163265306,0.01020408163265306,0.01020408163265306,0.01020408163265306,0.01020408163265306,-0.025378188080402722,0.0012895339357224065,-0.08643220045158168,0.01020408163265306,-0.0467591226502621,0.01020408163265306,0.01020408163265306,0.01020408163265306,0.01020408163265306,0.08502330891283451,-0.009675135097816782,0.01020408163265306,0.01020408163265306,0.01020408163265306,0.01020408163265306,0.01020408163265306,0.01020408163265306,0.01020408163265306,0.01020408163265306,0.01020408163265306,0.01020408163265306,0.01020408163265306,0.01020408163265306,0.01020408163265306,0.01020408163265306,0.01020408163265306,-0.1280620032351889,0.01020408163265306,0.01020408163265306,0.01020408163265306,-0.051409301211617714,-0.05374418068089157,0.01020408163265306,0.01020408163265306,0.01020408163265306,0.01020408163265306,0.01020408163265306,0.01020408163265306,0.01020408163265306,0.01020408163265306,0.12440854756755104,0.01020408163265306,0.01020408163265306,0.01020408163265306,0.01020408163265306,0.01020408163265306,0.01020408163265306,-0.028442852756709,0.01020408163265306,0.10991306021998049,0.01020408163265306,0.01020408163265306,0.01020408163265306,0.01020408163265306,0.01020408163265306,0.01020408163265306,0.01020408163265306,0.01020408163265306,-0.03520429608023603,0.01020408163265306,0.01020408163265306,0.01020408163265306,0.01020408163265306,0.03210846052349102,0.01020408163265306,0.01020408163265306,0.11942762777706793,0.01020408163265306,0.006114858428598421,0.01020408163265306,0.01020408163265306,0.01020408163265306,0.01020408163265306,0.18201584009526964,0.23448084646359219,0.01020408163265306,0.01020408163265306,-0.17719427650353464
2026-06-24,0.01020408163265306,0.01020408163265306,0.01020408163265306,0.007417658377689672,0.01020408163265306,0.01020408163265306,0.01020408163265306,0.01020408163265306,0.01020408163265306,0.01020408163265306,-0.07612721390137493,0.01020408163265306,-0.032256191822193914,0.01020408163265306,0.01020408163265306,0.01020408163265306,0.01020408163265306,0.01020408163265306,0.01020408163265306,0.01020408163265306,-0.0003319735751108593,-0.006766505671119532,0.01020408163265306,0.01020408163265306,0.01020408163265306,0.01020408163265306,0.01020408163265306,0.01020408163265306,0.01020408163265306,0.023876907416059665,-0.004473798858014619,0.01020408163265306,0.01020408163265306,0.01020408163265306,0.01020408163265306,0.01020408163265306,0.01020408163265306,0.01020408163265306,0.01020408163265306,0.01020408163265306,0.01020408163265306,0.01020408163265306,0.01020408163265306,0.01020408163265306,0.01020408163265306,0.01020408163265306,-0.14238735504807148,0.01020408163265306,0.01020408163265306,0.01020408163265306,0.01020408163265306,-0.05995793775995199,0.01020408163265306,0.01020408163265306,0.01020408163265306,0.01020408163265306,0.01020408163265306,0.01020408163265306,0.01020408163265306,0.01020408163265306,0.01020408163265306,0.01020408163265306,0.01020408163265306,0.01020408163265306,0.01020408163265306,0.01020408163265306,0.01020408163265306,0.01020408163265306,0.01020408163265306,0.07998835427522732,0.01020408163265306,0.01020408163265306,0.01020408163265306,0.01020408163265306,0.01020408163265306,0.01020408163265306,0.01020408163265306,0.01020408163265306,0.01020408163265306,0.01020408163265306,0.01020408163265306,0.01020408163265306,0.01020408163265306,0.01020408163265306,0.01020408163265306,0.01020408163265306,0.17442485126787016,0.01020408163265306,0.01020408163265306,0.01020408163265306,0.01020408163265306,0.01020408163265306,0.01020408163265306,0.1587316517251286,0.1998369283183582,0.01020408163265306,0.01020408163265306,-0.17911823188735343
2026-06-25,0.025841218245304165,-0.010973595528313654,-0.0007231655685682944,0.0020942075486430275,0.01020408163265306,0.01020408163265306,0.01020408163265306,0.08684873659518884,0.07191618738026978,0.01020408163265306,-0.08005822445489924,0.01020408163265306,-0.07647846234769255,0.01020408163265306,0.01020408163265306,0.01020408163265306,0.01020408163265306,0.01020408163265306,0.01020408163265306,0.01020408163265306,-0.02952758019649982,0.007967527393438811,-0.08068783477990246,0.01020408163265306,-0.06793747364754531,0.01020408163265306,0.01020408163265306,0.01020408163265306,0.01020408163265306,0.08538054423923869,-0.019226997728986242,0.01020408163265306,0.01020408163265306,0.01020408163265306,0.01020408163265306,0.01020408163265306,0.01020408163265306,0.01020408163265306,0.01020408163265306,0.01020408163265306,0.01020408163265306,0.01020408163265306,0.01020408163265306,0.01020408163265306,0.01020408163265306,0.01020408163265306,-0.12796429456317107,0.01020408163265306,0.01020408163265306,0.01020408163265306,-0.04785265013230091,-0.04489302409991655,0.01020408163265306,0.01020408163265306,0.01020408163265306,0.01020408163265306,0.01020408163265306,0.01020408163265306,0.01020408163265306,0.01020408163265306,0.12427554025539292,0.01020408163265306,0.01020408163265306,0.01020408163265306,0.01020408163265306,0.01020408163265306,0.01020408163265306,-0.014247915615163103,0.01020408163265306,0.10068537393831102,0.01020408163265306,0.01020408163265306,0.01020408163265306,0.01020408163265306,0.01020408163265306,0.01020408163265306,0.01020408163265306,0.01020408163265306,-0.03793840186519888,0.01020408163265306,0.01020408163265306,0.01020408163265306,0.01020408163265306,0.027042162165587413,0.01020408163265306,0.01020408163265306,0.11065179039509165,0.01020408163265306,0.005272326481416835,0.01020408163265306,0.01020408163265306,0.01020408163265306,0.01020408163265306,0.1706423525072814,0.25792519714868445,0.0222353859721617,0.01020408163265306,-0.17455464402356685
2026-06-26,0.01020408163265306,0.004131387699957353,0.01020408163265306,0.0029994147060968257,0.01020408163265306,0.01020408163265306,0.01020408163265306,0.0832985884838757,0.03732183201772449,0.01020408163265306,-0.10249747926021241,0.01020408163265306,-0.034619760537075266,0.01020408163265306,0.01020408163265306,0.01020408163265306,0.01020408163265306,0.01020408163265306,0.01020408163265306,0.01020408163265306,-0.03128900713407292,0.01020408163265306,-0.07329218535896412,0.01020408163265306,-0.06520172392613809,0.01020408163265306,0.01020408163265306,0.01020408163265306,0.01020408163265306,0.13301789787600196,-0.00969875291662371,0.01020408163265306,0.01020408163265306,0.01020408163265306,0.01020408163265306,0.01020408163265306,0.01020408163265306,0.01020408163265306,0.01020408163265306,0.01020408163265306,0.01020408163265306,0.01020408163265306,0.01020408163265306,0.01020408163265306,0.01020408163265306,0.01020408163265306,-0.12365931036624848,0.01020408163265306,0.01020408163265306,0.01020408163265306,0.002783566709240551,-0.0713621425618446,0.01020408163265306,0.01020408163265306,0.01020408163265306,0.01020408163265306,0.01020408163265306,0.01020408163265306,0.01020408163265306,0.01020408163265306,0.07586797248570008,0.01020408163265306,0.01020408163265306,0.01020408163265306,0.01020408163265306,0.01020408163265306,0.01020408163265306,0.01020408163265306,0.01020408163265306,0.07460553482617899,0.01020408163265306,0.01020408163265306,0.01020408163265306,0.01020408163265306,0.01020408163265306,0.01020408163265306,0.01020408163265306,0.01020408163265306,-0.013701941908224427,0.01020408163265306,0.01020408163265306,0.01020408163265306,0.01020408163265306,0.01020408163265306,0.01020408163265306,0.01020408163265306,0.09581398766019802,0.01020408163265306,0.01020408163265306,0.01020408163265306,0.01020408163265306,0.01020408163265306,0.01020408163265306,0.1684937816223314,0.25107020045470324,0.01020408163265306,0.01020408163265306,-0.18979614628689037
2026-06-29,0.020171679892327925,-0.016780534993433592,-0.00419089853094866,-0.0004987907164608514,0.01020408163265306,0.01020408163265306,0.011711054193223826,0.09370691786254504,0.10918754349089821,0.01020408163265306,-0.1184305419706508,0.01020408163265306,0.01020408163265306,0.01020408163265306,0.01020408163265306,0.01020408163265306,-0.010425833927437718,0.01020408163265306,0.01020408163265306,0.01020408163265306,-0.04228314129179835,0.01020408163265306,-0.12341178315597533,0.01020408163265306,-0.13641909333666769,0.01020408163265306,0.01020408163265306,0.01020408163265306,0.01020408163265306,0.18712625222376542,-0.012072903471427096,0.045027149265765155,0.01020408163265306,0.01020408163265306,0.01020408163265306,0.01020408163265306,0.01020408163265306,0.01020408163265306,0.01020408163265306,0.0022915473894483847,-0.007039801884778525,0.005531268991987876,0.01020408163265306,0.01020408163265306,0.01020408163265306,0.01020408163265306,-0.15211474393773344,-0.11213588861437843,0.01020408163265306,0.02410520934829625,0.00404485710203922,-0.020222920512002064,0.01020408163265306,0.01020408163265306,0.01020408163265306,-0.0068380866129718835,0.01020408163265306,0.01020408163265306,0.01020408163265306,0.011364119414083738,0.10823765826891914,0.01020408163265306,0.01020408163265306,-0.0065864841655309415,0.01020408163265306,0.01020408163265306,0.01020408163265306,0.01020408163265306,0.01020408163265306,0.061821263521869396,-0.018188646936645313,0.01020408163265306,0.01020408163265306,0.01020408163265306,0.01020408163265306,0.01020408163265306,0.01020408163265306,0.01020408163265306,-0.03633511535878179,0.004091057828199693,0.01020408163265306,0.01020408163265306,0.01020408163265306,0.08156000415620088,0.01020408163265306,0.01020408163265306,0.03686780105639278,0.01020408163265306,0.010055915917691794,0.01020408163265306,0.01020408163265306,0.01020408163265306,0.01020408163265306,0.1389429093324799,0.27860470333207504,0.14531588494470285,0.01020408163265306,-0.16803448607447363
2026-06-30,0.01020408163265306,0.01020408163265306,0.01020408163265306,0.006952943992310542,0.01020408163265306,0.01020408163265306,0.01020408163265306,0.04761271730319568,0.01020408163265306,0.01020408163265306,-0.06981495065355207,0.01020408163265306,-0.015926054189528492,0.01020408163265306,0.01020408163265306,0.01020408163265306,0.01020408163265306,0.01020408163265306,0.01020408163265306,0.01020408163265306,-0.018453903920937417,0.009491262211516083,-0.03225377329840802,0.01020408163265306,-0.06351966521103224,0.01020408163265306,0.01020408163265306,0.01020408163265306,0.01020408163265306,0.01020408163265306,-0.021702637986306263,0.01020408163265306,0.01020408163265306,0.01020408163265306,0.01020408163265306,0.01020408163265306,0.01020408163265306,0.01020408163265306,0.01020408163265306,0.01020408163265306,0.01020408163265306,0.01020408163265306,0.01020408163265306,0.01020408163265306,0.01020408163265306,0.01020408163265306,-0.15239190236816386,0.01020408163265306,0.01020408163265306,0.01020408163265306,0.01020408163265306,-0.03898076747567555,0.01020408163265306,0.01020408163265306,0.01020408163265306,0.01020408163265306,0.01020408163265306,0.01020408163265306,0.01020408163265306,0.01020408163265306,0.050063688606913355,0.01020408163265306,0.01020408163265306,0.01020408163265306,0.01020408163265306,0.01020408163265306,0.01020408163265306,0.01020408163265306,0.01020408163265306,0.04795687428355673,0.01020408163265306,0.01020408163265306,0.01020408163265306,0.01020408163265306,0.01020408163265306,0.01020408163265306,0.01020408163265306,0.01020408163265306,0.005939931272324892,0.01020408163265306,0.01020408163265306,0.01020408163265306,0.01020408163265306,0.01020408163265306,0.01020408163265306,0.01020408163265306,0.13657056639551043,0.01020408163265306,0.01020408163265306,0.01020408163265306,0.01020408163265306,0.01020408163265306,0.01020408163265306,0.17816780661933745,0.2725402293880826,0.01020408163265306,0.01020408163265306,-0.15857889558138877
2026-07-01,0.01102581101958891,0.01020408163265306,0.01020408163265306,0.0034230688865143624,0.01020408163265306,0.01020408163265306,0.01020408163265306,0.07683264605936778,0.01020408163265306,0.01020408163265306,-0.065745570529914,0.01020408163265306,-0.022944215497706928,0.01020408163265306,0.01020408163265306,0.01020408163265306,0.01020408163265306,0.01020408163265306,0.01020408163265306,0.01020408163265306,-0.03475212563946214,-0.011165470479757836,-0.056517501337653014,0.01020408163265306,-0.07193518554983823,0.01020408163265306,0.01020408163265306,0.01020408163265306,0.01020408163265306,0.013959275511539016,-0.02854591981196839,0.01020408163265306,0.01020408163265306,0.01020408163265306,0.01020408163265306,0.01020408163265306,0.01020408163265306,0.01020408163265306,0.01020408163265306,0.01020408163265306,0.01020408163265306,0.01020408163265306,0.01020408163265306,0.01020408163265306,0.01020408163265306,0.01020408163265306,-0.13822063585344269,-0.006938422794771323,0.01020408163265306,0.01020408163265306,0.01020408163265306,-0.021659620505860275,0.01020408163265306,0.01020408163265306,0.01020408163265306,0.01020408163265306,0.01020408163265306,0.01020408163265306,0.01020408163265306,0.01020408163265306,0.08638862699472251,0.01020408163265306,0.01020408163265306,0.01020408163265306,0.01020408163265306,0.01020408163265306,0.01020408163265306,0.01020408163265306,0.01020408163265306,0.06919101432744686,0.01020408163265306,0.01020408163265306,0.01020408163265306,0.01020408163265306,0.01020408163265306,0.01020408163265306,0.01020408163265306,0.01020408163265306,-0.015809408138026212,0.000842583764799518,0.01020408163265306,0.01020408163265306,0.01020408163265306,0.01020408163265306,0.01020408163265306,0.01020408163265306,0.1257642393274215,0.01020408163265306,0.01020408163265306,0.01020408163265306,0.01020408163265306,0.01020408163265306,0.01020408163265306,0.16726833396747257,0.28957951333122334,0.025737941177879593,0.01020408163265306,-0.16108510067855455
2026-07-02,0.01020408163265306,0.01020408163265306,0.01020408163265306,0.006800628980617488,0.01020408163265306,0.01020408163265306,0.01020408163265306,0.01020408163265306,0.01020408163265306,0.01020408163265306,-0.055449742060368123,0.01020408163265306,-0.018083738234910406,0.01020408163265306,-0.02545636163666417,0.01020408163265306,0.01020408163265306,0.01020408163265306,0.01020408163265306,-0.008008702526920942,-0.00027752608680061373,0.001788514443003257,0.01020408163265306,0.01020408163265306,-0.003164853912714127,0.01020408163265306,0.01020408163265306,0.01020408163265306,0.01020408163265306,0.01020408163265306,0.01020408163265306,0.01020408163265306,0.01020408163265306,0.01020408163265306,0.01020408163265306,0.01020408163265306,0.01020408163265306,0.01020408163265306,0.01020408163265306,0.01020408163265306,0.01020408163265306,0.01020408163265306,0.01020408163265306,0.01020408163265306,0.01020408163265306,0.01020408163265306,-0.10596525345686653,0.01020408163265306,0.01020408163265306,0.01020408163265306,0.01020408163265306,-0.04268749247925904,0.01020408163265306,0.01020408163265306,0.01020408163265306,0.01020408163265306,0.01020408163265306,0.01020408163265306,0.01020408163265306,0.01020408163265306,0.01020408163265306,0.01020408163265306,0.01020408163265306,0.01020408163265306,0.01020408163265306,0.01020408163265306,0.01020408163265306,0.01020408163265306,0.01020408163265306,0.043631966950873,0.01020408163265306,0.01020408163265306,0.01020408163265306,0.01020408163265306,0.01020408163265306,0.01020408163265306,0.01020408163265306,0.01020408163265306,0.01020408163265306,0.01020408163265306,0.01020408163265306,0.01020408163265306,0.01020408163265306,0.01020408163265306,0.01020408163265306,0.01020408163265306,0.17264568853348827,0.01020408163265306,0.01020408163265306,0.01020408163265306,0.01020408163265306,0.01020408163265306,0.01020408163265306,0.1003139601183493,0.23573516826353663,0.01020408163265306,0.01020408163265306,-0.1487610324055681
2026-07-06,0.01020408163265306,0.01020408163265306,0.01020408163265306,0.005712235608113314,0.01020408163265306,0.01020408163265306,0.01020408163265306,0.052503220503289226,0.01020408163265306,0.01020408163265306,-0.03622369465255669,0.01020408163265306,-0.02006261477030955,0.01020408163265306,-0.0929769414552894,0.01020408163265306,0.01020408163265306,0.01020408163265306,0.01020408163265306,0.01020408163265306,-0.019441361906930042,-0.021724003869316527,-0.012621319077252008,0.01020408163265306,-0.027544552687756782,0.01020408163265306,0.01020408163265306,0.01020408163265306,0.01020408163265306,0.01020408163265306,0.01020408163265306,0.01020408163265306,0.01020408163265306,0.01020408163265306,0.01020408163265306,0.01020408163265306,0.01020408163265306,0.01020408163265306,0.01020408163265306,0.01020408163265306,0.01020408163265306,-0.029421727501526315,0.01020408163265306,0.01020408163265306,0.01020408163265306,0.01020408163265306,-0.10309778073002349,0.0061117440839721406,0.01020408163265306,0.01020408163265306,0.01020408163265306,-0.006914239639932663,0.01020408163265306,0.01020408163265306,0.01020408163265306,0.01020408163265306,0.01020408163265306,-0.028286054790450446,0.01020408163265306,0.01020408163265306,0.07360577673416656,0.01020408163265306,0.01020408163265306,0.01020408163265306,0.01020408163265306,0.01020408163265306,0.01020408163265306,0.01020408163265306,0.01020408163265306,0.059637781134889184,0.01020408163265306,0.01020408163265306,0.01020408163265306,0.01020408163265306,0.01020408163265306,0.01020408163265306,0.01020408163265306,0.01020408163265306,-0.05795732724696197,0.01020408163265306,0.01020408163265306,0.01020408163265306,0.01020408163265306,0.01020408163265306,0.01020408163265306,0.01020408163265306,0.1773450530809783,0.01020408163265306,0.01020408163265306,0.01020408163265306,0.01020408163265306,0.01020408163265306,0.01020408163265306,0.07704317036503111,0.2046094102834904,0.16761849055485398,0.01020408163265306,-0.143425468102111
2026-07-07,0.01020408163265306,0.01020408163265306,0.01020408163265306,0.007673953004584344,0.01020408163265306,0.01020408163265306,0.01020408163265306,0.01020408163265306,0.01020408163265306,0.01020408163265306,-0.03859752848183068,0.01020408163265306,-0.013167365431483119,0.01020408163265306,-0.0719587513840165,0.01020408163265306,0.01020408163265306,0.01020408163265306,0.01020408163265306,0.006424419931881449,-0.009544928409598507,-0.02886375953646464,0.01020408163265306,0.01020408163265306,-0.013607792526123876,0.01020408163265306,0.01020408163265306,0.01020408163265306,0.01020408163265306,0.01020408163265306,0.01020408163265306,0.01020408163265306,0.01020408163265306,0.01020408163265306,0.01020408163265306,0.01020408163265306,0.01020408163265306,0.01020408163265306,0.01020408163265306,0.01020408163265306,0.01020408163265306,0.01020408163265306,0.01020408163265306,0.01020408163265306,0.01020408163265306,0.01020408163265306,-0.11601127008256094,0.01020408163265306,0.01020408163265306,0.01020408163265306,0.01020408163265306,-0.019006463202659377,0.01020408163265306,0.01020408163265306,0.01020408163265306,0.01020408163265306,0.01020408163265306,0.01020408163265306,0.01020408163265306,0.01020408163265306,0.02410420997924741,0.01020408163265306,0.01020408163265306,0.01020408163265306,0.01020408163265306,0.01020408163265306,0.01020408163265306,0.01020408163265306,0.01020408163265306,0.06300174560071176,0.01020408163265306,0.01020408163265306,0.01020408163265306,0.01020408163265306,0.01020408163265306,0.01020408163265306,0.01020408163265306,0.01020408163265306,-0.034679019592046736,0.01020408163265306,0.01020408163265306,0.01020408163265306,0.01020408163265306,0.01020408163265306,0.01020408163265306,0.01020408163265306,0.17261612875576,0.01020408163265306,0.01020408163265306,0.01020408163265306,0.01020408163265306,0.01020408163265306,0.01020408163265306,0.1018297450796767,0.19835433971366986,0.10741210078376431,0.01020408163265306,-0.15230629481475635
2026-07-08,0.01020408163265306,0.01020408163265306,0.01020408163265306,0.006446867686150104,0.01020408163265306,0.01020408163265306,0.01020408163265306,0.01020408163265306,0.01020408163265306,0.01020408163265306,-0.04941237817522543,0.01020408163265306,0.0017919865232104912,0.01020408163265306,-0.0761798156350421,0.01020408163265306,0.01020408163265306,0.01020408163265306,0.01020408163265306,0.005945187738473654,0.0006394794846128864,0.008536204965818313,0.01020408163265306,0.01020408163265306,0.008574550498558358,0.01020408163265306,0.01020408163265306,0.01020408163265306,0.01020408163265306,0.01020408163265306,0.01020408163265306,0.01020408163265306,0.01020408163265306,0.01020408163265306,0.01020408163265306,0.01020408163265306,0.01020408163265306,0.01020408163265306,0.01020408163265306,0.01020408163265306,0.01020408163265306,0.01020408163265306,0.01020408163265306,0.01020408163265306,0.01020408163265306,0.01020408163265306,-0.10072800156475664,0.01020408163265306,0.01020408163265306,0.01020408163265306,0.01020408163265306,-0.05113322561708984,0.01020408163265306,0.01020408163265306,0.01020408163265306,0.01020408163265306,0.01020408163265306,0.01020408163265306,0.01020408163265306,0.01020408163265306,0.01020408163265306,0.01020408163265306,0.01020408163265306,0.01020408163265306,0.01020408163265306,0.01020408163265306,0.01020408163265306,0.01020408163265306,0.01020408163265306,0.05281906033865129,0.01020408163265306,0.01020408163265306,0.01020408163265306,0.01020408163265306,0.01020408163265306,0.01020408163265306,0.01020408163265306,0.01020408163265306,0.008096325388328465,0.01020408163265306,0.01020408163265306,0.01020408163265306,0.01020408163265306,0.01020408163265306,0.01020408163265306,0.01020408163265306,0.1613239198568519,0.01020408163265306,0.01020408163265306,0.01020408163265306,0.01020408163265306,0.01020408163265306,0.01020408163265306,0.09680705754152238,0.22901194984684425,0.019992939217582533,0.01020408163265306,-0.1490627203393886
2026-07-09,0.06625749380998056,0.01020408163265306,0.01020408163265306,-0.0011402228296568048,-0.011530147079427748,0.01020408163265306,0.01020408163265306,0.0877179282689988,0.01020408163265306,0.01020408163265306,-0.05617203035781419,0.01020408163265306,0.01020408163265306,0.01020408163265306,-0.0984170817599714,0.01084060624828031,0.01020408163265306,0.01020408163265306,0.01020408163265306,0.01020408163265306,-0.03462739161575669,0.01020408163265306,-0.09715028252380156,0.01020408163265306,-0.05791329545512583,0.01020408163265306,0.01020408163265306,0.01020408163265306,0.01020408163265306,0.04387695068816925,0.01020408163265306,0.010867989499297844,0.007596488899618581,0.01020408163265306,0.01020408163265306,0.01020408163265306,0.01020408163265306,0.01020408163265306,0.01020408163265306,0.01020408163265306,-0.07708150519127707,-0.018920241238368225,0.06311537184980391,0.01020408163265306,0.01020408163265306,0.01020408163265306,-0.08041129256555186,-0.07006053541616368,0.01020408163265306,0.01020408163265306,0.01020408163265306,0.01020408163265306,0.01020408163265306,0.01020408163265306,0.01020408163265306,0.01020408163265306,0.05354942466363286,-0.1061790841887587,0.01020408163265306,0.01020408163265306,0.15784163339222695,0.01020408163265306,0.01020408163265306,0.01020408163265306,0.01020408163265306,0.01020408163265306,0.01020408163265306,-0.06828421809507967,0.044295619997442456,0.06614277141223689,-0.0034944767510027078,0.01020408163265306,0.01020408163265306,0.01020408163265306,0.01020408163265306,0.01020408163265306,0.01020408163265306,0.01020408163265306,-0.07058870975615242,-0.024690540401007946,0.01020408163265306,0.01020408163265306,0.01020408163265306,0.01020408163265306,0.01020408163265306,0.01020408163265306,0.10719389329916587,0.01020408163265306,0.01020408163265306,0.02464987257625067,0.01020408163265306,0.01020408163265306,0.01020408163265306,0.06105067653918882,0.2412277637574882,0.28144736512505664,0.01020408163265306,-0.11427610092437122
2026-07-10,0.01020408163265306,0.01020408163265306,0.01020408163265306,0.005629841351334002,-0.023557782302420956,0.01020408163265306,0.01020408163265306,0.01020408163265306,0.01020408163265306,0.01020408163265306,-0.05764191680771516,0.01020408163265306,0.01020408163265306,0.01020408163265306,-0.02466941926197347,0.01020408163265306,0.01020408163265306,0.01020408163265306,0.01020408163265306,0.01020408163265306,-0.007206494005397862,0.01020408163265306,0.01020408163265306,0.01020408163265306,-0.008951780896241013,0.01020408163265306,0.01020408163265306,0.01020408163265306,0.01020408163265306,0.01020408163265306,0.01020408163265306,0.01020408163265306,0.01020408163265306,0.01020408163265306,0.01020408163265306,0.01020408163265306,0.01020408163265306,0.01020408163265306,0.01020408163265306,0.01020408163265306,0.01020408163265306,0.01020408163265306,0.01020408163265306,0.01020408163265306,0.01020408163265306,0.01020408163265306,-0.0998403296634106,0.01020408163265306,0.01020408163265306,0.01020408163265306,0.01020408163265306,-0.03590574239064367,0.01020408163265306,0.01020408163265306,0.01020408163265306,0.01020408163265306,0.01020408163265306,0.01020408163265306,0.01020408163265306,0.01020408163265306,0.01020408163265306,0.01020408163265306,0.01020408163265306,0.01020408163265306,0.01020408163265306,0.01020408163265306,0.01020408163265306,0.01020408163265306,0.01020408163265306,0.027237282682961876,0.01020408163265306,0.01020408163265306,0.01020408163265306,0.01020408163265306,0.01020408163265306,0.01020408163265306,0.01020408163265306,0.01020408163265306,0.01020408163265306,0.01020408163265306,0.01020408163265306,0.01020408163265306,0.01020408163265306,0.01020408163265306,0.01020408163265306,0.01020408163265306,0.06785100262704684,0.01020408163265306,0.01020408163265306,0.01020408163265306,0.01020408163265306,0.01020408163265306,0.01020408163265306,0.13498522823715917,0.2808450163957115,0.01020408163265306,0.01020408163265306,-0.1261218447419209
2026-07-13,0.01020408163265306,0.01020408163265306,0.01020408163265306,0.004603330121716355,-0.0020657923143988614,0.01020408163265306,0.01020408163265306,0.01020408163265306,0.01020408163265306,0.01020408163265306,-0.05773059150593435,0.01020408163265306,0.01020408163265306,0.01020408163265306,-0.04089406387017441,0.01020408163265306,0.01020408163265306,0.01020408163265306,0.01020408163265306,0.01020408163265306,-0.014610480397775136,0.01020408163265306,-0.005500392855605803,0.01020408163265306,-0.06140756519827406,0.01020408163265306,0.01020408163265306,0.01020408163265306,0.01020408163265306,0.01020408163265306,0.01020408163265306,0.01020408163265306,0.01020408163265306,0.01020408163265306,0.01020408163265306,0.01020408163265306,0.01020408163265306,0.01020408163265306,0.01020408163265306,0.01020408163265306,-0.011056864164920051,-0.003217385183762401,0.01020408163265306,0.01020408163265306,0.01020408163265306,0.01020408163265306,-0.1012957180771635,0.01020408163265306,0.01020408163265306,0.01020408163265306,0.01020408163265306,-0.04221792247875348,0.01020408163265306,0.01020408163265306,0.01020408163265306,0.01020408163265306,0.01020408163265306,0.01020408163265306,0.01020408163265306,0.01020408163265306,0.0427041918543643,0.01020408163265306,0.01020408163265306,0.01020408163265306,0.01020408163265306,0.01020408163265306,0.01020408163265306,0.01020408163265306,0.01020408163265306,0.04463956415448683,0.01020408163265306,0.01020408163265306,0.01020408163265306,0.01020408163265306,0.01020408163265306,0.01020408163265306,0.01020408163265306,0.01020408163265306,-0.00378025533584685,0.01020408163265306,0.01020408163265306,0.01020408163265306,0.01020408163265306,0.01020408163265306,0.01020408163265306,0.01020408163265306,0.06863243419008527,0.01020408163265306,0.01020408163265306,0.06176685694445029,0.01020408163265306,0.01020408163265306,0.01020408163265306,0.13833157984232203,0.2932792837242865,0.01020408163265306,0.01020408163265306,-0.11630265842869454
2026-07-14,0.01020408163265306,0.01020408163265306,0.01020408163265306,0.009094751756568632,0.01020408163265306,0.01020408163265306,0.01020408163265306,0.01020408163265306,0.01020408163265306,0.01020408163265306,-0.06947534735705253,0.01020408163265306,-0.02566780633611984,0.01020408163265306,-0.02236169270084154,0.01020408163265306,0.01020408163265306,0.01020408163265306,0.01020408163265306,0.01020408163265306,-0.00614375422399817,0.01020408163265306,-0.03328980215573264,0.01020408163265306,0.01020408163265306,0.01020408163265306,0.01020408163265306,0.01020408163265306,0.01020408163265306,0.01020408163265306,0.01020408163265306,0.01020408163265306,0.01020408163265306,0.01020408163265306,0.01020408163265306,0.01020408163265306,0.01020408163265306,0.01020408163265306,0.01020408163265306,0.01020408163265306,-0.048928242030506,-0.007865550673326975,0.01020408163265306,0.01020408163265306,0.01020408163265306,0.01020408163265306,-0.16045889075369094,0.01020408163265306,0.01020408163265306,0.01020408163265306,0.01020408163265306,-0.051793859813858804,0.01020408163265306,0.01020408163265306,0.01020408163265306,0.01020408163265306,0.01020408163265306,-0.048787180016531394,0.01020408163265306,0.01020408163265306,0.05103686702125283,0.01020408163265306,0.01020408163265306,0.01020408163265306,0.01020408163265306,0.01020408163265306,0.01020408163265306,0.01020408163265306,0.01020408163265306,0.01020408163265306,0.01020408163265306,0.01020408163265306,0.01020408163265306,0.01020408163265306,0.01020408163265306,0.01020408163265306,0.01020408163265306,0.01020408163265306,-0.022438008304375742,0.01020408163265306,0.01020408163265306,0.01020408163265306,0.01020408163265306,0.01020408163265306,0.01020408163265306,0.01020408163265306,0.01020408163265306,0.01020408163265306,0.01020408163265306,0.1576325525060237,0.01020408163265306,0.01020408163265306,0.01020408163265306,0.19674823243514955,0.3337793144219287,0.01020408163265306,0.01020408163265306,-0.07761219601978687
2026-07-15,0.07162175606598598,0.01020408163265306,0.01020408163265306,0.004669927612869977,-0.005284453730756701,0.01020408163265306,0.009349221008489799,0.01020408163265306,0.08327676276654929,0.01020408163265306,-0.04473792234952735,0.01020408163265306,-0.02602450196003362,0.01020408163265306,-0.1126608494831376,0.01020408163265306,-0.001825325927846306,0.01020408163265306,-0.011885513978717998,-0.013873698488246081,-0.007594776538087522,0.01020408163265306,-0.0904685622503528,0.01020408163265306,0.01020408163265306,0.01020408163265306,0.01020408163265306,0.01020408163265306,0.01020408163265306,0.05789215836113632,0.01020408163265306,0.01020408163265306,0.01020408163265306,0.01020408163265306,0.01020408163265306,0.008117619539852869,0.01020408163265306,0.01020408163265306,0.01020408163265306,0.01020408163265306,-0.12062121061486016,-0.09032428425914606,0.06380043127860519,0.01020408163265306,0.03597906013899058,0.01020408163265306,-0.13385858110447274,0.01020408163265306,0.01020408163265306,0.0019815104712943322,0.01020408163265306,-0.017080422977397244,0.01020408163265306,0.01020408163265306,0.01020408163265306,0.01020408163265306,0.014498760724489204,-0.12965648732125823,0.01020408163265306,0.01020408163265306,0.15812766006641996,0.01020408163265306,0.01020408163265306,-0.00479991410710001,0.01020408163265306,-0.01950773464527923,0.01020408163265306,-0.007238994603878333,0.01020408163265306,0.01020408163265306,-0.09328506204502991,0.01020408163265306,0.10902500193445254,0.01020408163265306,0.01020408163265306,0.01020408163265306,0.01020408163265306,0.01984159632611618,-0.04102229977718832,-0.006822330292687808,0.01020408163265306,0.01020408163265306,0.01020408163265306,0.01020408163265306,0.01020408163265306,0.01020408163265306,0.01020408163265306,0.01020408163265306,0.01020408163265306,0.23857663535193557,0.01020408163265306,0.01020408163265306,0.01020408163265306,0.12815325340548595,0.31009100561761527,0.10311529821764902,0.01020408163265306,-0.051789630392117675
2026-07-16,0.08301053428167447,0.01020408163265306,0.01020408163265306,0.0053627651495591795,0.01020408163265306,0.01020408163265306,0.01020408163265306,0.01020408163265306,0.01020408163265306,0.01020408163265306,-0.04475237007118252,0.01020408163265306,-0.033716542998272134,0.01020408163265306,-0.10932996326164293,0.01020408163265306,0.01020408163265306,0.01020408163265306,0.009220273918379832,0.01020408163265306,-0.003916290218572132,0.01020408163265306,-0.06458542266581456,0.01020408163265306,0.01020408163265306,0.01020408163265306,0.01020408163265306,0.01020408163265306,0.01020408163265306,0.033684411620445824,0.01020408163265306,0.01020408163265306,0.01020408163265306,0.01020408163265306,0.01020408163265306,0.01020408163265306,0.01020408163265306,0.01020408163265306,0.01020408163265306,0.01020408163265306,-0.09318385160524542,-0.10295873778742232,0.05267221130165707,0.01020408163265306,0.01020408163265306,0.01020408163265306,-0.1418615412230625,0.01020408163265306,0.01020408163265306,0.01020408163265306,0.01020408163265306,-0.0015297633907379003,0.01020408163265306,0.01020408163265306,0.01020408163265306,0.01020408163265306,0.01020408163265306,-0.12276405805752523,0.01020408163265306,0.01020408163265306,0.16160461432913306,0.01020408163265306,0.01020408163265306,0.01020408163265306,0.01020408163265306,-0.017582264920546285,0.01020408163265306,0.01020408163265306,0.01020408163265306,0.01020408163265306,-0.09484807085131103,0.01020408163265306,0.06638067643789404,0.01020408163265306,0.01020408163265306,0.01020408163265306,0.01020408163265306,0.01020408163265306,-0.053592851974501726,0.01020408163265306,0.01020408163265306,0.01020408163265306,0.01020408163265306,0.01020408163265306,0.01020408163265306,0.01020408163265306,0.01020408163265306,0.01020408163265306,0.004278588812585815,0.21024325780497724,0.01020408163265306,0.01020408163265306,0.01020408163265306,0.14677090515170657,0.3003984280298213,0.12617605664261927,0.01020408163265306,-0.04987487200563741
2026-07-17,0.09025817224581678,0.01020408163265306,0.01020408163265306,0.005428348036125183,-0.013725273625054222,0.01020408163265306,0.01020408163265306,0.01020408163265306,0.07114570297947216,0.01020408163265306,-0.05469036378286375,0.01020408163265306,-0.02163204858686764,0.01020408163265306,-0.09466562388655173,0.01020408163265306,-0.019550431102973102,0.01020408163265306,-0.03187621250655335,0.01020408163265306,-0.008236397390283366,0.01020408163265306,-0.09833606410894437,0.01020408163265306,0.01020408163265306,0.01020408163265306,0.01020408163265306,0.01020408163265306,0.01020408163265306,0.09232382754125013,0.011151280055242293,0.01020408163265306,0.009656952427882143,0.01020408163265306,0.01020408163265306,0.01020408163265306,0.01020408163265306,0.01020408163265306,0.01020408163265306,0.01020408163265306,-0.1055520496535766,-0.1059830753583948,0.06381262687988282,0.01020408163265306,0.01020408163265306,0.01020408163265306,-0.14307077834699958,0.01020408163265306,0.01020408163265306,0.01020408163265306,0.01020408163265306,0.0032195693439529167,0.01020408163265306,0.01020408163265306,0.01020408163265306,0.01020408163265306,0.01020408163265306,-0.12727803172899357,0.01020408163265306,0.01020408163265306,0.16753839550771477,0.01020408163265306,0.01020408163265306,-0.01165024568881864,0.01020408163265306,-0.04147420962729981,0.01020408163265306,0.01020408163265306,0.01020408163265306,0.01020408163265306,-0.11299989593252098,0.01020408163265306,0.11565799723853493,0.01020408163265306,0.01020408163265306,0.01020408163265306,0.01020408163265306,0.011086043482614504,-0.051999785909126864,0.01020408163265306,0.01020408163265306,0.01020408163265306,0.01020408163265306,0.01020408163265306,0.01020408163265306,0.01020408163265306,0.01020408163265306,0.01020408163265306,-0.00657111808432727,0.22800009913742406,0.03296955977845691,0.01020408163265306,0.01020408163265306,0.11284311640952913,0.2752841347438146,0.1617764080933939,0.01020408163265306,-0.05592185307075333
2026-07-20,0.09980973642066072,0.01020408163265306,0.01020408163265306,0.003122169441617555,-0.008184918383480367,0.01020408163265306,0.01020408163265306,0.01020408163265306,0.01020408163265306,0.01020408163265306,-0.042678281500905836,0.01020408163265306,-0.004945417241214943,0.01020408163265306,-0.10838819398259296,0.01020408163265306,0.01020408163265306,0.01020408163265306,-0.02986008484261584,0.01020408163265306,-0.0029042982444674736,0.01020408163265306,-0.07626985074569675,0.01020408163265306,0.01020408163265306,0.01020408163265306,0.01020408163265306,0.01020408163265306,0.01020408163265306,0.04809620170804856,0.011173941413631086,0.01020408163265306,0.01020408163265306,0.01020408163265306,0.01020408163265306,0.01020408163265306,0.01020408163265306,0.01020408163265306,0.01020408163265306,0.01020408163265306,-0.09456815765244808,-0.09532597746986216,0.04584674743292878,0.01020408163265306,0.01020408163265306,0.01020408163265306,-0.1392726562135595,0.01020408163265306,0.01020408163265306,0.01020408163265306,0.01020408163265306,0.01020408163265306,0.01020408163265306,0.01020408163265306,0.01020408163265306,0.01020408163265306,0.01020408163265306,-0.11633015498330955,0.01020408163265306,0.01020408163265306,0.1671467747073408,0.01020408163265306,0.01020408163265306,0.01020408163265306,0.01020408163265306,-0.032097721823103435,0.02770936195279916,0.01020408163265306,0.01020408163265306,0.01020408163265306,-0.05004386276411093,0.01020408163265306,0.0468710008866692,0.01020408163265306,0.01020408163265306,0.01020408163265306,0.01020408163265306,0.01020408163265306,-0.05200494934274403,0.007387749290615398,0.01020408163265306,0.01020408163265306,0.01020408163265306,0.01020408163265306,0.01020408163265306,0.01020408163265306,0.01020408163265306,0.01020408163265306,0.008709595369299125,0.13282844202079985,0.01020408163265306,0.01020408163265306,0.01020408163265306,0.08536300422132703,0.3061079169717008,0.2231057543596983,0.01020408163265306,-0.06448550366008572
2026-07-21,0.07909899361679275,0.01020408163265306,0.01020408163265306,0.003172122936780787,0.005300439393601984,0.01020408163265306,0.01020408163265306,0.01020408163265306,0.01020408163265306,0.01020408163265306,-0.04103103570270432,0.01020408163265306,-0.0029296007697659984,0.01020408163265306,-0.11738197292731921,0.01020408163265306,0.01020408163265306,0.01020408163265306,-0.013364477021170983,0.01020408163265306,-0.01313362336591792,0.01020408163265306,-0.07650316806142993,0.01020408163265306,-0.004994195407765814,0.003743536824884177,0.01020408163265306,0.01020408163265306,0.01020408163265306,0.05061076373917031,0.01020408163265306,0.01020408163265306,0.01020408163265306,0.01020408163265306,0.01020408163265306,0.01020408163265306,0.01020408163265306,0.01020408163265306,0.01020408163265306,0.01020408163265306,-0.08750238951104435,-0.08185946153105171,0.04650567862313756,0.01020408163265306,0.01020408163265306,0.01020408163265306,-0.13085323488175038,0.01020408163265306,0.01020408163265306,0.01020408163265306,0.01020408163265306,0.01020408163265306,0.01020408163265306,0.01020408163265306,0.01020408163265306,0.01020408163265306,0.016894998504075144,-0.1405937179536239,0.01020408163265306,0.01020408163265306,0.1749330678501362,0.01020408163265306,0.01020408163265306,0.01020408163265306,0.01020408163265306,-0.04304718061027794,0.013756778615772503,0.01020408163265306,0.01020408163265306,0.01020408163265306,-0.029492187229566313,0.01020408163265306,0.055421786817413096,0.01020408163265306,0.01020408163265306,0.01020408163265306,0.01020408163265306,0.01020408163265306,-0.05969862978959112,0.01020408163265306,0.01020408163265306,0.01020408163265306,0.01020408163265306,0.01020408163265306,0.01020408163265306,0.01020408163265306,0.01020408163265306,0.01020408163265306,0.005994678577822372,0.12601999303006756,0.01020408163265306,0.01020408163265306,0.01020408163265306,0.07204896588786086,0.31719325964795214,0.24138202928516883,0.01020408163265306,-0.06356976960806456
2026-07-22,0.03578902017231909,0.01020408163265306,0.01020408163265306,0.0033953868163899238,0.01020408163265306,0.01020408163265306,0.01020408163265306,0.025139057158242224,0.01020408163265306,0.01020408163265306,-0.04092260941232602,0.01020408163265306,-0.02883739957386442,0.01020408163265306,-0.10915140512851582,0.01020408163265306,0.01020408163265306,0.01020408163265306,0.01020408163265306,0.01020408163265306,-0.009001363954526548,0.01020408163265306,-0.05521591620057392,0.01020408163265306,0.01020408163265306,0.01020408163265306,0.01020408163265306,0.01020408163265306,0.01020408163265306,0.01020408163265306,0.01020408163265306,0.01020408163265306,0.01020408163265306,0.01020408163265306,0.01020408163265306,0.01020408163265306,0.01020408163265306,0.01020408163265306,0.01020408163265306,0.01020408163265306,-0.036217477403489524,-0.029196412311693495,0.01020408163265306,0.01020408163265306,0.01020408163265306,0.01020408163265306,-0.14183898214237173,0.01020408163265306,0.01020408163265306,0.01020408163265306,0.01020408163265306,0.01020408163265306,0.01020408163265306,0.01020408163265306,0.01020408163265306,0.01020408163265306,0.01020408163265306,-0.05281833450316281,0.01020408163265306,0.01020408163265306,0.1253449139127195,0.01020408163265306,0.01020408163265306,0.01020408163265306,0.01020408163265306,0.01020408163265306,0.01020408163265306,0.01020408163265306,0.01020408163265306,0.01020408163265306,0.01020408163265306,0.01020408163265306,0.01020408163265306,0.01020408163265306,0.01020408163265306,0.01020408163265306,0.01020408163265306,0.01020408163265306,-0.021575342391138716,0.01020408163265306,0.01020408163265306,0.01020408163265306,0.01020408163265306,0.01020408163265306,0.01020408163265306,0.01020408163265306,0.01020408163265306,0.01020408163265306,0.01020408163265306,0.07276843968661849,0.01020408163265306,0.01020408163265306,0.01020408163265306,0.050929417195554924,0.34967985624040687,0.12943377994612063,0.01020408163265306,-0.0738270770863005
2026-07-23,0.01020408163265306,0.01020408163265306,0.01020408163265306,0.0043801054737260155,0.01020408163265306,0.01020408163265306,0.01020408163265306,0.01020408163265306,0.01020408163265306,0.01020408163265306,-0.037751735465121776,0.01020408163265306,-0.05262359863447376,0.01020408163265306,-0.08303595499746953,0.01020408163265306,0.01020408163265306,0.01020408163265306,0.01020408163265306,0.01020408163265306,-0.010360170162340957,0.01020408163265306,0.008646385198976729,0.01020408163265306,0.01020408163265306,-0.006805950648686344,0.01020408163265306,0.01020408163265306,0.01020408163265306,0.01020408163265306,0.01020408163265306,0.01020408163265306,0.01020408163265306,0.01020408163265306,0.01020408163265306,0.01020408163265306,0.01020408163265306,0.01020408163265306,0.01020408163265306,0.01020408163265306,-0.010385057900537875,0.01020408163265306,0.01020408163265306,0.01020408163265306,0.01020408163265306,0.01020408163265306,-0.12761634223057824,0.01020408163265306,0.01020408163265306,0.01020408163265306,0.01020408163265306,-0.012336945779424692,0.01020408163265306,0.01020408163265306,0.01020408163265306,0.01020408163265306,0.01020408163265306,0.01020408163265306,0.01020408163265306,0.01020408163265306,0.0720444434240794,0.01020408163265306,0.01020408163265306,0.01020408163265306,0.01020408163265306,0.01020408163265306,0.01020408163265306,0.01020408163265306,0.01020408163265306,0.01020408163265306,0.01020408163265306,0.01020408163265306,0.01020408163265306,0.01020408163265306,0.01020408163265306,0.01020408163265306,0.01020408163265306,0.01020408163265306,0.0035936928619587985,0.01020408163265306,0.01020408163265306,0.01020408163265306,0.01020408163265306,0.01020408163265306,0.01020408163265306,0.01020408163265306,0.01020408163265306,0.01020408163265306,0.01020408163265306,0.05233248718679921,0.01020408163265306,0.01020408163265306,0.01020408163265306,0.0613850278628964,0.3654572735900569,0.023200993579518672,0.01020408163265306,-0.07665526560427688
2026-07-24,0.01020408163265306,0.01020408163265306,0.01020408163265306,0.0030454172094069197,0.01020408163265306,0.01020408163265306,0.01020408163265306,0.01020408163265306,0.01020408163265306,0.01020408163265306,-0.04028018474938328,0.01020408163265306,-0.023272024363188308,0.01020408163265306,-0.07941462515145939,0.01020408163265306,0.01020408163265306,0.01020408163265306,0.01020408163265306,0.01020408163265306,-0.0008538688501131438,0.01020408163265306,0.01020408163265306,0.01020408163265306,0.01020408163265306,0.01020408163265306,0.01020408163265306,0.01020408163265306,0.01020408163265306,0.01020408163265306,0.01020408163265306,0.01020408163265306,0.01020408163265306,0.01020408163265306,0.01020408163265306,0.01020408163265306,0.01020408163265306,0.01020408163265306,0.01020408163265306,0.01020408163265306,0.01020408163265306,0.01020408163265306,0.01020408163265306,0.01020408163265306,0.01020408163265306,0.01020408163265306,-0.13105468512961937,0.01020408163265306,0.01020408163265306,0.01020408163265306,0.01020408163265306,0.0009217892347046681,0.01020408163265306,0.01020408163265306,0.01020408163265306,0.01020408163265306,0.01020408163265306,0.01020408163265306,0.01020408163265306,0.01020408163265306,0.040102929156995495,0.01020408163265306,0.01020408163265306,0.01020408163265306,0.01020408163265306,0.01020408163265306,0.01020408163265306,0.01020408163265306,0.01020408163265306,0.01020408163265306,0.01020408163265306,0.01020408163265306,0.01020408163265306,0.01020408163265306,0.01020408163265306,0.01020408163265306,0.01020408163265306,0.01020408163265306,0.01020408163265306,0.01020408163265306,0.01020408163265306,0.01020408163265306,0.01020408163265306,0.01020408163265306,0.01020408163265306,0.01020408163265306,0.01020408163265306,0.01020408163265306,0.01020408163265306,0.01020408163265306,0.01020408163265306,0.01020408163265306,0.01020408163265306,0.028285324483943365,0.36083535542408474,0.04754475637853185,0.01020408163265306,-0.08341120405206677
2026-07-27,0.01020408163265306,0.01020408163265306,0.01020408163265306,0.0031427969891331155,0.01020408163265306,0.01020408163265306,0.01020408163265306,0.01020408163265306,0.01020408163265306,0.01020408163265306,-0.03406384260324574,0.01020408163265306,-0.03440856292901794,0.01020408163265306,-0.09502289805742976,0.01020408163265306,0.01020408163265306,0.01020408163265306,0.01020408163265306,0.01020408163265306,-0.005649995301509078,0.01020408163265306,0.0003660500761589625,0.01020408163265306,0.01020408163265306,0.009361404076337298,0.01020408163265306,-0.0008581533845635793,0.01020408163265306,0.01020408163265306,0.01020408163265306,0.01020408163265306,0.01020408163265306,0.01020408163265306,0.01020408163265306,0.01020408163265306,0.01020408163265306,0.01020408163265306,0.01020408163265306,0.01020408163265306,-0.02458452401150854,0.01020408163265306,0.01020408163265306,0.01020408163265306,0.01020408163265306,0.01020408163265306,-0.13356377154379548,0.01020408163265306,0.01020408163265306,0.01020408163265306,0.01020408163265306,-0.013678939213459565,0.01020408163265306,0.01020408163265306,0.01020408163265306,0.01020408163265306,0.01020408163265306,0.01020408163265306,0.01020408163265306,0.01020408163265306,0.06950772627990857,0.01020408163265306,0.01020408163265306,0.01020408163265306,0.01020408163265306,0.01020408163265306,0.01020408163265306,0.01020408163265306,0.01020408163265306,0.02083801208116139,0.01020408163265306,0.01020408163265306,0.01020408163265306,0.01020408163265306,0.01020408163265306,0.01020408163265306,0.01020408163265306,0.01020408163265306,0.01020408163265306,0.01020408163265306,0.01020408163265306,0.01020408163265306,0.01020408163265306,0.01020408163265306,0.01020408163265306,0.01020408163265306,0.01020408163265306,0.01020408163265306,0.01020408163265306,0.060665962520048654,0.01020408163265306,0.01020408163265306,0.01020408163265306,0.03661020507347579,0.3871584830872141,0.021632457616872918,0.01020408163265306,-0.083778941368026
2026-07-28,0.09419573954202562,0.01020408163265306,0.01020408163265306,0.0005097144205026272,0.01020408163265306,0.01020408163265306,0.01020408163265306,0.01020408163265306,0.04735836054396556,0.01020408163265306,-0.039973841454369996,0.01020408163265306,0.0033939326714749057,0.01020408163265306,-0.15902923279959072,0.01020408163265306,0.01020408163265306,0.01020408163265306,-0.08614700779312481,0.01020408163265306,-0.010377451980928218,0.01020408163265306,-0.1282585474931336,0.01020408163265306,0.01020408163265306,0.01020408163265306,0.01020408163265306,0.0058318378161538904,0.01020408163265306,0.12278537470527019,0.059798547412327104,0.01020408163265306,-0.025883541114140006,0.01020408163265306,0.01020408163265306,0.01020408163265306,0.01020408163265306,0.01020408163265306,0.01020408163265306,0.00912879952830333,-0.13164720406011815,-0.04555291880057873,0.07553595735314701,0.035401453820655494,0.01020408163265306,0.01020408163265306,-0.1348677565445842,-0.05930840777428628,-0.0012413352399892885,-0.024129572913484727,0.01020408163265306,0.01020408163265306,0.01020408163265306,0.01020408163265306,0.01020408163265306,0.01020408163265306,0.01020408163265306,-0.15785567345834448,0.01020408163265306,0.01020408163265306,0.17813130048818215,0.01020408163265306,0.16284896794510037,-0.06852853790823211,0.01020408163265306,-0.05536006401192638,0.01020408163265306,0.01020408163265306,0.07968534266031436,0.04998433986923595,-0.1172586309560213,0.01020408163265306,0.027225080940563764,0.01020408163265306,0.01020408163265306,0.01020408163265306,0.01020408163265306,0.034736974182044654,0.01020408163265306,0.01020408163265306,0.01020408163265306,0.01020408163265306,0.02059932675067995,0.025881610567317005,0.033302697906830124,0.01020408163265306,0.01020408163265306,0.01020408163265306,0.001272017221758447,0.13254618343643348,0.01020408163265306,0.01020408163265306,0.01020408163265306,0.01020408163265306,0.3464039541180703,0.23642375000440458,-0.02388534432471446,-0.09530884833841786
2026-07-29,0.06614124677892678,0.01020408163265306,0.01020408163265306,0.002578382473440829,0.01020408163265306,0.01020408163265306,0.01020408163265306,0.01020408163265306,0.01020408163265306,0.01020408163265306,-0.022640566508820542,0.01020408163265306,-0.024279461401724253,0.01020408163265306,-0.19020798995731122,0.01020408163265306,0.01020408163265306,0.01020408163265306,-0.018044789660141648,0.01020408163265306,-0.008426389056511345,0.01020408163265306,-0.020228498118530697,0.01020408163265306,0.01020408163265306,0.01020408163265306,0.01020408163265306,0.01020408163265306,0.01020408163265306,0.01020408163265306,0.01020408163265306,0.01020408163265306,0.00042487570520611737,0.01020408163265306,0.01020408163265306,0.01020408163265306,0.01020408163265306,0.01020408163265306,0.01020408163265306,0.01020408163265306,-0.06957038638171381,0.005616524239818289,0.01628761102689908,0.01020408163265306,0.01020408163265306,0.01020408163265306,-0.15490803840447445,0.01020408163265306,0.01020408163265306,0.01020408163265306,0.01020408163265306,0.01020408163265306,0.01020408163265306,0.01020408163265306,0.01020408163265306,0.01020408163265306,0.01020408163265306,-0.07653910526471759,0.01020408163265306,0.01020408163265306,0.09946311909741588,0.01020408163265306,0.01020408163265306,0.01020408163265306,0.01020408163265306,0.01020408163265306,0.01020408163265306,0.01020408163265306,0.01020408163265306,0.062918633796871,-0.031770212805441275,0.01020408163265306,0.03385600463371537,0.01020408163265306,0.01020408163265306,0.01020408163265306,0.01020408163265306,0.030801170715105616,0.01020408163265306,0.01020408163265306,0.01020408163265306,0.01020408163265306,0.01020408163265306,0.01020408163265306,0.01020408163265306,0.01020408163265306,0.01020408163265306,0.01020408163265306,-0.0187215078864323,0.10331368853566351,0.01020408163265306,0.01020408163265306,0.031905398612728654,0.01020408163265306,0.4126000788396733,0.10327936549864244,0.01020408163265306,-0.07874711369196126
2026-07-30,0.03554436037184995,0.01020408163265306,0.01020408163265306,-0.0018725167472672666,0.01020408163265306,0.01020408163265306,0.01020408163265306,0.05431718681874453,0.12575916066369783,0.01020408163265306,0.01020408163265306,0.01020408163265306,-0.06550972941991529,0.01020408163265306,-0.24531463167355344,0.03709481948390238,0.01020408163265306,0.01020408163265306,-0.13217397165234906,0.01020408163265306,0.01020408163265306,0.01020408163265306,-0.08298229397314591,0.01020408163265306,0.01020408163265306,0.01020408163265306,0.01020408163265306,0.01020408163265306,0.01020408163265306,0.01020408163265306,0.01020408163265306,0.01020408163265306,0.007010450038682422,0.01020408163265306,0.01020408163265306,0.01020408163265306,0.01020408163265306,0.01020408163265306,0.01020408163265306,-0.009993313433070769,-0.09076318072923403,0.01020408163265306,0.01737094395937586,0.03454420348875027,0.01020408163265306,0.01020408163265306,-0.16044698063333843,0.01020408163265306,0.01020408163265306,0.01020408163265306,0.01020408163265306,0.01020408163265306,0.01020408163265306,0.05220606966459309,0.01020408163265306,0.01020408163265306,0.01020408163265306,-0.04119800757435882,0.01020408163265306,0.01020408163265306,0.12501038547271234,0.01020408163265306,0.016736622044332378,0.000745081340297887,0.01020408163265306,0.005997079760650465,0.01020408163265306,0.01020408163265306,0.028949426759954933,0.11880847274195035,-0.19075705046998642,0.01020408163265306,0.08054718445330378,0.01020408163265306,0.01020408163265306,0.01020408163265306,0.01020408163265306,0.01020408163265306,0.01020408163265306,0.01020408163265306,0.01020408163265306,0.02148610816397669,0.01020408163265306,0.01020408163265306,0.02586975296935798,0.04571064908037314,0.01020408163265306,0.01020408163265306,-0.07414795190988506,0.2274913104156707,0.01020408163265306,0.01020408163265306,0.01020408163265306,0.01020408163265306,0.42012851095260373,0.04649396764971342,-0.011746059589817679,-0.07397728297836788
2026-07-31,0.01020408163265306,0.01020408163265306,0.01020408163265306,-0.001596973163206351,0.01020408163265306,0.01020408163265306,0.01020408163265306,0.01020408163265306,0.01020408163265306,0.01020408163265306,0.01020408163265306,0.01020408163265306,-0.05645850296039778,0.01020408163265306,-0.1944737290794982,0.01020408163265306,0.01020408163265306,0.01020408163265306,0.01020408163265306,0.01020408163265306,-0.00581606426165736,0.01020408163265306,0.01020408163265306,0.01020408163265306,0.01020408163265306,0.01020408163265306,0.01020408163265306,0.01020408163265306,0.01020408163265306,0.01020408163265306,0.01020408163265306,0.01020408163265306,0.01020408163265306,0.01020408163265306,0.01020408163265306,0.01020408163265306,0.01020408163265306,0.01020408163265306,0.01020408163265306,0.01020408163265306,-0.017396596161456813,0.01020408163265306,0.01020408163265306,0.01020408163265306,0.01020408163265306,0.01020408163265306,-0.116956690135702,0.01020408163265306,0.01020408163265306,0.01020408163265306,0.01020408163265306,0.01020408163265306,0.01020408163265306,0.01020408163265306,0.01020408163265306,0.01020408163265306,0.01020408163265306,0.01020408163265306,0.01020408163265306,0.01020408163265306,0.06631437754277475,0.01020408163265306,0.01020408163265306,0.01020408163265306,0.01020408163265306,0.01020408163265306,0.01020408163265306,0.01020408163265306,0.01020408163265306,0.09315433680986805,0.01020408163265306,0.01020408163265306,0.01020408163265306,0.01020408163265306,0.01020408163265306,0.01020408163265306,0.01020408163265306,0.01020408163265306,0.01020408163265306,0.01020408163265306,0.01020408163265306,0.01020408163265306,0.01020408163265306,0.01020408163265306,0.01020408163265306,0.01020408163265306,0.01020408163265306,0.01020408163265306,0.01020408163265306,0.01020408163265306,0.01020408163265306,0.01020408163265306,0.01020408163265306,0.01020408163265306,0.429172842765664,0.01020408163265306,0.01020408163265306,-0.09390218502985766
