date,SMALL LoBM,ME1 BM2,ME1 BM3,ME1 BM4,ME1 BM5,ME1 BM6,ME1 BM7,ME1 BM8,ME1 BM9,SMALL HiBM,ME2 BM1,ME2 BM2,ME2 BM3,ME2 BM4,ME2 BM5,ME2 BM6,ME2 BM7,ME2 BM8,ME2 BM9,ME2 BM10,ME3 BM1,ME3 BM2,ME3 BM3,ME3 BM4,ME3 BM5,ME3 BM6,ME3 BM7,ME3 BM8,ME3 BM9,ME3 BM10,ME4 BM1,ME4 BM2,ME4 BM3,ME4 BM4,ME4 BM5,ME4 BM6,ME4 BM7,ME4 BM8,ME4 BM9,ME4 BM10,ME5 BM1,ME5 BM2,ME5 BM3,ME5 BM4,ME5 BM5,ME5 BM6,ME5 BM7,ME5 BM8,ME5 BM9,ME5 BM10,ME6 BM1,ME6 BM2,ME6 BM3,ME6 BM4,ME6 BM5,ME6 BM6,ME6 BM7,ME6 BM8,ME6 BM9,ME6 BM10,ME7 BM1,ME7 BM2,ME7 BM3,ME7 BM4,ME7 BM5,ME7 BM6,ME7 BM7,ME7 BM8,ME7 BM9,ME7 BM10,ME8 BM1,ME8 BM2,ME8 BM3,ME8 BM4,ME8 BM5,ME8 BM6,ME8 BM7,ME8 BM8,ME8 BM9,ME8 BM10,ME9 BM1,ME9 BM2,ME9 BM3,ME9 BM4,ME9 BM5,ME9 BM6,ME9 BM7,ME9 BM8,ME9 BM9,BIG LoBM,ME10 BM2,ME10 BM3,ME10 BM4,ME10 BM5,ME10 BM6,ME10 BM7,ME10 BM8,ME10 BM9
2026-01-02,-0.03487201499706315,-0.0008356380664564633,0.040945426885340516,-0.025782697300684297,-0.08374755345203298,0.01020408163265306,0.041112137534529816,0.01020408163265306,0.12381462766703567,0.0357932140450514,-0.013446447764950352,0.01020408163265306,-0.01535765273239485,-0.01172853420502057,-0.17896079311407972,0.01020408163265306,-0.024559820955377884,-0.0030466155219377317,0.01020408163265306,0.01020408163265306,0.01020408163265306,-0.014292416503703257,0.01020408163265306,0.01020408163265306,0.01020408163265306,0.01020408163265306,0.01020408163265306,0.01020408163265306,0.01020408163265306,-0.04126873189268977,0.01020408163265306,0.01020408163265306,-0.12754758317652848,0.13531373250991863,-0.002915440711582,-0.09125164202338319,0.0001649146302877911,0.01020408163265306,-0.11768047907161132,-0.02654469906372807,0.01020408163265306,0.01020408163265306,-0.0001883851566977044,0.01020408163265306,0.01020408163265306,0.01020408163265306,-0.028971688938893243,0.01020408163265306,0.01020408163265306,-0.010292759344802537,0.01020408163265306,-0.08300611553725025,0.01020408163265306,-0.008370181694351607,0.01020408163265306,0.01020408163265306,0.01020408163265306,0.01020408163265306,0.01020408163265306,0.01020408163265306,0.01020408163265306,0.01020408163265306,0.01020408163265306,0.01020408163265306,0.01020408163265306,0.01020408163265306,-0.01962589572042065,0.01020408163265306,0.01020408163265306,0.03657810650062712,0.01020408163265306,0.01020408163265306,0.01020408163265306,0.01020408163265306,0.01020408163265306,0.018588877808119443,-0.04013260465526897,0.01020408163265306,0.01020408163265306,0.01020408163265306,0.01020408163265306,0.01020408163265306,0.01020408163265306,0.12884182550240045,0.01020408163265306,0.01020408163265306,0.016418735346565665,0.01020408163265306,0.01020408163265306,0.379822149903194,0.030579250422091343,0.01020408163265306,0.01020408163265306,0.08507137534650511,0.01020408163265306,0.46754013157923985,0.01020408163265306,-0.1381989304065282
2026-01-05,-0.03571260723523423,-0.002731121712698131,0.041429572244447155,-0.02317714747773149,-0.08198422440014343,0.01020408163265306,0.03334521703734316,0.01020408163265306,0.12711154462901178,0.03028897294853236,-0.015360636659021406,0.01020408163265306,-0.013729493659369782,-0.013213350592248695,-0.16860451921284172,0.010148365994808908,-0.008542983253844677,0.006121772419820577,0.01020408163265306,0.01020408163265306,0.01020408163265306,-0.02759171017645516,0.01020408163265306,0.01020408163265306,0.01020408163265306,0.01020408163265306,0.01020408163265306,0.01020408163265306,0.01020408163265306,-0.04583666104200347,0.01020408163265306,0.01020408163265306,-0.11386465715045321,0.1405099837061135,-0.009728633823955416,-0.09800760972608646,0.008259169675420815,0.01020408163265306,-0.12437167307675244,-0.028497813983726784,0.01020408163265306,0.01020408163265306,0.002391264662594105,0.01020408163265306,0.01020408163265306,0.01020408163265306,-0.023729417711816088,0.01020408163265306,0.01020408163265306,-0.00487486447483332,0.01020408163265306,-0.09114265078670829,0.01020408163265306,-0.026374271099922665,0.01020408163265306,0.01020408163265306,0.01020408163265306,0.01020408163265306,0.01020408163265306,0.01020408163265306,0.01020408163265306,0.01020408163265306,0.01020408163265306,0.01020408163265306,0.01020408163265306,0.01020408163265306,-0.02017337508418765,0.005312345720863465,0.01020408163265306,0.03818001781596404,0.01020408163265306,0.01020408163265306,0.008392848779850512,0.01020408163265306,0.01020408163265306,0.011650279661918977,-0.0330815261701518,0.01020408163265306,0.01020408163265306,0.01020408163265306,0.01020408163265306,0.01020408163265306,0.01020408163265306,0.12242120406182976,0.01020408163265306,0.01020408163265306,0.014372945656248585,0.01020408163265306,0.01020408163265306,0.41709712540684396,0.016664207649936476,0.01020408163265306,0.01020408163265306,0.07967695120947818,0.01020408163265306,0.46572732124680094,0.01020408163265306,-0.14019873344621236
2026-01-06,-0.03319711357237873,-0.004623630957840597,0.034405983612781674,-0.011802172988259708,-0.08519547899032703,0.01020408163265306,0.022203317366049264,0.011129425853992535,0.10788178793530466,0.03037907394315803,-0.018647667930653672,0.01020408163265306,-0.011239280453699154,-0.017176602514048886,-0.16365110515524248,0.01020408163265306,-0.004616628268101155,0.01020408163265306,0.01020408163265306,0.01020408163265306,0.008432803496913464,-0.013599469659926105,0.026990483554754023,0.01020408163265306,0.01020408163265306,0.01020408163265306,0.01020408163265306,0.01020408163265306,0.01020408163265306,-0.046589118813587155,0.01020408163265306,0.01020408163265306,-0.12024725344313268,0.1512046853571192,-0.015241649186602124,-0.09805389254931969,0.01020408163265306,0.01020408163265306,-0.1210200202105811,-0.015099130860910628,0.01020408163265306,0.01020408163265306,0.01020408163265306,0.01020408163265306,0.01020408163265306,0.01020408163265306,-0.03033057269817077,0.01020408163265306,0.01020408163265306,0.01020408163265306,0.01020408163265306,-0.08851055672873887,0.01020408163265306,-0.04554475148691519,0.01020408163265306,0.01020408163265306,0.01020408163265306,0.01020408163265306,0.01020408163265306,0.01020408163265306,0.006446127858428036,0.01020408163265306,0.01020408163265306,0.01020408163265306,0.01020408163265306,0.01020408163265306,-0.05477782140899097,0.01020408163265306,0.01020408163265306,0.04114261134803228,0.01020408163265306,0.01020408163265306,0.004463864737242983,0.01020408163265306,0.01020408163265306,0.026786468541359812,-0.04750488030965431,0.01020408163265306,0.01020408163265306,0.01020408163265306,0.01020408163265306,0.01020408163265306,0.01020408163265306,0.14349696846290147,0.01020408163265306,0.019242471648977702,0.01020408163265306,0.01020408163265306,0.01020408163265306,0.41338230531040754,0.01020408163265306,0.01020408163265306,0.01020408163265306,0.10119581617420619,0.01020408163265306,0.44142530365240734,0.01020408163265306,-0.14558151699348587
2026-01-07,-0.0022386385859883996,0.01020408163265306,0.01020408163265306,0.0074094761367152605,-0.07849634170768884,0.01020408163265306,0.01020408163265306,0.01020408163265306,0.01020408163265306,0.014273637336771082,-0.028224958240111633,0.01020408163265306,0.001846200500018982,0.01020408163265306,-0.15212439822692544,0.01020408163265306,0.01020408163265306,0.01020408163265306,0.01020408163265306,0.01020408163265306,0.01020408163265306,-0.00884484660699872,0.01020408163265306,0.01020408163265306,0.01020408163265306,0.01020408163265306,0.01020408163265306,0.01020408163265306,0.01020408163265306,-0.04146887565526681,0.01020408163265306,0.01020408163265306,-0.09835707084725696,0.01020408163265306,-0.01633984787496126,-0.06775146534362739,0.01020408163265306,0.01020408163265306,-0.07435279433254151,-0.0017633256315609767,0.01020408163265306,0.01020408163265306,0.008973153514236037,0.01020408163265306,0.01020408163265306,0.01020408163265306,-0.029470013864759045,0.01020408163265306,0.01020408163265306,0.01020408163265306,0.01020408163265306,-0.06286139821289143,0.01020408163265306,-0.004937527470387006,0.01020408163265306,0.01020408163265306,0.01020408163265306,0.01020408163265306,0.01020408163265306,0.01020408163265306,0.01020408163265306,0.01020408163265306,0.01020408163265306,0.01020408163265306,0.01020408163265306,0.01020408163265306,0.01020408163265306,0.01020408163265306,0.01020408163265306,0.048624486545730546,0.01020408163265306,0.01020408163265306,0.01020408163265306,0.01020408163265306,0.01020408163265306,0.01020408163265306,-0.04715237494366538,0.01020408163265306,0.01020408163265306,0.01020408163265306,0.01020408163265306,0.01020408163265306,0.01020408163265306,0.05929382909992057,0.01020408163265306,0.012418712372630411,0.01020408163265306,0.01020408163265306,0.01020408163265306,0.411081978530384,0.01020408163265306,0.01020408163265306,0.01020408163265306,0.12851592360767175,0.01020408163265306,0.44046193333469374,0.01020408163265306,-0.15320933098516198
2026-01-08,-0.014240441563439137,0.005621051174059442,0.014267925599768548,0.0010524394130385917,-0.07446098829068179,0.01020408163265306,0.0239408751584065,0.01020408163265306,0.04426954930626877,0.03037632968536512,-0.02838393532328612,0.01020408163265306,-0.0039026307284167044,0.0029478775528207985,-0.14579227680374932,0.01020408163265306,0.01020408163265306,0.01020408163265306,0.01020408163265306,0.01020408163265306,0.0014113580262759898,-0.01934283574266759,0.01020408163265306,0.01020408163265306,0.01020408163265306,0.01020408163265306,0.01020408163265306,0.01020408163265306,0.01020408163265306,-0.05188877456014448,0.01020408163265306,0.01020408163265306,-0.10091628119160624,0.09470488414957408,-0.021596797385610135,-0.07970695244467108,0.01020408163265306,0.01020408163265306,-0.10259094581693858,-0.014416676862920587,0.01020408163265306,0.01020408163265306,0.01020408163265306,0.01020408163265306,0.01020408163265306,0.01020408163265306,-0.02395801343154736,0.01020408163265306,0.01020408163265306,0.01020408163265306,0.01020408163265306,-0.0792885310588362,0.01020408163265306,-0.035533268694341036,0.01020408163265306,0.01020408163265306,0.01020408163265306,0.01020408163265306,0.01020408163265306,0.01020408163265306,0.01020408163265306,0.01020408163265306,0.01020408163265306,0.01020408163265306,0.01020408163265306,0.01020408163265306,-0.019224363044660492,0.01020408163265306,0.01020408163265306,0.048093103811001826,0.01020408163265306,0.01020408163265306,0.01020408163265306,0.01020408163265306,0.01020408163265306,0.01020408163265306,-0.042768615938686826,0.01020408163265306,0.01020408163265306,0.01020408163265306,0.01020408163265306,0.01020408163265306,0.01020408163265306,0.07225029171962,0.01020408163265306,0.01020408163265306,0.01020408163265306,0.01020408163265306,0.01020408163265306,0.4296698310456807,0.01020408163265306,0.01020408163265306,0.01020408163265306,0.12702090467966284,0.01020408163265306,0.43692766058217464,0.01020408163265306,-0.14801114077661603
2026-01-09,-0.03564375838868369,-0.01138366414254593,0.03460362248611343,-0.009644705339437442,-0.08611964862904321,0.01020408163265306,0.03179588745024335,0.025720463825809073,0.1183261128011326,0.03126540600041916,-0.024130146176149052,0.01020408163265306,-0.011110109152629196,-0.022909284464201624,-0.1297650269147364,0.01020408163265306,0.007226819727385038,0.004185183733682516,0.01020408163265306,0.01020408163265306,-0.0040712010815280655,-0.024253355520524864,0.01020408163265306,0.01020408163265306,0.01020408163265306,0.01020408163265306,0.01020408163265306,0.01020408163265306,0.01020408163265306,-0.06370392473813762,0.01020408163265306,0.01020408163265306,-0.10164230289407994,0.1706408010297274,-0.022210993455960004,-0.09652270632958274,0.01020408163265306,-0.012974389352010745,-0.12445586451341227,-0.023296111484356855,0.01020408163265306,0.01020408163265306,0.007794731841573156,0.01020408163265306,0.01020408163265306,0.01020408163265306,-0.021823021202867644,0.01020408163265306,0.01020408163265306,0.01020408163265306,0.01020408163265306,-0.09541637119376689,0.01020408163265306,-0.05165556878277434,0.01020408163265306,0.01020408163265306,0.01020408163265306,0.01020408163265306,0.01020408163265306,0.01020408163265306,0.01020408163265306,0.01020408163265306,0.01020408163265306,0.01020408163265306,0.01020408163265306,0.01020408163265306,-0.05451782667124491,0.01020408163265306,0.01020408163265306,0.04058576029532665,0.01020408163265306,0.01020408163265306,0.008308629350029496,0.01020408163265306,0.01020408163265306,0.031723096786000396,-0.027270384582856882,0.01020408163265306,0.01020408163265306,0.01020408163265306,0.01020408163265306,0.01020408163265306,0.01020408163265306,0.10352251104551573,0.01020408163265306,0.01020408163265306,0.01020408163265306,0.01020408163265306,0.01020408163265306,0.43412319205969685,0.01020408163265306,0.01020408163265306,0.01020408163265306,0.11368394203889959,0.01020408163265306,0.43612084009094176,0.006782556448637223,-0.14372592669448048
2026-01-12,-0.06609255083047601,-0.02431697030746599,0.0453037818433132,-0.0019203742736027627,-0.08624929848130128,0.01020408163265306,0.04362744993025874,0.03503020693467485,0.15660213547597504,0.03981029541237619,-0.01863442788439775,0.0061394576806068826,-0.01587613900714173,-0.02375863745658645,-0.09273310355532523,0.01020408163265306,-0.02745156729260513,-0.014416516175784816,0.01020408163265306,0.01020408163265306,-0.019373554597284376,-0.02262311622864193,0.023383938052049583,0.01020408163265306,0.01020408163265306,0.01020408163265306,0.016609948279405644,0.03171902675187891,0.01020408163265306,-0.056443821926660226,0.01020408163265306,0.01020408163265306,-0.12997814736803284,0.16159058098535342,0.01020408163265306,-0.07276659157649343,0.01020408163265306,-0.013273931905459163,-0.125135760069769,-0.03391423529198785,0.01020408163265306,0.007451551936804879,0.006883072740370314,0.01020408163265306,0.004118007927167331,0.01020408163265306,-0.06444479926712665,0.01020408163265306,0.01020408163265306,-0.0003708741989169248,0.01020408163265306,-0.10117156859368084,0.01020408163265306,-0.047540890029060354,0.01020408163265306,0.01020408163265306,-0.01766316657027065,0.01020408163265306,0.01020408163265306,0.01020408163265306,0.01020408163265306,0.0486584952117964,0.04003166667453597,0.01020408163265306,0.01020408163265306,0.01020408163265306,-0.12974841790637612,0.01020408163265306,0.01020408163265306,0.030540002422387504,0.01020408163265306,0.01020408163265306,-0.05318096926260972,0.01020408163265306,0.02474344298171933,0.0723108717006396,-0.008999890480373576,0.01020408163265306,0.01020408163265306,0.01020408163265306,0.01020408163265306,0.01020408163265306,0.01020408163265306,0.13173611706571403,0.01020408163265306,0.01020408163265306,0.012519368380975369,0.01020408163265306,0.01020408163265306,0.42567201523093007,0.019736480264089022,-0.014075845783954143,0.01020408163265306,0.10507847936125378,0.01020408163265306,0.4663964469967002,-0.005546216719853137,-0.12717513066912578
2026-01-13,-0.0020647295782138027,0.0078055197480890615,0.01020408163265306,0.010023937303239557,-0.06414048889942245,0.01020408163265306,0.01020408163265306,0.01020408163265306,0.01020408163265306,0.012473948599250294,-0.030048644437143605,0.01020408163265306,0.002368320629224211,0.01020408163265306,-0.08517064700993725,0.01020408163265306,0.01020408163265306,-0.012749249722464625,0.01020408163265306,0.01020408163265306,0.006080337494666617,-0.018999219808637127,0.01020408163265306,0.01020408163265306,0.01020408163265306,0.01020408163265306,0.01020408163265306,0.01020408163265306,0.01020408163265306,-0.06079000276925296,0.01020408163265306,0.01020408163265306,-0.09385887693961113,0.01020408163265306,-0.008381268501039025,-0.06439333895444133,0.01020408163265306,0.01020408163265306,-0.086724920059255,-0.011292467861121308,0.01020408163265306,0.01020408163265306,0.00445541240444705,0.01020408163265306,0.01020408163265306,0.01020408163265306,-0.053603456666817456,0.01020408163265306,0.01020408163265306,0.01020408163265306,0.01020408163265306,-0.06849183698681983,0.01020408163265306,-0.01014530538716621,0.01020408163265306,0.01020408163265306,0.01020408163265306,0.01020408163265306,0.01020408163265306,0.01020408163265306,0.01020408163265306,0.01020408163265306,0.01020408163265306,0.01020408163265306,0.01020408163265306,0.01020408163265306,0.01020408163265306,0.01020408163265306,0.01020408163265306,0.04344529339199607,0.01020408163265306,0.01020408163265306,0.01020408163265306,0.01020408163265306,0.01020408163265306,0.01020408163265306,-0.02430002796075574,0.01020408163265306,0.01020408163265306,0.01020408163265306,0.01020408163265306,0.01020408163265306,0.01020408163265306,0.025543570804706275,0.01020408163265306,0.01020408163265306,0.01020408163265306,0.01020408163265306,0.01020408163265306,0.42693058712538273,0.01020408163265306,0.01020408163265306,0.01020408163265306,0.122850423373829,0.01020408163265306,0.46104297771076486,0.01020408163265306,-0.14215156132921125
2026-01-14,0.003676910206194632,-0.0029365749369922554,0.01020408163265306,0.01020408163265306,-0.06334348240453683,0.01020408163265306,0.01020408163265306,0.01020408163265306,0.01020408163265306,0.016405243159794563,-0.02823384072297335,0.01020408163265306,0.002391577386307662,0.01020408163265306,-0.07878111684398122,0.01020408163265306,-0.0032616105071353665,-0.00558320227649794,0.01020408163265306,0.01020408163265306,0.007467864301242905,-0.016664113602138583,0.01020408163265306,0.01020408163265306,0.01020408163265306,0.01020408163265306,0.01020408163265306,0.01020408163265306,0.01020408163265306,-0.06280730495968026,0.01020408163265306,0.01020408163265306,-0.09915144002640662,0.01020408163265306,-0.0037750968458422716,-0.05167261786991583,0.01020408163265306,0.01020408163265306,-0.08252382630487595,-0.010400345988219597,0.01020408163265306,0.01020408163265306,-0.003435521530115941,0.01020408163265306,0.01020408163265306,0.01020408163265306,-0.05661852590837918,0.01020408163265306,0.01020408163265306,0.01020408163265306,0.01020408163265306,-0.062498881244847204,0.01020408163265306,-0.004987966432060044,0.01020408163265306,0.01020408163265306,0.01020408163265306,0.01020408163265306,0.01020408163265306,0.01020408163265306,0.01020408163265306,0.01020408163265306,0.01020408163265306,0.01020408163265306,0.01020408163265306,0.01020408163265306,0.01020408163265306,0.01020408163265306,0.01020408163265306,0.04066931572549112,0.01020408163265306,0.01020408163265306,0.01020408163265306,0.01020408163265306,0.01020408163265306,0.01020408163265306,-0.03088751480500338,0.01020408163265306,0.01020408163265306,0.01020408163265306,0.01020408163265306,0.01020408163265306,0.01020408163265306,0.01866568242915862,0.01020408163265306,0.01020408163265306,0.01020408163265306,0.01020408163265306,0.01020408163265306,0.41018609293402475,0.01020408163265306,0.01020408163265306,0.01020408163265306,0.14257222464108832,0.01020408163265306,0.45171755590623647,0.01020408163265306,-0.14047519776565154
2026-01-15,0.002865914993996875,0.002385012952628931,0.01020408163265306,0.0033485403448462086,-0.0657525698631141,0.01020408163265306,0.011249504863246303,0.01020408163265306,0.01020408163265306,0.01714089037745465,-0.026033474499774063,0.01020408163265306,0.0008949920143258849,0.01020408163265306,-0.07719426453826925,0.01020408163265306,0.006470474819178392,-0.01319307054187809,0.01020408163265306,0.01020408163265306,0.00844216132029412,-0.019419909622181528,0.01020408163265306,0.01020408163265306,0.01020408163265306,0.01020408163265306,0.01020408163265306,0.01020408163265306,0.01020408163265306,-0.06168953504702236,0.01020408163265306,0.01020408163265306,-0.0963970295598963,0.01020408163265306,-0.007116649759585451,-0.05732040395121124,0.01020408163265306,0.01020408163265306,-0.07672768476916032,-0.014004730785334105,0.01020408163265306,0.01020408163265306,-0.0050160701236876635,0.01020408163265306,0.01020408163265306,0.01020408163265306,-0.059689147525254754,0.01020408163265306,0.01020408163265306,0.01020408163265306,0.01020408163265306,-0.05898197833698628,0.01020408163265306,-0.0005894537072778268,0.01020408163265306,0.01020408163265306,0.01020408163265306,0.01020408163265306,0.01020408163265306,0.01020408163265306,0.01020408163265306,0.01020408163265306,0.01020408163265306,0.01020408163265306,0.01020408163265306,0.01020408163265306,0.01020408163265306,0.01020408163265306,0.01020408163265306,0.038544550939672774,0.01020408163265306,0.01020408163265306,0.01020408163265306,0.01020408163265306,0.01020408163265306,0.01020408163265306,-0.03652981190634645,0.01020408163265306,0.01020408163265306,0.01020408163265306,0.01020408163265306,0.01020408163265306,0.01020408163265306,0.019798175242583822,0.01020408163265306,0.01020408163265306,0.01020408163265306,0.01020408163265306,0.01020408163265306,0.41539914633706343,0.01020408163265306,0.01020408163265306,0.01020408163265306,0.1391410162486828,0.01020408163265306,0.45216162069919363,0.01020408163265306,-0.1360637676365961
2026-01-16,-0.015143660399382601,-0.008750790527067365,0.01020408163265306,-0.0012438958273402762,-0.07174087873392725,0.01020408163265306,0.03540900894790742,0.02155051838172886,0.06936831837435385,0.025420720488093705,-0.022394678260706027,0.01020408163265306,-0.0059419064003491725,0.01020408163265306,-0.08984621395165768,0.01020408163265306,-0.015680725800603028,-0.0009348520761061525,0.01020408163265306,0.01020408163265306,0.0076861597520160915,-0.030059926539276673,0.01020408163265306,0.01020408163265306,0.01020408163265306,0.01020408163265306,0.01020408163265306,0.01020408163265306,0.01020408163265306,-0.06717732829162985,0.01020408163265306,0.01020408163265306,-0.10960131814093482,0.05035383888248758,-0.005480805297066195,-0.06755459998892778,0.01020408163265306,0.01020408163265306,-0.09776749830383807,-0.020145570347319675,0.01020408163265306,0.01020408163265306,0.0023352151116023956,0.01020408163265306,0.01020408163265306,0.01020408163265306,-0.07175120475315698,0.01020408163265306,0.01020408163265306,0.01020408163265306,0.01020408163265306,-0.06702238452137114,0.01020408163265306,-0.01705415364962886,0.01020408163265306,0.01020408163265306,0.01020408163265306,0.01020408163265306,0.01020408163265306,0.01020408163265306,0.01020408163265306,0.01020408163265306,0.01020408163265306,0.01020408163265306,0.01020408163265306,0.01020408163265306,-0.0016365771286586152,0.01020408163265306,0.01020408163265306,0.03613746278471796,0.01020408163265306,0.01020408163265306,0.01020408163265306,0.01020408163265306,0.01020408163265306,0.01020408163265306,-0.03828251001268168,0.01020408163265306,0.01020408163265306,0.01020408163265306,0.01020408163265306,0.01020408163265306,0.01020408163265306,0.0592773678083359,0.01020408163265306,0.01020408163265306,0.01020408163265306,0.01020408163265306,0.01020408163265306,0.42835938678176677,0.01020408163265306,0.01020408163265306,0.01020408163265306,0.12563208984227747,0.01020408163265306,0.4434862616771207,0.01020408163265306,-0.13286609437057473
2026-01-20,0.01020408163265306,-0.00370157483779604,0.01020408163265306,0.01020408163265306,-0.0687778752629487,0.01020408163265306,0.01341527329918517,0.01020408163265306,0.032695238042018376,0.01020408163265306,-0.03173691118164823,0.01020408163265306,-0.0003156434218487547,0.01020408163265306,-0.07735447539822843,0.01020408163265306,-0.010530974384706309,0.006195095233168801,0.01020408163265306,0.01020408163265306,0.01020408163265306,-0.02606755912217562,0.01020408163265306,0.01020408163265306,0.01020408163265306,0.01020408163265306,0.01020408163265306,0.01020408163265306,0.01020408163265306,-0.07022534214022749,0.01020408163265306,0.01020408163265306,-0.0986347137498733,0.01020408163265306,-0.020347271492798233,-0.07082595788277163,0.01020408163265306,0.01020408163265306,-0.07713567474807753,-0.005358453055353103,0.01020408163265306,0.01020408163265306,0.008582098840470136,0.01020408163265306,0.01020408163265306,0.01020408163265306,-0.07902201894280896,0.01020408163265306,0.01020408163265306,0.01020408163265306,0.01020408163265306,-0.06053882522386579,0.01020408163265306,0.01020408163265306,0.01020408163265306,0.01020408163265306,0.01020408163265306,0.01020408163265306,0.01020408163265306,0.01020408163265306,0.01020408163265306,0.01020408163265306,0.01020408163265306,0.01020408163265306,0.01020408163265306,0.01020408163265306,0.01020408163265306,0.01020408163265306,0.01020408163265306,0.03358748206665006,0.01020408163265306,0.01020408163265306,0.01020408163265306,0.01020408163265306,0.01020408163265306,0.01020408163265306,-0.01835114957685239,0.01020408163265306,0.01020408163265306,0.01020408163265306,0.01020408163265306,0.01020408163265306,0.01020408163265306,0.04244114300058571,0.01020408163265306,0.01056135889042235,0.013314910906130075,0.01020408163265306,0.01020408163265306,0.4231334574629513,0.01020408163265306,0.01020408163265306,0.01020408163265306,0.11097494416788156,0.01020408163265306,0.46235850735216494,0.01020408163265306,-0.1526208031253623
2026-01-21,-0.0223175745836545,-0.02419497671622891,0.03946997718964726,0.0033669116626928765,-0.09791003009612063,0.01020408163265306,0.07252589913194053,0.01020408163265306,0.1665465472431331,0.01691875912903448,-0.017326130338838938,0.0085797768189391,-0.033680396014711164,-0.00028691305130012015,-0.09716936455013189,0.01020408163265306,-0.047487054250936855,-0.016598183461505954,0.03542614751979081,0.01020408163265306,0.01020408163265306,-0.0043804917974016745,0.01020408163265306,0.01020408163265306,0.01020408163265306,0.01020408163265306,0.01020408163265306,0.05898489434526666,0.01020408163265306,-0.07707951722483052,0.01020408163265306,0.01020408163265306,-0.13898763832067626,0.1328534506301938,-0.04998430494208301,-0.11472392562437841,0.01020408163265306,-0.017341781703077735,-0.09308573428270032,-0.06200986039374455,0.01020408163265306,0.01020408163265306,0.007841238012579682,0.010441089265708631,0.01020408163265306,0.01020408163265306,-0.1130003072953009,0.01020408163265306,0.01020408163265306,-0.010053243072884856,0.01020408163265306,-0.06506189407484242,0.01020408163265306,0.01020408163265306,0.01020408163265306,0.0035020658262451647,-0.01175866100915718,0.01020408163265306,0.01020408163265306,0.05303271357157261,0.01020408163265306,0.06310690254802462,0.013418374812307222,0.01020408163265306,0.01020408163265306,0.01020408163265306,-0.04395050956202291,0.01020408163265306,0.027215117458651863,0.03861120567748654,0.01020408163265306,0.01020408163265306,-0.05283029669171359,0.01020408163265306,0.031075359067092842,0.09903523702338803,-0.044908004731919235,0.01020408163265306,0.01020408163265306,0.01020408163265306,0.01020408163265306,0.01020408163265306,0.01020408163265306,0.05707269235782014,0.01020408163265306,0.01020408163265306,0.012529964042032682,0.07534487126604988,0.01020408163265306,0.3835517413386058,0.06141184108867641,-0.0393513357134681,0.01020408163265306,0.12107375503392503,0.0017070449360187014,0.4404649476242165,0.01020408163265306,-0.19881406858679818
2026-01-22,0.009258728720243659,-0.00878448137101717,0.01020408163265306,0.0003681568936467587,-0.0834033431783485,0.01020408163265306,0.03685980999156473,0.01020408163265306,0.0990971338094844,0.01568383523694314,-0.027304701228335206,0.01020408163265306,-0.009538992353749458,0.01020408163265306,-0.08853441451838859,0.01020408163265306,-0.010739910110214879,-0.0017128430303516018,0.01020408163265306,0.01020408163265306,0.01020408163265306,0.000470537456810291,0.01020408163265306,0.01020408163265306,0.01020408163265306,0.01020408163265306,0.01020408163265306,0.01020408163265306,0.01020408163265306,-0.07426610724077211,0.01020408163265306,0.01020408163265306,-0.12127192162115523,0.0626886655366193,-0.0623857580727072,-0.10061715837585304,0.01020408163265306,0.01020408163265306,-0.08474698989267077,-0.02245796816282758,0.01020408163265306,0.01020408163265306,0.003405761976552621,0.01020408163265306,0.01020408163265306,0.01020408163265306,-0.0887640982923835,0.01020408163265306,0.01020408163265306,0.01020408163265306,0.01020408163265306,-0.04724487131701073,0.01020408163265306,0.01020408163265306,0.01020408163265306,0.01020408163265306,0.01020408163265306,0.01020408163265306,0.01020408163265306,0.01020408163265306,0.01020408163265306,0.01020408163265306,0.01020408163265306,0.01020408163265306,0.01020408163265306,0.01020408163265306,0.01020408163265306,0.01020408163265306,0.01020408163265306,0.03490595157080925,0.01020408163265306,0.01020408163265306,0.01020408163265306,0.01020408163265306,0.01020408163265306,0.01636995435226759,-0.02714238636231047,0.01020408163265306,0.01020408163265306,0.01020408163265306,0.01020408163265306,0.01020408163265306,0.01020408163265306,0.0299726413447639,0.01020408163265306,0.01020408163265306,0.04331954918385929,0.03587843252960274,0.01020408163265306,0.3765555776892907,0.046183283643129534,0.01020408163265306,0.01020408163265306,0.11879809789640626,0.01020408163265306,0.4499404219109016,0.01020408163265306,-0.17390181910459557
2026-01-23,0.01020408163265306,-0.015924542708666035,0.020706565647264995,0.0011047083192260842,-0.07872864955876491,0.01020408163265306,0.03556181872932801,0.01020408163265306,0.08558435913896381,0.02315551657088004,-0.025508633505852876,0.01020408163265306,-0.007448479334239743,0.01020408163265306,-0.08893247580458269,0.01020408163265306,-0.011232841904913088,0.010001972072641571,0.01020408163265306,0.01020408163265306,0.01020408163265306,0.004130120774630813,0.01020408163265306,0.01020408163265306,0.01020408163265306,0.01020408163265306,0.01020408163265306,0.01020408163265306,0.01020408163265306,-0.08384153327567281,0.01020408163265306,0.01020408163265306,-0.10913081215218902,0.05090123845590718,-0.06448969790211748,-0.09212592285821711,0.01020408163265306,0.01020408163265306,-0.0889865930907575,-0.024389965808050806,0.01020408163265306,0.01020408163265306,0.005121472389140341,0.01020408163265306,0.01020408163265306,0.01020408163265306,-0.08726838686894418,0.01020408163265306,0.01020408163265306,0.01020408163265306,0.01020408163265306,-0.053439045638368335,0.01020408163265306,0.01020408163265306,0.01020408163265306,0.01020408163265306,0.01020408163265306,0.01020408163265306,0.01020408163265306,0.01020408163265306,0.01020408163265306,0.01020408163265306,0.01020408163265306,0.01020408163265306,0.01020408163265306,0.01020408163265306,0.01020408163265306,0.01020408163265306,0.01020408163265306,0.04111535835747317,0.01020408163265306,0.01020408163265306,0.01020408163265306,0.01020408163265306,0.01020408163265306,0.01020408163265306,-0.03152619114317525,0.01020408163265306,0.01020408163265306,0.01020408163265306,0.01020408163265306,0.01020408163265306,0.01020408163265306,0.06854181352233048,0.01020408163265306,0.01020408163265306,0.019489457103051954,0.01020408163265306,0.01020408163265306,0.359334836735948,0.03235960012969555,0.01020408163265306,0.01020408163265306,0.13450927417653333,0.01020408163265306,0.46387610228543297,0.01020408163265306,-0.16598983060903838
2026-01-26,0.01020408163265306,-0.014846653475254544,0.018273453006358076,0.001061541602940896,-0.07809732223884808,0.01020408163265306,0.03533092656800616,0.01020408163265306,0.08800674015076836,0.0226541828649553,-0.025304999069209987,0.01020408163265306,-0.006864408435193663,0.01020408163265306,-0.08837313250205035,0.01020408163265306,-0.014163241789960755,0.009793772008345568,0.01020408163265306,0.01020408163265306,0.01020408163265306,0.0032285203990209633,0.01020408163265306,0.01020408163265306,0.01020408163265306,0.01020408163265306,0.01020408163265306,0.01020408163265306,0.01020408163265306,-0.08302494861009176,0.01020408163265306,0.01020408163265306,-0.10743440083532872,0.05066645385989526,-0.06745856069607345,-0.08975916771684582,0.01020408163265306,0.01020408163265306,-0.08818848887028263,-0.02467386123180819,0.01020408163265306,0.01020408163265306,0.004032299204394545,0.01020408163265306,0.01020408163265306,0.01020408163265306,-0.08840343271250942,0.01020408163265306,0.01020408163265306,0.01020408163265306,0.01020408163265306,-0.04923657028693665,0.01020408163265306,0.01020408163265306,0.01020408163265306,0.01020408163265306,0.01020408163265306,0.01020408163265306,0.01020408163265306,0.01020408163265306,0.01020408163265306,0.01020408163265306,0.01020408163265306,0.01020408163265306,0.01020408163265306,0.01020408163265306,0.01020408163265306,0.01020408163265306,0.01020408163265306,0.04111890692208518,0.01020408163265306,0.01020408163265306,0.01020408163265306,0.01020408163265306,0.01020408163265306,0.01020408163265306,-0.03524319235488532,0.01020408163265306,0.01020408163265306,0.01020408163265306,0.01020408163265306,0.01020408163265306,0.01020408163265306,0.06415525488656952,0.01020408163265306,0.01020408163265306,0.021082730398781634,0.01020408163265306,0.01020408163265306,0.35874011387314114,0.03384832196836662,0.01020408163265306,0.01020408163265306,0.13396591155605686,0.01020408163265306,0.46671909130420103,0.01020408163265306,-0.16507522750370995
2026-01-27,0.01020408163265306,-0.0015635257346687942,0.01020408163265306,0.008500897907671561,-0.07059656603014515,0.01020408163265306,0.01020408163265306,0.01020408163265306,0.042286367935202684,0.019572529366158074,-0.025008199766085502,0.01020408163265306,0.00013589023497382127,0.01020408163265306,-0.0938601314810733,0.01020408163265306,0.01020408163265306,-0.003924042937674531,0.01020408163265306,0.01020408163265306,0.01020408163265306,0.01020408163265306,0.01020408163265306,0.01020408163265306,0.01020408163265306,0.01020408163265306,0.01020408163265306,0.01020408163265306,0.01020408163265306,-0.0759431668511348,0.01020408163265306,0.01020408163265306,-0.09316075075832031,0.01020408163265306,-0.04037885796450931,-0.07784503899929292,0.01020408163265306,0.01020408163265306,-0.07149523486913219,-0.028777727879649655,0.01020408163265306,0.01020408163265306,0.0013775481430546507,0.01020408163265306,0.01020408163265306,0.01020408163265306,-0.07970985512772256,0.01020408163265306,0.01020408163265306,0.01020408163265306,0.01020408163265306,-0.03315962161599255,0.01020408163265306,0.01020408163265306,0.01020408163265306,0.01020408163265306,0.01020408163265306,0.01020408163265306,0.01020408163265306,0.01020408163265306,0.01020408163265306,0.01020408163265306,0.01020408163265306,0.01020408163265306,0.01020408163265306,0.01020408163265306,0.01020408163265306,0.01020408163265306,0.01020408163265306,0.042552763838908984,0.01020408163265306,0.01020408163265306,0.01020408163265306,0.01020408163265306,0.01020408163265306,0.01020408163265306,-0.023953821703927305,0.01020408163265306,0.01020408163265306,0.01020408163265306,0.01020408163265306,0.01020408163265306,0.01020408163265306,0.038347733237887226,0.01020408163265306,0.01020408163265306,0.01020408163265306,0.01020408163265306,0.01020408163265306,0.36021619046959485,0.01020408163265306,0.01020408163265306,0.01020408163265306,0.16510723345326053,0.01020408163265306,0.46038944732026404,0.01020408163265306,-0.16400801937132092
2026-01-28,0.00671193221044378,-0.01626025782684304,0.02749553105687083,-0.0066647815874817055,-0.0673374463688464,0.01020408163265306,0.02632940114627569,0.01020408163265306,0.08226057532690763,0.027328447113772594,-0.017950445384490477,0.01020408163265306,-0.011981686342321643,0.01020408163265306,-0.10576363238506974,0.01020408163265306,0.008816122084372399,-0.00714964146021165,0.01020408163265306,0.01020408163265306,0.01020408163265306,0.01020408163265306,0.01020408163265306,0.01020408163265306,0.01020408163265306,0.004349695154240943,0.01020408163265306,0.01020408163265306,0.01020408163265306,-0.08039740120637359,0.01020408163265306,0.01020408163265306,-0.10230374902283697,0.04292555301087878,-0.04031191993352485,-0.09092655134788863,0.01020408163265306,0.01020408163265306,-0.07997400617993901,-0.039682941234859034,0.01020408163265306,0.01020408163265306,-0.012493469519159974,0.01020408163265306,0.01020408163265306,0.01020408163265306,-0.08601435370844449,0.01020408163265306,0.01020408163265306,0.01020408163265306,0.01020408163265306,-0.04107075843284478,0.01020408163265306,0.01020408163265306,0.01020408163265306,0.01020408163265306,0.01020408163265306,0.01020408163265306,0.01020408163265306,0.01020408163265306,0.01020408163265306,0.01020408163265306,0.01020408163265306,0.01020408163265306,0.01020408163265306,0.01020408163265306,0.01020408163265306,0.01020408163265306,0.01020408163265306,0.04189209928142095,0.01020408163265306,0.01020408163265306,0.01020408163265306,0.01020408163265306,0.01020408163265306,0.01020408163265306,-0.055301716080023156,0.01020408163265306,0.01020408163265306,0.01020408163265306,0.01020408163265306,0.01020408163265306,0.01020408163265306,0.07415603485099206,0.01020408163265306,0.01020408163265306,0.01020408163265306,0.014191747315850139,0.01020408163265306,0.3394448563424196,0.03660384084760421,0.01020408163265306,0.01020408163265306,0.1744356294338741,0.01020408163265306,0.44381501116272104,0.01020408163265306,-0.1524370244399348
2026-01-29,0.01020408163265306,-0.008026275902206137,0.01020408163265306,0.01020408163265306,-0.04824274204807611,0.01020408163265306,0.01020408163265306,0.01020408163265306,0.023616712834144904,0.0197104325030363,-0.022011399033139346,0.01020408163265306,-0.0038856805332573175,0.01020408163265306,-0.09014814336229707,0.01020408163265306,0.01020408163265306,-0.014886073105139593,0.01020408163265306,0.01020408163265306,0.01020408163265306,0.01020408163265306,0.01020408163265306,0.01020408163265306,0.01020408163265306,0.005819225521789046,0.01020408163265306,0.01020408163265306,0.01020408163265306,-0.07266817892155326,0.01020408163265306,0.01020408163265306,-0.08149336864439159,0.01020408163265306,-0.032595160659244116,-0.07357702688102094,0.01020408163265306,0.01020408163265306,-0.06903459519297725,-0.035959567866061484,0.01020408163265306,0.01020408163265306,-0.017169387381170534,0.01020408163265306,0.01020408163265306,0.01020408163265306,-0.08230157526453385,0.01020408163265306,0.01020408163265306,0.01020408163265306,0.01020408163265306,-0.028347231320730693,0.01020408163265306,0.01020408163265306,0.01020408163265306,0.01020408163265306,0.01020408163265306,0.01020408163265306,0.01020408163265306,0.01020408163265306,0.01020408163265306,0.01020408163265306,0.01020408163265306,0.01020408163265306,0.01020408163265306,0.01020408163265306,0.01020408163265306,0.01020408163265306,0.01020408163265306,0.04247736298044121,0.01020408163265306,0.01020408163265306,0.01020408163265306,0.01020408163265306,0.01020408163265306,0.01020408163265306,-0.036760853924918735,0.01020408163265306,0.01020408163265306,0.01020408163265306,0.01020408163265306,0.01020408163265306,0.01020408163265306,0.05517755855727675,0.01020408163265306,0.01020408163265306,0.01020408163265306,0.01020408163265306,0.01020408163265306,0.3479767571017062,0.01020408163265306,0.01020408163265306,0.01020408163265306,0.1765186210085057,0.01020408163265306,0.44648222045474895,0.01020408163265306,-0.14556959010460457
2026-01-30,0.01020408163265306,-0.007872498649376844,0.01020408163265306,0.01020408163265306,-0.04909540626987917,0.01020408163265306,0.01020408163265306,0.01020408163265306,0.028200557796351708,0.019833628305018454,-0.02230223135632662,0.01020408163265306,-0.0052125573550003915,0.01020408163265306,-0.08940030209591532,0.01020408163265306,0.01020408163265306,-0.015388051125729394,0.01020408163265306,0.01020408163265306,0.01020408163265306,0.01020408163265306,0.01020408163265306,0.01020408163265306,0.01020408163265306,0.005961408931874992,0.01020408163265306,0.01020408163265306,0.01020408163265306,-0.07202409246555641,0.01020408163265306,0.01020408163265306,-0.08082773535991258,0.01020408163265306,-0.028978369397398986,-0.0745250020256073,0.01020408163265306,0.01020408163265306,-0.07513059212522605,-0.035724721024282584,0.01020408163265306,0.01020408163265306,-0.02053926767613725,0.01020408163265306,0.01020408163265306,0.01020408163265306,-0.08067536182325014,0.01020408163265306,0.01020408163265306,0.01020408163265306,0.01020408163265306,-0.029730813156418387,0.01020408163265306,0.01020408163265306,0.01020408163265306,0.01020408163265306,0.01020408163265306,0.01020408163265306,0.01020408163265306,0.01020408163265306,0.01020408163265306,0.01020408163265306,0.01020408163265306,0.01020408163265306,0.01020408163265306,0.01020408163265306,0.01020408163265306,0.01020408163265306,0.01020408163265306,0.04284686186513359,0.01020408163265306,0.01020408163265306,0.01020408163265306,0.01020408163265306,0.01020408163265306,0.01020408163265306,-0.028598006836051168,0.01020408163265306,0.01020408163265306,0.01020408163265306,0.01020408163265306,0.01020408163265306,0.01020408163265306,0.050651982281889045,0.01020408163265306,0.01020408163265306,0.01020408163265306,0.01020408163265306,0.01020408163265306,0.3483423988818908,0.01020408163265306,0.01020408163265306,0.01020408163265306,0.1807677465693891,0.01020408163265306,0.44092737923067027,0.01020408163265306,-0.14640491430382274
2026-02-02,-0.012357783633616304,-0.026524938841720483,0.04486598120085926,0.01020408163265306,-0.07330068882849981,0.01020408163265306,0.02597118946230751,0.01020408163265306,0.1368141676726399,0.023432166787281262,-0.008978316810355364,0.01020408163265306,-0.02806147679685296,0.01020408163265306,-0.11137802274526552,0.01020408163265306,-2.3081273050994458e-05,-0.0008141621659949576,0.01020408163265306,0.01020408163265306,-0.0033490205671521337,-0.004020526964458067,0.01020408163265306,0.01020408163265306,0.01020408163265306,0.01020408163265306,0.01020408163265306,0.01020408163265306,0.01020408163265306,-0.0846025955321348,0.01020408163265306,0.01020408163265306,-0.121911659543486,0.11590591163193566,0.0017117563819246517,-0.10955575748575162,0.01020408163265306,0.01020408163265306,-0.08422374005775034,-0.07412987441701333,0.01020408163265306,0.01020408163265306,-0.029924515881688325,0.023058502133632103,0.01020408163265306,0.01020408163265306,-0.10845759542481243,0.01020408163265306,0.01020408163265306,0.01020408163265306,0.01020408163265306,-0.06569262410749856,0.01020408163265306,0.01020408163265306,0.01020408163265306,0.01020408163265306,0.01020408163265306,0.01020408163265306,0.01020408163265306,0.01020408163265306,0.01020408163265306,0.043314738429584235,0.01020408163265306,0.01020408163265306,0.01020408163265306,0.01020408163265306,-0.050525477164429025,0.01020408163265306,0.01020408163265306,0.06052740575959636,0.01020408163265306,0.01020408163265306,0.01020408163265306,0.01020408163265306,0.010839404372520544,0.0462024774759657,-0.04485915015133671,0.01020408163265306,0.01020408163265306,0.01020408163265306,0.01020408163265306,0.01020408163265306,0.01020408163265306,0.0816065333959573,0.01020408163265306,0.01020408163265306,0.01020408163265306,0.03553054767620769,0.01020408163265306,0.3689131257290757,0.0749682121223613,-0.037848690986759075,-0.006159096544248207,0.1814153891805823,0.01020408163265306,0.3683615611748898,0.01020408163265306,-0.14857700935732387
2026-02-03,-0.02562982203033639,-0.02792213139476829,0.054341087446912635,0.01020408163265306,-0.08741783018169962,0.012296392625065582,0.04513904705242904,0.01020408163265306,0.17195469664959198,0.023159304229837436,-0.004121132144989763,0.01020408163265306,-0.04705126819115717,-8.911829083500106e-06,-0.1063226716086053,0.01020408163265306,-0.0035145580563111078,-0.0029306649069400018,0.013234557185727597,0.01020408163265306,0.005711735637664115,-0.005725535688831896,0.01020408163265306,0.01020408163265306,0.01020408163265306,0.01020408163265306,0.01020408163265306,0.033988202157328555,0.01020408163265306,-0.0818886309691231,0.01020408163265306,0.01020408163265306,-0.1342082671763752,0.13765220333059566,-0.000361224625980797,-0.1470656455298355,0.01020408163265306,0.01020408163265306,-0.10870629348064989,-0.09674707837574151,0.01020408163265306,0.01020408163265306,-0.027500508773562977,0.06312853905327506,0.01020408163265306,0.01020408163265306,-0.12610139137535278,0.01020408163265306,0.01020408163265306,0.01020408163265306,0.01020408163265306,-0.07089010251033347,0.009821438440279748,0.008749389156991624,0.01020408163265306,0.01020408163265306,0.01020408163265306,0.01020408163265306,0.01020408163265306,0.04229567429410375,0.01020408163265306,0.0628167490549297,0.01020408163265306,0.01020408163265306,0.01020408163265306,0.01020408163265306,-0.10403674179448727,0.01020408163265306,0.021709059249377702,0.058921457562340775,0.01020408163265306,0.01020408163265306,0.01020408163265306,0.01020408163265306,0.014514186314827749,0.07078124331261629,-0.03335506941395845,0.01020408163265306,-0.0033827088082839345,0.01020408163265306,0.01020408163265306,0.01020408163265306,0.01020408163265306,0.09259873473424458,0.01020408163265306,0.01020408163265306,0.01020408163265306,0.06059498372570065,0.01020408163265306,0.3359266329038627,0.10373645765885799,-0.03907788783606509,-0.023395162459534685,0.17133284738812785,0.01020408163265306,0.35686288435574676,0.01020408163265306,-0.1639062643584278
2026-02-04,-0.024515654024833224,-0.013924926022146086,0.04854751392091494,0.0054886289364590125,-0.08885926683532455,0.01020408163265306,0.029791017819850732,0.01020408163265306,0.12287249636682761,0.02945341258472315,-0.011308811410251017,0.01020408163265306,-0.026089207204682614,0.01020408163265306,-0.08773701520604903,0.01020408163265306,0.01020408163265306,-0.025666308651972405,0.01020408163265306,0.01020408163265306,0.01020408163265306,1.3704861773881222e-05,0.01020408163265306,0.01020408163265306,0.01020408163265306,0.01020408163265306,0.01020408163265306,0.01712029817001313,0.01020408163265306,-0.07581616986237692,0.01020408163265306,0.01020408163265306,-0.09306680913075913,0.08231780962681748,0.0063981143597913875,-0.10851062566020855,0.01020408163265306,0.01020408163265306,-0.0845629526878924,-0.051540625413068863,0.01020408163265306,0.01020408163265306,-0.048998561314856845,0.019118458435900265,0.01020408163265306,0.01020408163265306,-0.08925362675769666,0.01020408163265306,0.01020408163265306,0.01020408163265306,0.01020408163265306,-0.06716471805038111,0.01020408163265306,0.01020408163265306,0.01020408163265306,0.01020408163265306,0.01020408163265306,0.01020408163265306,0.01020408163265306,0.01020408163265306,0.01020408163265306,0.01020408163265306,0.01020408163265306,0.01020408163265306,0.01020408163265306,0.01020408163265306,-0.08169258648549933,0.01020408163265306,0.01020408163265306,0.0545774110089059,0.01020408163265306,0.01020408163265306,0.01020408163265306,0.01020408163265306,0.01020408163265306,0.04747620819871095,-0.07004594871986884,0.01020408163265306,-0.0021383699019451117,0.01020408163265306,0.01020408163265306,0.01020408163265306,0.01020408163265306,0.12944147493346808,0.01020408163265306,0.01020408163265306,0.054507926362973316,0.02357062781853573,0.01020408163265306,0.3257903550413053,0.05384837925310892,-0.019671003147047346,0.01020408163265306,0.2050799268057887,0.01020408163265306,0.34776589369275057,0.01020408163265306,-0.13465728803828958
2026-02-05,-0.020376891518204952,-0.008954928860021987,0.03830223809939638,0.0014587219759461985,-0.08919128477839364,0.01020408163265306,0.03227255220341887,0.01020408163265306,0.12474464993926854,0.0275898911095728,-0.00889564750141125,0.01020408163265306,-0.022797757269487948,0.01020408163265306,-0.08290471379330423,0.01020408163265306,0.01020408163265306,-0.03186697497278873,0.01020408163265306,0.01020408163265306,0.005163379604290658,-0.002558816485168005,0.01020408163265306,0.01020408163265306,0.01020408163265306,0.01020408163265306,0.01020408163265306,0.04661535371973763,0.01020408163265306,-0.07092365201738918,0.01020408163265306,0.01020408163265306,-0.08629841243205294,0.09402376291294687,-0.03369639928426314,-0.08033405122152709,0.01020408163265306,-0.011211024477182202,-0.09018575625580949,-0.05641261346123155,0.01020408163265306,0.01020408163265306,-0.05576319956207572,0.01020408163265306,0.01020408163265306,0.01020408163265306,-0.06162506026785647,0.01020408163265306,0.01020408163265306,0.01020408163265306,0.01020408163265306,-0.06981856426577017,0.01020408163265306,-0.0014122240483836375,0.002176865815883838,0.01020408163265306,0.01020408163265306,0.01020408163265306,0.01020408163265306,0.01020408163265306,0.01020408163265306,0.01020408163265306,0.01020408163265306,0.01020408163265306,0.01020408163265306,0.01020408163265306,-0.08910092477407838,0.01020408163265306,0.01020408163265306,0.05503468767770273,0.01020408163265306,0.01020408163265306,0.01020408163265306,0.01020408163265306,0.01020408163265306,0.04437103191797996,-0.0842815043914906,0.01020408163265306,-0.00034550885106640096,0.01020408163265306,0.01020408163265306,0.01020408163265306,0.01020408163265306,0.0994814126887886,0.01020408163265306,0.014668638814375013,0.0690508404330815,0.021926321851370188,0.01020408163265306,0.3076525257281051,0.0898881197112368,0.01020408163265306,0.01020408163265306,0.21459847818674535,0.01020408163265306,0.33176027140887665,0.01020408163265306,-0.13325240473833722
2026-02-06,0.01020408163265306,-0.008618377024722264,0.01020408163265306,-0.007083772429680337,-0.0681647533343354,0.01020408163265306,0.011491609206145885,0.01020408163265306,0.07792752736458113,0.02682449152358045,-0.014360310582057787,0.01020408163265306,0.0015590503762951437,0.01020408163265306,-0.08644435966087446,0.01020408163265306,0.01020408163265306,-0.03240430449362413,0.01020408163265306,0.01020408163265306,0.008039352636994354,0.01020408163265306,0.01020408163265306,0.01020408163265306,0.01020408163265306,0.01020408163265306,0.01020408163265306,0.013709611040650688,0.01020408163265306,-0.06653916739190639,0.01020408163265306,0.01020408163265306,-0.06128236681463789,0.014151173210079205,-0.0114557556597051,-0.047480023058893886,0.01020408163265306,0.01020408163265306,-0.07969780838237008,-0.007653726596863133,0.01020408163265306,0.01020408163265306,-0.08182970204726546,0.01020408163265306,0.01020408163265306,0.01020408163265306,-0.07559002407191112,0.01020408163265306,0.01020408163265306,0.01020408163265306,0.01020408163265306,-0.06185027654646709,0.01020408163265306,0.01020408163265306,0.01020408163265306,0.01020408163265306,0.01020408163265306,0.01020408163265306,0.01020408163265306,0.01020408163265306,0.01020408163265306,0.01020408163265306,0.01020408163265306,0.01020408163265306,0.01020408163265306,0.01020408163265306,-0.022471775807515547,0.01020408163265306,0.01020408163265306,0.05139840743516961,0.01020408163265306,0.01020408163265306,0.01020408163265306,0.01020408163265306,0.01020408163265306,0.01343263746395809,-0.12667304594245837,0.01020408163265306,0.01020408163265306,0.01020408163265306,0.01020408163265306,0.01020408163265306,0.01020408163265306,0.031859469939597394,0.01020408163265306,0.01388791295873972,0.06956448494867638,0.01020408163265306,0.01020408163265306,0.36315070442886727,0.08471847635157836,0.01020408163265306,0.01020408163265306,0.2400645109340095,0.01020408163265306,0.3308190198549122,0.01020408163265306,-0.14606011431834276
2026-02-09,0.00558402884888064,-0.024514267252250012,0.01257940643083502,0.003688024594983347,-0.05101424456545078,0.01020408163265306,0.010204298353251538,0.01020408163265306,0.07745245290769234,0.030527060508796874,-0.018549341978120186,0.01020408163265306,0.003635391383274628,0.01020408163265306,-0.08886916690395799,0.01020408163265306,0.01020408163265306,-0.007810276423236286,0.01020408163265306,0.01020408163265306,-0.03862804003320705,0.01020408163265306,0.01020408163265306,0.01020408163265306,0.01020408163265306,0.01020408163265306,0.01020408163265306,0.01020408163265306,0.01020408163265306,-0.06310531563384647,0.01020408163265306,0.01020408163265306,-0.06279671652832644,0.02298571726532356,-0.01993990025996547,-0.02874861843502259,0.01020408163265306,-0.04378614741652982,-0.05467269466036913,-0.0044446580652353265,0.01020408163265306,0.01020408163265306,-0.08916343887533013,0.01020408163265306,0.01020408163265306,0.01020408163265306,-0.08844188798094764,0.01020408163265306,0.01020408163265306,0.01020408163265306,0.01020408163265306,-0.05963750336345164,0.01020408163265306,0.01020408163265306,0.01020408163265306,0.01020408163265306,0.01020408163265306,0.01020408163265306,0.01020408163265306,0.01020408163265306,0.01020408163265306,0.03912201270041359,0.01020408163265306,0.01020408163265306,0.01020408163265306,0.01020408163265306,-0.006329092009409043,0.01020408163265306,0.01020408163265306,0.0463379817200574,0.01020408163265306,0.01020408163265306,0.01020408163265306,0.01020408163265306,0.01455990958527507,0.03645252906515326,-0.14867205003372924,0.01020408163265306,0.01020408163265306,0.01020408163265306,0.01020408163265306,0.01020408163265306,0.01020408163265306,0.01020408163265306,0.01020408163265306,0.029845870615796743,0.04423437868023922,0.01020408163265306,0.01020408163265306,0.3420136578775447,0.12393343386562226,0.01020408163265306,0.01020408163265306,0.22219374993394428,0.01020408163265306,0.3526189062226279,0.01020408163265306,-0.14129442973316397
2026-02-10,0.01020408163265306,-0.017534701627215835,0.01020408163265306,0.01020408163265306,-0.0369439969717442,0.01020408163265306,0.01020408163265306,0.01020408163265306,0.011115700135688666,0.02388377622017454,-0.020592456342251944,0.01020408163265306,0.003626113125875674,0.01020408163265306,-0.0915864008742838,0.01020408163265306,0.01020408163265306,0.0010338733959255175,0.01020408163265306,0.01020408163265306,-0.03460398395695718,0.01020408163265306,0.01020408163265306,0.01020408163265306,0.01020408163265306,0.01020408163265306,0.01020408163265306,0.01020408163265306,0.01020408163265306,-0.059249347168341446,0.01020408163265306,0.01020408163265306,-0.03270654817853218,0.01020408163265306,-0.013488929000280732,-0.015663907717207506,0.01020408163265306,-0.04596501346479069,-0.0597724997412295,-0.018411240896361494,0.01020408163265306,0.01020408163265306,-0.0768842020211942,0.01020408163265306,0.01020408163265306,0.01020408163265306,-0.07401531392877864,0.01020408163265306,0.01020408163265306,0.01020408163265306,0.01020408163265306,-0.05180598794263699,0.01020408163265306,0.01020408163265306,0.01020408163265306,0.01020408163265306,0.01020408163265306,0.01020408163265306,0.01020408163265306,0.01020408163265306,0.01020408163265306,0.02723602116136848,0.01020408163265306,0.01020408163265306,0.01020408163265306,0.01020408163265306,0.01020408163265306,0.01020408163265306,0.01020408163265306,0.046860550801033636,0.01020408163265306,0.01020408163265306,0.01020408163265306,0.01020408163265306,0.01020408163265306,0.01020408163265306,-0.12575799834803503,0.01020408163265306,0.01020408163265306,0.01020408163265306,0.01020408163265306,0.01020408163265306,0.01020408163265306,0.01020408163265306,0.01020408163265306,0.044947762153605145,0.01020408163265306,0.01020408163265306,0.01020408163265306,0.31925337576320806,0.11817029660027932,0.01020408163265306,0.01020408163265306,0.24594432371157351,0.01020408163265306,0.3449313751100156,0.01020408163265306,-0.12630635428462111
2026-02-11,-0.03266835776644155,-0.028824957455665712,0.03201877327579301,0.0035888115496360527,-0.07546402626720838,0.01020408163265306,0.04433957278456103,0.01020408163265306,0.13045340454985932,0.03735816634996513,-0.006927173788083515,0.01020408163265306,-0.010587162961092777,0.01020408163265306,-0.09721558029663688,0.01020408163265306,0.01020408163265306,-0.010186991547496775,0.01020408163265306,0.01020408163265306,-0.03685310512335042,0.01020408163265306,0.01020408163265306,0.01020408163265306,0.01020408163265306,0.01020408163265306,0.01020408163265306,0.033475898376191346,0.01020408163265306,-0.058082430268970434,0.01020408163265306,0.01020408163265306,-0.07254938414305631,0.028006966498844613,-0.017526124096321594,-0.02573750274829876,0.01020408163265306,-0.04967466238214139,-0.07709880493466734,-0.023836501664896058,0.01020408163265306,0.01020408163265306,-0.08467417840836716,0.01020408163265306,0.01020408163265306,0.01020408163265306,-0.07805466268445899,0.01020408163265306,0.01020408163265306,0.01020408163265306,0.01020408163265306,-0.07702766590579173,0.01020408163265306,0.01020408163265306,-0.005984523068272124,0.01020408163265306,-0.02247587094223332,0.01020408163265306,0.01020408163265306,0.01020408163265306,0.02007564995514898,0.10054196416265117,0.01020408163265306,0.01020408163265306,0.01020408163265306,0.01020408163265306,-0.07821945606439425,0.01020408163265306,0.01020408163265306,0.05229763262953225,0.01020408163265306,0.01020408163265306,0.01020408163265306,0.01020408163265306,0.03201548324726448,0.057303002293499536,-0.14889926221236346,0.01020408163265306,0.01020408163265306,0.01020408163265306,0.01020408163265306,0.01020408163265306,0.01020408163265306,0.018387294372881433,0.01020408163265306,0.040528270964996685,0.024913111651834782,0.06300197654465836,0.01020408163265306,0.2968815977741486,0.14828835906146592,-0.011219752740512358,0.004107099838506586,0.24530593489214303,0.01020408163265306,0.3168022974685693,0.01020408163265306,-0.14071945730204216
2026-02-12,-0.03502181929339997,-0.03425644411241111,0.03312551670055207,0.006644805006722086,-0.07998004932717355,0.01020408163265306,0.06082962204567761,0.01020408163265306,0.13053419019434934,0.03746797007906924,-0.0061175417209629445,0.01020408163265306,-0.01187759250520815,0.01020408163265306,-0.10539627624781389,0.01020408163265306,0.01020408163265306,-0.0033740369274263254,0.01020408163265306,0.01020408163265306,-0.027852690769912633,0.01020408163265306,0.01020408163265306,0.01020408163265306,0.01020408163265306,0.01020408163265306,0.01020408163265306,0.03788531621909201,0.01020408163265306,-0.05900438717150004,0.01020408163265306,0.01020408163265306,-0.07604459594201458,0.018509898338286493,-0.006736609125376556,-0.02563562336469842,0.01020408163265306,-0.04934780670848724,-0.09277788899806313,-0.012502169322225068,0.01020408163265306,0.01020408163265306,-0.08468320719294102,0.01020408163265306,0.01020408163265306,0.01020408163265306,-0.09714700781538534,0.01020408163265306,0.01020408163265306,0.01020408163265306,0.01020408163265306,-0.07927605976870294,0.01020408163265306,0.01020408163265306,0.01020408163265306,0.01020408163265306,-0.03017709895040347,0.01020408163265306,0.01020408163265306,0.01020408163265306,0.023091759662406564,0.10271812592187085,0.01020408163265306,0.01020408163265306,0.016227854827738114,0.01020408163265306,-0.07774309068596087,0.01020408163265306,0.01020408163265306,0.04526041695806423,0.01020408163265306,0.01020408163265306,0.01020408163265306,0.01020408163265306,0.044582958676781,0.06184833796538476,-0.16198208674582146,0.01020408163265306,0.01020408163265306,0.01020408163265306,0.01020408163265306,0.01020408163265306,0.01020408163265306,0.024077330594644675,0.01020408163265306,0.05207347039913234,0.01020408163265306,0.06309449845711328,0.01020408163265306,0.28510550667432094,0.15263562692684132,-0.023730888172511073,0.01020408163265306,0.2421737682824406,0.01020408163265306,0.3139483452757902,0.01020408163265306,-0.13239483813379616
2026-02-13,-0.0369505220449074,-0.03493366424293513,0.03277474321378002,0.010195966202835745,-0.0805149409752263,0.01020408163265306,0.06794947544906767,0.01020408163265306,0.12247384241121843,0.03761161173631093,-0.002277894745616873,0.01020408163265306,-0.01268834817938526,0.01020408163265306,-0.11420932965373264,0.01020408163265306,0.01020408163265306,-0.00769953035634806,0.01020408163265306,0.01020408163265306,-0.03275040359048325,0.01020408163265306,0.01020408163265306,0.01020408163265306,0.01020408163265306,0.01020408163265306,0.01020408163265306,0.064377608109607,0.01020408163265306,-0.06007500210544614,0.01020408163265306,0.01020408163265306,-0.07708691041885045,0.019098776304896686,-0.0183245293688069,-0.015374867995508858,0.01020408163265306,-0.05496292234481859,-0.09947335273699953,-0.01800477758366554,0.01020408163265306,0.01020408163265306,-0.08565865991046526,0.01020408163265306,0.01020408163265306,0.01020408163265306,-0.09251230886603448,0.01020408163265306,0.01020408163265306,0.01020408163265306,0.01020408163265306,-0.08574807964214884,0.01020408163265306,0.01020408163265306,0.01020408163265306,0.01020408163265306,-0.03202117405666716,0.01020408163265306,0.01020408163265306,0.01020408163265306,0.03385553346137987,0.09208916779002434,0.01020408163265306,0.01020408163265306,0.01020408163265306,0.01020408163265306,-0.07247448412814694,0.01020408163265306,0.01020408163265306,0.047614175713216814,0.01020408163265306,0.01020408163265306,0.01020408163265306,0.01020408163265306,0.04992266429823023,0.05366835324558084,-0.16457199934570668,0.01020408163265306,0.01020408163265306,0.01020408163265306,0.01020408163265306,0.01020408163265306,0.01020408163265306,0.030362694172076772,0.01020408163265306,0.046633308594336724,0.01020408163265306,0.06802916374294986,0.01020408163265306,0.28444482087112694,0.16340553231440855,-0.02218465757324624,0.01020408163265306,0.24909850733908884,0.01020408163265306,0.30984226015172756,0.01020408163265306,-0.13437841668528872
2026-02-17,-0.03303297249413047,-0.03357058899103321,0.03857002119984376,0.008327728377917776,-0.08207726110347503,0.01020408163265306,0.07549332593132654,0.01020408163265306,0.11864864458382514,0.039030157180663695,-0.007460172674064529,0.01020408163265306,-0.011570580686132844,0.01020408163265306,-0.123026905888045,0.01020408163265306,0.01020408163265306,0.01020408163265306,0.01020408163265306,0.01020408163265306,-0.03484445855930592,0.01020408163265306,0.01020408163265306,0.01020408163265306,0.01020408163265306,0.01020408163265306,0.01020408163265306,0.04305311658568561,-0.0171194824215534,-0.06084632172220486,0.01020408163265306,0.01020408163265306,-0.059013230844244424,0.03873153133489629,-0.0023605708690474583,-0.03226658005930502,0.01020408163265306,-0.049271064821031905,-0.11509505595980189,-0.012966559313582053,0.01020408163265306,0.01020408163265306,-0.08533752023448034,0.01020408163265306,0.01020408163265306,0.01020408163265306,-0.096624401460316,0.01020408163265306,0.01020408163265306,0.01020408163265306,0.01020408163265306,-0.08023716161352612,0.01020408163265306,0.01020408163265306,0.01020408163265306,0.01020408163265306,0.01020408163265306,0.01020408163265306,0.01020408163265306,0.01020408163265306,0.03050006444237747,0.08909105725644278,0.01020408163265306,0.01020408163265306,0.020380455265806785,0.01020408163265306,-0.07730218561765943,0.01020408163265306,0.01020408163265306,0.052162205793208134,0.01020408163265306,0.01020408163265306,0.01020408163265306,0.01020408163265306,0.024073213011036907,0.05492274007591309,-0.163736229074383,0.01020408163265306,0.01020408163265306,0.01020408163265306,0.01020408163265306,0.01020408163265306,0.01020408163265306,0.02426150201709218,0.01020408163265306,0.04245300306155365,0.01020408163265306,0.057595548810055894,0.01020408163265306,0.29085713440694216,0.16037979007465555,-0.062202250106040594,0.01020408163265306,0.25675143081250934,0.01020408163265306,0.3375333312385964,0.01020408163265306,-0.13428301837555712
2026-02-18,-0.0240221764248255,-0.017823398292731656,0.02239156887500357,-0.004906144087201268,-0.0690855744717901,0.01020408163265306,0.056664289174182,0.01020408163265306,0.09233539789940404,0.03727192416922311,-0.013264429792056479,0.01020408163265306,-0.005069138514825119,0.01020408163265306,-0.12466459219171995,0.01020408163265306,0.01020408163265306,0.01020408163265306,0.01020408163265306,0.01020408163265306,-0.029432067604120385,0.01020408163265306,0.01020408163265306,0.01020408163265306,0.01020408163265306,0.01020408163265306,0.01020408163265306,0.01020408163265306,-0.024572028355046273,-0.05851852989352792,0.01020408163265306,0.01020408163265306,-0.024151376766902218,0.01020408163265306,0.007340724064896461,-0.01770497212840138,0.01020408163265306,-0.019218876240042482,-0.11554303240937157,-0.005620970717563912,0.01020408163265306,0.01020408163265306,-0.07384067374237865,0.01020408163265306,0.01020408163265306,0.01020408163265306,-0.07411733908761432,0.01020408163265306,0.01020408163265306,0.01020408163265306,0.01020408163265306,-0.05734802919222466,0.01020408163265306,0.01020408163265306,0.01020408163265306,0.01020408163265306,0.01020408163265306,0.01020408163265306,0.01020408163265306,0.01020408163265306,0.012628437098957345,0.06391295267335785,0.01020408163265306,0.01020408163265306,0.01020408163265306,0.01020408163265306,-0.0625555807222018,0.01020408163265306,0.01020408163265306,0.04511085834989401,0.01020408163265306,0.01020408163265306,0.01020408163265306,0.01020408163265306,0.01020408163265306,0.018179163727403573,-0.15535988800840428,0.01020408163265306,0.01020408163265306,0.01020408163265306,0.01020408163265306,0.01020408163265306,0.01020408163265306,0.01020408163265306,0.01020408163265306,0.05920415229552741,0.01020408163265306,0.02986002353560655,0.01020408163265306,0.2825736218507187,0.13569962654068357,0.01020408163265306,0.01020408163265306,0.26669442494787576,0.01020408163265306,0.3310702263218218,0.01020408163265306,-0.1167716341060956
2026-02-19,-0.023247219581968,-0.017446187407043,0.02477101125386059,-0.006622259697734624,-0.06918446498890539,0.01020408163265306,0.05750307139745313,0.01020408163265306,0.09193129150784912,0.03779084077463305,-0.013455554201579433,0.01020408163265306,-0.0052348660490832855,0.01020408163265306,-0.12776476685573193,0.01020408163265306,0.01020408163265306,0.01020408163265306,0.01020408163265306,0.01020408163265306,-0.027604646407369288,0.01020408163265306,0.01020408163265306,0.01020408163265306,0.01020408163265306,0.01020408163265306,0.01020408163265306,0.01020408163265306,-0.028329504414917245,-0.05948826728512277,0.01020408163265306,0.01020408163265306,-0.020056978975326357,0.01020408163265306,0.0054088141401288205,-0.023614975181071855,0.01020408163265306,-0.015456941418532275,-0.11082263789620166,-0.00825571539829128,0.01020408163265306,0.01020408163265306,-0.07520988970995166,0.01020408163265306,0.01020408163265306,0.01020408163265306,-0.07323466993958488,0.01020408163265306,0.01020408163265306,0.01020408163265306,0.01020408163265306,-0.05741474269198643,0.01020408163265306,0.01020408163265306,0.01020408163265306,0.01020408163265306,0.01020408163265306,0.01020408163265306,0.01020408163265306,0.01020408163265306,0.010937015585670859,0.06446709597094144,0.01020408163265306,0.01020408163265306,0.01020408163265306,0.01020408163265306,-0.05868616103258523,0.01020408163265306,0.01020408163265306,0.04216420346609684,0.01020408163265306,0.01020408163265306,0.01020408163265306,0.01020408163265306,0.01020408163265306,0.018888325006102703,-0.15277674115853926,0.01020408163265306,0.01020408163265306,0.01020408163265306,0.01020408163265306,0.01020408163265306,0.01020408163265306,0.01020408163265306,0.01020408163265306,0.059841702987035755,0.01020408163265306,0.03192104874480258,0.01020408163265306,0.28360779264489927,0.13328083382179037,0.01020408163265306,0.01020408163265306,0.26864125477810974,0.01020408163265306,0.32690975949306617,0.01020408163265306,-0.1168099325054044
2026-02-20,-0.025523118838727668,-0.010797553111917905,0.021428278811783434,-0.012594754021839594,-0.07012430522081949,0.01020408163265306,0.0482164973158423,0.01020408163265306,0.1127018534719572,0.024269562181459106,-0.010220599958257822,0.01020408163265306,-0.009556809773744216,0.01020408163265306,-0.1286185983394127,0.01020408163265306,0.01020408163265306,0.01020408163265306,0.01020408163265306,0.01020408163265306,-0.015431777756495827,0.00930491380490001,0.01020408163265306,0.01020408163265306,0.01020408163265306,0.01020408163265306,0.01020408163265306,0.01020408163265306,-0.033908917490054216,-0.06416706236536056,0.01020408163265306,0.01020408163265306,0.0022223556218475046,0.01020408163265306,0.01020408163265306,-0.038749296989402875,0.01020408163265306,-0.028878361646179122,-0.09274232683260016,-0.0004677556487094822,0.01020408163265306,0.01020408163265306,-0.10440300986173266,0.01020408163265306,0.01020408163265306,0.01020408163265306,-0.08201950737552394,0.01020408163265306,0.01020408163265306,0.01020408163265306,0.01020408163265306,-0.05652039037585649,0.01020408163265306,0.01020408163265306,0.01020408163265306,0.01020408163265306,0.01020408163265306,0.01020408163265306,0.01020408163265306,0.01020408163265306,0.010964339080410264,0.05309577668333801,0.01020408163265306,0.01020408163265306,0.01020408163265306,0.01020408163265306,-0.04628083306530318,0.01020408163265306,0.01020408163265306,0.04233325498395261,0.01020408163265306,0.01020408163265306,0.01020408163265306,0.01020408163265306,0.01020408163265306,0.04541743549966572,-0.14799122674371104,0.01020408163265306,0.01020408163265306,0.01020408163265306,0.01020408163265306,0.01020408163265306,0.01020408163265306,0.01020408163265306,0.01020408163265306,0.07461306412758544,0.012859407966171769,0.026487412576739783,0.01020408163265306,0.2700439090702493,0.1427559470473719,0.01020408163265306,0.01020408163265306,0.27291883789109433,0.01020408163265306,0.3153967853987687,0.01020408163265306,-0.12848240570932523
2026-02-23,-0.058302509853807666,-0.03188387987125822,0.04654480857035797,0.00434459392541332,-0.09483033789994451,0.01020408163265306,0.09216487576052276,0.01020408163265306,0.16159282857878052,0.025263808161681695,0.004361890563515675,0.01020408163265306,-0.025714581317372746,0.01020408163265306,-0.1301851720934436,0.01020408163265306,0.01020408163265306,0.004309973564896596,0.01020408163265306,0.01020408163265306,-0.02223326357978435,0.01020408163265306,0.01020408163265306,0.01020408163265306,0.01020408163265306,0.01020408163265306,0.01020408163265306,0.1030802652019833,-0.02653721512570726,-0.06285917503466727,0.01020408163265306,-0.0127327700629553,-0.02088428606029763,0.05203335563790266,0.01020408163265306,-0.07817831904206599,0.01020408163265306,-0.10811863598694008,-0.09875259556387465,-0.028610652404243778,0.01020408163265306,0.01020408163265306,-0.13002339280754127,0.01020408163265306,0.01020408163265306,0.01020408163265306,-0.12258330385725404,0.01020408163265306,0.009758093859597607,0.01020408163265306,0.024122252550627242,-0.08465519606541558,0.01020408163265306,0.01020408163265306,0.003897292624189373,0.01020408163265306,0.01020408163265306,0.01020408163265306,0.01020408163265306,0.017056826699883725,0.026663330211470354,0.08344566332421324,0.01020408163265306,0.01020408163265306,0.048777085974476976,0.01020408163265306,-0.09066863763636036,0.01020408163265306,0.01020408163265306,0.04120227590800119,0.01020408163265306,0.01020408163265306,0.01020408163265306,0.01020408163265306,0.03314776614600021,0.11750250470642343,-0.15471773917374074,0.01020408163265306,0.01020408163265306,0.01020408163265306,0.01020408163265306,0.01020408163265306,0.04290868423986425,0.030626223687214967,0.01020408163265306,0.064850210563659,0.011769524057825014,0.06521006131205159,0.01020408163265306,0.2547930189967011,0.18710992502029702,-0.07633415516157933,-0.011101258642137188,0.254797858866687,0.01020408163265306,0.3216462999705308,0.01020408163265306,-0.15287013981172393
2026-02-24,-0.040744820837697655,-0.024362339210111883,0.0500363021086624,-0.00553877111731217,-0.08953713991862644,0.01020408163265306,0.05892613442565009,0.01020408163265306,0.146357045359233,0.02206813088272507,-0.001000889437229372,0.01020408163265306,-0.01815827449683028,0.01020408163265306,-0.12105986808426784,0.01020408163265306,0.01020408163265306,0.008398722069955488,0.01020408163265306,0.01020408163265306,-0.01984666361774643,0.01020408163265306,0.01020408163265306,0.01020408163265306,0.01020408163265306,0.01020408163265306,0.01020408163265306,0.05025652564443969,-0.007973340957969229,-0.06717207023445292,0.01020408163265306,-0.0132679237366651,0.0015538706123607998,0.038044085144689745,0.01020408163265306,-0.05419399278241009,0.01020408163265306,-0.10286925798952108,-0.09530221244144911,-0.017202479469135702,0.01020408163265306,0.01020408163265306,-0.1132034870267173,0.01020408163265306,0.01020408163265306,0.01020408163265306,-0.10760253259440278,0.01020408163265306,0.01020408163265306,0.01020408163265306,0.01020408163265306,-0.07227766582677697,0.01020408163265306,0.01020408163265306,0.01020408163265306,0.01020408163265306,0.01020408163265306,0.01020408163265306,0.01020408163265306,0.01020408163265306,0.017037942997072834,0.0625546582684764,0.01020408163265306,0.01020408163265306,0.02843166011724848,0.01020408163265306,-0.05195910150237472,0.01020408163265306,0.01020408163265306,0.05005830155472203,0.01020408163265306,0.01020408163265306,0.01020408163265306,0.01020408163265306,0.024052546248362217,0.1029379258796753,-0.1710798750254016,0.01020408163265306,0.01020408163265306,0.01020408163265306,0.01020408163265306,0.01020408163265306,0.045399308111908884,0.020724995863299366,0.01020408163265306,0.05251078158597725,0.01020408163265306,0.05175963352285199,0.01020408163265306,0.25102227602752863,0.14855063816320482,-0.03133241470011783,0.01020408163265306,0.2715976180473181,0.01020408163265306,0.3297279346724314,0.01020408163265306,-0.1573423244638429
2026-02-25,-0.042594279712472156,-0.02639640371175568,0.05290165114434337,-0.006269714550948354,-0.0946998622008772,0.01020408163265306,0.05956622857694079,0.01020408163265306,0.15221273132050306,0.024514870475414702,-0.005524595967010515,0.01020408163265306,-0.020981853966269094,0.01020408163265306,-0.1164709209242034,0.01020408163265306,0.01020408163265306,0.009308406005685608,0.01020408163265306,0.01020408163265306,-0.018440174135967644,0.01020408163265306,0.01020408163265306,0.01020408163265306,0.01020408163265306,0.01020408163265306,0.01020408163265306,0.06282126511263902,-0.026526359450976776,-0.05957090554491262,0.01020408163265306,-0.005988246892273058,0.0009574497110728507,0.04771572253900028,0.01020408163265306,-0.07352736793915121,0.01020408163265306,-0.10741893979085929,-0.09819336742123727,-0.025043703201049837,0.01020408163265306,0.01020408163265306,-0.10533721336120781,0.01020408163265306,0.01020408163265306,0.01020408163265306,-0.10779350188765065,0.01020408163265306,0.01020408163265306,0.01020408163265306,0.01020408163265306,-0.069251706215091,0.01020408163265306,0.01020408163265306,0.01020408163265306,0.01020408163265306,0.01020408163265306,0.01020408163265306,0.01020408163265306,0.01020408163265306,0.010475206367210405,0.05867049419100392,0.01020408163265306,0.01020408163265306,0.022958029511363942,0.01020408163265306,-0.045675766520632426,0.01020408163265306,0.01020408163265306,0.04468195379200687,0.01020408163265306,0.01020408163265306,0.01020408163265306,0.01020408163265306,0.02362521764815422,0.11625808500860614,-0.155274063133774,0.01020408163265306,-0.00327361272981588,0.01020408163265306,0.01020408163265306,0.01020408163265306,0.010662377127919355,0.03286266171644534,0.01020408163265306,0.057648104855732754,0.01020408163265306,0.05141803475241053,0.01020408163265306,0.24677219757685728,0.14303380141175714,-0.021048610235934774,0.01020408163265306,0.26255637861176323,0.01020408163265306,0.34643114087230764,0.01020408163265306,-0.14356716536568015
2026-02-26,0.01020408163265306,-0.023312121773640962,0.02974683017290978,-0.05805679120902446,-0.07106436129970829,0.01020408163265306,0.0329281319350789,0.01020408163265306,0.09776921354707992,0.027563623081070507,-0.014645926545755061,0.01020408163265306,-0.0054999041463854505,0.01020408163265306,-0.10138802958402346,0.01020408163265306,0.01020408163265306,0.01020408163265306,0.01020408163265306,0.01020408163265306,0.009188320340337725,0.01020408163265306,0.01020408163265306,0.01020408163265306,0.01020408163265306,0.01020408163265306,0.01020408163265306,0.01020408163265306,0.01020408163265306,-0.06365232652522307,0.01020408163265306,0.01020408163265306,0.01020408163265306,0.01020408163265306,0.01020408163265306,-0.03713664873247329,0.01020408163265306,-0.08467297320390173,-0.1181002581382347,-0.010163430968362109,0.01020408163265306,0.01020408163265306,-0.08246764983137532,0.01020408163265306,0.01020408163265306,0.01020408163265306,-0.08341717949195779,0.01020408163265306,0.01020408163265306,0.01020408163265306,0.01020408163265306,-0.050313665834013956,0.01020408163265306,0.01020408163265306,0.01020408163265306,0.01020408163265306,0.01020408163265306,0.01020408163265306,0.01020408163265306,0.01020408163265306,0.01020408163265306,0.028612711007299563,0.01020408163265306,0.01020408163265306,0.01020408163265306,0.01020408163265306,0.01020408163265306,0.01020408163265306,0.01020408163265306,0.05402975693822452,0.01020408163265306,0.01020408163265306,0.01020408163265306,0.01020408163265306,0.01020408163265306,0.045388882756091944,-0.17251738894293367,0.018580583683807952,0.01020408163265306,0.01020408163265306,0.01020408163265306,0.01020408163265306,0.01020408163265306,0.01020408163265306,0.01020408163265306,0.07696171354371614,0.01020408163265306,0.01020408163265306,0.01020408163265306,0.2472136130415994,0.12147567719817452,0.01020408163265306,0.01020408163265306,0.29821766390676147,0.01020408163265306,0.3302133910302876,0.01020408163265306,-0.1353590069758348
2026-02-27,0.01020408163265306,-0.011775737226252749,0.012498596513349796,-0.0428353645390773,-0.05609322099251188,0.01020408163265306,0.020933041927459976,0.01020408163265306,0.035330162945086147,0.0268103435255463,-0.020076498540729168,0.01020408163265306,-0.0032279855871056376,0.01020408163265306,-0.0800888590857605,0.01020408163265306,0.01020408163265306,0.01020408163265306,0.01020408163265306,0.01020408163265306,0.01020408163265306,0.01020408163265306,0.01020408163265306,0.01020408163265306,0.01020408163265306,0.01020408163265306,0.01020408163265306,0.01020408163265306,0.01020408163265306,-0.05839458952486844,0.01020408163265306,0.01020408163265306,0.01020408163265306,0.01020408163265306,0.01020408163265306,-0.004209725081859832,0.01020408163265306,-0.08316335485949736,-0.1116093690361847,-0.017476541000528638,0.01020408163265306,0.01020408163265306,-0.06957182614602457,0.01020408163265306,0.01020408163265306,0.01020408163265306,-0.07270707363846246,0.01020408163265306,0.01020408163265306,0.01020408163265306,0.01020408163265306,-0.0410262089062157,0.01020408163265306,0.01020408163265306,0.01020408163265306,0.01020408163265306,0.01020408163265306,0.01020408163265306,0.01020408163265306,0.01020408163265306,0.01020408163265306,0.01020408163265306,0.01020408163265306,0.01020408163265306,0.01020408163265306,0.01020408163265306,0.01020408163265306,0.01020408163265306,0.01020408163265306,0.049072239256738016,0.01020408163265306,0.01020408163265306,0.01020408163265306,0.01020408163265306,0.01020408163265306,0.01020408163265306,-0.15130607144829597,0.01020408163265306,0.01020408163265306,0.01020408163265306,0.01020408163265306,0.01020408163265306,0.01020408163265306,0.01020408163265306,0.01020408163265306,0.07220159780475034,0.01020408163265306,0.01020408163265306,0.01020408163265306,0.24805893352169478,0.10676608226589963,0.01020408163265306,0.01020408163265306,0.30240813791722987,0.01020408163265306,0.33639927532648933,0.01020408163265306,-0.1216098629418897
2026-03-02,-0.00860489581663877,-0.031565766115404806,0.033450061810141055,-0.05324071716200855,-0.07210422576989822,0.01020408163265306,0.06085598492815254,0.01020408163265306,0.126841618560376,0.027755861172667692,-0.012406211059196722,0.01020408163265306,-0.013308418994051338,0.01020408163265306,-0.11750515580872135,0.01020408163265306,0.01020408163265306,0.009856653359380642,0.01020408163265306,0.01020408163265306,0.01020408163265306,0.01020408163265306,0.01020408163265306,0.01020408163265306,0.01020408163265306,0.01020408163265306,0.01020408163265306,0.03914112934265661,0.01020408163265306,-0.07082710055745926,0.01020408163265306,0.01020408163265306,0.003881807951852859,0.04246659018254514,0.001431983649354462,-0.043967570016650775,0.01020408163265306,-0.13026363885759173,-0.13963868371266047,0.01020408163265306,0.01020408163265306,0.01020408163265306,-0.1219965830949359,0.01020408163265306,0.01020408163265306,0.01020408163265306,-0.08374490707483745,0.01020408163265306,0.01020408163265306,0.019727832889070637,0.04520791558215105,-0.05235692897961074,0.01020408163265306,0.01020408163265306,0.01020408163265306,0.01020408163265306,0.01020408163265306,0.01020408163265306,0.01020408163265306,0.01020408163265306,0.04441639408359132,0.03590154880389566,0.01020408163265306,0.011635602373745396,0.01020408163265306,0.01020408163265306,-0.03301423070880186,0.01020408163265306,0.01020408163265306,0.05232088401900239,0.01020408163265306,0.01020408163265306,0.01020408163265306,0.01020408163265306,0.016481062087547366,0.06904482631360571,-0.1874152209253111,0.04892189781515702,-0.011375279071310153,0.01020408163265306,0.01020408163265306,0.01020408163265306,0.01020408163265306,0.01020408163265306,0.01020408163265306,0.07843019228037464,0.01020408163265306,0.01020408163265306,0.01020408163265306,0.18349410947642725,0.15393250131089062,-0.012338551340028632,0.01020408163265306,0.29196711553146965,0.01020408163265306,0.3495679158413852,0.01020408163265306,-0.12248597572889443
2026-03-03,0.01020408163265306,-0.023848167822749074,0.016346561708007724,-0.053683919849709466,-0.05919325451824027,0.01020408163265306,0.041850437598772605,0.01020408163265306,0.08821933301708329,0.03144082277289968,-0.01845040064224209,0.01020408163265306,-0.005771535886921931,0.01020408163265306,-0.10509842037177114,0.01020408163265306,0.01020408163265306,0.01020408163265306,0.01020408163265306,0.01020408163265306,0.01020408163265306,0.01020408163265306,0.01020408163265306,0.01020408163265306,0.01020408163265306,0.01020408163265306,0.01020408163265306,0.01020408163265306,0.01020408163265306,-0.06875717090598164,0.01020408163265306,0.01020408163265306,0.01020408163265306,0.02520065356101736,0.0028996030553935627,-0.016228313244674178,0.01020408163265306,-0.09881305499556568,-0.1248753341906922,0.01020408163265306,0.01020408163265306,0.01020408163265306,-0.10127810466978508,0.01020408163265306,0.01020408163265306,0.01020408163265306,-0.07371572378936354,0.01020408163265306,0.01020408163265306,0.01020408163265306,0.01020408163265306,-0.04602071421007269,0.01020408163265306,0.01020408163265306,0.01020408163265306,0.01020408163265306,0.01020408163265306,0.01020408163265306,0.01020408163265306,0.01020408163265306,0.038042219434485644,0.019592672538794965,0.01020408163265306,0.01020408163265306,0.01020408163265306,0.01020408163265306,0.0002435201327857326,0.01020408163265306,0.01020408163265306,0.04978127476052654,0.01020408163265306,0.01020408163265306,0.01020408163265306,0.01020408163265306,0.01020408163265306,0.03281972908388708,-0.18969758803197975,0.035314907708278206,0.007416925625346103,0.01020408163265306,0.01020408163265306,0.01020408163265306,0.01020408163265306,0.01020408163265306,0.01020408163265306,0.06759766504118159,0.01020408163265306,0.01020408163265306,0.01020408163265306,0.22144560882449507,0.12382900124907827,0.01020408163265306,0.01020408163265306,0.2873141504005479,0.01020408163265306,0.34581947550963305,0.01020408163265306,-0.11300816501491452
2026-03-04,0.01020408163265306,-0.016512071505420105,0.01020408163265306,-0.042987588422769105,-0.0457883363140812,0.01020408163265306,0.021446878414617256,0.01020408163265306,0.029902864112260244,0.035092151265035974,-0.021271618586665896,0.01020408163265306,0.010200275666558114,0.01020408163265306,-0.10404790016822936,0.01020408163265306,0.01020408163265306,0.01020408163265306,0.01020408163265306,0.01020408163265306,-0.0029799775968494153,0.01020408163265306,0.01020408163265306,0.01020408163265306,0.01020408163265306,0.01020408163265306,0.01020408163265306,0.01020408163265306,0.01020408163265306,-0.06400994913467477,0.01020408163265306,0.01020408163265306,0.01020408163265306,0.01020408163265306,-0.003980200227519387,0.01020408163265306,0.01020408163265306,-0.07076270066405747,-0.08249935727452852,0.01020408163265306,0.01020408163265306,0.01020408163265306,-0.0676686411348103,0.01020408163265306,0.01020408163265306,0.01020408163265306,-0.07757570396646739,0.01020408163265306,0.01020408163265306,0.01020408163265306,0.01020408163265306,-0.04601969975027349,0.01020408163265306,0.01020408163265306,0.01020408163265306,0.01020408163265306,0.01020408163265306,0.01020408163265306,0.01020408163265306,0.01020408163265306,0.025580193102969363,0.01020408163265306,0.01020408163265306,0.01020408163265306,0.01020408163265306,0.01020408163265306,0.01020408163265306,0.01020408163265306,0.01020408163265306,0.03699032936158505,0.01020408163265306,0.01020408163265306,0.01020408163265306,0.01020408163265306,0.01020408163265306,0.01020408163265306,-0.19890648307235612,0.01020408163265306,0.01020408163265306,0.01020408163265306,0.01020408163265306,0.01020408163265306,0.01020408163265306,0.01020408163265306,0.01020408163265306,0.07273855749255752,0.01020408163265306,0.01020408163265306,0.01020408163265306,0.2829310225761497,0.054754527694305985,0.01020408163265306,0.01020408163265306,0.2701445700382635,0.01020408163265306,0.38218203335468953,0.01020408163265306,-0.11164705281131017
2026-03-05,0.01020408163265306,-0.038569215841832157,0.0300750493847705,-0.06376161222151207,-0.05127663053293313,0.01020408163265306,0.05464850953980551,0.01020408163265306,0.0682792561262812,0.047134244215262314,-0.021820920120513815,0.01020408163265306,0.01020408163265306,0.01020408163265306,-0.1300321468403188,0.008721309791579531,0.01020408163265306,0.01020408163265306,0.01020408163265306,0.01020408163265306,0.001950225122076923,0.01020408163265306,0.01020408163265306,0.01020408163265306,0.01020408163265306,0.01020408163265306,0.01020408163265306,0.01020408163265306,0.01020408163265306,-0.05892126208915613,0.01020408163265306,0.01020408163265306,0.01020408163265306,0.01020408163265306,-0.012607189088874723,-0.00902297334767529,0.01020408163265306,-0.07194549924328669,-0.09931892930852448,0.01020408163265306,0.01020408163265306,0.01020408163265306,-0.07483046341174968,0.01020408163265306,0.01020408163265306,0.01020408163265306,-0.08379784188418782,0.01020408163265306,0.01020408163265306,0.01020408163265306,0.01020408163265306,-0.041248643265954524,0.01020408163265306,0.01020408163265306,0.01020408163265306,0.01020408163265306,0.01020408163265306,0.01020408163265306,0.01020408163265306,0.01020408163265306,0.0476609418087886,0.0375784568618865,0.01020408163265306,0.01020408163265306,0.01020408163265306,0.01020408163265306,0.008690730229421236,0.01020408163265306,0.01020408163265306,0.04061268329020104,0.01020408163265306,0.01020408163265306,0.01020408163265306,0.01020408163265306,0.01020408163265306,0.01595256378871205,-0.2321659299066984,0.01689397650686185,-0.012059108581917026,0.01020408163265306,0.01020408163265306,0.01020408163265306,0.01020408163265306,0.01020408163265306,0.01020408163265306,0.06767458006032348,0.01020408163265306,0.01020408163265306,0.01020408163265306,0.2616701898338728,0.06500839737992888,0.01020408163265306,0.01020408163265306,0.2828143175931321,0.01020408163265306,0.39158876789970193,0.01020408163265306,-0.10884113986992074
2026-03-06,0.01020408163265306,-0.020132129920175303,0.011769842819087764,-0.0569648202059377,-0.03628584672196789,0.01020408163265306,0.0330707147311544,0.01020408163265306,0.010728026411010772,0.041237254808748645,-0.017116318685592907,0.01020408163265306,0.01020408163265306,0.01020408163265306,-0.11485590786170276,0.01020408163265306,0.01020408163265306,0.01020408163265306,0.01020408163265306,0.01020408163265306,0.00303618947874672,0.01020408163265306,0.01020408163265306,0.01020408163265306,0.01020408163265306,0.01020408163265306,0.01020408163265306,0.01020408163265306,0.01020408163265306,-0.05926733434603078,0.01020408163265306,0.01020408163265306,0.01020408163265306,0.01020408163265306,-0.009745786888098963,-0.006206228176866583,0.01020408163265306,-0.04873185851729137,-0.09614168960763064,0.01020408163265306,0.01020408163265306,0.01020408163265306,-0.050311873797053916,0.01020408163265306,0.01020408163265306,0.01020408163265306,-0.07737609351289723,0.01020408163265306,0.01020408163265306,0.01020408163265306,0.01020408163265306,-0.04162303659586562,0.01020408163265306,0.01020408163265306,0.01020408163265306,0.01020408163265306,0.01020408163265306,0.01020408163265306,0.01020408163265306,0.01020408163265306,0.028259736854328907,0.01020408163265306,0.01020408163265306,0.01020408163265306,0.01020408163265306,0.01020408163265306,0.01020408163265306,0.01020408163265306,0.01020408163265306,0.03608555338446777,0.01020408163265306,0.01020408163265306,0.01020408163265306,0.01020408163265306,0.01020408163265306,0.01020408163265306,-0.20187380158661822,0.01020408163265306,0.008157918183827492,0.01020408163265306,0.01020408163265306,0.01020408163265306,0.01020408163265306,0.01020408163265306,0.01020408163265306,0.06286505679150074,0.01020408163265306,0.01020408163265306,0.01020408163265306,0.2926658970691092,0.029467839509008734,0.01020408163265306,0.01020408163265306,0.27997527967604663,0.01020408163265306,0.3925022880267772,0.01020408163265306,-0.10747458560579949
2026-03-09,0.01020408163265306,-0.051013788954157493,0.04561109540264024,-0.062257216856080405,-0.06265357890171815,0.01020408163265306,0.05199877366239143,0.01020408163265306,0.10069718580227652,0.05072711182662781,-0.012272855710098804,0.006361622314517153,0.010148972228929517,0.01020408163265306,-0.15003639886985412,-0.0037570149468631013,0.01020408163265306,0.01020408163265306,0.01020408163265306,0.01020408163265306,-0.008471794322048977,0.01020408163265306,0.011341240811062922,0.01020408163265306,0.01020408163265306,0.02370538137849907,0.01020408163265306,0.03372479360764005,0.01020408163265306,-0.07563963998382695,0.01020408163265306,0.01020408163265306,0.005887441399355918,0.033008981916430605,-0.003796730200134898,-0.03830163886795824,0.01020408163265306,-0.07854425338056639,-0.11557738592317666,0.01020408163265306,0.01020408163265306,0.01020408163265306,-0.09078426097375704,0.01020408163265306,0.01020408163265306,0.01020408163265306,-0.09736761353176832,0.01020408163265306,0.01020408163265306,0.015331656437094646,0.01020408163265306,-0.041862776746738814,0.01020408163265306,0.01020408163265306,0.01020408163265306,0.01020408163265306,0.01020408163265306,0.01020408163265306,0.01020408163265306,0.01020408163265306,0.0639339419999492,0.041310273456588054,0.01020408163265306,0.01020408163265306,0.01020408163265306,0.01020408163265306,-0.0017867926981283838,0.01020408163265306,0.01020408163265306,0.041630596707438836,0.024379940746779724,0.01020408163265306,0.01020408163265306,0.01020408163265306,0.01020408163265306,0.06688024888008777,-0.2259939737266407,0.0312630960367174,-0.038677464614745846,0.01020408163265306,0.024492642553551176,0.01020408163265306,0.011057389178057675,0.01020408163265306,0.01020408163265306,0.06300248141531041,0.01020408163265306,0.01020408163265306,0.01020408163265306,0.2570753345242249,0.051717473138252514,-0.024824601503138193,-0.0013605922611397373,0.2832915705213915,0.01020408163265306,0.4193885416481447,0.01020408163265306,-0.11359965951937757
2026-03-10,0.01020408163265306,-0.035343522425072646,0.03799318920832263,-0.06013408120615858,-0.04452795406175259,0.01020408163265306,0.02475486744497274,0.01020408163265306,0.05887624979135595,0.04951875259193583,-0.019277009930813264,0.01020408163265306,0.01020408163265306,0.01020408163265306,-0.1243571655549424,0.009750635238616986,0.01020408163265306,0.01020408163265306,0.01020408163265306,0.01020408163265306,-0.007042598724770992,0.01020408163265306,0.01020408163265306,0.01020408163265306,0.01020408163265306,0.01020408163265306,0.01020408163265306,0.01020408163265306,0.01020408163265306,-0.08238105585763036,0.01020408163265306,0.01020408163265306,0.01020408163265306,0.01020408163265306,-0.034479600345076994,-0.0032855031057197667,0.01020408163265306,-0.05484158839289589,-0.09363620810705964,0.01020408163265306,0.01020408163265306,0.01020408163265306,-0.06910558773778792,0.01020408163265306,0.01020408163265306,0.01020408163265306,-0.08319361637334384,0.01020408163265306,0.01020408163265306,0.01020408163265306,0.01020408163265306,-0.02043210149022072,0.01020408163265306,0.01020408163265306,0.01020408163265306,0.01020408163265306,0.01020408163265306,0.01020408163265306,0.01020408163265306,0.01020408163265306,0.06961104962770087,0.01020408163265306,0.01020408163265306,0.01020408163265306,0.01020408163265306,0.01020408163265306,0.0030393550676088713,0.01020408163265306,0.01020408163265306,0.032145175651584756,0.01020408163265306,0.01020408163265306,0.01020408163265306,0.01020408163265306,0.01020408163265306,0.01020408163265306,-0.2277692511933686,0.029570556149096004,-0.03836045390722965,0.01020408163265306,0.024404932612366294,0.01020408163265306,0.01020408163265306,0.01020408163265306,0.01020408163265306,0.06665506430985868,0.01020408163265306,0.01020408163265306,0.01020408163265306,0.2495506532865365,0.06408991346505807,0.01020408163265306,0.01020408163265306,0.2857452902401823,0.01020408163265306,0.4122258972024342,0.01020408163265306,-0.09323367122888883
2026-03-11,0.01020408163265306,-0.038979092744408264,0.04295833205824064,-0.054783389723636874,-0.037382654547002354,0.01020408163265306,0.031607553547626045,0.01020408163265306,0.07588447458214474,0.013074944196763786,-0.014980677238249458,0.01020408163265306,0.01020408163265306,0.01020408163265306,-0.1185832982960217,0.007763139781263162,0.01020408163265306,0.01020408163265306,0.01020408163265306,0.01020408163265306,-0.005416398039714599,0.01020408163265306,0.01020408163265306,0.01020408163265306,0.01020408163265306,0.01020408163265306,0.01020408163265306,0.01020408163265306,0.01020408163265306,-0.08724960579484313,0.01020408163265306,0.01020408163265306,0.006215309212636778,0.01020408163265306,-0.05837739287796952,0.002332787814463999,0.01020408163265306,-0.057420129819640287,-0.07539710008319397,0.01020408163265306,0.01020408163265306,0.01020408163265306,-0.06852517949414942,0.01020408163265306,0.01020408163265306,0.01020408163265306,-0.08246904758110964,0.01020408163265306,0.01020408163265306,0.01020408163265306,0.01020408163265306,-0.019614013052906595,0.01020408163265306,0.01020408163265306,0.01020408163265306,0.01020408163265306,0.01020408163265306,0.01020408163265306,0.01020408163265306,0.01020408163265306,0.07092598890539849,0.01020408163265306,0.01020408163265306,0.01020408163265306,0.01020408163265306,0.01020408163265306,-0.00040889083762000143,0.01020408163265306,0.01020408163265306,0.038613572108262634,0.01020408163265306,0.01020408163265306,0.01020408163265306,0.01020408163265306,0.01020408163265306,0.01020408163265306,-0.23383504660014937,0.04399520509552749,-0.055367177837950116,0.01020408163265306,0.01568208188411463,0.01020408163265306,0.01020408163265306,0.01020408163265306,0.01020408163265306,0.06035119702024294,0.01020408163265306,0.01020408163265306,0.01020408163265306,0.23373628951579956,0.0859200490578633,0.01020408163265306,0.01020408163265306,0.27551270385758275,0.01020408163265306,0.43234270685607534,0.01020408163265306,-0.09139254704789014
2026-03-12,0.01020408163265306,-0.03682486541474961,0.045100146700626724,-0.05315477466631842,-0.04023536055801671,0.01020408163265306,0.033840121444611994,0.01020408163265306,0.07587781843430778,0.01020408163265306,-0.019751942996046885,0.01020408163265306,0.01020408163265306,0.01020408163265306,-0.1158874141702154,0.007370783208252168,0.01020408163265306,0.01020408163265306,0.01020408163265306,0.01020408163265306,-0.0035786257562849446,0.01020408163265306,0.01020408163265306,0.01020408163265306,0.01020408163265306,0.01020408163265306,0.01020408163265306,0.01020408163265306,0.01020408163265306,-0.0777363094028976,0.01020408163265306,0.01020408163265306,0.0030133823832410858,0.01020408163265306,-0.06457800217984055,0.01020408163265306,0.01020408163265306,-0.08198093171509009,-0.06737059199051033,0.01020408163265306,0.01020408163265306,0.01020408163265306,-0.06911216564051632,0.01020408163265306,0.01020408163265306,0.01020408163265306,-0.08296340231500506,0.01020408163265306,0.01020408163265306,0.01020408163265306,0.01020408163265306,-0.02247294851523416,0.01020408163265306,0.01020408163265306,0.01020408163265306,0.01020408163265306,0.01020408163265306,0.01020408163265306,0.01020408163265306,0.01020408163265306,0.06475950466208782,0.01020408163265306,0.01020408163265306,0.01020408163265306,0.01020408163265306,0.01020408163265306,0.009713703881016758,0.01020408163265306,0.01020408163265306,0.037176160974401296,0.01020408163265306,0.01020408163265306,0.01020408163265306,0.01020408163265306,0.01020408163265306,0.01020408163265306,-0.24404621148091854,0.04989095543800543,-0.05735714819611826,0.01020408163265306,0.049160314876632215,0.01020408163265306,0.01020408163265306,0.01020408163265306,0.01020408163265306,0.0404336638734187,0.01020408163265306,0.01020408163265306,0.01020408163265306,0.2102187396145981,0.1025902209545823,0.01020408163265306,0.01020408163265306,0.2676777720276707,0.01020408163265306,0.44907081438200847,0.01020408163265306,-0.09251687724545367
2026-03-13,0.01020408163265306,-0.012123331864781746,0.03606995683653864,-0.07224241672132797,-0.03999149621709854,0.01020408163265306,0.02428526422642455,0.01020408163265306,0.101727503045182,0.024524536977691608,-0.025642557241263783,0.01020408163265306,0.0005006825034858196,0.01020408163265306,-0.11812716157043322,0.0057275974365492656,0.01020408163265306,0.01020408163265306,0.01020408163265306,0.01020408163265306,0.01020408163265306,0.003768476042380128,0.01020408163265306,0.01020408163265306,0.01020408163265306,0.01020408163265306,0.01020408163265306,0.01020408163265306,0.01020408163265306,-0.08918726657683956,0.01020408163265306,0.01020408163265306,0.01020408163265306,0.01020408163265306,-0.06635240023509602,-0.015324602054691496,0.01020408163265306,-0.0363590620666107,-0.05082075883384247,0.005080728567124887,0.01020408163265306,0.01020408163265306,-0.06048145128613869,0.01020408163265306,0.01020408163265306,0.01020408163265306,-0.09001540631183463,0.01020408163265306,0.01020408163265306,0.01020408163265306,0.01020408163265306,-0.01719455397305142,0.01020408163265306,0.01020408163265306,0.01020408163265306,0.01020408163265306,0.01020408163265306,0.01020408163265306,0.01020408163265306,0.01020408163265306,0.038267929599923554,0.01020408163265306,0.01020408163265306,0.01020408163265306,0.01020408163265306,0.01020408163265306,-0.04598041180712296,0.01020408163265306,0.01020408163265306,0.03929432850490233,0.01020408163265306,0.01020408163265306,0.01020408163265306,0.01020408163265306,0.01020408163265306,0.01020408163265306,-0.1911828273295119,0.01667561963137531,-0.06824116703293608,0.01020408163265306,0.01020408163265306,0.01020408163265306,0.01020408163265306,0.01020408163265306,0.01020408163265306,0.08143194904506128,0.027446026016655335,0.01020408163265306,0.01020408163265306,0.2357064702659138,0.08148470211311182,0.01020408163265306,0.01020408163265306,0.26308920838835886,0.01020408163265306,0.4632981880427958,0.01020408163265306,-0.10217352061068975
2026-03-16,0.01020408163265306,-0.01039501497861241,0.0363980780976728,-0.07306269489030409,-0.040364240977701714,0.01020408163265306,0.02323607031510153,0.01020408163265306,0.10119129345889676,0.017601585090016972,-0.02423153406865399,0.01020408163265306,0.0006117121122322985,0.01020408163265306,-0.10993349168791831,0.006019041171875107,0.01020408163265306,0.01020408163265306,0.01020408163265306,0.01020408163265306,0.01020408163265306,0.008731407734143286,0.01020408163265306,0.01020408163265306,0.01020408163265306,0.01020408163265306,0.01020408163265306,0.01020408163265306,0.01020408163265306,-0.06508407416331285,0.01020408163265306,0.01020408163265306,0.009901970449507462,0.01020408163265306,-0.07036781821677733,-0.017844328706368304,0.01020408163265306,-0.04529436669128986,-0.05466663337109992,0.004716990661737114,0.01020408163265306,0.01020408163265306,-0.0616874486292054,0.01020408163265306,0.01020408163265306,0.01020408163265306,-0.09838997145705713,0.01020408163265306,0.01020408163265306,0.01020408163265306,0.01020408163265306,-0.01548558705841892,0.01020408163265306,0.01020408163265306,0.01020408163265306,0.01020408163265306,0.01020408163265306,0.01020408163265306,0.01020408163265306,0.01020408163265306,0.03818056674767343,0.01020408163265306,0.01020408163265306,0.01020408163265306,0.01020408163265306,0.01020408163265306,-0.04274819107269933,0.01020408163265306,0.01020408163265306,0.03190900658014448,0.01020408163265306,0.01020408163265306,0.01020408163265306,0.01020408163265306,0.01020408163265306,0.01020408163265306,-0.19480074451183135,0.017614164379144495,-0.06798154705918519,0.01020408163265306,0.01020408163265306,0.01020408163265306,0.01020408163265306,0.01020408163265306,0.01020408163265306,0.07781857252248883,0.033693461149959164,0.01020408163265306,0.01020408163265306,0.22863062349312704,0.09182835093112136,0.01020408163265306,0.01020408163265306,0.2625929653705772,0.01020408163265306,0.4658013015548658,0.01020408163265306,-0.10699661713699195
2026-03-17,0.01020408163265306,0.005240138692235073,0.01020408163265306,-0.059671543584525505,-0.02118778615753119,0.01020408163265306,0.01020408163265306,0.01020408163265306,0.01020408163265306,0.01020408163265306,-0.021733877708920275,0.01020408163265306,0.01020408163265306,0.01020408163265306,-0.059053492288838175,0.0036335617605157793,0.01020408163265306,0.01020408163265306,0.01020408163265306,0.01020408163265306,0.01020408163265306,0.01020408163265306,0.01020408163265306,0.01020408163265306,0.01020408163265306,0.01020408163265306,0.01020408163265306,0.01020408163265306,0.01020408163265306,-0.022633629813806982,0.01020408163265306,0.01020408163265306,0.01020408163265306,0.01020408163265306,-0.07641906895548296,0.008381890644905568,0.01020408163265306,-0.032448112978427986,-0.06377333657366607,0.01020408163265306,0.01020408163265306,0.01020408163265306,-0.042923082328939655,0.01020408163265306,0.01020408163265306,0.01020408163265306,-0.09222682996440326,0.01020408163265306,0.01020408163265306,0.01020408163265306,0.01020408163265306,-0.009728843919350654,0.01020408163265306,0.01020408163265306,0.01020408163265306,0.01020408163265306,0.01020408163265306,0.01020408163265306,0.01020408163265306,0.01020408163265306,0.01020408163265306,0.01020408163265306,0.01020408163265306,0.01020408163265306,0.01020408163265306,0.01020408163265306,0.01020408163265306,0.01020408163265306,0.01020408163265306,0.01020408163265306,0.01020408163265306,0.01020408163265306,0.01020408163265306,0.01020408163265306,0.01020408163265306,0.01020408163265306,-0.17853555041078442,0.01020408163265306,-0.009125571259471483,0.01020408163265306,0.01020408163265306,0.01020408163265306,0.01020408163265306,0.01020408163265306,0.01020408163265306,0.05527164080254124,0.01020408163265306,0.01020408163265306,0.01020408163265306,0.23694868125478563,0.01020408163265306,0.01020408163265306,0.01020408163265306,0.2625411975643334,0.01020408163265306,0.458658430904246,0.01020408163265306,-0.12692910139369984
2026-03-18,0.01020408163265306,-0.007571144723741605,0.028678448917578356,-0.06431670195080694,-0.02005035326275121,0.01020408163265306,0.01020408163265306,0.01020408163265306,0.024354914428573696,0.01020408163265306,-0.01938006487232473,0.01020408163265306,0.009797681912586828,0.01020408163265306,-0.0728000906748913,0.001250160072860898,0.01020408163265306,0.01020408163265306,0.01020408163265306,0.01020408163265306,0.01020408163265306,0.01020408163265306,0.01020408163265306,0.01020408163265306,0.01020408163265306,0.01020408163265306,0.01020408163265306,0.01020408163265306,0.01020408163265306,-0.02121445039928789,0.01020408163265306,0.01020408163265306,0.01020408163265306,0.01020408163265306,-0.07806731862600838,-0.0044838035424569,0.01020408163265306,-0.03894194099873113,-0.0564135402535961,0.005080511418670945,0.01020408163265306,0.01020408163265306,-0.05039007392980164,0.01020408163265306,0.01020408163265306,0.01020408163265306,-0.09512209709771653,0.01020408163265306,0.01020408163265306,0.01020408163265306,0.01020408163265306,-0.01607053671310304,0.01020408163265306,0.01020408163265306,0.01020408163265306,0.01020408163265306,0.01020408163265306,0.01020408163265306,0.01020408163265306,0.01020408163265306,0.0133949849441775,0.01020408163265306,0.01020408163265306,0.01020408163265306,0.01020408163265306,0.01020408163265306,-0.007523758867910695,0.01020408163265306,0.01020408163265306,0.019040578939294152,0.01020408163265306,0.01020408163265306,0.01020408163265306,0.01020408163265306,0.01020408163265306,0.01020408163265306,-0.20544421764777523,0.01020408163265306,-0.04662397722352419,0.01020408163265306,0.01020408163265306,0.01020408163265306,0.01020408163265306,0.01020408163265306,0.01020408163265306,0.0643325103434658,0.02112424389968101,0.01020408163265306,0.01020408163265306,0.2435841604364043,0.05269977037967015,0.01020408163265306,0.01020408163265306,0.2622077526083981,0.01020408163265306,0.48155183437939525,0.01020408163265306,-0.1165610329167376
2026-03-19,0.01020408163265306,-0.03183884048956836,0.051621114965619566,-0.07299234772655393,-0.04237731639771173,0.01020408163265306,0.01020408163265306,0.01020408163265306,0.11168675345224545,0.01020408163265306,-0.019142392711081778,0.01020408163265306,0.004546956694465254,0.01020408163265306,-0.09940091128162447,0.0006072526174125369,0.01020408163265306,0.01020408163265306,0.01020408163265306,0.01020408163265306,0.01020408163265306,0.01020408163265306,0.01020408163265306,0.01020408163265306,0.01020408163265306,0.01020408163265306,0.01020408163265306,0.023018056224013282,0.01020408163265306,-0.04009299078021524,0.01020408163265306,0.01020408163265306,0.01020408163265306,0.01020408163265306,-0.059868463437145414,-0.03897065424163357,0.01020408163265306,-0.03728529671734187,-0.06598362547369141,0.0016971728754615646,0.01020408163265306,0.01020408163265306,-0.06390798239890695,0.01020408163265306,0.01020408163265306,0.01020408163265306,-0.10943060406969257,0.01020408163265306,0.01020408163265306,0.01020408163265306,0.01020408163265306,-0.004829581041589696,0.01020408163265306,0.01020408163265306,0.01020408163265306,0.01020408163265306,0.01020408163265306,0.01020408163265306,0.01020408163265306,0.01020408163265306,0.03501939051872441,0.011981344932446663,0.01020408163265306,0.01020408163265306,0.01020408163265306,0.01020408163265306,-0.03813125986478739,0.01020408163265306,0.01020408163265306,0.03650203509068713,0.01020408163265306,0.01020408163265306,0.01020408163265306,0.01020408163265306,0.01020408163265306,0.01020408163265306,-0.20453954090177678,0.01020408163265306,-0.08790168278139485,0.01020408163265306,0.01020408163265306,0.01020408163265306,0.01020408163265306,0.01020408163265306,0.01020408163265306,0.07989323227276642,0.05043177850930634,0.01020408163265306,0.01020408163265306,0.2509101688343801,0.0609885896890222,0.01020408163265306,0.01020408163265306,0.26554476887716466,0.01020408163265306,0.47179259624303277,0.01020408163265306,-0.11301710923713428
2026-03-20,0.01020408163265306,-0.032886543595128506,0.05240042932741483,-0.07274461453984955,-0.04484480303978345,0.01020408163265306,0.01020408163265306,0.01020408163265306,0.1078908216121272,0.01020408163265306,-0.015221000282429167,0.01020408163265306,0.0038114644315447197,0.01020408163265306,-0.09797390530225891,-0.00010266018169984188,0.01020408163265306,0.01020408163265306,0.01020408163265306,0.01020408163265306,0.01020408163265306,0.01020408163265306,0.01020408163265306,0.01020408163265306,0.01020408163265306,0.01020408163265306,0.01020408163265306,0.026904975016221966,0.01020408163265306,-0.039318863205528014,0.01020408163265306,0.01020408163265306,0.01020408163265306,0.01020408163265306,-0.05556357849787644,-0.04118102475051757,0.01020408163265306,-0.04109826595175435,-0.06463526193993369,-0.0015508321375272242,0.01020408163265306,0.01020408163265306,-0.06830410427249826,0.01020408163265306,0.01020408163265306,0.01020408163265306,-0.11158867388305876,0.01020408163265306,0.01020408163265306,0.01020408163265306,0.01020408163265306,-0.006190203277949993,0.01020408163265306,0.01020408163265306,0.01020408163265306,0.01020408163265306,0.01020408163265306,0.01020408163265306,0.01020408163265306,0.01020408163265306,0.03148056937128989,0.011202044330029954,0.01020408163265306,0.01020408163265306,0.01020408163265306,0.01020408163265306,-0.033454813666750585,0.01020408163265306,0.01020408163265306,0.03442787752708384,0.01020408163265306,0.01020408163265306,0.01020408163265306,0.01020408163265306,0.01020408163265306,0.01020408163265306,-0.20557678454351036,0.01020408163265306,-0.08331638982972181,0.01020408163265306,0.01020408163265306,0.01020408163265306,0.01020408163265306,0.01020408163265306,0.01020408163265306,0.08172027214013906,0.05077016350161391,0.01020408163265306,0.01020408163265306,0.25727328825064316,0.059141460501171264,0.01020408163265306,0.01020408163265306,0.26467597493671635,0.01020408163265306,0.4702771004475315,0.01020408163265306,-0.10989350625085338
2026-03-23,0.01020408163265306,-0.042059811229023955,0.05724111432797708,-0.07676936421463679,-0.04319697450449763,0.01020408163265306,0.01020408163265306,0.01020408163265306,0.13083321407044515,0.028887580289135927,-0.015999676986835992,-0.0025586715677000504,-0.009725649615470818,0.01020408163265306,-0.09740144057170431,-0.029728730887164982,0.01020408163265306,0.01020408163265306,0.011767058850232106,0.01020408163265306,0.01020408163265306,0.01020408163265306,0.01020408163265306,0.01020408163265306,0.01020408163265306,0.01020408163265306,0.01020408163265306,0.0799424124305691,0.01020408163265306,-0.009700607583265729,0.01020408163265306,0.01020408163265306,0.01020408163265306,0.01020408163265306,-0.06160714681281676,-0.05680352643620644,0.01020408163265306,-0.12006447672713784,-0.06154450673711469,-0.020391309041982095,0.01020408163265306,0.01020408163265306,-0.07814478656389626,0.023162016464857306,0.01020408163265306,0.01020408163265306,-0.12313057090374312,0.01020408163265306,0.01020408163265306,0.01020408163265306,0.01020408163265306,-0.020123000644486508,0.01020408163265306,0.01020408163265306,0.01020408163265306,0.01020408163265306,0.01020408163265306,0.01020408163265306,0.01020408163265306,0.046112035928061325,0.049096061574189345,0.02834151766483005,0.01020408163265306,0.01020408163265306,0.01020408163265306,0.01020408163265306,-0.05106386726544869,0.01020408163265306,0.01020408163265306,0.045988160348486185,0.01020408163265306,0.01020408163265306,0.01020408163265306,0.017041324808668837,0.01020408163265306,0.01020408163265306,-0.24579559671162649,0.01020408163265306,-0.0923521149259316,0.01020408163265306,0.07113791510573994,0.01020408163265306,0.0481930057467648,0.01020408163265306,0.01020408163265306,0.059748108040443844,0.01020408163265306,0.01020408163265306,0.01020408163265306,0.1686066598809609,0.10944189570834352,0.01020408163265306,0.01020408163265306,0.2634229015662923,0.01020408163265306,0.5297307773389776,0.014346347898136921,-0.11671501280629894
2026-03-24,0.01020408163265306,-0.029378524412447232,0.052096806215271664,-0.06926736741700726,-0.039336780234476024,0.01020408163265306,0.01020408163265306,0.01020408163265306,0.10224753505148965,0.01020408163265306,-0.019752854721923077,0.0032042338061202174,0.002200111498044357,0.01020408163265306,-0.09907347192624996,-0.017736971417572425,0.01020408163265306,0.01020408163265306,0.01020408163265306,0.01020408163265306,0.01020408163265306,0.01020408163265306,0.01020408163265306,0.01020408163265306,0.01020408163265306,0.01020408163265306,0.01020408163265306,0.03952803683374559,0.01020408163265306,-0.010698823767332945,0.01020408163265306,0.01020408163265306,0.01020408163265306,0.01020408163265306,-0.04866941532751079,-0.05940418874245258,0.01020408163265306,-0.09092088580411234,-0.05476468926583196,-0.0069154985294253065,0.01020408163265306,0.01020408163265306,-0.06162123159110065,0.01020408163265306,0.01020408163265306,0.01020408163265306,-0.11415750738552788,0.01020408163265306,0.01020408163265306,0.01020408163265306,0.01020408163265306,-0.017408905259873493,0.01020408163265306,0.01020408163265306,0.01020408163265306,0.01020408163265306,0.01020408163265306,0.01020408163265306,0.01020408163265306,0.01020408163265306,0.03621187585590598,0.013326826182308713,0.01020408163265306,0.01020408163265306,0.01020408163265306,0.01020408163265306,-0.01437475455265627,0.01020408163265306,0.01020408163265306,0.033905029335019723,0.01020408163265306,0.01020408163265306,0.01020408163265306,0.01020408163265306,0.01020408163265306,0.01020408163265306,-0.22089906833285505,0.01020408163265306,-0.0723741137014328,0.01020408163265306,0.03873426384587947,0.01020408163265306,0.01020408163265306,0.01020408163265306,0.01020408163265306,0.051420392728445015,0.032495317432408855,0.01020408163265306,0.01020408163265306,0.2382167989559203,0.07695677873031848,0.01020408163265306,0.01020408163265306,0.2618283293771886,0.01020408163265306,0.5138313158301429,0.01020408163265306,-0.1025098237782174
2026-03-25,0.01020408163265306,-0.03317814209665213,0.055700985438607305,-0.06955584417133072,-0.039315812043609545,0.01020408163265306,0.01020408163265306,0.01020408163265306,0.09969537813111719,0.01020408163265306,-0.01835706948282726,0.002206011826161881,-0.0019389704043205128,0.01020408163265306,-0.09477484029376572,-0.01815990248963232,0.01020408163265306,0.01020408163265306,0.01020408163265306,0.01020408163265306,0.01020408163265306,0.01020408163265306,0.01020408163265306,0.01020408163265306,0.01020408163265306,0.01020408163265306,0.01020408163265306,0.0420427992564822,0.01020408163265306,-0.0167095951213403,0.01020408163265306,0.01020408163265306,0.01020408163265306,0.01020408163265306,-0.044980939029863616,-0.04723044706437589,0.01020408163265306,-0.09120589457911812,-0.0550781951787135,-0.009877493442013994,0.01020408163265306,0.01020408163265306,-0.06240257857266027,0.01020408163265306,0.01020408163265306,0.01020408163265306,-0.10861257956821081,0.01020408163265306,0.01020408163265306,0.01020408163265306,0.01020408163265306,-0.013937856193106743,0.01020408163265306,0.01020408163265306,0.01020408163265306,0.01020408163265306,0.01020408163265306,0.01020408163265306,0.01020408163265306,0.01020408163265306,0.032758396806743126,0.0133331914962394,0.01020408163265306,0.01020408163265306,0.01020408163265306,0.01020408163265306,-0.03176464235430887,0.01020408163265306,0.01020408163265306,0.03799359533428408,0.01020408163265306,0.01020408163265306,0.01020408163265306,0.01020408163265306,0.01020408163265306,0.01020408163265306,-0.216985767789526,0.01020408163265306,-0.07443920701743617,0.01020408163265306,0.04271538247717014,0.01020408163265306,0.01020408163265306,0.01020408163265306,0.01020408163265306,0.0650230292981302,0.029751787941445944,0.01020408163265306,0.01020408163265306,0.22376098704690423,0.07182065175461655,0.01020408163265306,0.01020408163265306,0.26088635539412386,0.01020408163265306,0.5169014872517581,0.011595781879810392,-0.10053718729792499
2026-03-26,0.01020408163265306,-0.030424807342017253,0.05329638058807069,-0.06598151868584581,-0.0368221444016802,0.01020408163265306,0.01020408163265306,0.01020408163265306,0.09708002373478923,0.01020408163265306,-0.021913506600972216,-0.01704522377336514,0.0017452001383533484,0.01020408163265306,-0.09110223000453928,-0.012092327506828414,0.01020408163265306,0.01020408163265306,0.01020408163265306,0.01020408163265306,0.01020408163265306,0.01020408163265306,0.01020408163265306,0.01020408163265306,0.01020408163265306,0.01020408163265306,0.01020408163265306,0.03519118108970368,0.01020408163265306,0.01020408163265306,0.01020408163265306,0.01020408163265306,0.01020408163265306,0.01020408163265306,-0.04899026366295332,-0.02880554603972632,0.01020408163265306,-0.09379633355086567,-0.05382675444368393,-0.013789786745861598,0.01020408163265306,0.01020408163265306,-0.06758784167584139,0.01020408163265306,0.01020408163265306,0.01020408163265306,-0.10396354427340927,0.01020408163265306,0.01020408163265306,0.01020408163265306,0.01020408163265306,-0.018106743500829636,0.01020408163265306,0.01020408163265306,0.01020408163265306,0.01020408163265306,0.01020408163265306,0.01020408163265306,0.01020408163265306,0.01020408163265306,0.027259273021194227,0.027703520065223385,0.01020408163265306,0.01020408163265306,0.01020408163265306,0.01020408163265306,-0.047251828753069734,0.01020408163265306,0.01020408163265306,0.032889215286240954,0.01020408163265306,0.01020408163265306,0.01020408163265306,0.01020408163265306,0.01020408163265306,0.01020408163265306,-0.22099975352404924,0.01020408163265306,-0.07528691657646741,0.01020408163265306,0.04473270423575118,0.01020408163265306,0.01020408163265306,0.01020408163265306,0.01020408163265306,0.06672448487220534,0.022477044910248982,0.01020408163265306,0.01020408163265306,0.22188797122008572,0.07170720437990381,0.01020408163265306,0.01020408163265306,0.2570419207554393,0.01020408163265306,0.5252250014315273,0.015845989811595712,-0.10608126896812303
2026-03-27,0.01020408163265306,-0.03133231472258433,0.05161034237401413,-0.06534023081955904,-0.039540983420231435,0.01020408163265306,0.01020408163265306,0.01020408163265306,0.1085756895112701,0.01020408163265306,-0.02317596702212616,-0.008333192553949922,0.0012988009739849909,0.01020408163265306,-0.08764996464484835,-0.018388307888187745,0.01020408163265306,0.01020408163265306,0.01020408163265306,0.01020408163265306,0.01020408163265306,0.01020408163265306,0.01020408163265306,0.01020408163265306,0.01020408163265306,0.01020408163265306,0.01020408163265306,0.04049537340000038,0.01020408163265306,0.01020408163265306,0.01020408163265306,0.01020408163265306,0.01020408163265306,0.01020408163265306,-0.05456980537971462,-0.013631375792311795,0.01020408163265306,-0.09440673910598865,-0.0486925168296514,-0.014069033053924854,0.01020408163265306,0.01020408163265306,-0.07112200506684119,0.01020408163265306,0.01020408163265306,0.01020408163265306,-0.11151089423605566,0.01020408163265306,0.01020408163265306,0.01020408163265306,0.01020408163265306,-0.025036472256838936,0.01020408163265306,0.01020408163265306,0.01020408163265306,0.01020408163265306,0.01020408163265306,0.01020408163265306,0.01020408163265306,0.010601774087240591,0.024012405952028686,0.021288682269516298,0.01020408163265306,0.01020408163265306,0.01020408163265306,0.01020408163265306,-0.05180482934855961,0.01020408163265306,0.01020408163265306,0.034755283115012726,0.01020408163265306,0.01020408163265306,0.01020408163265306,0.01020408163265306,0.01020408163265306,0.01020408163265306,-0.2253368086383206,0.01020408163265306,-0.07777587489861724,0.01020408163265306,0.05408253614855208,0.01020408163265306,0.01020408163265306,0.01020408163265306,0.01020408163265306,0.07145445457674553,0.030393811762470434,0.01020408163265306,0.01020408163265306,0.21184526150993344,0.0776314245297614,0.01020408163265306,0.01020408163265306,0.2612764560874433,0.01020408163265306,0.5115018384723333,0.014630063535860183,-0.1065940254849989
2026-03-30,0.01020408163265306,-0.026489832022068706,0.05808933803112093,-0.07434017355245119,-0.04573755118067585,0.01020408163265306,0.01020408163265306,0.01020408163265306,0.1303166658337997,0.01020408163265306,-0.028547034720539433,-0.004194495656305234,-0.0030954336474058822,0.01020408163265306,-0.08357685138291535,-0.00518222671167496,0.01020408163265306,0.01020408163265306,0.01020408163265306,0.01020408163265306,0.01020408163265306,0.01020408163265306,0.01020408163265306,0.01020408163265306,0.01020408163265306,0.01020408163265306,0.01020408163265306,0.0325027429541875,0.01020408163265306,0.01020408163265306,0.01020408163265306,0.01020408163265306,0.01020408163265306,0.01020408163265306,-0.06576980403315648,-0.030199971066320684,0.01020408163265306,-0.0766807504987685,-0.047361651088637026,-0.02286023447933462,0.01020408163265306,0.01020408163265306,-0.06406723051196136,0.01020408163265306,0.01020408163265306,0.01020408163265306,-0.11527597036046965,0.01020408163265306,0.01020408163265306,0.01020408163265306,0.01020408163265306,-0.012138502733375372,0.01020408163265306,0.01020408163265306,0.01020408163265306,0.01020408163265306,0.01020408163265306,0.01020408163265306,0.01020408163265306,0.01020408163265306,0.01020408163265306,0.017677166775091912,0.01020408163265306,0.01020408163265306,0.01950220537221528,0.01020408163265306,-0.05665116061739203,0.01020408163265306,0.01020408163265306,0.037491119383968416,0.01020408163265306,0.01020408163265306,0.01020408163265306,0.01020408163265306,0.01020408163265306,0.01020408163265306,-0.22152349555570716,0.01020408163265306,-0.0879226270476106,0.01020408163265306,0.04813170445576111,0.01020408163265306,0.01020408163265306,0.01020408163265306,0.01020408163265306,0.0864379352182313,0.042564011510087894,0.01020408163265306,0.01020408163265306,0.22689929556414476,0.05580595627206119,0.01020408163265306,0.01020408163265306,0.2521830337045331,0.01020408163265306,0.49837396275654183,0.013867784497996659,-0.10128914995276743
2026-03-31,0.01020408163265306,-0.028942812520393275,0.07590807687547185,-0.08710495889389132,-0.034057870090110395,0.01020408163265306,0.01020408163265306,0.01020408163265306,0.14094476201620734,0.017152719838599048,-0.02715509309200869,-0.009325052810314717,-0.013617820792242401,0.01020408163265306,-0.06589785498364222,-0.03200236509874987,0.01020408163265306,0.01020408163265306,0.01020408163265306,0.01020408163265306,0.01020408163265306,0.01020408163265306,0.01020408163265306,0.01020408163265306,0.01020408163265306,0.01020408163265306,0.01020408163265306,0.07262305074789818,-0.008233314878917217,0.01020408163265306,0.01020408163265306,0.01020408163265306,0.01020408163265306,0.01020408163265306,-0.09957707013066135,-0.031591819931769224,0.01020408163265306,-0.08955009364807452,-0.050860290022484836,-0.04121170799669678,0.01020408163265306,0.01020408163265306,-0.09520882454116834,0.01020408163265306,0.01020408163265306,0.01020408163265306,-0.11305029292993637,0.01020408163265306,0.01020408163265306,0.01020408163265306,0.01020408163265306,-0.009947218508011784,0.01020408163265306,0.01020408163265306,0.01020408163265306,0.01020408163265306,0.01020408163265306,0.01020408163265306,0.01020408163265306,0.0659569004232149,0.02273510409233534,0.037662493809802335,0.01020408163265306,0.01020408163265306,0.038709683053805795,0.01020408163265306,-0.08115821528035091,0.01020408163265306,0.01020408163265306,0.0473755361151739,0.01020408163265306,0.01020408163265306,0.01020408163265306,0.01618737331111214,0.01020408163265306,0.01020408163265306,-0.2658592365015197,0.01020408163265306,-0.10088746726084048,0.01020408163265306,0.0986025249383345,0.01020408163265306,0.06262821052702032,0.01020408163265306,0.01020408163265306,0.09413114365539961,0.028306105245095026,0.01020408163265306,0.01020408163265306,0.13587854815690467,0.08656022083093937,0.01020408163265306,0.01020408163265306,0.24991384530812716,0.01020408163265306,0.5095145692230035,0.014259454251030208,-0.1216476772015682
2026-04-01,0.01020408163265306,-0.020764649530139748,0.06936413862193708,-0.09897780215273048,-0.031881155167924155,0.01020408163265306,0.01020408163265306,0.01020408163265306,0.14753412959210158,0.03556996347058819,-0.02648597487953077,-0.01265274363086061,-0.01395478650857617,0.01020408163265306,-0.05502365838940203,-0.027616403345870177,0.01020408163265306,0.01020408163265306,0.01020408163265306,0.01020408163265306,0.01020408163265306,0.01020408163265306,0.01020408163265306,0.01020408163265306,0.01020408163265306,0.01020408163265306,0.01020408163265306,0.060657000919488245,0.004147793050666942,0.01020408163265306,-0.029361932573439657,0.01020408163265306,0.01020408163265306,0.01925593947206404,-0.08294497680880161,-0.04970445877190449,0.01020408163265306,-0.07329979435990024,-0.07334630216190628,-0.039028360050017905,0.01020408163265306,0.01020408163265306,-0.10058122038744623,0.03405695670272356,0.01020408163265306,0.01020408163265306,-0.10877886708887077,0.01020408163265306,0.01020408163265306,0.01020408163265306,0.01020408163265306,-0.01738002382262943,0.01020408163265306,0.01020408163265306,0.01020408163265306,0.01020408163265306,0.01020408163265306,0.01020408163265306,0.01020408163265306,0.08041307976405944,0.02516312581461263,0.030418458918707834,0.01020408163265306,0.01020408163265306,0.04095660100784058,0.01020408163265306,-0.10992405153442268,0.01020408163265306,0.01020408163265306,0.039822133889544295,0.01020408163265306,0.01020408163265306,0.01020408163265306,0.028920415979457534,0.01020408163265306,0.01020408163265306,-0.2631740200424773,0.01020408163265306,-0.07352666002145097,0.01020408163265306,0.07471801512372978,0.01020408163265306,0.09413695712537389,0.01020408163265306,0.01020408163265306,0.08848324119676636,0.03363788649024515,0.01020408163265306,0.01020408163265306,0.15661307536751928,0.05654946593772103,0.01020408163265306,0.01020408163265306,0.2613621342120362,0.01144604356316227,0.48335802761119795,0.010857763784803569,-0.13005491455131107
2026-04-02,0.01020408163265306,-0.019934999959426512,0.06967714636797133,-0.09878780524919388,-0.029504465153818743,0.01020408163265306,0.01020408163265306,0.01020408163265306,0.13475507436807063,0.036479754091693864,-0.025668535926543987,-0.010421606874063535,-0.016665753269526552,0.01020408163265306,-0.06423560255034085,-0.01805159132595948,0.01020408163265306,0.01020408163265306,0.01020408163265306,0.01020408163265306,0.010170084843391807,0.01020408163265306,0.01020408163265306,0.01020408163265306,0.01020408163265306,0.01020408163265306,0.01020408163265306,0.0628413437526177,0.01020408163265306,0.01020408163265306,-0.029083603176898384,0.01020408163265306,0.01020408163265306,0.020389242114740722,-0.07700072697146527,-0.05903164917968125,0.01020408163265306,-0.07754244544633682,-0.0746367760054416,-0.04574080617898137,0.01020408163265306,0.01020408163265306,-0.09560020817526736,0.02948146361161145,0.01020408163265306,0.01020408163265306,-0.10820457857953093,0.01020408163265306,0.01020408163265306,0.01020408163265306,0.01020408163265306,-0.012994627303032668,0.01020408163265306,0.01020408163265306,0.01020408163265306,0.01020408163265306,0.01020408163265306,0.01020408163265306,0.01020408163265306,0.08582116315169104,0.02655235404922042,0.02978407475339441,0.01020408163265306,0.01020408163265306,0.04473928770300385,0.01020408163265306,-0.10223906026495447,0.01020408163265306,0.01020408163265306,0.04280679835225592,0.01020408163265306,0.01020408163265306,0.01020408163265306,0.015751922076472115,0.01020408163265306,0.01020408163265306,-0.25316563805005887,0.01020408163265306,-0.07684969718061507,0.01020408163265306,0.06390310084515667,0.01020408163265306,0.09686437680794509,0.01020408163265306,0.01020408163265306,0.09401257864791325,0.015427129348722556,0.01020408163265306,0.009209151448193311,0.17497651125865288,0.0458622877943724,0.01020408163265306,0.01020408163265306,0.25840569243957945,0.01020408163265306,0.4964122324884295,0.01020408163265306,-0.13018708328988116
2026-04-06,0.01020408163265306,-0.021821959998232422,0.06909376511958451,-0.09818424459170422,-0.028868220986770388,0.01020408163265306,0.01020408163265306,0.01020408163265306,0.13229675005154523,0.03442041705420255,-0.02487979342368711,-0.010605730731329114,-0.017468208897149257,0.01020408163265306,-0.059307581386727065,-0.015360401511050668,0.01020408163265306,0.01020408163265306,0.01020408163265306,0.01020408163265306,0.01020408163265306,0.01020408163265306,0.01020408163265306,0.01020408163265306,0.01020408163265306,0.01020408163265306,0.01020408163265306,0.06452703787900668,0.01020408163265306,0.01020408163265306,-0.025407661307895006,0.01020408163265306,0.01020408163265306,0.024524037964376674,-0.08191350371516161,-0.05926163125100879,0.01020408163265306,-0.07816416808094165,-0.07998439328066353,-0.049144360265079054,0.01020408163265306,0.01020408163265306,-0.09241474372579671,0.03303566485430962,0.01020408163265306,0.01020408163265306,-0.1064910691873452,0.01020408163265306,0.01020408163265306,0.01020408163265306,0.01020408163265306,-0.014690355153070973,0.01020408163265306,0.01020408163265306,0.01020408163265306,0.01020408163265306,0.01020408163265306,0.01020408163265306,0.01020408163265306,0.08618791107753072,0.02196933412811317,0.03128631800282205,0.01020408163265306,0.01020408163265306,0.03418161804532748,0.01020408163265306,-0.11175864588556382,0.01020408163265306,0.01020408163265306,0.042745367451856434,0.01020408163265306,0.01020408163265306,0.01020408163265306,0.025559469050062383,0.01020408163265306,0.01020408163265306,-0.2521192182253807,0.01020408163265306,-0.07773074767319604,0.01020408163265306,0.06476312297075745,0.01020408163265306,0.10244261112400355,0.01020408163265306,0.01020408163265306,0.0976941196759054,0.0314079043642057,0.01020408163265306,0.007337087126343888,0.1661644574909703,0.04644897938876745,0.01020408163265306,0.01020408163265306,0.2503421341284032,0.01020408163265306,0.4955602640812532,0.01020408163265306,-0.12784030318016593
2026-04-07,0.01020408163265306,0.004243135548741667,0.04342237973074433,-0.08459878680890878,-0.023500153188597307,0.01020408163265306,0.01020408163265306,0.01020408163265306,0.06419000748508503,0.01020408163265306,-0.029614316297977547,0.004087704197829623,-0.0004984644708598031,0.01020408163265306,-0.05530663558049739,0.01020408163265306,0.01020408163265306,0.01020408163265306,0.01020408163265306,0.01020408163265306,0.01020408163265306,0.01020408163265306,0.01020408163265306,0.01020408163265306,0.01020408163265306,0.01020408163265306,0.01020408163265306,0.01020408163265306,0.01020408163265306,0.01020408163265306,-0.03113545986175227,0.01020408163265306,0.01020408163265306,0.01020408163265306,-0.03982752488894843,-0.051085189868268724,0.01020408163265306,-0.02536670536010322,-0.08474548650459558,0.0028514497850429203,0.01020408163265306,0.01020408163265306,-0.07244331251021245,0.01020408163265306,0.01020408163265306,0.01020408163265306,-0.09956733524555478,0.01020408163265306,0.01020408163265306,0.01020408163265306,0.01020408163265306,-0.0066477683330724,0.01020408163265306,0.01020408163265306,0.01020408163265306,0.01020408163265306,0.01020408163265306,0.01020408163265306,0.01020408163265306,0.01020408163265306,0.01020408163265306,0.01020408163265306,0.01020408163265306,0.01020408163265306,0.01020408163265306,0.01020408163265306,-0.04830399642009918,0.01020408163265306,0.01020408163265306,0.01799973502731401,0.01020408163265306,0.01020408163265306,0.01020408163265306,0.01020408163265306,0.01020408163265306,0.01020408163265306,-0.18505756071345505,0.01020408163265306,-0.03587227592784926,0.01020408163265306,0.01020408163265306,0.01020408163265306,0.01020408163265306,0.01020408163265306,0.01020408163265306,0.09557881694848498,0.015827083433071275,0.01020408163265306,0.01020408163265306,0.2662946130303432,0.01020408163265306,0.01020408163265306,0.01020408163265306,0.26485243630130767,0.01020408163265306,0.48541557356022424,0.01020408163265306,-0.10547767735315107
2026-04-08,0.01020408163265306,-0.016591860136876052,0.05958701727941941,-0.0915142067581858,-0.028921816965879574,0.01020408163265306,0.01020408163265306,0.01020408163265306,0.1086256471576006,0.0375383993714664,-0.03115336416526679,-0.00040985460923764587,-0.009545510866725197,0.01020408163265306,-0.06366216963185098,0.007837653513311775,0.01020408163265306,0.01020408163265306,0.01020408163265306,0.01020408163265306,0.007126651648703184,0.01020408163265306,0.01020408163265306,0.01020408163265306,0.01020408163265306,0.01020408163265306,0.01020408163265306,0.01020408163265306,0.01020408163265306,0.01020408163265306,-0.021533235052860027,0.01020408163265306,0.01020408163265306,0.01020408163265306,-0.05450242358472045,-0.03662050297529872,0.01020408163265306,-0.03547848823925331,-0.08023866849017859,-0.015515206554283336,0.01020408163265306,0.01020408163265306,-0.08615111389635459,0.01020408163265306,0.01020408163265306,0.01020408163265306,-0.09043258599034135,0.01020408163265306,0.01020408163265306,0.01020408163265306,0.01020408163265306,-0.014270011000551227,0.01020408163265306,0.01020408163265306,0.01020408163265306,0.01020408163265306,0.01020408163265306,0.01020408163265306,0.01020408163265306,0.060562135518618124,0.01020408163265306,0.01727573974508744,0.01020408163265306,0.01020408163265306,0.0386696240701251,0.01020408163265306,-0.09692060355239082,0.01020408163265306,0.01020408163265306,0.026217720896724618,0.01020408163265306,0.01020408163265306,0.01020408163265306,0.01020408163265306,0.01020408163265306,0.01020408163265306,-0.2297783672709545,0.01020408163265306,-0.05565436854839294,0.007672521991393933,0.013149625389915034,0.01020408163265306,0.04589949495021542,0.01020408163265306,0.01020408163265306,0.12610538387991224,0.01020408163265306,0.01020408163265306,0.01020408163265306,0.2450784012079956,0.01020408163265306,0.01020408163265306,0.01020408163265306,0.24818377183998613,0.01020408163265306,0.49516629699700127,0.01020408163265306,-0.11845478839236424
2026-04-09,0.01020408163265306,-0.032698902165623385,0.07308476210905444,-0.09387351489795329,-0.024887332147691302,0.01020408163265306,0.01020408163265306,0.01020408163265306,0.13215360455056835,0.04554243463314779,-0.03008656230974195,-0.0019004767586119665,-0.02351096134552306,0.01020408163265306,-0.05335683880596735,-0.014925139594329848,0.01020408163265306,0.01020408163265306,0.01020408163265306,0.01020408163265306,0.005992474216203428,0.01020408163265306,0.01020408163265306,0.01020408163265306,0.01020408163265306,0.01020408163265306,0.01020408163265306,0.03639854354066627,0.01020408163265306,0.01020408163265306,-0.014687788928942491,0.01020408163265306,0.01020408163265306,0.03024848068212698,-0.07408377881055593,-0.0533882587010443,0.01020408163265306,-0.048969470627055735,-0.09456906174804806,-0.042079129429039804,0.01020408163265306,0.01020408163265306,-0.09878434239599723,0.058519946514515905,0.01020408163265306,0.01020408163265306,-0.09093182792321816,0.01020408163265306,0.01020408163265306,0.01020408163265306,0.01020408163265306,-0.019115268636421774,0.01020408163265306,0.01020408163265306,0.007728253960824105,0.01020408163265306,0.01020408163265306,0.01020408163265306,0.01020408163265306,0.12927090933634885,0.016661207303675492,0.0327747409442375,0.01020408163265306,0.01020408163265306,0.04892778446854065,0.01020408163265306,-0.13140226059648674,0.01020408163265306,0.01020408163265306,0.03794517829056633,0.01020408163265306,0.01020408163265306,0.01020408163265306,0.01020408163265306,0.01020408163265306,0.01020408163265306,-0.24901674199269436,0.01020408163265306,-0.08730727067874192,-0.012228115672301884,0.012758289639573272,0.01020408163265306,0.09849775377538281,0.01020408163265306,0.01020408163265306,0.1269794635544038,0.01020408163265306,0.01020408163265306,0.01020408163265306,0.20032728580580647,0.01020408163265306,0.01020408163265306,-0.0008566116787146697,0.23179001081755699,0.01020408163265306,0.5278940871164454,0.01020408163265306,-0.13226412684351097
2026-04-10,0.01020408163265306,-0.021386486619454186,0.06357999185778408,-0.09361024116491369,-0.024011116611678915,0.01020408163265306,0.01020408163265306,0.01020408163265306,0.10652062061371091,0.04179573194563328,-0.03257847083581042,0.0009420970584749569,-0.014632774415686165,0.01020408163265306,-0.054035037305599345,0.01020408163265306,0.01020408163265306,0.01020408163265306,0.01020408163265306,0.01020408163265306,0.01020408163265306,0.01020408163265306,0.01020408163265306,0.01020408163265306,0.01020408163265306,0.01020408163265306,0.01020408163265306,0.01020408163265306,0.01020408163265306,0.01020408163265306,-0.010929582905304753,0.01020408163265306,0.01020408163265306,0.01020408163265306,-0.06694490851290764,-0.030217277344557945,0.01020408163265306,-0.01669519741063446,-0.09620412450314529,-0.020282402547046913,0.01020408163265306,0.01020408163265306,-0.08831358209598705,0.01020408163265306,0.01020408163265306,0.01020408163265306,-0.08973934255909669,0.01020408163265306,0.01020408163265306,0.01020408163265306,0.01020408163265306,-0.012085927665739559,0.01020408163265306,0.01020408163265306,0.01020408163265306,0.01020408163265306,0.01020408163265306,0.01020408163265306,0.01020408163265306,0.07688078401247046,0.01020408163265306,0.01988542730781372,0.01020408163265306,0.01020408163265306,0.042673722279942775,0.01020408163265306,-0.10973506612312821,0.01020408163265306,0.01020408163265306,0.035249284942630264,0.01020408163265306,0.01020408163265306,0.01020408163265306,0.01020408163265306,0.01020408163265306,0.01020408163265306,-0.22877254264622734,0.01020408163265306,-0.07231643767060239,-0.004495744219633172,0.01020408163265306,0.01020408163265306,0.042400872058277486,0.01020408163265306,0.01020408163265306,0.13478578189646662,0.01020408163265306,0.01020408163265306,0.01020408163265306,0.22593019901608286,0.01020408163265306,0.01020408163265306,0.01020408163265306,0.23382431423549174,0.01020408163265306,0.5164469885622098,0.01020408163265306,-0.11719485875228376
2026-04-13,0.01020408163265306,-0.03231161183236951,0.05987771033363794,-0.08067215604905471,-0.008169232866897946,0.01020408163265306,0.01020408163265306,0.01020408163265306,0.09642619452515752,0.04927111417472212,-0.04159271603957953,-0.011599823439592013,-0.0019593728244140605,0.01020408163265306,-0.05069968415746309,-0.024087037810799843,0.01020408163265306,0.01020408163265306,0.01020408163265306,0.01020408163265306,0.007095419545412167,0.01020408163265306,0.01020408163265306,0.01020408163265306,0.01020408163265306,0.01020408163265306,0.01020408163265306,0.01020408163265306,0.01020408163265306,0.01020408163265306,-0.017249222034003718,0.01020408163265306,0.01020408163265306,0.0376743274550579,-0.07860603519906752,-0.025050949642707467,0.01020408163265306,-0.04299301743975191,-0.0914061572874252,-0.035050789701775886,0.01020408163265306,0.01020408163265306,-0.09060253491403139,0.01020408163265306,0.01020408163265306,0.01020408163265306,-0.0664680835798777,0.01020408163265306,0.01020408163265306,0.01020408163265306,0.01020408163265306,-0.005337201995258067,0.01020408163265306,0.01020408163265306,0.01020408163265306,0.01020408163265306,0.01020408163265306,0.01020408163265306,0.01020408163265306,0.06448515526362911,0.03375059375086286,0.01020408163265306,0.01020408163265306,0.01020408163265306,0.04522588284220463,0.01020408163265306,-0.11268275761516056,0.01020408163265306,0.01020408163265306,0.04603162629957509,0.01020408163265306,0.01020408163265306,0.01020408163265306,0.01020408163265306,0.01020408163265306,0.01020408163265306,-0.20729181170435143,0.01020408163265306,-0.0745709067653293,-0.006612853903261563,0.021137630063927597,0.01020408163265306,0.06821508291802869,0.01020408163265306,0.01020408163265306,0.10150525010073759,0.05280529653704497,0.01020408163265306,0.01020408163265306,0.1833126570305122,0.01020408163265306,0.01020408163265306,0.01020408163265306,0.22378679633393947,0.01020408163265306,0.5265525362480896,0.01020408163265306,-0.12438421457955075
2026-04-14,0.01020408163265306,-0.04168638622990346,0.06380535552143053,-0.07723339286576704,-0.0113186438273478,0.01020408163265306,0.01020408163265306,0.01020408163265306,0.10580375628804725,0.06898547108175283,-0.04646687169076865,-0.013662317961236571,-0.011516598625480571,0.01020408163265306,-0.03597093759866456,-0.04099305593407867,0.01020408163265306,0.01020408163265306,0.023088914324634512,0.01020408163265306,-0.005553655963443203,0.01020408163265306,0.0028931765283572754,0.01020408163265306,0.01020408163265306,0.01020408163265306,0.01020408163265306,0.0283257680738193,0.01020408163265306,0.01020408163265306,-0.014178519410503665,0.01020408163265306,0.01020408163265306,0.0524661109700896,-0.09758438885564336,-0.015796191061593128,0.01020408163265306,-0.06747080960021927,-0.10181612888473629,-0.05297785656277533,0.01020408163265306,0.01020408163265306,-0.1030230060037895,0.032527642658896405,0.01020408163265306,0.01020408163265306,-0.06344766892053323,0.01020408163265306,0.01020408163265306,0.030426372153843133,0.01020408163265306,-0.004009046990906739,0.01020408163265306,0.01020408163265306,0.01020408163265306,0.01020408163265306,0.01020408163265306,0.01020408163265306,-0.00871152414721577,0.11660001122581537,0.04469617938605092,0.01020408163265306,0.01020408163265306,0.01020408163265306,0.06161750272250278,0.01020408163265306,-0.14544541923615537,0.01020408163265306,0.01020408163265306,0.04880558136373986,0.01020408163265306,0.01020408163265306,0.01020408163265306,0.01020408163265306,0.01020408163265306,0.01020408163265306,-0.2365679156490746,0.01020408163265306,-0.08899855128010922,-0.01383067664620377,0.04003482489793744,0.01020408163265306,0.12833422264106645,0.01020408163265306,-0.018465826080924723,0.11927468524937894,0.04492968707593094,0.01020408163265306,0.01020408163265306,0.11805813823471012,0.04243729606937689,0.01020408163265306,-0.0006861275658857652,0.21077137361351003,0.01020408163265306,0.5457542238149635,0.025654231674166764,-0.1480830896097136
2026-04-15,0.01020408163265306,-0.029911375690695303,0.05663189114745005,-0.08113537874912806,-0.005757257046374713,0.01020408163265306,0.01020408163265306,0.01020408163265306,0.110937073781899,0.07109693454299919,-0.052830697007332686,-0.02010017342416333,-0.01576837593910499,0.01020408163265306,-0.035620137860426955,-0.0442685758062121,0.01020408163265306,0.01020408163265306,0.01020408163265306,0.01020408163265306,0.005672408235546174,0.01020408163265306,0.007026396160691142,0.01020408163265306,0.01020408163265306,0.01020408163265306,0.01020408163265306,0.020940679884595186,0.01020408163265306,0.01020408163265306,-0.02308812496066892,0.01020408163265306,0.01020408163265306,0.039469905500812044,-0.08393560117543516,-0.019970617072094216,0.01020408163265306,-0.08299373787926687,-0.07605629454647991,-0.036581635871767,0.01020408163265306,0.01177246033561788,-0.0937223433648685,0.01020408163265306,0.01020408163265306,0.01020408163265306,-0.041477760073396104,0.01020408163265306,0.01020408163265306,0.04832145692261828,0.01020408163265306,-0.02710380310883133,0.01020408163265306,0.01020408163265306,0.01020408163265306,0.01020408163265306,0.01020408163265306,0.01020408163265306,-0.015637019690244516,0.1238614558149569,0.034107146377569106,0.02933633139555234,0.01020408163265306,0.01020408163265306,0.0712172101539179,0.01020408163265306,-0.17611351958758314,0.01020408163265306,0.01020408163265306,0.05299188375456728,0.01020408163265306,0.01020408163265306,0.01020408163265306,0.01020408163265306,0.01020408163265306,0.01020408163265306,-0.21624587742459767,0.01020408163265306,-0.08027057666113384,-0.0008725179825547439,0.01020408163265306,0.01020408163265306,0.16030463090125588,0.01020408163265306,-0.03568354701552285,0.11849963864054468,0.018329828166993505,0.01020408163265306,0.01020408163265306,0.12825201060576644,0.059179503078139385,0.01020408163265306,-0.013408854419812368,0.21330595861783655,0.01020408163265306,0.5365627309081187,0.01020408163265306,-0.13987597746771152
2026-04-16,0.0064619522303051,-0.04463784775053018,0.06614147997031208,-0.05354857739711441,-0.014445795351332199,0.01020408163265306,0.01020408163265306,0.01020408163265306,0.13131254790162364,0.08129884924616981,-0.0637040611474432,-0.037041219366215385,-0.04109414855559643,0.0053204383305113295,-0.020962488400567074,-0.08952315896156739,0.01020408163265306,0.01020408163265306,0.07175411542721771,0.03381550276029412,0.004064967059614093,0.01020408163265306,-0.005999376657072996,0.01020408163265306,0.01020408163265306,0.02934120993366867,0.01020408163265306,0.07970831889883301,0.01020408163265306,0.00883355046357986,-0.012327443957942998,0.01020408163265306,0.020389398345100677,0.0910366592280611,-0.07867771414813961,-0.0617625768984225,0.01020408163265306,-0.136814898185158,-0.09310609455223186,-0.0826505331791364,0.01020408163265306,0.03501094668556815,-0.08325139932249508,0.01020408163265306,-0.017543663007904033,0.01020408163265306,-0.055771495384907416,0.01020408163265306,-0.06648304939942519,0.0686043447596928,0.01020408163265306,-0.020087616419906612,0.01020408163265306,0.01020408163265306,0.01020408163265306,0.01020408163265306,0.01020408163265306,0.01020408163265306,-0.037431042786359774,0.1622087103746176,0.02701568874996641,0.01020408163265306,0.01020408163265306,0.01020408163265306,0.049336991780489746,0.01020408163265306,-0.17953962488658531,0.01020408163265306,0.06455749033962031,0.045915695571995305,0.01020408163265306,0.004871383986114132,0.01020408163265306,0.08428384229058346,0.01020408163265306,0.01020408163265306,-0.20239056888560233,0.01020408163265306,-0.11521075399301413,-0.033053377826199964,0.01020408163265306,0.01020408163265306,0.30001766475418057,0.01020408163265306,-0.18033743510809516,0.10880399047606054,0.09104513678628559,0.01020408163265306,-0.004283227567506579,0.1003032232603976,0.09449608611682665,-0.0018180864377167223,-0.06997265633896922,0.18916410458007013,0.01020408163265306,0.5852361884471962,0.018990188953927435,-0.14362583787654204
2026-04-17,0.01020408163265306,-0.01861632172453647,0.053133354876099936,-0.05834449063016518,-0.016217154822611886,0.01020408163265306,0.01020408163265306,0.01020408163265306,0.11649449678501927,0.023580414765926826,-0.05217330470021938,-0.01411183993000367,-0.010986073135077474,0.01020408163265306,-0.047410946341492836,-0.009905229889938102,0.01020408163265306,0.01020408163265306,0.01020408163265306,0.01020408163265306,-0.0063829497773284175,0.01020408163265306,0.01020408163265306,0.01020408163265306,0.01020408163265306,0.01020408163265306,0.01020408163265306,0.01020408163265306,0.01020408163265306,0.01020408163265306,-0.037286917839796464,0.01020408163265306,0.01020408163265306,0.01020408163265306,-0.09132716863956146,-0.010437175974457884,0.01020408163265306,-0.056160247457312976,-0.0419190424905852,-0.05262832865353216,0.01020408163265306,0.01020408163265306,-0.050224428506151546,0.01020408163265306,0.01020408163265306,0.01020408163265306,-0.04561141283352481,0.01020408163265306,0.01020408163265306,0.011863188938642587,0.01020408163265306,-0.011376193892883786,0.01020408163265306,0.01020408163265306,0.01020408163265306,0.01020408163265306,0.01020408163265306,0.01020408163265306,0.01020408163265306,0.09747600494022671,0.013129154507366951,0.01020408163265306,0.01020408163265306,0.01020408163265306,0.06820101928575512,0.01020408163265306,-0.17249371329075264,0.01020408163265306,0.01020408163265306,0.04971619414957678,0.01020408163265306,0.01020408163265306,0.01020408163265306,0.01020408163265306,0.01020408163265306,0.01020408163265306,-0.17719806427157392,0.01020408163265306,-0.08860021427114648,0.01020408163265306,0.01020408163265306,0.01020408163265306,0.04121738794937542,0.01020408163265306,0.01020408163265306,0.11300630915089165,0.033590317788545425,0.01020408163265306,0.008878088197769227,0.18545014660778916,0.039579887182492654,0.01020408163265306,0.01020408163265306,0.21524231703093108,0.01020408163265306,0.5069223316479947,0.01020408163265306,-0.12031429269093442
2026-04-20,0.01020408163265306,-0.03527002577342803,0.06527317243829084,-0.054721761228940305,-0.016039012961179606,0.01020408163265306,0.01020408163265306,0.01020408163265306,0.15158465773843385,0.03182077721484018,-0.05461090768712429,-0.021146810241158796,-0.020959902140258113,0.01020408163265306,-0.032954419368245856,-0.0463588378909557,0.01020408163265306,0.01020408163265306,0.028608577854263004,0.01020408163265306,-0.010336260307350452,0.01020408163265306,-0.01397015309132484,0.01020408163265306,0.01020408163265306,0.01020408163265306,0.01020408163265306,0.012010153686162654,0.01020408163265306,0.01020408163265306,-0.02777846463276245,0.01020408163265306,0.01020408163265306,0.051589894017608814,-0.10659055329418138,-0.025507789889497125,0.01020408163265306,-0.07287158728689429,-0.03495399783312888,-0.07416009634682232,0.01020408163265306,0.01020408163265306,-0.06813858430651211,0.01020408163265306,0.01020408163265306,0.01020408163265306,-0.04631728768955785,0.01020408163265306,0.0017402165043999013,0.03872639306290604,0.01020408163265306,-0.009809698670412125,0.01020408163265306,0.01020408163265306,0.01020408163265306,0.01020408163265306,0.01020408163265306,0.01020408163265306,-0.0032285495733086044,0.1595476148836602,0.01020408163265306,0.023683502703187392,0.01020408163265306,0.01020408163265306,0.0663475372947187,0.01020408163265306,-0.1880485250611238,0.01020408163265306,0.01020408163265306,0.05384788980397106,0.01020408163265306,0.01020408163265306,0.01020408163265306,0.04956958390490113,0.01020408163265306,0.01020408163265306,-0.2121562069959611,0.01020408163265306,-0.11041945827412264,-0.004296945593286323,0.01744180208065719,0.01020408163265306,0.09476171671877151,0.01020408163265306,0.01020408163265306,0.1123371997613244,0.029259289050195307,0.01020408163265306,-0.007293036304892335,0.13187086462214806,0.06812112153984151,0.01020408163265306,0.01020408163265306,0.20630027772269605,0.01020408163265306,0.5166556205921713,0.01020408163265306,-0.133567154018026
2026-04-21,0.005317350230882606,-0.04430161268172222,0.07069000426722503,-0.04175606828041335,-0.015495703895872385,0.01020408163265306,0.01020408163265306,0.01020408163265306,0.15950977296876293,0.03748514353626538,-0.061679290047988874,-0.02826034251704302,-0.03295029952412737,0.01020408163265306,-0.015237900957748294,-0.09116479566804137,0.01020408163265306,0.01020408163265306,0.0803012285187096,0.01020408163265306,-0.012814319133851672,0.01020408163265306,-0.027221727108347013,0.01020408163265306,0.01020408163265306,0.019724969667165887,0.01020408163265306,0.053979447761627955,0.01020408163265306,0.01020408163265306,-0.01715188413991621,0.010401152706769992,0.01020408163265306,0.08608501808944115,-0.10009486221951855,-0.05830289134315626,0.01020408163265306,-0.10640949376308986,-0.03675842584959972,-0.09690398585118243,0.01020408163265306,0.01020408163265306,-0.06807158221318771,0.01020408163265306,-0.013040023911540797,0.01020408163265306,-0.06083738150586687,0.00902817253712141,-0.05835128947783656,0.05436199122757485,0.01020408163265306,0.0031206332464462005,0.01020408163265306,0.01020408163265306,0.01020408163265306,0.01020408163265306,0.01020408163265306,0.01020408163265306,-0.010239472830058683,0.1985496644080238,0.01020408163265306,0.011630419459232072,0.01020408163265306,0.01020408163265306,0.05682671760165718,0.01020408163265306,-0.18482942327293733,0.01020408163265306,0.01020408163265306,0.04636017529965229,0.01020408163265306,0.01020408163265306,0.01020408163265306,0.11951526503684734,0.01020408163265306,0.01020408163265306,-0.21451902471420356,0.01020408163265306,-0.13460007550851968,-0.01726025229582171,0.014714572222514159,0.01020408163265306,0.1803444942585517,0.01020408163265306,-0.07387930528060774,0.09451330762367313,0.07645432305227819,0.01020408163265306,-0.020074042745108364,0.09622916571054135,0.0889640016382129,0.01020408163265306,0.0037988789698234354,0.19850928790927533,0.01020408163265306,0.5450060932672369,0.01020408163265306,-0.12819536631493966
2026-04-22,0.01020408163265306,-0.041500948799437,0.06314556677858868,-0.046859747577520997,-0.0186976051229961,0.01020408163265306,0.01020408163265306,0.01020408163265306,0.14666164604606066,0.031503297258043426,-0.051760607703269075,-0.027980783207567778,-0.02506079161116613,0.01020408163265306,-0.0408970382432625,-0.04331300233592168,0.01020408163265306,0.01020408163265306,0.01020408163265306,0.01020408163265306,-0.008966612549897545,0.01020408163265306,-0.02825538579864459,0.01020408163265306,0.01020408163265306,0.01020408163265306,0.01020408163265306,0.043060057667305904,0.01020408163265306,0.01020408163265306,-0.022548108101008553,0.01020408163265306,0.01020408163265306,0.054597413605678144,-0.09008691392288666,-0.06066727262222389,0.01020408163265306,-0.07778603325307751,-0.04922845041809822,-0.0770243873358492,0.01020408163265306,0.01020408163265306,-0.049968090461768144,0.01020408163265306,-0.0014459467799301084,0.01020408163265306,-0.07009200629626576,0.01020408163265306,0.005141301691916506,0.027733635585721284,0.01020408163265306,-0.007729219875030216,0.01020408163265306,0.01020408163265306,0.01020408163265306,0.01020408163265306,0.01020408163265306,0.01020408163265306,0.007720733889409467,0.16545768690238877,0.010884658395693116,0.01020408163265306,0.01020408163265306,0.01020408163265306,0.05188566457852606,0.01020408163265306,-0.1550138287706773,0.01020408163265306,0.01020408163265306,0.05425542369501242,0.01020408163265306,0.01020408163265306,0.01020408163265306,0.05376227522067738,0.01020408163265306,0.01020408163265306,-0.20887726474839535,0.01020408163265306,-0.11455167569524416,0.002104412273886745,0.01020408163265306,0.01020408163265306,0.10140549916576191,0.01020408163265306,0.0024084902147658615,0.11374972203633493,0.031265566181105243,0.01020408163265306,0.01020408163265306,0.1530992907035682,0.07506279881077113,0.01020408163265306,0.01020408163265306,0.1885315818557223,0.01020408163265306,0.512247251705124,0.01020408163265306,-0.10798449792988275
2026-04-23,0.01020408163265306,-0.03322243673764438,0.06699583809344838,-0.04636175921388295,-0.022385713169371414,0.01020408163265306,0.01020408163265306,0.01020408163265306,0.13646639998617507,0.02808163965147309,-0.048944331294146104,-0.0318591754811446,-0.03135512922556722,0.01020408163265306,-0.048340414159652206,0.002668288665743642,0.01020408163265306,0.01020408163265306,0.01020408163265306,0.01020408163265306,-0.009813251655405282,0.01020408163265306,-0.03527869689934244,0.01020408163265306,0.01020408163265306,0.01020408163265306,0.01020408163265306,0.04628850642606851,0.01020408163265306,0.01020408163265306,-0.022542576772947402,0.01020408163265306,0.01020408163265306,0.04991083341189741,-0.06657377366911359,-0.07790129164638217,0.01020408163265306,-0.0928646213181963,-0.06373370990999738,-0.0858835096699089,0.01020408163265306,0.01020408163265306,-0.057699050834478474,0.01020408163265306,0.0017778451540356142,0.01020408163265306,-0.07702996129353187,0.01020408163265306,0.01020408163265306,0.04174649199619186,0.01020408163265306,-0.007064645663739618,0.01020408163265306,0.01020408163265306,0.01020408163265306,0.01020408163265306,0.01020408163265306,0.01020408163265306,0.007680187784305376,0.15134610770459894,0.01020408163265306,0.01020408163265306,0.01020408163265306,0.01020408163265306,0.04726276747724696,0.01020408163265306,-0.149525606465647,0.01020408163265306,0.01020408163265306,0.051650372653530154,0.01020408163265306,0.01020408163265306,0.01020408163265306,0.08941861184293474,0.01020408163265306,0.01020408163265306,-0.19640301365322718,0.014305835652710545,-0.11560563032904504,0.0007610913875258692,0.017122491336862455,0.01020408163265306,0.05848547477404644,0.01020408163265306,0.0023818521667310563,0.10058557821391577,0.04962377348457052,0.0191013368093923,-0.0015397461489142228,0.15174302323451122,0.08228551383579816,0.01020408163265306,0.00854610028090085,0.18049212451126678,0.01020408163265306,0.5106416085115906,0.01020408163265306,-0.09544164983618654
2026-04-24,0.01020408163265306,-0.008643938829059247,0.03678723609019826,-0.05285891450940987,-0.013416549984884894,0.01020408163265306,0.01020408163265306,0.01020408163265306,0.07087890353328366,0.01020408163265306,-0.044330208713436584,-0.0007722405539932614,-0.000654559684937649,0.01020408163265306,-0.05233227153495257,0.01020408163265306,0.01020408163265306,0.01020408163265306,0.01020408163265306,0.01020408163265306,0.004100659121210994,0.01020408163265306,0.01020408163265306,0.01020408163265306,0.01020408163265306,0.01020408163265306,0.01020408163265306,0.01020408163265306,0.01020408163265306,0.01020408163265306,-0.055706885965656844,0.01020408163265306,0.01020408163265306,0.01020408163265306,-0.06284700643533535,-0.0017657089041666196,0.01020408163265306,-0.04269855130737212,-0.07618372116850239,-0.02650292267672502,0.01020408163265306,0.01020408163265306,-0.030512290702937248,0.01020408163265306,0.01020408163265306,0.01020408163265306,-0.06851840609263887,0.01020408163265306,0.01020408163265306,0.01020408163265306,0.01020408163265306,-0.022361969081294703,0.01020408163265306,0.01020408163265306,0.01020408163265306,0.01020408163265306,0.01020408163265306,0.01020408163265306,0.01020408163265306,0.01020408163265306,0.01020408163265306,0.01020408163265306,0.01020408163265306,0.01020408163265306,0.040074537508474894,0.01020408163265306,-0.13228900272524202,0.01020408163265306,0.01020408163265306,0.046527997687536696,0.01020408163265306,0.01020408163265306,0.01020408163265306,0.01020408163265306,0.01020408163265306,0.01020408163265306,-0.12935020876636524,0.01020408163265306,-0.047001654293069274,0.01020408163265306,0.01020408163265306,0.01020408163265306,0.01020408163265306,0.01020408163265306,0.01020408163265306,0.078276126456047,0.09761418537933156,0.01020408163265306,0.01020408163265306,0.2263974819657248,0.01020408163265306,0.01020408163265306,0.01020408163265306,0.23078346261390834,0.01020408163265306,0.41678590522059333,0.01020408163265306,-0.07335703466673794
2026-04-27,0.01020408163265306,-0.01985268870161315,0.05010309525348839,-0.055912448904521364,-0.019478926675383743,0.01020408163265306,0.01020408163265306,0.01020408163265306,0.1316748985375258,0.01020408163265306,-0.045330947370481114,-0.006902596319976971,-0.007940366817941491,0.01020408163265306,-0.05929165706437775,0.009540369868227372,0.01020408163265306,0.01020408163265306,0.01020408163265306,0.01020408163265306,-0.00023447069500736294,0.01020408163265306,0.008061674691082665,0.01020408163265306,0.01020408163265306,0.01020408163265306,0.01020408163265306,0.01020408163265306,0.01020408163265306,0.01020408163265306,-0.05314815657008676,0.01020408163265306,0.01020408163265306,0.01020408163265306,-0.08366073841304747,0.01020408163265306,0.01020408163265306,-0.049042902712219574,-0.060872683644332584,-0.05552678599725741,0.01020408163265306,0.01020408163265306,-0.04153537777916595,0.01020408163265306,0.01020408163265306,0.01020408163265306,-0.06646731179573392,-0.02580639481584744,0.01020408163265306,0.01020408163265306,0.01020408163265306,-0.01711958309392684,0.01020408163265306,0.01020408163265306,0.01020408163265306,0.01020408163265306,0.01020408163265306,0.01020408163265306,0.01020408163265306,0.04658690017770223,0.017222877785015925,0.01020408163265306,0.01020408163265306,0.01020408163265306,0.060296982942066576,0.01020408163265306,-0.15126337704413198,0.01020408163265306,0.01020408163265306,0.051712357914792895,0.01020408163265306,0.01020408163265306,0.01020408163265306,0.01020408163265306,0.01020408163265306,0.01020408163265306,-0.1777822339061806,0.01020408163265306,-0.07905657650368095,0.01020408163265306,0.0409523366498409,0.01020408163265306,0.01020408163265306,0.01020408163265306,0.01020408163265306,0.08235584414629293,0.11843613744299962,0.048483650752987204,0.01020408163265306,0.2135019989784912,0.01020408163265306,0.01020408163265306,0.01020408163265306,0.2223415687967337,0.01020408163265306,0.4258721207361445,0.01020408163265306,-0.08356965107296711
2026-04-28,0.01020408163265306,-0.019831326956228003,0.04555625242056892,-0.05370493652343043,-0.016210824771294437,0.01020408163265306,0.01020408163265306,0.01020408163265306,0.13377505244854218,0.01020408163265306,-0.04560648848857463,-0.008689910429592143,-0.0031342632946624073,0.01020408163265306,-0.056693512667504345,0.0028024484429031897,0.01020408163265306,0.01020408163265306,0.01020408163265306,0.01020408163265306,0.003038229387671566,0.01020408163265306,0.005743008921976439,0.01020408163265306,0.01020408163265306,0.01020408163265306,0.01020408163265306,0.01020408163265306,0.01020408163265306,0.01020408163265306,-0.05161122084813125,0.01020408163265306,0.01020408163265306,0.01020408163265306,-0.09771467384811924,0.01020408163265306,0.01020408163265306,-0.03021576208479127,-0.06726745662824145,-0.056789630555372006,0.01020408163265306,0.01020408163265306,-0.04777453619036547,0.01020408163265306,0.01020408163265306,0.01020408163265306,-0.06375122167788416,-0.02654921516909313,0.01020408163265306,0.01020408163265306,0.01020408163265306,-0.013146818933615032,0.01020408163265306,0.01020408163265306,0.01020408163265306,0.01020408163265306,0.01020408163265306,0.01020408163265306,0.01020408163265306,0.03710786165657822,0.02240767047032714,0.01020408163265306,0.01020408163265306,0.01020408163265306,0.05792821531129211,0.01020408163265306,-0.144818517911169,0.01020408163265306,0.01020408163265306,0.05436147238138465,0.01020408163265306,0.01020408163265306,0.01020408163265306,0.01020408163265306,0.01020408163265306,0.01020408163265306,-0.1851670630710321,0.01020408163265306,-0.08077836439507761,0.01020408163265306,0.04237563808658651,0.01020408163265306,0.01020408163265306,0.01020408163265306,0.01020408163265306,0.07919718261219966,0.12151726176673756,0.043250816214052246,0.01020408163265306,0.20911826567239453,0.01020408163265306,0.01020408163265306,0.01020408163265306,0.22763529598073445,0.01020408163265306,0.43326555659821736,0.01020408163265306,-0.08227754515247833
2026-04-29,0.01020408163265306,-0.007485406059786389,0.03042268331435259,-0.043527889562682304,-0.011827943376525924,0.01020408163265306,0.01020408163265306,0.01020408163265306,0.06896887779935981,0.01020408163265306,-0.04744474557002247,-0.01775538418879801,0.0019820307393490395,0.01020408163265306,-0.03787959058848384,0.01020408163265306,0.01020408163265306,0.01020408163265306,0.01020408163265306,0.01020408163265306,0.009106634756968155,0.01020408163265306,0.01020408163265306,0.01020408163265306,0.01020408163265306,0.01020408163265306,0.01020408163265306,0.01020408163265306,0.01020408163265306,0.01020408163265306,-0.053387100129448264,0.01020408163265306,0.01020408163265306,0.01020408163265306,-0.07840725064524715,0.01020408163265306,0.01020408163265306,-0.02848953670469262,-0.0748770595996545,-0.045999983915360775,0.01020408163265306,0.01020408163265306,-0.034947529960255644,0.01020408163265306,0.01020408163265306,0.01020408163265306,-0.07300668390522118,0.01020408163265306,0.01020408163265306,0.01020408163265306,0.01020408163265306,-0.010146457251869355,0.01020408163265306,0.01020408163265306,0.01020408163265306,0.01020408163265306,0.01020408163265306,0.01020408163265306,0.008684614625518334,0.01020408163265306,0.01205915218093264,0.01020408163265306,0.01020408163265306,0.01020408163265306,0.031889274981598915,0.01020408163265306,-0.12176367501406592,0.01020408163265306,0.01020408163265306,0.04821523641095649,0.01020408163265306,0.01020408163265306,0.01020408163265306,0.01020408163265306,0.01020408163265306,0.01020408163265306,-0.13070324822921664,0.01020408163265306,-0.07627124573101923,0.01020408163265306,0.01020408163265306,0.01020408163265306,0.01020408163265306,0.01020408163265306,0.01020408163265306,0.06567245435087186,0.11479460286473572,0.01020408163265306,0.01020408163265306,0.2277040475361447,0.01020408163265306,0.01020408163265306,0.01020408163265306,0.21579296916587193,0.01020408163265306,0.44480228911497965,0.01020408163265306,-0.06984760679704473
2026-04-30,0.01020408163265306,-0.03852824176079964,0.050028848182244796,-0.04276586289040835,-0.02862060806377382,0.013045686046544496,0.01020408163265306,0.01020408163265306,0.1602291041711156,0.025433842464881236,-0.039996482713777,-0.03748958910119552,-0.017089885323274545,0.003997113015288165,-0.040787836178531135,-0.018691515442395244,0.01020408163265306,0.01020408163265306,0.04661432842365927,0.01020408163265306,-0.0003725478989085821,0.01020408163265306,-0.0012888883256933579,0.01020408163265306,0.01020408163265306,0.01020408163265306,0.01020408163265306,0.01020408163265306,-0.032526870177049534,0.01020408163265306,-0.04664490292952192,0.01020408163265306,0.01020408163265306,0.03568758349561525,-0.09693909815252158,0.01020408163265306,0.01020408163265306,-0.06316662896709814,-0.036395258410864995,-0.10735962199548411,0.01020408163265306,0.01020408163265306,-0.04171660528470589,0.01020408163265306,0.01020408163265306,0.01020408163265306,-0.06480223672656936,-0.05037952030068868,0.01020408163265306,0.01020408163265306,0.01020408163265306,0.003415429714765685,0.01020408163265306,0.01020408163265306,0.01020408163265306,0.01020408163265306,0.01020408163265306,0.01020408163265306,-0.003973526425927968,0.09085002401876807,0.023952860816430412,0.01020408163265306,0.01020408163265306,0.01020408163265306,0.038447301275205584,0.01020408163265306,-0.1316748934907158,0.00788691854622587,0.01020408163265306,0.04982227368339316,0.01020408163265306,0.01020408163265306,0.01020408163265306,0.0328411861169458,0.01020408163265306,0.01020408163265306,-0.2058046072268003,0.01020408163265306,-0.0976262218166076,0.01020408163265306,0.09778551068535432,0.01020408163265306,0.01020408163265306,0.01020408163265306,-0.03735008972847749,0.08678456723838776,0.1512146528201288,0.09237022585162502,-0.02675210965770819,0.1561507409337873,0.0554827880072555,0.01020408163265306,0.01020408163265306,0.21378889255890987,0.01020408163265306,0.4488306184306261,0.01020408163265306,-0.08612092914031245
2026-05-01,0.01020408163265306,-0.0423274858984258,0.04067365065174134,-0.037420269936038024,-0.04087714658804891,0.020191699010048865,0.01020408163265306,0.01020408163265306,0.16946535893540696,0.04556705298422297,-0.04509106886795193,-0.03759053457356563,-0.0155341832232891,0.01020408163265306,-0.038027631172883214,-0.02976519055394277,0.01020408163265306,0.01020408163265306,0.02992831633919335,0.01020408163265306,-0.013488118861328674,0.01020408163265306,-0.02003241345344777,0.01020408163265306,0.01020408163265306,0.01020408163265306,0.01020408163265306,0.01020408163265306,-0.001760308339334455,0.01020408163265306,-0.040302600539592476,0.01020408163265306,0.01020408163265306,0.027980052706784962,-0.054691145789616424,0.006203537828824837,0.01020408163265306,-0.06127754401666825,-0.029414885176155592,-0.11098739329078672,0.01020408163265306,0.01020408163265306,-0.021981465641309948,0.01020408163265306,0.01020408163265306,0.01020408163265306,-0.07552072176669294,-0.08200149868805762,0.005832670282380908,0.011364680285776058,-0.0074087209307308905,0.01020408163265306,0.01020408163265306,-2.4358171106358614e-05,0.01020408163265306,0.01020408163265306,0.01020408163265306,0.01020408163265306,0.01020408163265306,0.10874009154277134,0.01020408163265306,0.01020408163265306,0.01020408163265306,0.01020408163265306,0.01020408163265306,-0.028379527003479316,-0.11249414011049937,0.01020408163265306,0.01020408163265306,0.04632516572268073,0.01020408163265306,0.01020408163265306,0.01020408163265306,0.05541747462093824,0.01020408163265306,0.01020408163265306,-0.2007496306080528,0.01020408163265306,-0.11122689855744328,0.01020408163265306,0.08028892719770894,0.01020408163265306,0.01020408163265306,0.01020408163265306,-0.009135930388423101,0.09198828067139246,0.14713094337301602,0.10086010554925655,-0.027119923302356276,0.21958425996288802,0.01020408163265306,0.01020408163265306,0.01020408163265306,0.1926409576069123,0.01020408163265306,0.45776097353919815,0.01020408163265306,-0.08372162662722162
2026-05-04,0.01020408163265306,-0.053297880590327015,0.03566564216217377,-0.031897169963764044,-0.047433643099358914,0.01020408163265306,0.01020408163265306,0.01020408163265306,0.16517825944881637,0.0906503750013425,-0.04049054403698258,-0.04097785995231446,-0.022832400486417506,0.01020408163265306,-0.036510686121432774,-0.03310219554852343,0.01020408163265306,0.01020408163265306,0.01020408163265306,0.01020408163265306,-0.010919139829306616,0.01020408163265306,0.001430772376317245,0.01020408163265306,0.006743597237281908,0.01020408163265306,0.01020408163265306,0.01020408163265306,0.01020408163265306,0.01020408163265306,-0.027654090172656923,0.01020408163265306,0.01020408163265306,0.01020408163265306,-0.03042781504343859,0.01020408163265306,0.01020408163265306,-0.034580106324946416,-0.01181105587883899,-0.12886281952470913,0.01020408163265306,0.01020408163265306,-0.06571584041325279,0.01020408163265306,0.01020408163265306,0.01020408163265306,-0.08634270853254762,-0.03595111528796029,-0.012572229210499575,0.021519017428032493,0.01020408163265306,0.010085401356232529,0.01020408163265306,0.01020408163265306,0.006684841837521523,-0.0088466854564436,0.01020408163265306,0.01020408163265306,0.01020408163265306,0.09610695362833713,0.01020408163265306,0.01020408163265306,0.01020408163265306,0.01020408163265306,0.04258904909528583,-0.037405969238069936,-0.08020754671539454,0.01020408163265306,0.01020408163265306,0.03819011692225077,0.01020408163265306,-0.024803095351559466,0.01020408163265306,0.0710330917472967,0.01020408163265306,0.01020408163265306,-0.24242149688574138,0.01020408163265306,-0.09480156654483766,0.01020408163265306,0.12114865767397553,0.01020408163265306,0.01020408163265306,0.01020408163265306,-0.02037807058194052,0.08970984320436597,0.1533070913274849,0.10772251865674698,-0.0545733298106172,0.1959203007553501,0.01020408163265306,0.01020408163265306,0.01020408163265306,0.1770572108398982,0.01020408163265306,0.44770073460376547,0.01020408163265306,-0.09423865959855306
2026-05-05,0.013691135289879764,-0.06146106283663706,0.03053765994626681,-0.011383647246196829,-0.028800941672197954,0.01020408163265306,0.01020408163265306,0.01020408163265306,0.08920847950842427,0.025470616586838874,-0.041920284523939665,-0.02474078545294347,-0.006985029576828864,0.01020408163265306,-0.02672718564388467,-0.020681485138787696,0.01020408163265306,0.01020408163265306,0.01020408163265306,0.01020408163265306,-0.0008338234507837237,0.01020408163265306,0.01020408163265306,0.01020408163265306,0.004740214309830203,0.01020408163265306,0.01020408163265306,0.01020408163265306,0.01020408163265306,0.01020408163265306,-0.04701206950125499,0.01020408163265306,0.01020408163265306,0.01020408163265306,-0.05342017777464017,-0.020727687825397148,0.01020408163265306,-0.028620213451200485,-0.011054727678436014,-0.06705742888866524,0.01020408163265306,0.01020408163265306,-0.0033159277460054707,0.01020408163265306,0.01020408163265306,0.01020408163265306,-0.10639856177018861,0.01020408163265306,0.01020408163265306,0.01020408163265306,0.01020408163265306,0.01020408163265306,0.01020408163265306,0.01020408163265306,0.01020408163265306,0.006657789427326951,0.01020408163265306,0.01020408163265306,0.01020408163265306,0.039349989189819294,0.01020408163265306,0.01020408163265306,0.01020408163265306,0.01020408163265306,0.01020408163265306,0.01020408163265306,-0.06531908078171714,0.01020408163265306,0.01020408163265306,0.04919211141115096,0.01020408163265306,0.01020408163265306,0.01020408163265306,0.01020408163265306,0.01020408163265306,0.01020408163265306,-0.15576873139740283,0.01020408163265306,-0.08930935908260645,0.01020408163265306,0.01020408163265306,0.01020408163265306,0.01020408163265306,0.01020408163265306,0.01020408163265306,0.08357150064963285,0.09386011391460701,0.01020408163265306,0.01020408163265306,0.2628750761423464,0.01020408163265306,0.01020408163265306,0.01020408163265306,0.16872369884884236,0.01020408163265306,0.45235851938931776,0.01020408163265306,-0.101759917664365
2026-05-06,0.01020408163265306,-0.0717419542147801,0.03775573372375384,-0.017522515336810117,-0.03930608480147423,0.01020408163265306,0.01020408163265306,0.01020408163265306,0.1331888015655669,0.0739588334906049,-0.047759832317678136,-0.03278788540463797,-0.013919893281112388,0.01020408163265306,-0.03439121421098492,-0.04176413135476159,0.01020408163265306,0.01020408163265306,0.01020408163265306,0.01020408163265306,-0.005499555748747645,0.01020408163265306,0.01020408163265306,0.01020408163265306,0.0054310072278716615,0.01020408163265306,0.01020408163265306,0.01020408163265306,0.01020408163265306,0.01020408163265306,-0.04320107441507236,0.01020408163265306,0.01020408163265306,0.01020408163265306,-0.042602621753873096,-0.01318094298804246,0.01020408163265306,-0.04191629369522714,-7.848006406855311e-05,-0.09986473362349431,0.01020408163265306,0.01020408163265306,-0.017945268020999543,0.01020408163265306,0.01020408163265306,0.01020408163265306,-0.10089679601855583,-0.009475008142710377,0.01020408163265306,0.01020408163265306,0.01020408163265306,0.01020408163265306,0.01020408163265306,0.01020408163265306,0.01020408163265306,-0.013311779964468725,0.01020408163265306,0.01020408163265306,0.01020408163265306,0.0866071783555871,0.01020408163265306,0.01020408163265306,0.01020408163265306,0.01020408163265306,0.027862644612094055,0.007364758296531342,-0.05340703478672003,0.01020408163265306,0.01020408163265306,0.04578566828774522,0.01020408163265306,-0.006834313799964449,0.01020408163265306,0.017428561656561797,0.01020408163265306,0.01020408163265306,-0.214867313650751,0.01020408163265306,-0.09241073077628899,0.01020408163265306,0.06367116500869843,0.01020408163265306,0.01020408163265306,0.01020408163265306,0.01020408163265306,0.09817541426752696,0.10886312504508126,0.04065359666195078,-0.015902106696960787,0.2447670265153978,0.01020408163265306,0.01020408163265306,0.01020408163265306,0.15988484521248247,0.01020408163265306,0.45180145977024366,0.01020408163265306,-0.11424490769073793
2026-05-07,0.01020408163265306,-0.07939324694433844,0.03802698703177896,-0.013474675596088859,-0.04039716064378667,0.01020408163265306,0.02448487617596104,0.01020408163265306,0.16122022034368363,0.09833853475407933,-0.04692627445910285,-0.042936221037236294,-0.02913320022715144,0.01020408163265306,-0.043246586278386664,-0.04810687059754314,0.01020408163265306,0.01020408163265306,0.01020408163265306,0.01020408163265306,-0.007176579965096097,0.01020408163265306,-0.009541932824026664,0.01020408163265306,0.01020408163265306,0.01020408163265306,0.01020408163265306,0.01020408163265306,-0.05612956718969181,0.01020408163265306,-0.03917496097563377,0.01020408163265306,0.01020408163265306,0.01020408163265306,0.01020408163265306,0.01020408163265306,0.01020408163265306,-0.012971662067052908,-0.005123448496621047,-0.1510644487735504,0.01020408163265306,0.01020408163265306,-0.04806314012547713,0.01020408163265306,0.01020408163265306,0.01020408163265306,-0.06897660958530237,-0.020710945380772117,0.01020408163265306,0.025322657313453872,0.01020408163265306,0.01020408163265306,0.01020408163265306,0.01020408163265306,0.01020408163265306,-0.019150357018221827,0.01020408163265306,0.01020408163265306,0.01020408163265306,0.10712001945392163,0.010697862335881755,0.01020408163265306,0.01020408163265306,0.01020408163265306,0.01967073280224054,-0.05483189661749459,-0.07449575429460453,0.01020408163265306,0.045168227613808634,0.047897173033694826,0.01020408163265306,-0.04839381198130598,0.01020408163265306,0.04529901876123016,0.01020408163265306,0.01020408163265306,-0.21998415009962793,0.01020408163265306,-0.10947921790327245,0.01020408163265306,0.11708734485828419,0.01020408163265306,0.01020408163265306,0.01020408163265306,0.01020408163265306,0.10062236960768507,0.08961408970383586,0.09718179644965394,-0.04138775197264349,0.21166880501814914,0.01020408163265306,0.01020408163265306,0.01020408163265306,0.15197030636987144,0.032923110474067104,0.46827779543030296,0.01020408163265306,-0.10313778300816691
2026-05-08,0.013792896001629017,-0.06868255251539858,0.03599951991170386,-0.011684254636022946,-0.038410801479571856,0.01020408163265306,0.01020408163265306,0.01020408163265306,0.12460796044927315,0.08328484852248641,-0.04755346948855366,-0.037216609351685366,-0.022281651487091096,0.01020408163265306,-0.035848712912999854,-0.0515941712351875,0.01020408163265306,0.01020408163265306,0.01020408163265306,0.01020408163265306,-0.00313421757364658,-0.001298270211099968,0.01020408163265306,0.01020408163265306,0.01020408163265306,0.01020408163265306,0.01020408163265306,0.01020408163265306,-0.026392312055708772,0.01020408163265306,-0.04694928736844472,0.01020408163265306,0.01020408163265306,0.01020408163265306,0.00869232372092844,0.01020408163265306,0.01020408163265306,-0.011936752657910199,-0.027279243052719386,-0.11970744425218573,0.01020408163265306,0.01020408163265306,-0.03645813702659221,0.01020408163265306,0.01020408163265306,0.01020408163265306,-0.08837969029758978,0.0076078145661148235,0.01020408163265306,0.01020408163265306,0.01020408163265306,0.01020408163265306,0.01020408163265306,0.01020408163265306,0.01020408163265306,0.000694000696249272,0.01020408163265306,0.01020408163265306,0.01020408163265306,0.10091021340592674,0.014611144152159108,0.01020408163265306,0.01020408163265306,0.01020408163265306,0.01020408163265306,-0.019644815442793208,-0.06724414788792765,0.01020408163265306,0.026478597413768373,0.05379361282348594,0.01020408163265306,-0.011097207452700429,0.01020408163265306,0.01020408163265306,0.01020408163265306,0.01020408163265306,-0.18714864849055124,0.01020408163265306,-0.10714398119014415,0.01020408163265306,0.06791339521207247,0.01020408163265306,0.01020408163265306,0.01020408163265306,0.01020408163265306,0.1070623510866579,0.050124581192886326,0.03177437856891625,-0.014439986431900512,0.23364468493959178,0.01020408163265306,0.01020408163265306,0.01020408163265306,0.16512922845600284,0.017989552517560722,0.47737842073263037,0.01020408163265306,-0.10118764966753692
2026-05-11,0.02537834457978358,-0.04913755378508503,0.02588322179789735,-0.011015649806369468,-0.032707447104651045,0.01020408163265306,0.01020408163265306,0.01020408163265306,0.06909773966459136,0.027293900905199862,-0.05192755618722527,-0.006241806421446278,-0.02206005619562991,0.01020408163265306,-0.01428545033924544,-0.033544719762165255,0.01020408163265306,0.01020408163265306,0.01020408163265306,0.01020408163265306,0.01020408163265306,-0.022041648638726777,0.005782068588617361,0.01020408163265306,0.00021069709361490156,0.01020408163265306,0.01020408163265306,0.01020408163265306,0.01020408163265306,0.01020408163265306,-0.049934655487441366,0.01020408163265306,0.01020408163265306,0.01020408163265306,0.01020408163265306,0.01020408163265306,0.01020408163265306,-0.03747300944993215,-0.04979069429149719,-0.06558870885930623,0.01020408163265306,0.01020408163265306,-0.012078560559450361,0.01020408163265306,0.01020408163265306,0.01020408163265306,-0.08617889040782664,0.01020408163265306,0.01020408163265306,0.01020408163265306,0.01020408163265306,0.00394662810479723,0.01020408163265306,0.01020408163265306,0.01020408163265306,0.01020408163265306,0.01020408163265306,0.01020408163265306,0.01020408163265306,0.046090349177617194,0.01020408163265306,0.01020408163265306,0.01020408163265306,0.01020408163265306,0.01020408163265306,0.01020408163265306,-0.08103144131317266,0.01020408163265306,0.01020408163265306,0.052428716120472556,0.01020408163265306,0.01020408163265306,0.01020408163265306,0.01020408163265306,0.01020408163265306,0.01020408163265306,-0.1430051526901747,0.01020408163265306,-0.09654138681850546,0.01020408163265306,0.01020408163265306,0.01020408163265306,0.01020408163265306,0.01020408163265306,0.01020408163265306,0.09900688453183014,0.03774163411375462,0.01020408163265306,0.01020408163265306,0.2264183016447491,0.01020408163265306,0.01020408163265306,0.01020408163265306,0.165602502083707,0.03421469249520418,0.47614397705877504,0.01020408163265306,-0.08371649433255603
2026-05-12,0.030238667468391503,-0.041347105930508034,0.01984531921250609,-0.013993704103799855,-0.031624108450992776,0.01020408163265306,0.01020408163265306,0.01020408163265306,0.06985799861075413,0.03252060080768492,-0.054423810754892915,-0.01094835061887412,-0.02401787558729819,0.01020408163265306,-0.02285991028166199,-0.017754478577376102,0.01020408163265306,0.01020408163265306,0.01020408163265306,0.01020408163265306,0.01020408163265306,-0.01280874423892464,0.01020408163265306,0.01020408163265306,-0.01001124818348703,0.01020408163265306,0.01020408163265306,0.01020408163265306,0.01020408163265306,0.01020408163265306,-0.04342349476168366,0.01020408163265306,0.01020408163265306,0.01020408163265306,0.01020408163265306,-0.00232478154077324,0.01020408163265306,-0.02773575016239844,-0.03737595417065507,-0.07582247762661093,0.01020408163265306,0.01020408163265306,-0.021130592467338748,0.01020408163265306,0.01020408163265306,0.01020408163265306,-0.09670489686657277,0.01020408163265306,0.01020408163265306,0.01020408163265306,0.01020408163265306,-0.005128473856627177,0.01020408163265306,0.01020408163265306,0.01020408163265306,0.01020408163265306,0.01020408163265306,0.01020408163265306,0.01020408163265306,0.05031141616556647,0.01020408163265306,0.01020408163265306,0.01020408163265306,0.01020408163265306,0.01020408163265306,0.01020408163265306,-0.054594498163495334,0.01020408163265306,0.01020408163265306,0.05530287780015508,0.01020408163265306,0.01020408163265306,0.01020408163265306,0.01020408163265306,0.01020408163265306,0.01020408163265306,-0.1481631844174428,0.01020408163265306,-0.09166835949844243,0.01020408163265306,0.01020408163265306,0.01020408163265306,0.01020408163265306,0.01020408163265306,0.01020408163265306,0.08277924340309334,0.0335559896693624,0.01020408163265306,0.01020408163265306,0.2405046050116575,0.01020408163265306,0.01020408163265306,0.01020408163265306,0.1588803773495145,0.03909993577830932,0.4604531255341737,0.01020408163265306,-0.08254958104110867
2026-05-13,0.025168961774733756,-0.05038162700868267,0.02987928701553045,-0.012610497444619695,-0.039049373201091135,0.01020408163265306,0.017417403115151563,0.01020408163265306,0.10415727949989145,0.060666306919268005,-0.060059965522255634,-0.00936125305910246,-0.026505601404899284,0.01020408163265306,-0.032768572226170356,-0.03931228329321891,0.01020408163265306,0.01020408163265306,0.01020408163265306,0.01020408163265306,0.01020408163265306,-0.007866911729196539,0.01020408163265306,0.01020408163265306,-0.030779568807353525,0.01020408163265306,0.01020408163265306,0.01020408163265306,0.01020408163265306,0.01020408163265306,-0.04941908666548426,0.01020408163265306,0.01020408163265306,0.01020408163265306,0.01020408163265306,0.01020408163265306,0.01020408163265306,-0.013716282000552716,-0.057988146427345774,-0.09478302590980286,0.01020408163265306,0.01020408163265306,-0.03178524835474356,0.01020408163265306,0.01020408163265306,0.01020408163265306,-0.08929691424476352,0.01020408163265306,0.01020408163265306,0.01020408163265306,0.01020408163265306,-0.00399669015155679,0.01020408163265306,0.01020408163265306,0.01020408163265306,0.01020408163265306,0.01020408163265306,0.01020408163265306,0.01020408163265306,0.06880960600786941,0.022436546499830214,0.01020408163265306,0.01020408163265306,0.01020408163265306,0.02070361232431752,-0.015139749780943531,-0.0902447439659558,0.01020408163265306,0.048639095213544245,0.06741252360847609,0.01020408163265306,0.01020408163265306,0.01020408163265306,0.04160944564445799,0.01020408163265306,0.01020408163265306,-0.17040969767835512,0.01020408163265306,-0.10342253363121377,0.01020408163265306,0.018217314309551105,0.01020408163265306,0.01020408163265306,0.01020408163265306,0.01020408163265306,0.09723087124260282,0.0374208818276785,0.01020408163265306,-0.012339259623735289,0.22896813215687448,0.01020408163265306,0.01020408163265306,0.01020408163265306,0.15817378258595063,0.0333219404423606,0.4576189467581274,0.01020408163265306,-0.0782475578763976
2026-05-14,0.013342892093737724,-0.01983979931749267,0.01020408163265306,-0.0026312112639874877,-0.018731637456690584,0.01020408163265306,0.01020408163265306,0.01020408163265306,0.01020408163265306,0.01020408163265306,-0.05216721807809868,0.005187966956729611,-0.0251347683082803,0.01020408163265306,0.008618251085908132,-0.013712440132034083,0.01020408163265306,0.01020408163265306,0.01020408163265306,0.01020408163265306,0.01020408163265306,-0.0027917084659293216,0.01020408163265306,0.01020408163265306,-0.01143356155241432,0.01020408163265306,0.01020408163265306,0.01020408163265306,0.01020408163265306,0.01020408163265306,-0.04811877219896146,0.01020408163265306,0.01020408163265306,0.01020408163265306,0.01020408163265306,-0.013841781644083609,0.01020408163265306,-0.015020975966773696,-0.049672758797067784,-0.048641740377670516,0.01020408163265306,0.01020408163265306,-0.006414065660046981,0.01020408163265306,0.01020408163265306,0.01020408163265306,-0.09254088553185912,0.01020408163265306,0.01020408163265306,0.01020408163265306,0.01020408163265306,-0.0177714603571881,0.01020408163265306,0.01020408163265306,0.01020408163265306,0.01020408163265306,0.01020408163265306,0.01020408163265306,0.01020408163265306,0.01020408163265306,0.01020408163265306,0.01020408163265306,0.01020408163265306,0.01020408163265306,0.01020408163265306,0.01020408163265306,-0.058214992445277114,0.01020408163265306,0.01020408163265306,0.06493918039042369,0.01020408163265306,0.01020408163265306,0.01020408163265306,0.01020408163265306,0.01020408163265306,0.01020408163265306,-0.08664246371261275,0.01020408163265306,-0.07883014771914812,0.01020408163265306,0.01020408163265306,0.01020408163265306,0.01020408163265306,0.01020408163265306,0.01020408163265306,0.0783047767103584,0.01020408163265306,0.01020408163265306,0.01020408163265306,0.21030949313685737,0.01020408163265306,0.01020408163265306,0.01020408163265306,0.15644072883038718,0.054776720232437216,0.43213859644208874,0.01020408163265306,-0.06598784954637262
2026-05-15,0.020923798652650975,-0.049512352911265295,0.02645354272375782,-0.013266274825102611,-0.04115531841528175,0.01020408163265306,0.01020408163265306,0.01020408163265306,0.10200874970257037,0.07834161578860585,-0.06091442114451601,-0.02459720600979553,-0.014507102554086103,0.01020408163265306,-0.0330138119456107,-0.02954713664472479,0.01020408163265306,0.01020408163265306,0.01020408163265306,0.01020408163265306,0.01020408163265306,0.0013729184591783645,0.01020408163265306,0.01020408163265306,-0.02433819875793692,0.01020408163265306,0.01020408163265306,0.01020408163265306,-0.013047705930760585,0.01020408163265306,-0.05784388936748219,0.01020408163265306,0.01020408163265306,0.01020408163265306,0.01020408163265306,0.01020408163265306,0.01020408163265306,-0.004521462386013548,-0.050433458745515816,-0.056763686226775426,0.01020408163265306,0.01020408163265306,-0.005484502531659488,0.01020408163265306,0.01020408163265306,0.01020408163265306,-0.10251803841066141,-0.011540484853915374,0.01020408163265306,0.01020408163265306,0.01020408163265306,0.006113580886364367,0.01020408163265306,-0.029057129739003672,0.01020408163265306,0.01020408163265306,0.01020408163265306,0.01020408163265306,0.01020408163265306,0.06688892227370143,0.020347263147463594,0.01020408163265306,0.01020408163265306,0.01020408163265306,0.01723040158124476,-0.02758960828081091,-0.08453986850544802,0.01020408163265306,0.011096246706528192,0.06881790220390563,0.01020408163265306,0.01020408163265306,0.01020408163265306,0.08257727717645727,0.01020408163265306,0.01020408163265306,-0.13552076157489695,0.01020408163265306,-0.12621665260801296,0.01020408163265306,0.01020408163265306,0.01020408163265306,0.01020408163265306,0.01020408163265306,0.01020408163265306,0.055596871645205735,0.01020408163265306,0.01020408163265306,-0.022892288956012703,0.1999537741987906,0.01020408163265306,0.01020408163265306,0.01020408163265306,0.21018902430030387,0.055349415652223656,0.48205556279670025,0.01020408163265306,-0.06812815963158837
2026-05-18,0.02461643985858751,-0.03295115874627402,0.01020408163265306,0.01020408163265306,-0.04045382889435605,0.01020408163265306,0.01020408163265306,0.01020408163265306,0.04153813740393875,0.050561643919294144,-0.05446948350162714,-0.016149266791145207,-0.017209832188826546,0.01020408163265306,-0.025893363824512655,0.002153481346879777,0.01020408163265306,0.01020408163265306,0.01020408163265306,0.01020408163265306,0.01020408163265306,-0.00039385804433661464,0.01020408163265306,0.01020408163265306,-0.01600365766772728,0.01020408163265306,0.01020408163265306,0.01020408163265306,0.01020408163265306,0.01020408163265306,-0.05241575593570279,0.01020408163265306,0.01020408163265306,0.01020408163265306,0.01020408163265306,-0.021380141293774253,0.01020408163265306,-0.006331151633937182,-0.08734054400398096,-0.06222894980218349,0.01020408163265306,0.01020408163265306,-0.002473187359280187,0.01020408163265306,0.01020408163265306,0.01020408163265306,-0.10581974968440641,0.01020408163265306,0.01020408163265306,0.01020408163265306,0.01020408163265306,-0.022466170078112253,0.01020408163265306,0.01020408163265306,0.01020408163265306,0.01020408163265306,0.01020408163265306,0.01020408163265306,0.01020408163265306,0.01020408163265306,0.01020408163265306,0.01020408163265306,0.01020408163265306,0.01020408163265306,0.01020408163265306,0.01020408163265306,-0.061384130599393835,0.01020408163265306,0.01020408163265306,0.06878772026494953,0.01020408163265306,0.01020408163265306,0.01020408163265306,0.010494942251070567,0.01020408163265306,0.01020408163265306,-0.08754157744284745,0.01020408163265306,-0.11193352739075246,0.01020408163265306,0.01020408163265306,0.01020408163265306,0.01020408163265306,0.01020408163265306,0.01020408163265306,0.055342789080413374,0.01020408163265306,0.01020408163265306,0.006496287068636802,0.22219349181356374,0.01020408163265306,0.01020408163265306,0.01020408163265306,0.18623051291320825,0.07659965363051667,0.44801022981598276,0.01020408163265306,-0.041655382238967156
2026-05-19,0.024688939704558273,-0.02339321672162229,0.01020408163265306,0.0044127390571456725,-0.03261374170837985,0.01020408163265306,0.01020408163265306,0.01020408163265306,0.05100642304169685,0.04344603873071042,-0.057994418969955455,-0.0046541000023756635,-0.01733251976942781,0.01020408163265306,-0.02327819774622733,0.01020408163265306,0.01020408163265306,0.01020408163265306,0.01020408163265306,0.01020408163265306,0.01020408163265306,-0.0014468503179028182,0.01020408163265306,0.01020408163265306,-0.026316227162686702,0.01020408163265306,0.01020408163265306,0.01020408163265306,-0.004615765452662644,0.01020408163265306,-0.056466304758731004,0.01020408163265306,0.01020408163265306,0.01020408163265306,0.01020408163265306,-0.052602234423289734,0.01020408163265306,-0.0015298692119165187,-0.08177894690299024,-0.0606566439026207,0.01020408163265306,0.01020408163265306,0.008871756602045977,0.01020408163265306,0.01020408163265306,0.01020408163265306,-0.11059849737572583,0.01020408163265306,0.01020408163265306,0.01020408163265306,0.01020408163265306,0.0005967829027162565,0.01020408163265306,-0.006068601341536526,0.01020408163265306,0.01020408163265306,0.01020408163265306,0.01020408163265306,0.01020408163265306,0.01020408163265306,0.01020408163265306,0.01020408163265306,0.01020408163265306,0.01020408163265306,0.01020408163265306,0.01020408163265306,-0.07735368219531091,0.00581706996185243,0.01020408163265306,0.06884621376352723,0.01020408163265306,0.01020408163265306,0.01020408163265306,0.05111892974679737,0.01020408163265306,0.01020408163265306,-0.08132255263950106,0.01020408163265306,-0.10737382292926582,0.01020408163265306,0.01020408163265306,0.01020408163265306,0.01020408163265306,0.01020408163265306,0.01020408163265306,0.017993502621854396,0.01020408163265306,0.01020408163265306,0.006425562160063583,0.19104532802554178,0.01020408163265306,0.01020408163265306,0.01020408163265306,0.22415581064210624,0.08774322906550816,0.4362913839089365,0.01020408163265306,-0.037920659260075165
2026-05-20,0.018779285369362436,-0.0362348404499256,0.01020408163265306,-0.007797693045467369,-0.03938859480548283,0.01020408163265306,0.01020408163265306,0.01020408163265306,0.10242323847376084,0.09967987392913885,-0.06639107840228235,-0.020431621033779004,-0.015548260597904094,0.01020408163265306,-0.0427385191270363,0.0002680161647065759,0.01020408163265306,0.01020408163265306,0.01020408163265306,0.01020408163265306,0.01020408163265306,0.003977376563703439,0.01020408163265306,0.01020408163265306,-0.043909477442444625,0.01020408163265306,0.01020408163265306,0.01020408163265306,-0.0159443054959972,0.01020408163265306,-0.06049738092153503,0.01020408163265306,0.01020408163265306,0.01020408163265306,0.01020408163265306,-0.013774795738680451,0.01020408163265306,0.005975150334586737,-0.07046106619905483,-0.04950919638438014,0.01020408163265306,0.01020408163265306,0.0048698565565587215,0.01020408163265306,0.01020408163265306,0.01020408163265306,-0.1076050818836843,-0.05142175047516406,0.01020408163265306,0.01020408163265306,0.01020408163265306,0.01020408163265306,0.01020408163265306,-0.040662585983855914,0.01020408163265306,0.01020408163265306,0.01020408163265306,0.01020408163265306,0.01020408163265306,0.0562166830714194,0.022550621499259085,0.01020408163265306,0.01020408163265306,0.01020408163265306,0.01020408163265306,0.0003176035984247885,-0.09726454003328508,0.003202814117419765,0.01020408163265306,0.0665496468142273,0.01020408163265306,0.01020408163265306,0.01020408163265306,0.12053768823444627,0.01020408163265306,0.01020408163265306,-0.11588178147568186,0.01020408163265306,-0.12560971868751214,0.01020408163265306,0.01020408163265306,0.01020408163265306,0.01020408163265306,0.01020408163265306,0.01020408163265306,0.025216384612343552,0.01020408163265306,0.01020408163265306,-0.024481460096742298,0.18058457088646232,0.01020408163265306,0.01020408163265306,0.01020408163265306,0.24263437597853912,0.07595008056833878,0.4615612216657555,0.01020408163265306,-0.04778155648508865
2026-05-21,0.02587672508424641,-0.040572140962480074,0.01020408163265306,-0.0036250300057297288,-0.043260803269752936,0.01020408163265306,0.01020408163265306,0.01020408163265306,0.09575383070419285,0.09858948632327509,-0.06402490732778308,-0.016771037944206077,-0.019204585441782197,0.01020408163265306,-0.039878150328294025,-0.000828067376630744,0.01020408163265306,0.01020408163265306,0.01020408163265306,0.01020408163265306,0.01020408163265306,0.007519794026053589,0.01020408163265306,0.01020408163265306,-0.05114881094481101,0.01020408163265306,0.01020408163265306,0.01020408163265306,-0.011092022795665258,0.01020408163265306,-0.062013312854492644,0.01020408163265306,0.01020408163265306,0.01020408163265306,0.01020408163265306,-0.021500125689284923,0.01020408163265306,0.008637169605585754,-0.07247796388034151,-0.04898191592175065,0.01020408163265306,0.01020408163265306,0.004279645875906027,0.01020408163265306,0.01020408163265306,0.01020408163265306,-0.10117221797698416,-0.0516656231347291,0.01020408163265306,0.01020408163265306,0.01020408163265306,0.01020408163265306,0.01020408163265306,-0.039822820663689314,0.01020408163265306,0.01020408163265306,0.01020408163265306,0.01020408163265306,0.01020408163265306,0.06392480755642936,0.020612381463430404,0.01020408163265306,0.01020408163265306,0.01020408163265306,0.01020408163265306,0.008565285651925313,-0.09172121798712016,-0.001044398819693407,0.01020408163265306,0.06947376822585835,0.01020408163265306,0.01020408163265306,0.01020408163265306,0.11474479955451346,0.01020408163265306,0.01020408163265306,-0.11073870379304032,0.01020408163265306,-0.12641911683869145,0.01020408163265306,0.01020408163265306,0.01020408163265306,0.01020408163265306,0.01020408163265306,0.01020408163265306,0.027021486041143163,0.01020408163265306,0.01020408163265306,-0.020631381945117662,0.1788503690503512,0.01020408163265306,0.01020408163265306,0.01020408163265306,0.23068875231993466,0.06401307447839741,0.46674913667881657,0.01020408163265306,-0.04874697306451982
2026-05-22,0.03239040732343329,-0.03268322513112172,0.01020408163265306,0.01020408163265306,-0.04119918895639729,0.01020408163265306,0.01020408163265306,0.01020408163265306,0.042206778440666726,0.03601419454925338,-0.05127821166098168,-0.002780410808598298,-0.0187976282144647,0.01020408163265306,-0.02541507293154585,0.01020408163265306,0.01020408163265306,0.01020408163265306,0.01020408163265306,0.01020408163265306,0.01020408163265306,0.006140711479655139,0.01020408163265306,0.01020408163265306,-0.035763157060791646,0.01020408163265306,0.01020408163265306,0.01020408163265306,-0.0006662643141262942,0.01020408163265306,-0.058743455067581926,0.01020408163265306,0.01020408163265306,0.01020408163265306,0.01020408163265306,-0.05164186189506531,0.01020408163265306,-0.007752429681477642,-0.07804733389846173,-0.05769670035111449,0.01020408163265306,0.01020408163265306,0.009978884506710688,0.01020408163265306,0.01020408163265306,0.01020408163265306,-0.10073739618211029,0.009783332240426003,0.01020408163265306,0.01020408163265306,0.01020408163265306,-0.004353881871560562,0.01020408163265306,-0.0066999936306308076,0.01020408163265306,0.01020408163265306,0.01020408163265306,0.01020408163265306,0.01020408163265306,0.010480847450725144,0.01020408163265306,0.01020408163265306,0.01020408163265306,0.01020408163265306,0.01020408163265306,0.01020408163265306,-0.07776214571616955,0.007376013095146703,0.01020408163265306,0.07073066011908499,0.01020408163265306,0.01020408163265306,0.01020408163265306,0.051192397939338434,0.01020408163265306,0.01020408163265306,-0.06473895677502643,0.01020408163265306,-0.11167612271583036,0.01020408163265306,0.01020408163265306,0.01020408163265306,0.01020408163265306,0.01020408163265306,0.01020408163265306,0.021382177226191568,0.01020408163265306,0.01020408163265306,0.009785928557702314,0.19152321848267823,0.01020408163265306,0.01020408163265306,0.01020408163265306,0.2136398632437056,0.07820086464449857,0.4404775952216886,0.01020408163265306,-0.03552349888233865
2026-05-26,0.02232896052997609,-0.05282994980726449,0.01020408163265306,0.0005901626199431523,-0.039309739803357086,0.013373151647495533,0.01020408163265306,0.01020408163265306,0.08947963389653858,0.07703788744216028,-0.04785687376965321,-0.004162199900587521,-0.01566536450865085,0.01020408163265306,-0.035850422723585594,0.00899504520491663,0.01020408163265306,0.01020408163265306,0.01020408163265306,0.01020408163265306,0.01020408163265306,-0.010340759965649237,0.01020408163265306,0.01020408163265306,-0.05801732023268773,0.01020408163265306,0.01020408163265306,0.01020408163265306,-0.02525262382953193,0.01020408163265306,-0.061283081687542734,0.01020408163265306,0.01020408163265306,0.021196311629404323,0.00228220785901833,-0.03402847453718031,0.01020408163265306,0.01020408163265306,0.01020408163265306,-0.06351670955940762,-2.099815414793524e-05,0.01020408163265306,0.008863186533194296,0.01020408163265306,0.01020408163265306,0.01020408163265306,-0.07493056506677977,-0.04995180465048346,0.01020408163265306,0.01020408163265306,0.01020408163265306,0.01020408163265306,0.01020408163265306,-0.04037100632371902,0.01020408163265306,0.01020408163265306,0.01020408163265306,0.01020408163265306,0.01020408163265306,0.03585531853849045,0.019266269182708212,0.01020408163265306,0.01020408163265306,0.01020408163265306,0.01020408163265306,-0.05227873298939125,-0.11661301560625127,-0.01669205357835353,0.01020408163265306,0.08879974073796211,0.01020408163265306,0.01020408163265306,0.01020408163265306,0.11342318723959273,0.01020408163265306,0.01020408163265306,-0.08889886257267157,0.01020408163265306,-0.1174919598205106,0.01020408163265306,0.01020408163265306,0.01020408163265306,0.01020408163265306,0.01020408163265306,0.01020408163265306,0.028125397465400645,0.01020408163265306,0.01020408163265306,-0.02562661613293396,0.17225795777925756,0.01020408163265306,0.01020408163265306,0.01020408163265306,0.2638190405952806,0.08857658827128505,0.44147037309723736,0.01020408163265306,-0.04638393811074572
2026-05-27,0.0334744434722406,-0.05766913629114917,0.01020408163265306,0.004728799383274902,-0.030627986401407806,0.01270119306803008,0.01020408163265306,0.01020408163265306,0.09034646144639816,0.0661116569104754,-0.04644630596511936,-0.00024396220537354144,-0.009361961818464005,0.01020408163265306,-0.03549526321794146,0.01020408163265306,0.01020408163265306,0.01020408163265306,0.01020408163265306,0.01020408163265306,0.01020408163265306,-0.017938157054325166,0.01020408163265306,0.01020408163265306,-0.08176422777215256,0.01020408163265306,0.01020408163265306,0.01020408163265306,0.01020408163265306,0.01020408163265306,-0.053196645073570734,0.01020408163265306,0.01020408163265306,0.01020408163265306,-0.039270368347498245,-0.0035856197012248767,0.01020408163265306,0.01020408163265306,-0.011104336974690423,-0.046758861992294926,-0.022389925038621646,0.01020408163265306,0.01020408163265306,0.01020408163265306,0.01020408163265306,0.01020408163265306,-0.07039205324079885,-0.06455660140811828,0.01020408163265306,0.01020408163265306,0.01020408163265306,0.01020408163265306,0.01020408163265306,-0.007439629259768604,0.01020408163265306,0.01020408163265306,0.01020408163265306,0.01020408163265306,0.01020408163265306,0.024488734089627477,0.027065135075747086,0.01020408163265306,0.01020408163265306,0.01020408163265306,0.01020408163265306,-0.05266841089387485,-0.12036323908223288,0.0009347928215067275,0.010816919536523008,0.09741299594171338,0.01020408163265306,0.01020408163265306,0.01020408163265306,0.10606119434203232,0.01020408163265306,0.01020408163265306,-0.11851528214461456,0.01020408163265306,-0.11397977363536668,0.01020408163265306,0.01020408163265306,0.01020408163265306,0.01020408163265306,0.01020408163265306,0.01020408163265306,0.03100578725785398,0.01020408163265306,0.01020408163265306,-0.024387015727788855,0.17891286493902625,0.01020408163265306,0.01020408163265306,0.01020408163265306,0.21845485837391948,0.12814829835929709,0.4446071033903943,0.01020408163265306,-0.04915729148819327
2026-05-28,0.037855452571209994,-0.04916748214039102,0.01020408163265306,-0.003177533780065451,-0.035020746683524576,0.012441287468334004,0.01020408163265306,0.021861850219011585,0.0927295332594959,0.04945595103811155,-0.046345879175594525,0.0011972566764289136,-0.014397313382395421,0.016045714454247566,-0.0223255693807067,0.01020408163265306,0.01020408163265306,0.01020408163265306,0.01020408163265306,0.01020408163265306,0.01020408163265306,-0.01403862097929418,0.01020408163265306,0.01020408163265306,-0.07269667556067178,0.01020408163265306,0.01020408163265306,0.01020408163265306,0.01020408163265306,0.01020408163265306,-0.05097130687890678,0.01020408163265306,0.01020408163265306,0.01020408163265306,-0.035578931874500896,-0.014519089750924632,0.01020408163265306,0.01020408163265306,-0.002276322398420492,-0.04519742719198066,-0.03446836981535469,0.01020408163265306,0.01020408163265306,0.01020408163265306,0.01020408163265306,0.01020408163265306,-0.07689451313575338,-0.07863572842918952,0.01020408163265306,0.01020408163265306,0.01020408163265306,0.01020408163265306,0.01020408163265306,-0.007557551600033687,0.01020408163265306,0.01020408163265306,0.01020408163265306,0.01020408163265306,0.01020408163265306,0.014738547432233472,0.03630090527975415,0.01020408163265306,0.01020408163265306,0.01020408163265306,0.01020408163265306,-0.06253321120920234,-0.11670314832814975,0.007239026128359866,0.022306703319400392,0.10087160756294074,0.01020408163265306,0.01020408163265306,0.01020408163265306,0.12000377712315478,0.01020408163265306,0.01020408163265306,-0.10146767843336385,0.01020408163265306,-0.1133700470808183,0.01020408163265306,0.01020408163265306,0.01020408163265306,0.01020408163265306,0.01020408163265306,0.01020408163265306,0.03328875678347895,0.01020408163265306,0.01020408163265306,-0.021008233569646893,0.159298535212937,0.01020408163265306,0.01020408163265306,0.01020408163265306,0.21755628077728711,0.11683924460315213,0.43210120925514184,0.01020408163265306,-0.05541291144701489
2026-05-29,0.03558203604014871,-0.05217200698022696,0.01020408163265306,-0.0031257639928857495,-0.03304545166524549,0.010619078347260866,0.01020408163265306,0.021251952422231477,0.0920558193339198,0.055521928550319365,-0.041631665613861835,0.0018020396525313034,-0.01439560019698848,0.013501038682160533,-0.026583398410363168,0.01020408163265306,0.01020408163265306,0.01020408163265306,0.01020408163265306,0.01020408163265306,0.01020408163265306,-0.013353085251640548,0.01020408163265306,0.01020408163265306,-0.07601135141387565,0.01020408163265306,0.01020408163265306,0.01020408163265306,0.01020408163265306,0.01020408163265306,-0.055911827053175656,0.01020408163265306,0.01020408163265306,0.01020408163265306,-0.03499231874025092,-0.016908926136086244,0.01020408163265306,0.01020408163265306,0.009004043806892265,-0.04492805149795706,-0.03191725625704896,0.01020408163265306,0.01020408163265306,0.01020408163265306,0.01020408163265306,0.01020408163265306,-0.0758689312083597,-0.08195650388979324,0.01020408163265306,0.01020408163265306,0.01020408163265306,0.01020408163265306,0.01020408163265306,-0.005045474782429945,0.01020408163265306,0.01020408163265306,0.01020408163265306,0.01020408163265306,0.01020408163265306,0.014317410803024592,0.03656423211504028,0.01020408163265306,0.01020408163265306,0.01020408163265306,0.01020408163265306,-0.06532005809546619,-0.10410229168710661,0.004704496375216117,0.024042131406054705,0.09934270624162443,0.01020408163265306,0.01020408163265306,0.01020408163265306,0.10982051097115145,0.01020408163265306,0.01020408163265306,-0.10516309524427869,0.01020408163265306,-0.11563302762110851,0.01020408163265306,0.01020408163265306,0.01020408163265306,0.01020408163265306,0.01020408163265306,0.01020408163265306,0.032820826498484175,0.01020408163265306,0.01020408163265306,-0.01836879663347985,0.1680514494391003,0.01020408163265306,0.01020408163265306,0.01020408163265306,0.21634447506299184,0.11216413897102741,0.4368237679030242,0.01020408163265306,-0.0595318533117989
2026-06-01,0.03896384661731159,-0.0547879152742804,0.01020408163265306,-0.019234390736637824,-0.03866169408302472,0.013620067541811161,0.015483390014614988,0.02848490858038106,0.10754619761189615,0.07946935898733179,-0.050410014327578405,-0.005010039519909611,-0.02248959019955373,0.017530107767689186,-0.034599588265344636,0.006081040752460131,0.01020408163265306,0.01020408163265306,0.01148605514653377,0.01020408163265306,0.01020408163265306,-0.018871478993311035,0.01020408163265306,0.01020408163265306,-0.10527032501318312,0.01020408163265306,0.01020408163265306,0.01020408163265306,0.01020408163265306,0.01020408163265306,-0.052962497174614875,0.01020408163265306,0.02940831724526423,0.027958858182568713,-0.00977499001152518,0.0007966486653867618,0.01020408163265306,0.01020408163265306,0.01020408163265306,-0.03743319198055261,-0.028887854404757322,0.01020408163265306,0.01020408163265306,0.01020408163265306,0.01020408163265306,0.01020408163265306,-0.07015521873510494,-0.115316819105428,0.01020408163265306,0.01020408163265306,0.01020408163265306,0.01020408163265306,0.01020408163265306,-0.018918776172928996,0.01020408163265306,0.01020408163265306,0.01020408163265306,0.01020408163265306,0.01020408163265306,0.025058920247816998,0.04164155243914035,0.01020408163265306,0.0009199676569626603,0.01020408163265306,0.01020408163265306,-0.08768724417503064,-0.12370900689356563,0.01020408163265306,0.05960068057812274,0.09424525287803844,0.01020408163265306,0.01020408163265306,0.01020408163265306,0.16182618254925737,0.01020408163265306,0.01020408163265306,-0.12194390656132052,0.01020408163265306,-0.12953800556287248,0.01020408163265306,0.01020408163265306,0.01020408163265306,0.01020408163265306,0.01707848108135293,-0.03575939961342908,0.040429838753938296,0.017620559246160877,0.01020408163265306,-0.048705095556901355,0.15923775660318087,0.026299435370734613,0.01020408163265306,0.01020408163265306,0.21850369557975174,0.09767153566697491,0.45478283313858997,0.01020408163265306,-0.06161844654241701
2026-06-02,0.03696235754936313,-0.02175435816171823,0.01020408163265306,-0.002886344248680634,-0.03936169081765411,0.01020408163265306,0.01020408163265306,0.016516336353645675,0.052874768232921414,0.02629245343010042,-0.04762227297253403,0.01020408163265306,-0.021091967595806824,0.01020408163265306,0.00034844958054050697,0.01020408163265306,0.01020408163265306,0.01020408163265306,0.01020408163265306,0.01020408163265306,0.008660041577550754,-0.0135135169559007,0.01020408163265306,0.01020408163265306,-0.07163294804521549,0.01020408163265306,0.01020408163265306,0.01020408163265306,0.01020408163265306,0.01020408163265306,-0.04664162790301022,0.01020408163265306,0.01020408163265306,0.01020408163265306,-0.012581068866992262,-0.06291247535539223,0.01020408163265306,0.01020408163265306,0.01020408163265306,-0.049902202904218484,0.01020408163265306,0.01020408163265306,0.01020408163265306,0.01020408163265306,0.01020408163265306,0.01020408163265306,-0.08957926141526501,-0.028522162195180806,0.01020408163265306,0.01020408163265306,0.01020408163265306,0.01020408163265306,0.01020408163265306,0.008708552818135774,0.01020408163265306,0.01020408163265306,0.01020408163265306,0.01020408163265306,0.01020408163265306,0.01020408163265306,0.020929668351323774,0.01020408163265306,0.0005380758272977293,0.01020408163265306,0.01020408163265306,-0.031221199892254727,-0.07689416691234457,0.01020408163265306,0.01020408163265306,0.08210043748713744,0.01020408163265306,0.01020408163265306,0.01020408163265306,0.07562771059410978,0.01020408163265306,0.01020408163265306,-0.056014913954614595,0.01020408163265306,-0.10440365419027171,0.01020408163265306,0.01020408163265306,0.01020408163265306,0.01020408163265306,0.01020408163265306,0.01020408163265306,0.013445908154229108,0.01020408163265306,0.01020408163265306,-5.2721156316097584e-05,0.1381281402811553,0.01020408163265306,0.01020408163265306,0.01020408163265306,0.21475528449223819,0.08177955789371438,0.42708273488147613,0.01020408163265306,-0.07101906681871163
2026-06-03,0.045094845933213425,-0.014702866433464636,0.01020408163265306,-0.011636132832646936,-0.04374479583475572,0.01020408163265306,0.01020408163265306,0.01020408163265306,0.07585112452550996,0.05499785811004828,-0.05064158395534854,0.0011800674921851866,-0.021183829421514422,0.01020408163265306,-0.009779070119167997,0.002405554506937777,0.01020408163265306,0.01020408163265306,0.01020408163265306,0.01020408163265306,0.008066450476325239,-0.013784457517261149,0.01020408163265306,0.01020408163265306,-0.10705394564287227,0.01020408163265306,0.01020408163265306,0.01020408163265306,0.01020408163265306,0.01020408163265306,-0.05132063575473372,0.01020408163265306,0.01020408163265306,0.01020408163265306,-0.004435761017300378,-0.03099114037246134,0.01020408163265306,0.01020408163265306,0.007904130985649623,-0.03438711104600146,-0.016172030301599583,0.01020408163265306,0.01020408163265306,0.01020408163265306,0.01020408163265306,0.01020408163265306,-0.06971747416679443,-0.0666685297645111,0.01020408163265306,0.01020408163265306,0.01020408163265306,0.01020408163265306,0.01020408163265306,0.0032517729079814036,0.01020408163265306,0.01020408163265306,0.01020408163265306,0.01020408163265306,0.01020408163265306,0.01020408163265306,0.024444351370898197,0.01020408163265306,-0.04067769200034359,0.01020408163265306,0.01020408163265306,-0.05580468659824654,-0.11137238198966208,0.003754501279459781,0.010568642182081547,0.09682586580949745,0.01020408163265306,0.01020408163265306,0.01020408163265306,0.13508625522693501,0.01020408163265306,0.01020408163265306,-0.06783374688120236,0.01020408163265306,-0.12581394953020375,0.01020408163265306,0.01020408163265306,0.01020408163265306,0.01020408163265306,0.01020408163265306,0.01020408163265306,0.020471709912798147,0.01020408163265306,0.01020408163265306,-0.01594226566579167,0.1488988075989503,0.03799302290255387,0.01020408163265306,0.01020408163265306,0.20412968534882103,0.08343186518338716,0.46049269213370864,0.01020408163265306,-0.04281777010228295
2026-06-04,0.05049717958378683,-0.022272973071104978,0.01020408163265306,-0.010767358999626804,-0.03429046030695654,0.01020408163265306,0.01020408163265306,0.01020408163265306,0.09147837381457256,0.0678389270686921,-0.05783942771827422,0.0007470073282161496,-0.025620005757809025,0.01507389719527333,-0.01692324338321719,0.007832953850356433,0.01020408163265306,0.01020408163265306,0.01020408163265306,0.01020408163265306,0.01020408163265306,-0.015343868498897182,0.01020408163265306,0.01020408163265306,-0.08521571105160065,0.0005950814424188176,0.01020408163265306,0.01020408163265306,0.01020408163265306,0.01020408163265306,-0.05123899242952027,0.01020408163265306,0.01020408163265306,0.01020408163265306,-0.002062125011074247,-0.04072471548035095,0.01020408163265306,0.01020408163265306,-0.021223541810056847,-0.0301853426853457,-0.019894943888209324,0.01020408163265306,0.01020408163265306,0.01020408163265306,0.010155117505493335,0.01020408163265306,-0.07632945837054111,-0.0700687316805484,0.01020408163265306,0.01020408163265306,0.01020408163265306,0.01020408163265306,0.01020408163265306,0.009244685731882692,0.01020408163265306,0.01020408163265306,0.01020408163265306,0.01020408163265306,0.01020408163265306,0.01020408163265306,0.02850163268931201,0.01020408163265306,-0.008303197799783774,0.01020408163265306,0.01020408163265306,-0.04210827321207281,-0.10125122431725228,-0.02166410727736525,0.01020408163265306,0.0949394165900431,0.01020408163265306,0.01020408163265306,0.01020408163265306,0.11345720492163336,0.01020408163265306,0.01020408163265306,-0.05369341567648406,0.01020408163265306,-0.12428070817148167,-0.00219525088485442,0.01020408163265306,0.01020408163265306,0.01020408163265306,0.01020408163265306,0.01020408163265306,0.02780704619125992,0.01020408163265306,0.01020408163265306,-0.002596438906206396,0.14277352984510386,0.01020408163265306,0.01020408163265306,0.01020408163265306,0.23086034070990813,0.08085944049931162,0.434742293936842,0.01020408163265306,-0.04273918394404354
2026-06-05,0.04930327308211974,-0.022527319131583144,0.01020408163265306,-0.011275889157904133,-0.03856361957641495,0.01020408163265306,0.01020408163265306,0.01020408163265306,0.08678283385909226,0.08664405128316928,-0.061859814211021616,0.006561423711112216,-0.024511979290878567,0.015051181130091879,-0.019872323618096918,-0.0053764059522256515,0.01020408163265306,0.01020408163265306,0.01020408163265306,0.01020408163265306,0.009188926486886012,-0.017148808087007777,0.01020408163265306,0.01020408163265306,-0.08257810984411983,-0.00027258109625902076,0.01020408163265306,0.01020408163265306,0.006055149873287012,0.01020408163265306,-0.049877279176926435,0.01020408163265306,0.01020408163265306,0.01020408163265306,0.01020408163265306,-0.03645458896400665,0.01020408163265306,0.005696576115427325,-0.03713409321687998,-0.033182769283585226,-0.013335333734764034,0.01020408163265306,0.01020408163265306,0.01020408163265306,0.01020408163265306,0.01020408163265306,-0.08406920393435882,-0.04054028138499334,0.01020408163265306,0.01020408163265306,0.01020408163265306,0.01020408163265306,0.01020408163265306,-0.004017152233056442,0.01020408163265306,0.01020408163265306,0.01020408163265306,0.01020408163265306,0.01020408163265306,0.01020408163265306,0.03186257816854112,0.01020408163265306,-0.008028505429561518,0.01020408163265306,0.01020408163265306,-0.019841241353858265,-0.09068249336221716,-0.016950443884995607,0.01020408163265306,0.09931218578087438,0.01020408163265306,0.01020408163265306,0.01020408163265306,0.10542085992724101,0.01020408163265306,0.01020408163265306,-0.06043531411733577,0.01020408163265306,-0.12466035440172192,-0.0023211782718077414,0.01020408163265306,0.01020408163265306,0.01020408163265306,0.01020408163265306,0.01020408163265306,0.017738876893934285,0.01020408163265306,0.01020408163265306,-0.007527426173329287,0.136714777589353,0.01020408163265306,0.01020408163265306,0.01020408163265306,0.21959211505534298,0.08580897743432768,0.4381354996394128,0.01020408163265306,-0.04804926693722179
2026-06-08,0.04733614783509649,-0.020434170943428004,0.01020408163265306,-0.01527745939302688,-0.042221830730683356,0.01020408163265306,0.01020408163265306,0.01020408163265306,0.08628745461451613,0.0807022800863043,-0.06275753736016296,0.01020408163265306,0.01020408163265306,0.012815124247699275,-0.0268271508327258,-0.015247966782805699,0.01020408163265306,0.01020408163265306,0.01020408163265306,0.01020408163265306,0.01020408163265306,-0.01822215837613623,0.01020408163265306,0.01020408163265306,-0.08875597554334705,-0.001379825219608265,0.01020408163265306,0.01020408163265306,0.005288486194484339,0.01020408163265306,-0.0526609907354148,0.01020408163265306,0.01020408163265306,0.01020408163265306,0.010082326377708816,-0.03857772370158226,0.01020408163265306,0.0018677866563226227,-0.027520151634653836,-0.042661953723380795,-0.006348785666511958,0.01020408163265306,0.01020408163265306,0.01020408163265306,0.01020408163265306,0.01020408163265306,-0.09019712482841775,-0.03723657782267146,0.01020408163265306,0.01020408163265306,0.01020408163265306,0.01020408163265306,0.01020408163265306,-0.014350941449550644,0.01020408163265306,0.01020408163265306,0.01020408163265306,0.01020408163265306,0.01020408163265306,0.01020408163265306,0.02980740971071607,0.01020408163265306,-0.000806751306783364,0.01020408163265306,0.01020408163265306,-0.020849163751462,-0.08090574188716938,-0.010752709678845182,0.01020408163265306,0.10002389367505676,0.01020408163265306,0.01020408163265306,0.01020408163265306,0.0972254457865188,0.01020408163265306,0.01020408163265306,-0.07240453478282338,0.01020408163265306,-0.1195590316014888,4.841702786137318e-05,0.01020408163265306,0.01020408163265306,0.01020408163265306,0.01020408163265306,0.01020408163265306,0.04165825609529392,0.01020408163265306,0.01020408163265306,-0.009278323132815154,0.13673114546816453,0.01020408163265306,0.01020408163265306,0.01020408163265306,0.21435168722490583,0.08009667525456518,0.4362944828839879,0.01020408163265306,-0.04701509131493199
2026-06-09,0.04450269128697453,0.01020408163265306,0.01020408163265306,0.010178436564418376,-0.03953465644166108,0.01020408163265306,0.01020408163265306,0.01020408163265306,0.01020408163265306,0.01020408163265306,-0.06112794192962495,0.01020408163265306,0.007253619259246849,0.01020408163265306,0.01020408163265306,0.01020408163265306,0.01020408163265306,0.01020408163265306,0.01020408163265306,0.01020408163265306,0.007294481885189187,-0.011131768018535248,0.01020408163265306,0.01020408163265306,-0.057573028165290197,0.01020408163265306,0.01020408163265306,0.01020408163265306,0.01020408163265306,0.01020408163265306,-0.04285119727838816,0.01020408163265306,0.01020408163265306,0.01020408163265306,0.01020408163265306,-0.0999273470087285,0.01020408163265306,0.009984435398626762,-0.027751720818527344,-0.06458241707153253,0.01020408163265306,0.01020408163265306,0.01020408163265306,0.01020408163265306,0.01020408163265306,0.01020408163265306,-0.12022710629918694,0.01020408163265306,0.01020408163265306,0.01020408163265306,0.01020408163265306,0.01020408163265306,0.01020408163265306,0.01020408163265306,0.01020408163265306,0.01020408163265306,0.01020408163265306,0.01020408163265306,0.01020408163265306,0.01020408163265306,0.01020408163265306,0.01020408163265306,0.01020408163265306,0.01020408163265306,0.01020408163265306,0.01020408163265306,-0.0038782095131383015,-0.00115640511330916,0.01020408163265306,0.07840068205692338,0.01020408163265306,0.01020408163265306,0.01020408163265306,0.01020408163265306,0.01020408163265306,0.01020408163265306,-0.0051056350335442376,0.01020408163265306,-0.08523961448794898,0.01020408163265306,0.01020408163265306,0.01020408163265306,0.01020408163265306,0.01020408163265306,0.01020408163265306,0.024037541079487877,0.01020408163265306,0.01020408163265306,0.01020408163265306,0.11943457032197849,0.01020408163265306,0.01020408163265306,0.01020408163265306,0.1952697943357197,0.06772813176003184,0.3899968504901587,0.01020408163265306,-0.07889214644301352
2026-06-10,0.049080462931776134,-0.008902146174963493,0.01020408163265306,0.009846637640831876,-0.04762710025216091,0.01020408163265306,0.01020408163265306,0.01020408163265306,0.0503057197580093,0.042781640764336624,-0.061276241901831355,0.01020408163265306,0.01020408163265306,0.01020408163265306,-0.009453943150122922,-0.005854391183028917,0.01020408163265306,0.01020408163265306,0.01020408163265306,0.01020408163265306,0.009553481854506725,-0.021279006244568778,0.01020408163265306,0.01020408163265306,-0.0754060795728207,-0.00031187858165270324,0.01020408163265306,0.01020408163265306,0.01020408163265306,0.01020408163265306,-0.053257628033342344,0.01020408163265306,0.01020408163265306,0.01020408163265306,0.01020408163265306,-0.06676905104327721,0.01020408163265306,0.01020408163265306,-0.03824751564492467,-0.05275024733993641,0.01020408163265306,0.01020408163265306,0.01020408163265306,0.01020408163265306,0.01020408163265306,0.01020408163265306,-0.10452579917651403,0.009072835525735496,0.01020408163265306,0.01020408163265306,0.01020408163265306,0.01020408163265306,0.01020408163265306,0.0020447804020830747,0.01020408163265306,0.01020408163265306,0.01020408163265306,0.01020408163265306,0.01020408163265306,0.01020408163265306,0.017799520398290872,0.01020408163265306,0.01020408163265306,0.01020408163265306,0.01020408163265306,0.01020408163265306,-0.052353462011037966,-0.0225803455705422,0.01020408163265306,0.0931187497401295,0.01020408163265306,0.01020408163265306,0.01020408163265306,0.034810317440108984,0.01020408163265306,0.01020408163265306,-0.05817837866780727,0.01020408163265306,-0.10526242350330031,0.005073325116269003,0.01020408163265306,0.01020408163265306,0.01020408163265306,0.01020408163265306,0.01020408163265306,0.03024254642835455,0.01020408163265306,0.01020408163265306,0.01020408163265306,0.1313642227368195,0.01020408163265306,0.01020408163265306,0.01020408163265306,0.2036411935775344,0.08039642845316294,0.4165331581632611,0.01020408163265306,-0.05469060736917376
2026-06-11,0.04446419199497704,-0.0038714882118688985,0.01020408163265306,0.009084561316364677,-0.041800016097650425,0.01020408163265306,0.01020408163265306,0.01020408163265306,0.03251279097147543,0.06096176346275208,-0.06320992705002909,0.01020408163265306,0.00574007739865858,0.01020408163265306,-0.025600365046950728,0.002705356620330404,0.01020408163265306,0.01020408163265306,0.01020408163265306,0.01020408163265306,0.01020408163265306,-0.017641641196894896,0.01020408163265306,0.01020408163265306,-0.07654993957505629,0.01020408163265306,0.01020408163265306,0.01020408163265306,0.01020408163265306,0.01020408163265306,-0.06486405487812998,0.01020408163265306,0.01020408163265306,0.01020408163265306,0.01020408163265306,-0.049242191055652224,0.01020408163265306,0.01020408163265306,-0.02338741961817324,-0.0561306726211431,0.01020408163265306,0.01020408163265306,0.01020408163265306,0.01020408163265306,0.01020408163265306,0.01020408163265306,-0.09053462149983044,0.00489327263411688,0.01020408163265306,0.01020408163265306,0.01020408163265306,0.01020408163265306,0.01020408163265306,0.008161384669868202,0.01020408163265306,0.01020408163265306,0.01020408163265306,0.01020408163265306,0.01020408163265306,0.01020408163265306,0.025319167687388414,0.01020408163265306,0.01020408163265306,0.01020408163265306,0.01020408163265306,-0.023028385298283015,-0.08490996561561688,-0.0014596311994839947,0.01020408163265306,0.08926027304722921,0.01020408163265306,0.01020408163265306,0.01020408163265306,0.01020408163265306,0.01020408163265306,0.01020408163265306,-0.04534998359299197,0.01020408163265306,-0.10911271629462761,0.0013771873018282935,0.01020408163265306,0.01020408163265306,0.01020408163265306,0.01020408163265306,0.01020408163265306,0.05893808539857833,0.01020408163265306,0.01020408163265306,0.006559903968660271,0.1334431550218099,0.01020408163265306,0.01020408163265306,0.01020408163265306,0.20781342313020426,0.0579667328501084,0.4367612391035334,0.01020408163265306,-0.06233077221529694
2026-06-12,0.044417265527568285,-0.0016954253656867556,0.01020408163265306,0.009123382852883197,-0.042067342392708096,0.01020408163265306,0.01020408163265306,0.01020408163265306,0.03243667837940604,0.057262666645729786,-0.06205566713458402,0.01020408163265306,0.004619974826501991,0.01020408163265306,-0.024180102427750032,0.005106185364405588,0.01020408163265306,0.01020408163265306,0.01020408163265306,0.01020408163265306,0.01020408163265306,-0.019561101307319757,0.01020408163265306,0.01020408163265306,-0.07446233365041528,0.009760556016460501,0.01020408163265306,0.01020408163265306,0.01020408163265306,0.01020408163265306,-0.06303201316309093,0.01020408163265306,0.01020408163265306,0.01020408163265306,0.01020408163265306,-0.05357530156136542,0.01020408163265306,0.01020408163265306,-0.019678854631796666,-0.06139632593767998,0.01020408163265306,0.01020408163265306,0.01020408163265306,0.01020408163265306,0.01020408163265306,0.01020408163265306,-0.09479520918266199,0.006499576792216136,0.01020408163265306,0.01020408163265306,0.01020408163265306,0.01020408163265306,0.01020408163265306,0.009663907567622042,0.01020408163265306,0.01020408163265306,0.01020408163265306,0.01020408163265306,0.01020408163265306,0.01020408163265306,0.02297181213468953,0.01020408163265306,0.01020408163265306,0.01020408163265306,0.01020408163265306,-0.024241686851238023,-0.08163646959839112,0.0004766896610191116,0.01020408163265306,0.09022192481058025,0.01020408163265306,0.01020408163265306,0.01020408163265306,0.01020408163265306,0.01020408163265306,0.01020408163265306,-0.04358891649033152,0.01020408163265306,-0.11126480795301226,-0.0015702975829714229,0.01020408163265306,0.01020408163265306,0.01020408163265306,0.01020408163265306,0.01020408163265306,0.05755798703118825,0.01020408163265306,0.01020408163265306,0.006943363304429668,0.13437507096488704,0.01020408163265306,0.01020408163265306,0.01020408163265306,0.20818170988867712,0.0601438388277988,0.43831739367129025,0.01020408163265306,-0.06213527189349334
2026-06-15,0.038525532019230486,-0.018837020391258202,0.01020408163265306,0.006691174714566841,-0.05023333180402903,0.01020408163265306,0.01020408163265306,0.01020408163265306,0.08255515400603322,0.12582971019215658,-0.07506464075592244,-0.0012430156147675373,0.01020408163265306,0.017002372143680562,-0.047546703082945785,-0.009521580111205493,0.01020408163265306,0.01020408163265306,0.01020408163265306,0.01020408163265306,0.008678609240867156,-0.009763233774286938,0.003949576304797855,0.01020408163265306,-0.09092950217944708,-0.0015268367273067584,0.01020408163265306,0.01020408163265306,0.01020408163265306,0.01020408163265306,-0.06681840710359431,0.01020408163265306,0.01020408163265306,0.01020408163265306,0.007573083707648108,-0.010409985048249788,0.01020408163265306,0.01020408163265306,-0.0297207991311731,-0.034017242759357816,0.01020408163265306,0.01020408163265306,0.01020408163265306,0.01020408163265306,0.01020408163265306,0.01020408163265306,-0.0940509609499342,-0.06681099429610174,0.01020408163265306,0.01020408163265306,0.01020408163265306,0.01020408163265306,0.01020408163265306,-0.007607578328361479,0.01020408163265306,0.01020408163265306,0.01020408163265306,0.01020408163265306,0.01020408163265306,0.011642185915705532,0.02827853162054838,0.01020408163265306,0.01020408163265306,0.01020408163265306,0.01020408163265306,-0.036106782820633745,-0.07826342734303786,0.01020408163265306,0.01020408163265306,0.08964812550418098,0.01020408163265306,0.01020408163265306,0.01020408163265306,0.04723884929997984,0.01020408163265306,0.01020408163265306,-0.06246747841983019,0.01020408163265306,-0.12222752861386275,-0.023297409085789353,0.01020408163265306,0.01020408163265306,0.01020408163265306,0.01020408163265306,0.01020408163265306,0.07419963076460616,0.01020408163265306,0.01020408163265306,-0.0005893244467337789,0.13556476814659238,0.01020408163265306,0.01020408163265306,0.01020408163265306,0.2198874552582031,0.07058612968563423,0.43035694116585443,0.01020408163265306,-0.052990781596334094
2026-06-16,0.03557263276303476,-0.04482363769810254,0.01020408163265306,0.00373790487700644,-0.03272789451629423,0.01020408163265306,0.01020408163265306,0.014680167059225181,0.12207093348221006,0.12393672408891526,-0.07579105855071233,-0.018254707583614277,0.0006136064979833031,0.014221074020753044,-0.07102466233591626,0.00716246477535857,0.01020408163265306,0.01020408163265306,0.01020408163265306,0.01020408163265306,0.01020408163265306,-0.0021384482659469843,-0.013373256815456288,0.01020408163265306,-0.09690146286889353,0.0004800349033565049,0.01020408163265306,0.01020408163265306,0.00011796586853335574,0.01020408163265306,-0.0660684460652742,0.01020408163265306,0.018219224471968606,0.024260755176610353,0.0072600387508373904,0.005537133889630044,0.01020408163265306,0.01020408163265306,-0.004570583724012282,-0.05187096983000746,0.0066324681103906834,0.01020408163265306,0.01020408163265306,0.01020408163265306,0.01020408163265306,0.01020408163265306,-0.09163637638440733,-0.07792038246923108,0.01020408163265306,0.01020408163265306,0.01020408163265306,0.01020408163265306,0.01020408163265306,-0.03451203923562862,0.01020408163265306,0.01020408163265306,0.01020408163265306,0.01020408163265306,0.01020408163265306,0.05593183103776639,0.05176860167578429,0.01020408163265306,0.01020408163265306,0.01020408163265306,0.01020408163265306,-0.03726070018850393,-0.06849405254819861,0.01020408163265306,0.01020408163265306,0.08896844732547272,0.01020408163265306,0.01020408163265306,0.01020408163265306,0.08489022673948962,0.029101530635855466,0.01020408163265306,-0.14868768775470453,0.01020408163265306,-0.11982099699563974,-0.01463823347738485,0.01020408163265306,0.01020408163265306,0.01020408163265306,0.011358342714651592,0.01020408163265306,0.03435789964393418,0.01020408163265306,0.02893877340507768,-0.02647472409220996,0.13995652558631944,0.01020408163265306,0.01020408163265306,0.01020408163265306,0.2272580083285212,0.11117870143582355,0.4237685657159954,0.01020408163265306,-0.08519434321301901
2026-06-17,0.05346382082252178,-0.014770063572609298,0.01020408163265306,0.007951377614221631,-0.03365763062238853,0.01020408163265306,0.01020408163265306,0.01020408163265306,0.04686289181740737,0.05649536666001412,-0.07131312205393765,0.01020408163265306,0.006538300634757407,0.01020408163265306,-0.02704418221786531,0.01020408163265306,0.01020408163265306,0.01020408163265306,0.01020408163265306,0.01020408163265306,0.01020408163265306,-0.0031693454679269945,0.01020408163265306,0.01020408163265306,-0.07912082866324717,-0.0023858575050995437,0.01020408163265306,0.01020408163265306,0.01020408163265306,0.01020408163265306,-0.055722750407103325,0.01020408163265306,0.01020408163265306,0.01020408163265306,-0.006426943884905426,-0.04400891899377068,0.01020408163265306,0.01020408163265306,-0.016232952271054688,-0.05770279899902886,0.01020408163265306,0.01020408163265306,0.01020408163265306,0.01020408163265306,0.01020408163265306,0.01020408163265306,-0.10718863011976408,-0.013240092865780278,0.01020408163265306,0.01020408163265306,0.01020408163265306,0.007139430508017222,0.01020408163265306,-0.0030447599840717505,0.01020408163265306,0.01020408163265306,0.01020408163265306,0.01020408163265306,0.01020408163265306,0.01020408163265306,0.027180474582562543,0.01020408163265306,0.01020408163265306,0.01020408163265306,0.01020408163265306,0.0008248629757694192,-0.03487316886245039,0.01020408163265306,0.01020408163265306,0.08435195590820416,0.01020408163265306,0.01020408163265306,0.01020408163265306,0.01020408163265306,0.01020408163265306,0.01020408163265306,-0.05741037820431927,0.01020408163265306,-0.09367991394662838,-0.012842547188975756,0.01020408163265306,0.01020408163265306,0.01020408163265306,0.01020408163265306,0.01020408163265306,0.03439474128944272,0.01020408163265306,0.01020408163265306,0.01020408163265306,0.13065642464273056,0.01020408163265306,0.01020408163265306,0.01020408163265306,0.21652531076864667,0.09470774793825779,0.395547594400641,0.01020408163265306,-0.08186663922206285
2026-06-18,0.052800193009863515,-0.023162218499454768,0.01020408163265306,0.007736365065885486,-0.030071548933431003,0.01020408163265306,0.01020408163265306,0.01020408163265306,0.08419623618957797,0.06039936786151415,-0.0744350186531047,0.01020408163265306,0.01020408163265306,0.01020408163265306,-0.03922695150865175,0.01020408163265306,0.01020408163265306,0.01020408163265306,0.01020408163265306,0.01020408163265306,0.01020408163265306,0.004706247327856232,0.00666183748099065,0.01020408163265306,-0.08258373128518186,0.01020408163265306,0.01020408163265306,0.01020408163265306,0.01020408163265306,0.01020408163265306,-0.05340711282717961,0.01020408163265306,0.01020408163265306,0.01020408163265306,-0.01860084254363082,-0.04463050702224305,0.01020408163265306,0.01020408163265306,-0.02622984134503418,-0.06113667894955163,0.01020408163265306,0.01020408163265306,0.01020408163265306,0.01020408163265306,0.01020408163265306,0.01020408163265306,-0.10924513556253004,-0.04048955770866373,0.01020408163265306,0.01020408163265306,0.01020408163265306,-0.007903145509738927,0.01020408163265306,0.01020408163265306,0.01020408163265306,0.01020408163265306,0.01020408163265306,0.01020408163265306,0.01020408163265306,0.01020408163265306,0.029243228435489772,0.01020408163265306,0.01020408163265306,0.01020408163265306,0.01020408163265306,0.004702505461011709,-0.01670310059717335,0.01020408163265306,0.01020408163265306,0.07375384460019238,0.01020408163265306,0.01020408163265306,0.01020408163265306,0.01020408163265306,0.01020408163265306,0.01020408163265306,-0.0627216073319165,0.01020408163265306,-0.09898582895062666,-0.0028462422897179308,0.01020408163265306,0.01020408163265306,0.01020408163265306,0.01020408163265306,0.01020408163265306,0.018052031072280962,0.01020408163265306,0.01020408163265306,0.01020408163265306,0.1139723399305249,0.01020408163265306,0.01020408163265306,0.01020408163265306,0.23595498295678785,0.11501127610248955,0.39937391365649283,0.01020408163265306,-0.08765468738822953
2026-06-22,0.0379683839167374,-0.04469622222787226,0.01020408163265306,0.0054667553789111215,-0.020149313444790838,0.01020408163265306,0.01020408163265306,0.01020408163265306,0.10767368343380128,0.10078094039852903,-0.07766143613487017,-0.00374400253964805,0.01020408163265306,0.014725263983895738,-0.04848712239396587,0.01020408163265306,0.01020408163265306,0.01020408163265306,0.01020408163265306,0.01020408163265306,0.001994935555111101,0.00493955537736294,-0.016515620855565884,0.01020408163265306,-0.11191329202012452,-0.005052623330586228,0.01020408163265306,0.01020408163265306,0.01020408163265306,0.01020408163265306,-0.06540638834481058,0.01020408163265306,0.01020408163265306,0.030400615242915693,0.01020408163265306,-0.02406464396635561,0.01020408163265306,0.01020408163265306,-0.01576963452986773,-0.0381106480554782,0.01020408163265306,0.01020408163265306,0.01020408163265306,0.01020408163265306,0.01020408163265306,0.01020408163265306,-0.09752010709670393,-0.066134370395854,0.01020408163265306,0.01020408163265306,0.01020408163265306,0.01020408163265306,0.01020408163265306,0.01020408163265306,0.01020408163265306,0.01020408163265306,0.01020408163265306,0.01020408163265306,0.01020408163265306,0.019479313438859013,0.06075653421894012,0.01020408163265306,0.01020408163265306,0.01020408163265306,0.01020408163265306,-0.027374149136393668,-0.027513440584317164,-0.01537461488103938,0.01020408163265306,0.07183701899072828,0.01020408163265306,0.01020408163265306,0.01020408163265306,0.01020408163265306,0.01020408163265306,0.01020408163265306,-0.10305206068822358,0.01020408163265306,-0.11857591378496617,0.01020408163265306,0.01020408163265306,0.01020408163265306,0.01020408163265306,0.01020408163265306,0.01020408163265306,0.041544270474094314,0.01020408163265306,0.01020408163265306,-0.005929786141948083,0.11982829458774003,0.01020408163265306,0.01020408163265306,0.01020408163265306,0.22882227864021637,0.14458968705418007,0.4040666304167285,0.01020408163265306,-0.08427775014720586
2026-06-23,0.03822263132104694,-0.04052074439130239,0.01020408163265306,0.005869219115329254,-0.018922775093093515,0.01020408163265306,0.01020408163265306,0.01020408163265306,0.10415346041706373,0.09714263311972789,-0.07820619750885403,-0.0038357832320052923,0.01020408163265306,0.016061690374061025,-0.050991442255022786,0.01020408163265306,0.01020408163265306,0.01020408163265306,0.01020408163265306,0.01020408163265306,0.002017208614350832,0.007546181977039014,-0.01850402992452769,0.01020408163265306,-0.11309252609240511,0.003441377740494355,0.01020408163265306,0.01020408163265306,0.01020408163265306,0.01020408163265306,-0.06230739999062265,0.01020408163265306,0.01020408163265306,0.013417516649556125,0.01020408163265306,-0.02175740468590346,0.01020408163265306,0.01020408163265306,-0.014081230110796395,-0.04236021685663677,0.01020408163265306,0.01020408163265306,0.01020408163265306,0.01020408163265306,0.01020408163265306,0.01020408163265306,-0.10057043374847979,-0.06648570287314208,0.01020408163265306,0.01020408163265306,0.01020408163265306,0.01020408163265306,0.01020408163265306,0.01020408163265306,0.01020408163265306,0.01020408163265306,0.01020408163265306,0.01020408163265306,0.01020408163265306,0.02134885822518314,0.06156370186758687,0.01020408163265306,0.01020408163265306,0.01020408163265306,0.01020408163265306,-0.03155384990070951,-0.027335567063074474,-6.15138238312437e-05,0.01020408163265306,0.07251684110972376,0.01020408163265306,0.01020408163265306,0.01020408163265306,0.01020408163265306,0.01020408163265306,0.01020408163265306,-0.10083406009702105,0.01020408163265306,-0.12212426764568089,0.01020408163265306,0.01020408163265306,0.01020408163265306,0.01020408163265306,0.01020408163265306,0.01020408163265306,0.04775162852020857,0.01020408163265306,0.01020408163265306,-0.013930747620173127,0.12578129172652516,0.01020408163265306,0.01020408163265306,0.01020408163265306,0.22915951467403414,0.13492052394869694,0.4113716670638701,0.01020408163265306,-0.0872590331430524
2026-06-24,0.040269852264815796,-0.0420152289057187,0.01020408163265306,0.006025301961051625,-0.01977845988110636,0.01020408163265306,0.01020408163265306,0.013623334079030961,0.10958506196796036,0.0976983370447595,-0.0796466644759902,-0.00743576567188735,0.01020408163265306,0.012470835747097214,-0.05766995464999007,0.01020408163265306,0.01020408163265306,0.01020408163265306,0.01020408163265306,0.01020408163265306,0.004476775709598108,0.005555978688587272,-0.01685546508144381,0.01020408163265306,-0.11608392839219635,0.0072453264271105725,0.01020408163265306,0.01020408163265306,0.01020408163265306,0.01020408163265306,-0.06434326283096788,0.01020408163265306,0.01020408163265306,0.018834575518286906,0.01020408163265306,-0.021712166378860177,0.01020408163265306,0.01020408163265306,-0.009859929746942069,-0.04092282616606196,0.01020408163265306,0.01020408163265306,0.01020408163265306,0.01020408163265306,0.01020408163265306,0.01020408163265306,-0.10234718649323545,-0.06436034262784938,0.01020408163265306,0.01020408163265306,0.01020408163265306,0.01020408163265306,0.01020408163265306,0.01020408163265306,0.01020408163265306,0.01020408163265306,0.01020408163265306,0.01020408163265306,0.01020408163265306,0.021489093044365803,0.05952381334410723,0.01020408163265306,0.01020408163265306,0.01020408163265306,0.01020408163265306,-0.020339984078784852,-0.026904890720510284,-0.008538513183474572,0.01020408163265306,0.06960609341071182,0.01020408163265306,0.01020408163265306,0.01020408163265306,0.01020408163265306,0.01020408163265306,0.01020408163265306,-0.09965016808778521,0.01020408163265306,-0.12410531375407548,0.01020408163265306,0.01020408163265306,0.01020408163265306,0.01020408163265306,0.01020408163265306,0.01020408163265306,0.043496276991501395,0.01020408163265306,0.01020408163265306,-0.011970785648512767,0.1251895192307667,0.01020408163265306,0.01020408163265306,0.01020408163265306,0.23081597980267332,0.12957981108848776,0.4147654915294804,0.01020408163265306,-0.08795551903418354
2026-06-25,0.035583040591889034,-0.0644913605552157,0.01020408163265306,0.005076888263893377,-0.021204620204053372,0.01020408163265306,0.01380112147098953,0.025785052665867773,0.1390887807215878,0.11846325955353061,-0.07962344863179276,-0.01970437662399862,0.005944234761895747,0.016800736826754543,-0.07945676900960814,0.006910914638116594,0.01020408163265306,0.01020408163265306,0.01020408163265306,0.01020408163265306,0.007735474216557101,0.01020408163265306,-0.029688186989973837,0.01020408163265306,-0.11847492513810669,0.002634832214207814,0.01020408163265306,0.01020408163265306,0.01020408163265306,0.01020408163265306,-0.06731339456782064,0.01020408163265306,0.01020408163265306,0.04577998940423132,0.01020408163265306,-0.007926133087696163,0.01020408163265306,0.01020408163265306,-0.005073746721569643,-0.04047109090784768,0.01020408163265306,0.01020408163265306,0.01020408163265306,0.01020408163265306,0.01020408163265306,0.01020408163265306,-0.09631616105385209,-0.08485524084403678,0.01020408163265306,0.01020408163265306,0.01020408163265306,0.01020408163265306,0.01020408163265306,0.01020408163265306,0.01020408163265306,0.01020408163265306,0.01020408163265306,0.01020408163265306,0.01020408163265306,0.02231840381470626,0.07536590995475413,-0.00027075165433634515,0.01020408163265306,0.01020408163265306,0.01020408163265306,-0.0465898531350078,-0.04293380008378407,-0.007187054356404704,0.01020408163265306,0.07080270377511122,0.01020408163265306,0.01020408163265306,0.01020408163265306,0.0453370806754271,0.01020408163265306,0.01020408163265306,-0.13261216041046547,0.01020408163265306,-0.1348692722308785,0.01020408163265306,0.01020408163265306,0.01020408163265306,0.01020408163265306,0.01020408163265306,0.01020408163265306,0.0443716717725888,0.026802121029903564,0.05269214752930737,-0.026340683816477813,0.1283804832945052,0.01020408163265306,0.01020408163265306,0.007419874463732273,0.2349346532191369,0.12211635640721229,0.3996277941630135,0.01020408163265306,-0.08918682193660533
2026-06-26,0.04901990007881852,-0.02397683972718135,0.01020408163265306,0.008833418299695812,-0.021812375209516607,0.01020408163265306,0.01020408163265306,0.014453277834207853,0.06098482000665263,0.03963633673502812,-0.073614973109369,0.01020408163265306,0.01020408163265306,0.01020408163265306,-0.020868556597276877,0.01020408163265306,0.01020408163265306,0.01020408163265306,0.01020408163265306,0.01020408163265306,0.0014795151291855085,0.002515871683168227,0.006742718772673762,0.01020408163265306,-0.09686233212654373,0.004106943141417805,0.01020408163265306,0.01020408163265306,0.01020408163265306,0.01020408163265306,-0.056759246617836476,0.01020408163265306,0.01020408163265306,0.01020408163265306,0.01020408163265306,-0.04667724409841771,0.01020408163265306,0.01020408163265306,-0.0179888946365672,-0.03862241782984687,0.01020408163265306,0.01020408163265306,0.01020408163265306,0.01020408163265306,0.01020408163265306,0.01020408163265306,-0.11897132865018552,-0.025075545784749645,0.01020408163265306,0.01020408163265306,0.01020408163265306,0.01020408163265306,0.01020408163265306,0.01020408163265306,0.01020408163265306,0.01020408163265306,0.01020408163265306,0.01020408163265306,0.01020408163265306,0.01020408163265306,0.045964612274942286,0.01020408163265306,0.01020408163265306,0.01020408163265306,0.01020408163265306,-0.0032611053316565393,-0.01993385885564316,-0.012764811768304568,0.01020408163265306,0.06308069898302476,0.01020408163265306,0.01020408163265306,0.01020408163265306,0.01020408163265306,0.01020408163265306,0.01020408163265306,-0.05323937980125505,0.01020408163265306,-0.10796441116042309,0.01020408163265306,0.01020408163265306,0.01020408163265306,0.01020408163265306,0.01020408163265306,0.01020408163265306,0.03140771256895965,0.01020408163265306,0.01020408163265306,0.002962912263002414,0.09767467725004532,0.01020408163265306,0.01020408163265306,0.01020408163265306,0.23472256449498097,0.12331111656859214,0.38695383045672244,0.01020408163265306,-0.0885188297261408
2026-06-29,0.05251250912960656,-0.014467585983014666,0.01020408163265306,0.009209635045677046,-0.02044729446709309,0.01020408163265306,0.01020408163265306,0.012213284102641761,0.06672738304129353,0.01256306423027653,-0.07235015628786198,0.01020408163265306,0.01020408163265306,0.01020408163265306,-0.021173550939681957,0.01020408163265306,0.01020408163265306,0.01020408163265306,0.01020408163265306,0.01020408163265306,-0.0017884617164427088,0.007395313667709735,0.008080676193862317,0.01020408163265306,-0.10501403592249006,0.0065709841543827585,0.01020408163265306,0.01020408163265306,0.01020408163265306,0.01020408163265306,-0.059518743505641306,0.01020408163265306,0.01020408163265306,0.01020408163265306,0.01020408163265306,-0.04945017701758995,0.01020408163265306,0.01020408163265306,-0.012437225201941507,-0.04404852176838325,0.01020408163265306,0.01020408163265306,0.01020408163265306,0.01020408163265306,0.01020408163265306,0.01020408163265306,-0.11981726197775076,-0.03600504439249899,0.01020408163265306,0.01020408163265306,0.01020408163265306,0.01020408163265306,0.01020408163265306,0.01020408163265306,0.01020408163265306,0.01020408163265306,0.01020408163265306,0.01020408163265306,0.01020408163265306,0.01020408163265306,0.042284351859898484,0.01020408163265306,0.01020408163265306,0.01020408163265306,0.01020408163265306,-0.010846728430014807,-0.023515763238805276,0.01020408163265306,0.01020408163265306,0.06250549628903423,0.01020408163265306,0.01020408163265306,0.01020408163265306,0.01020408163265306,0.01020408163265306,0.01020408163265306,-0.053853704312398415,0.01020408163265306,-0.11164574138923312,0.006337871392673185,0.01020408163265306,0.01020408163265306,0.01020408163265306,0.01020408163265306,0.01020408163265306,0.01887304658636673,0.01020408163265306,0.01020408163265306,0.007469810603875572,0.10195546503209438,0.01020408163265306,0.01020408163265306,0.01020408163265306,0.24020469009433823,0.13958358030790913,0.3956132015382572,0.01020408163265306,-0.0867815912088515
2026-06-30,0.05744013066142146,-0.003867093564010285,0.01020408163265306,0.009515853146488935,-0.02651492298183599,0.01020408163265306,0.01020408163265306,0.01020408163265306,0.06926843369751895,0.01020408163265306,-0.0767464637274064,0.01020408163265306,0.01020408163265306,0.01020408163265306,-0.02043019873981415,0.01020408163265306,0.01020408163265306,0.01020408163265306,0.01020408163265306,0.01020408163265306,-0.006054847169269581,0.005750669027907488,0.007326211122880311,0.01020408163265306,-0.09211468523270903,0.0024733339310829125,0.01020408163265306,0.01020408163265306,0.01020408163265306,0.01020408163265306,-0.0644307520394142,0.01020408163265306,0.01020408163265306,0.01020408163265306,0.01020408163265306,-0.07420501699313337,0.01020408163265306,0.01020408163265306,0.01020408163265306,-0.026981159759938166,0.01020408163265306,0.01020408163265306,0.01020408163265306,0.01020408163265306,0.01020408163265306,0.01020408163265306,-0.12379541107263574,-0.06533359563260648,0.01020408163265306,0.01020408163265306,0.01020408163265306,0.01020408163265306,0.01020408163265306,0.01020408163265306,0.01020408163265306,0.01020408163265306,0.01020408163265306,0.01020408163265306,0.01020408163265306,0.01020408163265306,0.04081525452919573,0.01020408163265306,0.01020408163265306,0.01020408163265306,0.01020408163265306,-0.012209375375162831,-0.0016389020573445868,0.007029454229214817,0.01020408163265306,0.06251459525570521,0.01020408163265306,0.01020408163265306,0.01020408163265306,0.01020408163265306,0.01020408163265306,0.01020408163265306,-0.07135228543733037,0.01020408163265306,-0.09929626896460583,0.01020408163265306,0.01020408163265306,0.01020408163265306,0.01020408163265306,0.01020408163265306,0.01020408163265306,0.011022765568162701,0.01020408163265306,0.01020408163265306,0.01020408163265306,0.12374276840094037,0.01020408163265306,0.01020408163265306,0.01020408163265306,0.24769169360786805,0.136815129096041,0.38095093065200725,0.01020408163265306,-0.09126379519962637
2026-07-01,0.05425386104650194,0.01020408163265306,0.01020408163265306,0.009641963402648973,-0.02492157277801397,0.01020408163265306,0.01020408163265306,0.01020408163265306,0.01020408163265306,0.01020408163265306,-0.07487623827774033,0.01020408163265306,0.01020408163265306,0.01020408163265306,0.01020408163265306,0.01020408163265306,0.01020408163265306,0.01020408163265306,0.01020408163265306,0.01020408163265306,-0.012280263828907857,-0.0032935967035459656,0.01020408163265306,0.01020408163265306,-0.08293234137598979,0.01020408163265306,0.01020408163265306,0.01020408163265306,0.01020408163265306,0.01020408163265306,-0.04533647294605387,0.01020408163265306,0.01020408163265306,0.01020408163265306,0.01020408163265306,-0.0589010601132047,0.01020408163265306,0.01020408163265306,-0.020093817236926492,0.0029924950041644357,0.01020408163265306,0.01020408163265306,0.01020408163265306,0.01020408163265306,0.01020408163265306,0.01020408163265306,-0.13630839699023145,-0.03897316021017151,0.01020408163265306,0.01020408163265306,0.01020408163265306,0.01020408163265306,0.01020408163265306,0.01020408163265306,0.01020408163265306,0.01020408163265306,0.01020408163265306,0.01020408163265306,0.01020408163265306,0.01020408163265306,0.020662325116900637,0.01020408163265306,0.01020408163265306,0.01020408163265306,0.01020408163265306,0.01020408163265306,0.01020408163265306,0.01020408163265306,0.01020408163265306,0.04402200169331649,0.01020408163265306,0.01020408163265306,0.01020408163265306,0.01020408163265306,0.01020408163265306,0.01020408163265306,-0.03038521839528037,0.01020408163265306,-0.08389483252799691,0.002361074288711334,0.01020408163265306,0.01020408163265306,0.01020408163265306,0.01020408163265306,0.01020408163265306,0.01020408163265306,0.01020408163265306,0.01020408163265306,0.01020408163265306,0.09588301436308597,0.01020408163265306,0.01020408163265306,0.01020408163265306,0.22351969664964774,0.12417835368621058,0.3738281251870844,0.01020408163265306,-0.10445206150318893
2026-07-02,0.05075056086806102,-0.004310642058877722,0.01020408163265306,0.008930264587586601,-0.022056724931565,0.01020408163265306,0.01020408163265306,0.01020408163265306,0.0664270238283292,0.01020408163265306,-0.07895076290662975,0.008610065407243456,0.01020408163265306,0.01020408163265306,-0.017028323751316313,0.01020408163265306,0.01020408163265306,0.01020408163265306,0.01020408163265306,0.01020408163265306,-0.009839424039921276,0.003288011133044719,0.001175443449545394,0.01020408163265306,-0.09700430663845964,-0.0017211135705104321,0.01020408163265306,0.01020408163265306,0.01020408163265306,0.01020408163265306,-0.05672884327825799,0.01020408163265306,0.01020408163265306,0.01020408163265306,0.01020408163265306,-0.06587684665554729,0.01020408163265306,0.01020408163265306,-0.0009861834309827181,0.0014759491435805266,0.01020408163265306,0.01020408163265306,0.01020408163265306,0.01020408163265306,0.01020408163265306,0.01020408163265306,-0.11365706358993306,-0.06861696877295738,0.01020408163265306,0.01020408163265306,0.01020408163265306,0.01020408163265306,0.01020408163265306,0.01020408163265306,0.01020408163265306,0.01020408163265306,0.01020408163265306,0.01020408163265306,0.01020408163265306,0.01020408163265306,0.04014373670913137,0.01020408163265306,0.01020408163265306,0.01020408163265306,0.01020408163265306,-0.01576708277054746,0.01020408163265306,-0.016528004237154573,0.01020408163265306,0.06561622630540444,0.01020408163265306,0.01020408163265306,0.01020408163265306,0.02497594141616699,0.01020408163265306,0.01020408163265306,-0.07136542287606312,0.01020408163265306,-0.10791658552196913,0.001055660717992242,0.01020408163265306,0.01020408163265306,0.01020408163265306,0.01020408163265306,0.01020408163265306,0.01854791890321224,0.01020408163265306,0.01020408163265306,0.001845156175579567,0.13407217947935002,0.01020408163265306,0.01020408163265306,0.01020408163265306,0.21244506732881968,0.13195889935280813,0.4069851957496258,0.01020408163265306,-0.08301022601458453
2026-07-06,0.05260289948793577,-0.0036147848863163773,0.01020408163265306,0.0091715535938872,-0.02302833526198811,0.01020408163265306,0.01020408163265306,0.01020408163265306,0.060889401108957304,0.01020408163265306,-0.08012168906293998,0.01020408163265306,0.01020408163265306,0.01020408163265306,-0.01376529529911639,0.01020408163265306,0.01020408163265306,0.01020408163265306,0.01020408163265306,0.01020408163265306,-0.010930051149417896,0.005657486564096664,0.0012049652542041132,0.01020408163265306,-0.0984929708030228,-0.0030633103719306196,0.01020408163265306,0.01020408163265306,0.01020408163265306,0.01020408163265306,-0.055812729104087896,0.01020408163265306,0.01020408163265306,0.01020408163265306,0.01020408163265306,-0.06067658616905154,0.01020408163265306,0.01020408163265306,-0.00614730334513776,0.004081210554935738,0.01020408163265306,0.01020408163265306,0.01020408163265306,0.01020408163265306,0.01020408163265306,0.01020408163265306,-0.11532458765549596,-0.06714026408415649,0.01020408163265306,0.01020408163265306,0.01020408163265306,0.01020408163265306,0.01020408163265306,0.01020408163265306,0.01020408163265306,0.01020408163265306,0.01020408163265306,0.01020408163265306,0.01020408163265306,0.01020408163265306,0.041207902060107306,0.01020408163265306,0.01020408163265306,0.01020408163265306,0.01020408163265306,-0.017760565984742543,0.01020408163265306,-0.015227340143606804,0.01020408163265306,0.06151546077790932,0.01020408163265306,0.01020408163265306,0.01020408163265306,0.02380589404846993,0.01020408163265306,0.01020408163265306,-0.07330494579021511,0.01020408163265306,-0.10641318539739021,0.002246457659408887,0.01020408163265306,0.01020408163265306,0.01020408163265306,0.01020408163265306,0.01020408163265306,0.02072995490904286,0.01020408163265306,0.01020408163265306,0.0019847287579158497,0.13108256085475584,0.01020408163265306,0.01020408163265306,0.01020408163265306,0.21220974290047045,0.1359038919450994,0.40556845080501774,0.01020408163265306,-0.08230392289604678
2026-07-07,0.057174012578935805,-0.0128158862946902,0.01020408163265306,0.0085044480909102,-0.015747960121154272,0.01020408163265306,0.01020408163265306,0.01020408163265306,0.05145168148399406,0.01020408163265306,-0.08112412222332499,0.01020408163265306,0.01020408163265306,0.01020408163265306,-0.011738791920344228,0.01020408163265306,0.01020408163265306,0.01020408163265306,0.01020408163265306,0.01020408163265306,-0.006640067319572831,0.005897691214571321,-0.0047826388814869985,0.01020408163265306,-0.08670826077254569,-0.009098215939368432,0.01020408163265306,0.01020408163265306,0.01020408163265306,0.01020408163265306,-0.06438244220333598,0.01020408163265306,0.01020408163265306,0.01020408163265306,0.01020408163265306,-0.058546658860788914,0.01020408163265306,0.01020408163265306,-0.0031863745276945778,0.0006508353380663117,0.01020408163265306,0.01020408163265306,0.01020408163265306,0.01020408163265306,0.01020408163265306,0.01020408163265306,-0.11003467140788883,-0.056226788028999955,0.01020408163265306,0.01020408163265306,0.008031663091001156,0.01020408163265306,0.01020408163265306,0.01020408163265306,0.01020408163265306,0.01020408163265306,0.01020408163265306,0.01020408163265306,0.01020408163265306,0.01020408163265306,0.045798437485618904,0.01020408163265306,0.01020408163265306,0.01020408163265306,0.01020408163265306,-0.016440332439752,0.01020408163265306,-0.02783243368255551,0.01020408163265306,0.06359008974576588,0.01020408163265306,0.01020408163265306,0.01020408163265306,0.015944126009321997,0.01020408163265306,0.01020408163265306,-0.05854744671420489,0.01020408163265306,-0.10232541959636184,0.003909475239649688,0.01020408163265306,0.01020408163265306,0.01020408163265306,0.01020408163265306,0.01020408163265306,0.029954347631128093,0.01020408163265306,0.01020408163265306,0.004529342101809694,0.1290607499468999,0.01020408163265306,0.01020408163265306,0.01020408163265306,0.2021900533053413,0.14668849105842313,0.38345213486796254,0.01020408163265306,-0.08371029274512588
2026-07-08,0.03337708593608544,0.01020408163265306,0.01020408163265306,0.009939702281231156,-0.009452409572072865,0.01020408163265306,0.01020408163265306,0.01020408163265306,0.01020408163265306,0.01020408163265306,-0.0743693547417322,0.01020408163265306,0.01020408163265306,0.01020408163265306,0.007116678461419109,0.01020408163265306,0.01020408163265306,0.01020408163265306,0.01020408163265306,0.01020408163265306,-0.010032698453006072,0.01020408163265306,0.01020408163265306,0.01020408163265306,-0.07402237011899955,-0.0029701697024607423,0.01020408163265306,0.01020408163265306,0.01020408163265306,0.01020408163265306,-0.0347974746190718,0.01020408163265306,0.01020408163265306,0.01020408163265306,0.01020408163265306,-0.06004834247553585,0.01020408163265306,0.01020408163265306,0.01020408163265306,0.01020408163265306,0.01020408163265306,0.01020408163265306,0.01020408163265306,0.01020408163265306,0.01020408163265306,0.01020408163265306,-0.14084259141779534,0.01020408163265306,0.01020408163265306,0.01020408163265306,0.01020408163265306,0.01020408163265306,0.01020408163265306,0.01020408163265306,0.01020408163265306,0.01020408163265306,0.01020408163265306,0.01020408163265306,0.01020408163265306,0.01020408163265306,0.01020408163265306,0.01020408163265306,0.01020408163265306,0.01020408163265306,0.01020408163265306,0.01020408163265306,0.01020408163265306,0.006856431384090208,0.01020408163265306,0.028282128808624796,0.01020408163265306,0.01020408163265306,0.01020408163265306,0.01020408163265306,0.01020408163265306,0.01020408163265306,0.01020408163265306,0.01020408163265306,-0.05551632633578597,0.01020408163265306,0.01020408163265306,0.01020408163265306,0.01020408163265306,0.01020408163265306,0.01020408163265306,0.014689679970339226,0.01020408163265306,0.01020408163265306,0.01020408163265306,0.053133665442419195,0.01020408163265306,0.01020408163265306,0.01020408163265306,0.20032938731740224,0.1252754021514221,0.31359796335677015,0.01020408163265306,-0.12646475502028204
2026-07-09,0.06234632114335386,-0.037130545994997426,0.01020408163265306,0.004677318618083441,-0.009014907147654015,0.01020408163265306,0.02847185267056935,0.03995682221180064,0.10740781296388459,0.026054608906876595,-0.06425761873614602,-0.024770611426968826,0.010187928708500446,0.01020408163265306,-0.07129368675586051,0.01020408163265306,0.01020408163265306,0.01020408163265306,0.01020408163265306,0.01020408163265306,-0.00034916596938736055,0.01020408163265306,-0.035292147853931734,0.01020408163265306,-0.12337565478119995,0.01020408163265306,0.01020408163265306,0.01020408163265306,0.01020408163265306,0.01020408163265306,-0.07364628870797793,0.01020408163265306,0.01020408163265306,0.04769724120730495,0.01020408163265306,0.01020408163265306,0.01020408163265306,0.01020408163265306,-0.03756496438099805,-0.02839672775176464,-0.014771449270644344,0.01020408163265306,0.01020408163265306,0.01020408163265306,8.452263049230774e-05,0.01020408163265306,-0.09257812295339715,-0.1294397241659572,0.01020408163265306,0.01020408163265306,0.01020408163265306,0.01020408163265306,0.01020408163265306,0.01020408163265306,0.01020408163265306,0.01020408163265306,0.01020408163265306,0.01020408163265306,0.01020408163265306,0.01020408163265306,0.06994499484649397,0.01020408163265306,0.01020408163265306,0.01020408163265306,0.01020408163265306,-0.03442609831056904,0.01020408163265306,-0.04063606096061833,0.01020408163265306,0.06796374261033832,-0.02189987056496471,0.01020408163265306,0.01020408163265306,0.0765052621395931,0.01020408163265306,0.01020408163265306,-0.09051563360609569,0.01020408163265306,-0.11831385277465147,-0.022767970451601505,0.01020408163265306,0.01020408163265306,0.01020408163265306,0.01020408163265306,0.01020408163265306,0.049499564797969325,0.1287327406073029,0.01020408163265306,-0.031089131537710188,0.154485606395777,0.02164341814359867,-0.04979184906949842,0.01020408163265306,0.17246926192357687,0.1905417852249491,0.38950520769219105,0.01020408163265306,-0.0682825016986335
2026-07-10,0.05355381778329094,-0.03560246734008561,0.01020408163265306,0.004473972301937943,-0.0016493903850878459,0.01020408163265306,0.012556480202897775,0.03618630426352457,0.08840044113602721,0.03048265651333206,-0.062332442099485644,-0.02628067342927605,0.01020408163265306,0.01020408163265306,-0.05045908098666418,0.01020408163265306,0.01020408163265306,0.01020408163265306,0.01020408163265306,0.01020408163265306,-0.0006083975507174075,0.007748513778684586,-0.014029412983267523,0.01020408163265306,-0.11028485398854583,0.00754330450035745,0.01020408163265306,0.01020408163265306,0.01020408163265306,0.01020408163265306,-0.07235286787173299,0.01020408163265306,0.01020408163265306,0.01020408163265306,0.01020408163265306,0.01020408163265306,0.01020408163265306,0.01020408163265306,-0.036289928450414975,-0.022493412489642116,-0.01908955006240859,0.01020408163265306,0.01020408163265306,0.01020408163265306,0.01020408163265306,0.01020408163265306,-0.09864201649187807,-0.10490203951860505,0.01020408163265306,0.01020408163265306,0.01020408163265306,0.01020408163265306,0.01020408163265306,0.01020408163265306,0.01020408163265306,0.01020408163265306,0.01020408163265306,0.01020408163265306,0.01020408163265306,0.01020408163265306,0.06397198260947488,0.01020408163265306,0.01020408163265306,0.01020408163265306,0.01020408163265306,-0.014641467373145872,0.01020408163265306,-0.044412374504604724,0.01020408163265306,0.0647930783943518,0.003411164142336093,0.01020408163265306,0.01020408163265306,0.051360425541752026,0.01020408163265306,0.01020408163265306,-0.0925428691629938,0.01020408163265306,-0.10454724713605175,-0.017617887163712598,0.01020408163265306,0.01020408163265306,0.01020408163265306,0.01020408163265306,0.01020408163265306,0.039738805077021225,0.11444043442448806,0.01020408163265306,-0.03233332519626398,0.11973459161507259,0.01020408163265306,0.01020408163265306,0.01020408163265306,0.1705331573074705,0.20005435138239724,0.3628718647466219,0.01020408163265306,-0.07278445786298494
2026-07-13,0.060488943144590766,-0.037807176073702396,0.01020408163265306,0.004359660709678685,-0.0014547965587215113,0.01020408163265306,0.013226198704954666,0.030375108390840677,0.09021175895626378,0.01020408163265306,-0.05242634286517013,-0.026058811249684385,0.01020408163265306,0.01020408163265306,-0.05104439628947483,0.01020408163265306,0.01020408163265306,0.01020408163265306,0.01020408163265306,0.01020408163265306,0.0032971373699286167,0.0071147762358525065,-0.017549170927958317,0.01020408163265306,-0.1071695507221736,0.005211222912164266,0.01020408163265306,0.01020408163265306,0.01020408163265306,0.01020408163265306,-0.06573787386597695,0.01020408163265306,0.01020408163265306,0.01020408163265306,0.01020408163265306,0.007149784311485172,0.01020408163265306,0.01020408163265306,-0.038806559467493285,-0.012397864989330981,-0.035063485146965986,0.01020408163265306,0.01020408163265306,0.01020408163265306,0.01020408163265306,0.01020408163265306,-0.10213630785923068,-0.08619216130867277,0.01020408163265306,0.01020408163265306,0.01020408163265306,0.01020408163265306,0.01020408163265306,0.01020408163265306,0.01020408163265306,0.01020408163265306,0.01020408163265306,0.01020408163265306,0.01020408163265306,0.01020408163265306,0.07535384400005929,0.01020408163265306,0.01020408163265306,0.01020408163265306,0.01020408163265306,-0.005179095947551095,0.01020408163265306,-0.05338593907093131,0.01020408163265306,0.06875040421871229,-0.018672691196795863,0.01020408163265306,0.01020408163265306,0.054086910358697636,0.01020408163265306,0.01020408163265306,-0.08472237238587514,0.01020408163265306,-0.10144307896241701,-0.021572333138442548,0.01020408163265306,0.01020408163265306,0.01020408163265306,0.01020408163265306,0.01020408163265306,0.050250175752165935,0.076796524731829,0.01020408163265306,-0.022876743540935753,0.127693987041242,0.01020408163265306,0.01020408163265306,0.01020408163265306,0.17013242999317077,0.2109249542854364,0.3541648791885487,0.01020408163265306,-0.06993276506464725
2026-07-14,0.06521767505479438,-0.039117518983133225,0.01020408163265306,0.004693274552649388,-0.0033132309975876847,0.01020408163265306,0.016631272227662707,0.025560521553994617,0.10038670553071306,0.01020408163265306,-0.04255495525616629,-0.017782298232048993,0.01020408163265306,0.01020408163265306,-0.08173624747558308,0.01020408163265306,0.01020408163265306,0.01020408163265306,0.01020408163265306,0.01020408163265306,0.0027383194083273558,0.0021376252051441627,-0.008434434647334883,0.01020408163265306,-0.10097463245726543,-0.0003917182079829235,0.01020408163265306,0.01020408163265306,0.01020408163265306,0.01020408163265306,-0.05722751887917611,0.01020408163265306,0.01020408163265306,0.01020408163265306,0.01020408163265306,-0.0021402715714509916,0.01020408163265306,0.01020408163265306,-0.03331965476573607,-0.000560898401249078,-0.04225211960135835,0.01020408163265306,0.01020408163265306,0.01020408163265306,0.01020408163265306,0.01020408163265306,-0.10714862510004813,-0.06816007616747122,0.01020408163265306,0.01020408163265306,0.01020408163265306,0.01020408163265306,0.01020408163265306,0.01020408163265306,0.01020408163265306,0.01020408163265306,0.01020408163265306,0.008845577380390969,0.01020408163265306,0.01020408163265306,0.08395588875471327,0.01020408163265306,0.01020408163265306,0.01020408163265306,0.01020408163265306,0.007585807599905932,0.01020408163265306,-0.07457060069030512,0.01020408163265306,0.07656930107582843,-0.040655624826890085,0.01020408163265306,0.01020408163265306,0.06343698993069646,0.01020408163265306,0.01020408163265306,-0.07588280426632633,0.01020408163265306,-0.10174150830995968,-0.01366029743053611,0.01020408163265306,0.01020408163265306,0.01020408163265306,0.01020408163265306,0.01020408163265306,0.06514076407743707,0.07119445909182134,0.01020408163265306,-0.004119260253585718,0.10890754218718676,0.018653007321647957,0.01020408163265306,0.01020408163265306,0.15257905516992445,0.19371724985129488,0.3413904035945609,0.013018672639215304,-0.07804438711528541
2026-07-15,0.062432457662510286,-0.03441123171154827,0.01020408163265306,0.0041052383199507705,0.0024803802356712324,0.01020408163265306,0.01020408163265306,0.02077221484438089,0.09462646761181154,0.01020408163265306,-0.03665381346828857,-0.008101441771253938,0.01020408163265306,0.01020408163265306,-0.07606076966315295,0.01020408163265306,0.01020408163265306,0.01020408163265306,0.01020408163265306,0.01020408163265306,0.0035512250687408783,-0.00429199080793515,-0.0064813744650328384,0.01020408163265306,-0.12096764524145147,-0.004882343382295385,0.01020408163265306,0.01020408163265306,0.01020408163265306,0.012061164722923127,-0.04933625718951067,0.01020408163265306,0.01020408163265306,0.01020408163265306,0.01020408163265306,-0.0026803206701041596,0.01020408163265306,0.01020408163265306,-0.033264423930708234,-0.008338450973801112,-0.047927041161750984,0.01020408163265306,0.01020408163265306,0.01020408163265306,0.01020408163265306,0.01020408163265306,-0.09797372357951128,-0.0703002859847901,0.01020408163265306,0.01020408163265306,0.002166460730014759,0.01020408163265306,0.01020408163265306,0.01020408163265306,0.01020408163265306,0.009795792689717414,0.01020408163265306,0.005347710252614663,0.01020408163265306,0.01020408163265306,0.09164682252409678,0.01020408163265306,0.01020408163265306,0.01020408163265306,0.01020408163265306,0.01020408163265306,0.01020408163265306,-0.08918655882957621,0.01020408163265306,0.08707575321995366,-0.05089515006068788,0.01020408163265306,0.01020408163265306,0.07168943386930203,0.01020408163265306,0.01020408163265306,-0.07494365364591624,0.01020408163265306,-0.10168046465491051,-0.015739788163632154,0.01020408163265306,0.01020408163265306,0.01020408163265306,0.01020408163265306,0.01020408163265306,0.07381874419461254,0.0926593531071342,0.01020408163265306,-0.005163644432617458,0.10075301421808071,0.04694055114077822,0.01020408163265306,0.01020408163265306,0.10946124584171049,0.19294366995184722,0.34635477438596235,0.01020408163265306,-0.06283067223190965
2026-07-16,0.05845606183094388,-0.0218235994787319,0.01020408163265306,0.0038697282338718197,0.00813783727876851,0.01020408163265306,0.01020408163265306,0.013281257253550224,0.04331355383140441,0.01020408163265306,-0.035795129340462965,-0.004791548340636678,0.0007643794606965234,0.01020408163265306,-0.06313029195895824,0.01020408163265306,0.01020408163265306,0.01020408163265306,0.01020408163265306,0.01020408163265306,-0.0015075117354481967,-0.0006656852321611628,0.00967262446176894,0.01020408163265306,-0.10823825311895845,-0.01440983995181457,0.01020408163265306,0.01020408163265306,0.01020408163265306,0.01020408163265306,-0.04824006865857402,0.01020408163265306,0.01020408163265306,0.01020408163265306,0.01020408163265306,0.005900385969525067,0.01020408163265306,0.01020408163265306,-0.003991629784639185,-0.007553440979897406,-0.03468134186848652,0.01020408163265306,0.01020408163265306,0.01020408163265306,0.01020408163265306,0.01020408163265306,-0.10382486907113782,-0.02691653154646549,0.01020408163265306,0.01020408163265306,-0.013614221227473444,0.01020408163265306,0.01020408163265306,0.01020408163265306,0.01020408163265306,0.01020408163265306,0.01020408163265306,0.01020408163265306,0.01020408163265306,0.01020408163265306,0.08595397544493436,0.01020408163265306,0.01020408163265306,0.01020408163265306,0.01020408163265306,0.01020408163265306,0.01020408163265306,-0.09149540339387063,0.01020408163265306,0.08208606588377841,-0.01831259076037848,0.01020408163265306,0.01020408163265306,0.022035428012645592,0.01020408163265306,0.01020408163265306,-0.038439503962247525,0.01020408163265306,-0.0959864120607391,2.8086242247149507e-05,0.01020408163265306,0.01020408163265306,0.01020408163265306,0.01020408163265306,0.01020408163265306,0.07218249695577873,0.03938939351146212,0.01020408163265306,-0.001709652881406341,0.08197770458709734,0.024492975429203603,0.01020408163265306,0.01020408163265306,0.1181027402712238,0.19720853363605897,0.33966573741210376,0.01020408163265306,-0.06322817504845264
2026-07-17,0.06218951584565321,-0.031202169998603674,0.01020408163265306,0.0036517396139342144,0.01020408163265306,0.01020408163265306,0.01020408163265306,0.02354789661905772,0.08426426772231817,0.01020408163265306,-0.03856501423545081,-0.017069228047079298,0.0030243526854062137,0.01020408163265306,-0.08006340641645465,0.01020408163265306,0.01020408163265306,0.01020408163265306,0.01020408163265306,0.01020408163265306,0.009771020720897368,0.002896151106053608,-0.007061452349085123,0.01020408163265306,-0.11509420097610308,-0.01258137980819691,0.01020408163265306,0.01020408163265306,0.01020408163265306,0.015566233226788195,-0.04210578632749913,0.01020408163265306,0.01020408163265306,0.010637319533426256,0.01020408163265306,0.01020408163265306,0.01020408163265306,0.01020408163265306,-0.005602060370068848,-0.006660139340731808,-0.04873216122027223,0.01020408163265306,0.01020408163265306,0.01020408163265306,0.01020408163265306,0.01020408163265306,-0.10718637693412042,-0.057264578693268564,0.01020408163265306,0.0034552606300510894,-0.0005427591829453675,0.01020408163265306,0.01020408163265306,0.01020408163265306,0.01020408163265306,0.01020408163265306,0.01020408163265306,0.009440570202936947,0.01020408163265306,0.01020408163265306,0.10776048151223507,0.01020408163265306,0.01020408163265306,0.01020408163265306,0.01020408163265306,0.009772587609878054,0.01020408163265306,-0.10226405032166326,0.01020408163265306,0.08291236258338189,-0.07965164477909778,0.01020408163265306,0.01020408163265306,0.07327277967799084,0.01020408163265306,0.01020408163265306,-0.08915010238950483,0.01020408163265306,-0.1011107264021648,-0.004519415615923745,0.01020408163265306,0.01020408163265306,0.01020408163265306,0.01020408163265306,0.01020408163265306,0.05799992573221364,0.0709041470711775,0.01020408163265306,-0.010901693210676239,0.11380306589199639,0.035644261801296095,0.01020408163265306,0.01020408163265306,0.11875001993630033,0.20168230067107343,0.35404982063395707,0.01020408163265306,-0.05889222420503111
2026-07-20,0.07506582145748296,-0.04702623433138702,0.01020408163265306,0.005062145518737503,0.01020408163265306,0.01020408163265306,0.01020408163265306,0.01850405983773662,0.12320913353842311,0.01020408163265306,-0.037251976729911075,-0.009962619440293847,-0.0020793990741054865,0.01020408163265306,-0.10249030598818983,0.01020408163265306,0.01020408163265306,0.01020408163265306,0.01020408163265306,0.01020408163265306,0.00989700116347648,-0.000467479619639102,-0.025961959076479788,0.01020408163265306,-0.10373071695485779,-0.02269687721729794,0.01020408163265306,0.01020408163265306,0.01020408163265306,0.04749193766430363,-0.027177269304176292,0.005860478588231796,0.01020408163265306,0.05931462005073187,0.01020408163265306,0.01020408163265306,0.01020408163265306,0.01020408163265306,-0.023899130591493685,-0.014406513311236767,-0.06585994164119055,0.01020408163265306,0.01020408163265306,0.01020408163265306,-0.02146976468821738,0.01020408163265306,-0.10210295810723331,-0.06826345355332175,0.01020408163265306,0.01020408163265306,0.01020408163265306,0.01020408163265306,0.01020408163265306,0.01020408163265306,0.01020408163265306,0.01020408163265306,0.01020408163265306,-0.009913750749004612,0.01020408163265306,0.01020408163265306,0.1194167636237774,0.01020408163265306,0.01020408163265306,0.01020408163265306,0.01020408163265306,-0.008993996653341099,0.01020408163265306,-0.10407196044288672,0.024732790612568598,0.08853015320889789,-0.1009141265233104,0.01020408163265306,0.01020408163265306,0.1115843689500951,0.01020408163265306,0.01020408163265306,-0.11120820312506488,0.01020408163265306,-0.11046099041299344,-0.006069701554495705,0.01020408163265306,0.01020408163265306,0.01020408163265306,0.01020408163265306,0.01020408163265306,0.05191653556217495,0.11133901399056491,0.01020408163265306,-0.012317908295363235,0.08560786044880944,0.06066003236356318,0.01020408163265306,0.01020408163265306,0.10810948118918734,0.1877276454619412,0.3691702038307817,0.01020408163265306,-0.07542321783925933
2026-07-21,0.06106657168031014,-0.026793196306658072,0.01020408163265306,0.005354054531827376,0.01020408163265306,0.01020408163265306,0.01020408163265306,0.01020408163265306,0.09544897415901869,0.01020408163265306,-0.03549543323673596,-0.014304405189110204,0.007876005939336572,0.01020408163265306,-0.10019490518971602,0.01020408163265306,0.01020408163265306,0.01020408163265306,0.01020408163265306,0.01020408163265306,0.003454452730649267,-0.0018831547921110137,-0.0027947460248920926,0.01020408163265306,-0.10447832805507022,-0.03187148487660194,0.01020408163265306,0.01020408163265306,0.01020408163265306,0.021197795777715665,-0.04012091691059757,0.01020408163265306,0.01020408163265306,0.033196798489373895,0.01020408163265306,0.01020408163265306,0.01020408163265306,0.01020408163265306,-0.0037930744107626223,-0.00268813368383034,-0.040199259307136054,0.01020408163265306,0.01020408163265306,0.01020408163265306,0.0075247462867115405,0.01020408163265306,-0.10467761455031353,-0.0442922306563631,0.01020408163265306,0.01020408163265306,0.005942121423262822,0.01020408163265306,0.01020408163265306,0.01020408163265306,0.01020408163265306,0.01020408163265306,0.01020408163265306,-0.016476812602360356,0.01020408163265306,0.01020408163265306,0.11513814723479007,0.01020408163265306,0.01020408163265306,0.01020408163265306,0.01020408163265306,-0.004167687370130782,0.01020408163265306,-0.10981037932037611,0.01020408163265306,0.08492419630535929,-0.07382050478771521,0.01020408163265306,0.01020408163265306,0.07583509362558614,0.01020408163265306,0.01020408163265306,-0.09190095393619309,0.01020408163265306,-0.10434239501229639,0.008937247355995444,0.01020408163265306,0.01020408163265306,0.01020408163265306,0.01020408163265306,0.01020408163265306,0.055742666840845986,0.08243957452100163,0.01020408163265306,-0.003214094521532226,0.07469995938195084,0.04023507789180937,0.01020408163265306,0.01020408163265306,0.11333738714271925,0.20662027551363382,0.35683584490429415,0.01020408163265306,-0.06991585242426059
2026-07-22,0.07441384369202578,-0.05448701216187107,0.01020408163265306,0.005718068992178038,0.01020408163265306,0.01020408163265306,0.01020408163265306,0.025929658289418095,0.14740411295883762,0.01020408163265306,-0.0383209417599178,-0.008495761186142514,-0.016083458203889144,0.01020408163265306,-0.11764775848041069,0.01020408163265306,0.01020408163265306,0.01020408163265306,0.01020408163265306,0.01020408163265306,0.003484558445711745,-0.008986829089744354,-0.03267366561451926,0.01020408163265306,-0.09201528525321599,-0.023944236363386454,0.01020408163265306,0.01020408163265306,0.01020408163265306,0.0533644588420541,-0.02199750325071865,-0.0022641343055101893,0.01020408163265306,0.09047299511306729,0.01020408163265306,0.01020408163265306,0.01020408163265306,0.01020408163265306,-0.03062942671819796,-0.023848784089084987,-0.05908360044982855,0.01020408163265306,0.01020408163265306,0.01020408163265306,-0.048893686754666044,0.01020408163265306,-0.09284562445420264,-0.06557342124827059,0.01020408163265306,0.01020408163265306,0.01020408163265306,0.01020408163265306,0.01020408163265306,0.01020408163265306,0.01020408163265306,0.01020408163265306,0.01020408163265306,-0.019936381759857222,0.01020408163265306,0.01020408163265306,0.12628125121038017,0.01020408163265306,0.01020408163265306,0.01020408163265306,0.01020408163265306,-0.0052249627782974,-0.0007562638277265644,-0.08336954606022569,0.03773105347294737,0.08722779448126562,-0.10774851701556473,0.01020408163265306,0.01020408163265306,0.10088159036944348,0.011418279610308581,0.01020408163265306,-0.09806031743067911,0.01020408163265306,-0.11459254201894788,0.00695270989075793,0.01020408163265306,0.032496020273400095,0.01020408163265306,0.01020408163265306,0.01020408163265306,0.07764196203879635,0.10262624255892977,0.01020408163265306,-0.02151275956557732,0.0743753304162091,0.07364860049211597,0.01020408163265306,0.01020408163265306,0.08560914304542486,0.17414427712210037,0.36816562291657035,0.01020408163265306,-0.09140331765679612
2026-07-23,0.048944085786601574,-0.04437647396944004,0.01020408163265306,0.006706510214375575,0.01020408163265306,0.01020408163265306,0.01020408163265306,0.04855681016219523,0.10722294235722851,0.01020408163265306,-0.04384903370260846,-0.0028142384714085825,0.01020408163265306,0.01020408163265306,-0.10395913824442873,0.01020408163265306,0.01020408163265306,0.01020408163265306,0.01020408163265306,0.01020408163265306,-0.008887672994869448,-0.02399568564564178,-0.01778875629922904,0.01020408163265306,-0.09599254927496889,-0.03146663025389383,0.01020408163265306,0.01020408163265306,0.01020408163265306,0.027994356875475315,-0.031369528731141884,0.01020408163265306,0.01020408163265306,0.038307088927372786,0.01020408163265306,0.01020408163265306,0.01020408163265306,0.01020408163265306,-0.014245693809036014,0.00043539065252540254,-0.019394581838384474,0.01020408163265306,0.01020408163265306,0.01020408163265306,0.0032359692335884255,0.003931832399901145,-0.10016093500281967,-0.024996984760206314,0.01020408163265306,0.01020408163265306,0.0019754043014541794,0.01020408163265306,0.01020408163265306,0.01020408163265306,0.01020408163265306,0.01020408163265306,0.01020408163265306,-0.034035819161817506,0.01020408163265306,0.01020408163265306,0.11301827514998447,0.01020408163265306,0.01020408163265306,0.01020408163265306,0.01020408163265306,0.01020408163265306,-0.0135701815384717,-0.09418986082807429,0.01020408163265306,0.07691339452360584,-0.07371857958231152,0.01020408163265306,0.01020408163265306,0.07815737409762548,0.01020408163265306,0.01020408163265306,-0.07248200680630079,0.01020408163265306,-0.08987683461207474,0.01020408163265306,0.01020408163265306,0.01020408163265306,0.01020408163265306,0.01020408163265306,0.01020408163265306,0.07084213416333665,0.10366256833528147,0.01020408163265306,-0.009561012371994417,0.08115206244531382,0.04990745939385078,0.01020408163265306,0.01020408163265306,0.09930322827351183,0.19869063694614764,0.30327662996865973,0.01020408163265306,-0.08293052773748529
2026-07-24,0.048678975194591544,-0.02739658253693092,0.01020408163265306,0.006133115332117344,0.01020408163265306,0.01020408163265306,0.01020408163265306,0.028665207309613937,0.05087590148016214,0.01020408163265306,-0.04673811390046163,0.007455591503215434,0.01020408163265306,0.01020408163265306,-0.06879051826860343,0.01020408163265306,0.01020408163265306,0.01020408163265306,0.01020408163265306,0.01020408163265306,-0.025291777545964338,-0.02244487215131353,0.005509275262072293,0.01020408163265306,-0.08402794776751435,-0.0274892840249934,0.01020408163265306,0.01020408163265306,0.01020408163265306,0.01020408163265306,-0.03512819731042691,0.01020408163265306,0.01020408163265306,0.01020408163265306,0.01020408163265306,0.01020408163265306,0.01020408163265306,0.01020408163265306,-0.007626435792066332,0.01020408163265306,0.01020408163265306,0.01020408163265306,0.01020408163265306,0.01020408163265306,0.01020408163265306,0.01020408163265306,-0.11575824067410721,-0.015024596118398873,0.01020408163265306,0.01020408163265306,-0.015466770471510191,0.01020408163265306,0.01020408163265306,0.01020408163265306,0.01020408163265306,0.005583466265999759,0.01020408163265306,-0.035437244181075994,0.01020408163265306,0.01020408163265306,0.08957860360818241,0.01020408163265306,0.01020408163265306,0.01020408163265306,0.01020408163265306,0.01020408163265306,0.01020408163265306,-0.053972253858774674,0.01020408163265306,0.07658314710580182,-0.029392078160672054,0.01020408163265306,0.01020408163265306,0.01356032778940906,0.01020408163265306,0.01020408163265306,-0.009274174799106525,0.01020408163265306,-0.07465787154878457,0.01020408163265306,0.01020408163265306,0.01020408163265306,0.01020408163265306,0.01020408163265306,0.01020408163265306,0.07261457847632728,0.06670421049915748,0.01020408163265306,-0.0035089915390162946,0.056290481275164554,0.04139387571145654,0.01020408163265306,0.01020408163265306,0.10038705451204345,0.22476753736718402,0.26248625660294533,0.01020408163265306,-0.09249471587021298
2026-07-27,0.05436363256149354,-0.0468810820464085,0.01020408163265306,0.005378976827661629,0.01020408163265306,0.01020408163265306,0.01020408163265306,0.05889617692426125,0.09852466811044758,0.01020408163265306,-0.04804957777230002,0.0034691862416600357,0.01020408163265306,0.01020408163265306,-0.08849807976145685,0.01020408163265306,0.01020408163265306,0.01020408163265306,0.01020408163265306,0.01020408163265306,-0.019404465436305487,-0.02356943415815163,-0.021434731030096563,0.01020408163265306,-0.1072162109518862,-0.032046914766508006,0.01020408163265306,0.01020408163265306,0.01020408163265306,0.02262769181544018,-0.02896202551723668,0.01020408163265306,0.01020408163265306,0.03775205416929127,0.01020408163265306,0.01020408163265306,0.01020408163265306,0.01020408163265306,-0.014687395291932677,0.01020408163265306,-0.011732854883443335,0.01020408163265306,0.01020408163265306,0.01020408163265306,0.01020408163265306,0.01020408163265306,-0.10369109039708362,-0.03039761682041143,0.01020408163265306,0.01020408163265306,0.005429576398691142,0.01020408163265306,0.01020408163265306,0.01020408163265306,0.01020408163265306,-7.822169994656583e-05,0.01020408163265306,-0.04163270062539045,0.01020408163265306,0.01020408163265306,0.10987218928319226,0.01020408163265306,0.01020408163265306,0.01020408163265306,0.01020408163265306,-0.0038021020646342094,0.00986619260457726,-0.07041348222702982,0.0182113367359994,0.08025422392034592,-0.07076856303056896,0.01020408163265306,0.01020408163265306,0.056458498010925395,0.01020408163265306,0.01020408163265306,-0.060924795513349186,0.01020408163265306,-0.0846112153400454,0.01020408163265306,0.01020408163265306,0.01020408163265306,0.01020408163265306,0.01020408163265306,0.01020408163265306,0.0602542532162025,0.10610951342034884,0.01020408163265306,-0.015042749319391516,0.0697634158692737,0.06401963105462395,0.01020408163265306,0.01020408163265306,0.09151561702346973,0.22105019559868677,0.2730914173054126,0.006903359362005512,-0.09119098759635164
2026-07-28,0.04888374865574259,-0.048221194341501565,0.01020408163265306,0.00435585400352293,0.01020408163265306,0.01020408163265306,0.01020408163265306,0.0539774846745701,0.10530353029319847,0.01020408163265306,-0.044292326167825025,0.0013232644650349526,0.01020408163265306,0.01020408163265306,-0.08581838134879899,0.01020408163265306,0.01020408163265306,0.01020408163265306,0.01020408163265306,0.01020408163265306,-0.019113835271269718,-0.028464351153944877,-0.019189811094631658,0.01020408163265306,-0.10383270580949047,-0.034099421023273305,0.01020408163265306,0.01020408163265306,0.01020408163265306,0.016947154283837182,-0.031083073729818875,0.01020408163265306,0.01020408163265306,0.04347412725730824,0.01020408163265306,0.01020408163265306,0.01020408163265306,0.01020408163265306,0.005628858072167469,0.01020408163265306,-0.004238837983724193,0.01020408163265306,0.01020408163265306,0.01020408163265306,0.01020408163265306,0.01020408163265306,-0.10216969480327308,-0.032941787979102605,0.01020408163265306,0.01020408163265306,0.01020408163265306,0.01020408163265306,0.01020408163265306,0.01020408163265306,0.01020408163265306,-0.006660521309200451,0.01020408163265306,-0.04283541062065346,0.01020408163265306,0.01020408163265306,0.11208300918618787,0.01020408163265306,0.01020408163265306,0.01020408163265306,0.01020408163265306,0.0006650447992193574,0.01020408163265306,-0.08436945303329865,0.026648398218566863,0.08666362059419609,-0.06803826946053268,0.01020408163265306,0.01020408163265306,0.052270132545479804,0.01020408163265306,0.01020408163265306,-0.06412730195717112,0.01020408163265306,-0.08776049391250743,0.01020408163265306,0.01020408163265306,0.01020408163265306,0.01020408163265306,0.01020408163265306,0.01020408163265306,0.06039587074005239,0.09779183955602766,0.01020408163265306,-0.013252653664685693,0.05425936317201496,0.06282559138376592,0.01020408163265306,0.01020408163265306,0.09435188488271597,0.21690553298619702,0.27824136104610564,0.01020408163265306,-0.09432288084508524
2026-07-29,0.04844872414360237,-0.04756581685126733,0.01020408163265306,0.004257906400430289,0.01020408163265306,0.01020408163265306,0.01020408163265306,0.05410737229486671,0.1051821912429705,0.01020408163265306,-0.04402081587297498,-0.0013834746459589521,0.01020408163265306,0.01020408163265306,-0.08608835969992047,0.01020408163265306,0.01020408163265306,0.01020408163265306,0.01020408163265306,0.01020408163265306,-0.01759324997062167,-0.02865098043718979,-0.0178556740535835,0.01020408163265306,-0.1036657156196442,-0.033863928373737105,0.01020408163265306,0.01020408163265306,0.01020408163265306,0.015083634226785906,-0.03260022048338213,0.01020408163265306,0.01020408163265306,0.04325449744697138,0.01020408163265306,0.01020408163265306,0.01020408163265306,0.01020408163265306,0.005802767425591976,0.01020408163265306,-0.0018553027878211795,0.01020408163265306,0.01020408163265306,0.01020408163265306,0.01020408163265306,0.01020408163265306,-0.10218969330657166,-0.033444165333363564,0.01020408163265306,0.01020408163265306,0.01020408163265306,0.01020408163265306,0.01020408163265306,0.01020408163265306,0.01020408163265306,-0.00563913968265871,0.01020408163265306,-0.042074207675533326,0.01020408163265306,0.01020408163265306,0.11252734390754174,0.01020408163265306,0.01020408163265306,0.01020408163265306,0.01020408163265306,0.0029404587655813275,0.01020408163265306,-0.08547471142014211,0.025665351636068215,0.08625369522127392,-0.07115174474153378,0.01020408163265306,0.01020408163265306,0.05295232538083406,0.01020408163265306,0.01020408163265306,-0.06256090813014718,0.01020408163265306,-0.08843986017110553,0.01020408163265306,0.01020408163265306,0.01020408163265306,0.01020408163265306,0.01020408163265306,0.01020408163265306,0.06208384353778529,0.09532982428392876,0.01020408163265306,-0.013157119583679539,0.056756289881757335,0.05914323856772447,0.01020408163265306,0.01020408163265306,0.0947608010665462,0.21645474210965834,0.27903576035670197,0.01020408163265306,-0.09260241374966165
2026-07-30,0.035287096982587425,0.010078705697679676,0.01020408163265306,0.002295603644534079,0.01020408163265306,0.01020408163265306,0.01020408163265306,0.023392437119121166,0.01020408163265306,0.01020408163265306,-0.05578681603630482,0.01020408163265306,0.0030771048804832555,0.01020408163265306,-0.060943525357600184,0.01020408163265306,0.01020408163265306,0.01020408163265306,0.01020408163265306,0.01020408163265306,-0.02762049676521021,0.0072118949396365074,0.004636496645079654,0.01020408163265306,-0.07951543549408617,-0.005877449513520079,0.01020408163265306,0.01020408163265306,0.01020408163265306,0.01020408163265306,-0.01990325966117961,0.01020408163265306,0.01020408163265306,0.01020408163265306,0.01020408163265306,-0.008213205890864711,0.01020408163265306,0.01020408163265306,0.01020408163265306,0.01020408163265306,0.01020408163265306,0.01020408163265306,0.01020408163265306,0.01020408163265306,0.01020408163265306,0.01020408163265306,-0.11973862656101754,0.01020408163265306,0.01020408163265306,0.01020408163265306,-0.020682497776075483,0.007680530292972092,0.01020408163265306,0.01020408163265306,-0.0018471682967051775,0.01020408163265306,0.01020408163265306,0.008637908444823435,0.01020408163265306,0.01020408163265306,0.09828666449503469,0.01020408163265306,0.01020408163265306,0.01020408163265306,0.01020408163265306,0.01020408163265306,0.01020408163265306,-0.05191808646259223,0.01020408163265306,0.08541947181280007,-0.01994778504103173,0.01020408163265306,0.01020408163265306,0.01020408163265306,0.01020408163265306,0.01020408163265306,0.01020408163265306,0.01020408163265306,-0.03425408388002793,0.01020408163265306,0.01020408163265306,0.01020408163265306,0.01020408163265306,0.01020408163265306,0.01020408163265306,0.06164403972689282,0.02830406666672869,0.01020408163265306,0.004802661769109263,0.01020408163265306,0.01020408163265306,0.01020408163265306,0.01020408163265306,0.05692575237119196,0.27443449305606826,0.2227728671794662,0.01020408163265306,-0.11231282837574842
2026-07-31,0.0413911015269508,-0.008852432794665925,0.01020408163265306,-0.00019803324426751617,0.01020408163265306,0.01020408163265306,0.01020408163265306,0.03751465922740744,0.10515536015400252,0.01020408163265306,-0.054791668531663604,-0.00714561479080633,0.0015267117900481693,0.023086770638696227,-0.10323495777157225,0.01020408163265306,0.01020408163265306,0.01020408163265306,0.01020408163265306,0.01020408163265306,-0.02135891415962693,0.01020408163265306,-0.038761787170785586,0.01020408163265306,-0.11374337712340792,0.009329096356857837,0.01020408163265306,0.01020408163265306,0.01020408163265306,0.012357627081655751,-0.033977977067215726,-0.004979629503762864,0.01020408163265306,0.055078352294371385,0.01020408163265306,0.01020408163265306,0.01020408163265306,0.01020408163265306,0.01020408163265306,-0.024295910493849243,-0.0019962670895720507,0.01020408163265306,0.01020408163265306,0.01020408163265306,0.01020408163265306,0.01020408163265306,-0.07555986807059983,-0.035388676629502014,0.01020408163265306,0.01020408163265306,0.004591061965918788,0.01020408163265306,0.01020408163265306,0.01020408163265306,-0.05577165185609419,0.01020408163265306,0.01020408163265306,-0.01184178406726579,0.01020408163265306,0.01020408163265306,0.1297902314030667,0.0067031880874851785,0.01020408163265306,-0.008275284732481457,0.01020408163265306,-0.011075578201220215,-0.002373910986087562,-0.09872040068000511,0.01020408163265306,0.10898952558842853,-0.04921299814547914,0.01020408163265306,0.01020408163265306,0.08686474673751542,0.01020408163265306,0.01020408163265306,0.008793301672770955,0.01020408163265306,-0.08231704919192204,0.01020408163265306,0.01020408163265306,0.01020408163265306,0.01020408163265306,0.01020408163265306,0.01020408163265306,0.05328044621105703,0.08954137881259137,0.01020408163265306,-0.016436022318436654,0.04073844480722463,0.015906173493587958,0.01020408163265306,0.01020408163265306,0.044485804491895084,0.2623117550473089,0.2802566190270538,0.01020408163265306,-0.09819888832621677
