date,SMALL LoBM,ME1 BM2,ME1 BM3,ME1 BM4,ME1 BM5,ME1 BM6,ME1 BM7,ME1 BM8,ME1 BM9,SMALL HiBM,ME2 BM1,ME2 BM2,ME2 BM3,ME2 BM4,ME2 BM5,ME2 BM6,ME2 BM7,ME2 BM8,ME2 BM9,ME2 BM10,ME3 BM1,ME3 BM2,ME3 BM3,ME3 BM4,ME3 BM5,ME3 BM6,ME3 BM7,ME3 BM8,ME3 BM9,ME3 BM10,ME4 BM1,ME4 BM2,ME4 BM3,ME4 BM4,ME4 BM5,ME4 BM6,ME4 BM7,ME4 BM8,ME4 BM9,ME4 BM10,ME5 BM1,ME5 BM2,ME5 BM3,ME5 BM4,ME5 BM5,ME5 BM6,ME5 BM7,ME5 BM8,ME5 BM9,ME5 BM10,ME6 BM1,ME6 BM2,ME6 BM3,ME6 BM4,ME6 BM5,ME6 BM6,ME6 BM7,ME6 BM8,ME6 BM9,ME6 BM10,ME7 BM1,ME7 BM2,ME7 BM3,ME7 BM4,ME7 BM5,ME7 BM6,ME7 BM7,ME7 BM8,ME7 BM9,ME7 BM10,ME8 BM1,ME8 BM2,ME8 BM3,ME8 BM4,ME8 BM5,ME8 BM6,ME8 BM7,ME8 BM8,ME8 BM9,ME8 BM10,ME9 BM1,ME9 BM2,ME9 BM3,ME9 BM4,ME9 BM5,ME9 BM6,ME9 BM7,ME9 BM8,ME9 BM9,BIG LoBM,ME10 BM2,ME10 BM3,ME10 BM4,ME10 BM5,ME10 BM6,ME10 BM7,ME10 BM8,ME10 BM9
2026-01-02,0.01020408163265306,0.01020408163265306,0.01020408163265306,0.01020408163265306,0.01020408163265306,0.01020408163265306,0.01020408163265306,0.01020408163265306,0.01020408163265306,0.01020408163265306,-0.017756467894478677,0.01020408163265306,0.01020408163265306,0.01020408163265306,0.01020408163265306,0.01020408163265306,0.01020408163265306,0.01020408163265306,0.01020408163265306,0.01020408163265306,0.01020408163265306,0.01020408163265306,0.01020408163265306,0.01020408163265306,0.01020408163265306,0.01020408163265306,0.01020408163265306,0.01020408163265306,0.01020408163265306,0.01020408163265306,0.01020408163265306,0.01020408163265306,0.01020408163265306,0.01020408163265306,0.01020408163265306,0.01020408163265306,0.01020408163265306,0.01020408163265306,0.01020408163265306,0.01020408163265306,0.01020408163265306,0.01020408163265306,0.01020408163265306,0.01020408163265306,0.01020408163265306,0.01020408163265306,0.01020408163265306,0.01020408163265306,0.01020408163265306,0.01020408163265306,0.01020408163265306,0.01020408163265306,0.01020408163265306,0.01020408163265306,0.01020408163265306,0.01020408163265306,0.01020408163265306,0.01020408163265306,0.01020408163265306,0.01020408163265306,0.01020408163265306,0.01020408163265306,0.01020408163265306,0.01020408163265306,0.01020408163265306,0.01020408163265306,0.01020408163265306,0.01020408163265306,0.01020408163265306,0.01020408163265306,0.01020408163265306,0.01020408163265306,0.01020408163265306,0.01020408163265306,0.01020408163265306,0.01020408163265306,0.01020408163265306,0.01020408163265306,0.01020408163265306,0.01020408163265306,0.01020408163265306,0.01020408163265306,0.01020408163265306,0.01020408163265306,0.01020408163265306,0.01020408163265306,0.01020408163265306,0.01020408163265306,0.01020408163265306,0.01020408163265306,0.01020408163265306,0.01020408163265306,0.01020408163265306,0.01020408163265306,0.01020408163265306,0.01020408163265306,0.01020408163265306,0.038164631159784794
2026-01-05,-0.11932452782849355,-0.04513557293866914,0.10044533366860724,0.005096465101784432,-0.11000237685327648,-0.008580692727668844,0.01040621495306641,0.03678347614581056,0.21253302044843875,0.09087082196053517,-0.0051349071750229815,0.01020408163265306,-0.05156127985286427,-0.07872759941973446,-0.18564804327637438,-0.02792894348294849,0.01020408163265306,-0.06905838686802833,0.01660190737113482,-0.009095634423614005,-0.05268033352553955,-0.08364725002709336,0.11327564706445609,-0.05029381733534114,0.12412696640941114,0.04767066516940516,0.13620994056345723,0.12169860920286052,0.03306416589888621,-0.001251631412027934,0.06253748329113165,0.056493712705970034,-0.09984001481778318,0.23448958729816394,0.00863806366819565,-0.146892824933431,-0.026420587313411348,-0.09684736955345953,-0.10879097024724468,-0.08287677733122176,-0.011626409629520778,-0.05538333806594929,-0.010608535552165543,0.06907476016356556,-0.0041147680754401745,-0.17552402335801992,-0.08557940537116956,0.042924795008083355,0.01020408163265306,-0.046392232491002085,0.019700194638788002,-0.06418598674732018,-0.02659690341036698,-0.1463084645084495,-0.10497975052142491,0.07007096409556958,-0.13993049155633547,0.01020408163265306,0.01020408163265306,0.16049131877704503,-0.00047580659429895776,0.06689224757922126,0.19808628588413008,0.020287665164193783,0.07551771112752466,0.10664023316296449,-0.25417558222963454,-0.008265893639686437,0.015978387691938673,0.02845850122625753,0.06050338314667101,-0.05105449218230628,-0.1250875131942425,0.348123404791512,0.13478626494258078,0.08796259601908603,-0.03288737468648736,-0.051422202273870864,0.04311663692396419,-0.07776816250232006,-0.11587897169541007,0.01020408163265306,0.01020408163265306,0.18955098672231938,-0.04115326755116153,-0.004006577008901587,0.06442887222815885,0.01020408163265306,-0.033584497922360755,0.45628097689986985,0.005885982530149059,-0.013301720972100922,-0.032317352311928844,0.00490941323269839,-0.03642480119275001,0.5581030174650049,-0.023811354336175095,-0.08776391247978713
2026-01-06,-0.014738037515150746,0.009278423929202625,0.01020408163265306,-0.001711653057172238,-0.07625449324500974,0.01020408163265306,0.010779249164551712,0.01020408163265306,0.04649281541339712,0.026167351908124088,-0.02314013197648504,0.01020408163265306,-0.0033241241658209415,0.006285736920891712,-0.16165326394357726,0.01020408163265306,0.007564457693417435,0.01020408163265306,0.01020408163265306,0.01020408163265306,0.01020408163265306,-0.011984712599107472,0.01020408163265306,0.01020408163265306,0.01020408163265306,0.01020408163265306,0.01020408163265306,0.01020408163265306,0.01020408163265306,-0.042301373665677364,0.01020408163265306,0.01020408163265306,-0.11341639704009096,0.07557539064235264,-0.015594885563427202,-0.0843746030522635,0.01020408163265306,0.01020408163265306,-0.09081251834151846,-0.008404351412190826,0.01020408163265306,0.01020408163265306,0.008813587665488884,0.01020408163265306,0.01020408163265306,0.01020408163265306,-0.029948376498674295,0.01020408163265306,0.01020408163265306,0.01020408163265306,0.01020408163265306,-0.0744840284097127,0.01020408163265306,-0.03318567497657117,0.01020408163265306,0.01020408163265306,0.01020408163265306,0.01020408163265306,0.01020408163265306,0.01020408163265306,0.01020408163265306,0.01020408163265306,0.01020408163265306,0.01020408163265306,0.01020408163265306,0.01020408163265306,-0.0035277795234475873,0.01020408163265306,0.01020408163265306,0.04443202622357214,0.01020408163265306,0.01020408163265306,0.01020408163265306,0.01020408163265306,0.01020408163265306,0.01020408163265306,-0.06054689468132389,0.01020408163265306,0.01020408163265306,0.01020408163265306,0.01020408163265306,0.01020408163265306,0.01020408163265306,0.10346846342985076,0.01020408163265306,0.01163190172727165,0.01020408163265306,0.01020408163265306,0.01020408163265306,0.42366784400148483,0.01020408163265306,0.01020408163265306,0.01020408163265306,0.11358207013378935,0.01020408163265306,0.44337028773025683,0.01020408163265306,-0.14497161303887918
2026-01-07,-0.20493389020563924,-0.05509419034173142,0.11639241709622532,0.06411608233357756,-0.17322117150210112,0.0069406673349598855,-0.09481485157960493,0.13672371820379836,0.1748295272077487,0.15995091628039199,0.02153986707329728,0.03171149500170302,-0.05166585791125985,-0.13317441862174711,-0.14921716392914003,0.047684500915419564,0.08575691426651237,-0.16750730218963478,-0.0033738607671479227,-0.07427451199412079,-0.1687025155128505,-0.10437161370745084,0.10833816879943982,-0.13397230929054588,0.184020414630828,0.09884762761650703,0.15111986380343848,0.11445577163640042,0.08093179485621373,-0.02406196140621846,0.06499582586910485,0.026182645677486127,0.01686657630729158,0.26656257166483893,0.11391301750601196,-0.027205136709791994,0.12729152804024285,-0.13353781121626684,-0.04704111291277969,-0.15320733430170172,-0.0817473358216775,0.15089948829247082,0.021278938342005078,0.09484900080650459,-0.19989636040320813,-0.165929517214315,-0.08536141991829545,-0.08962658829794057,-0.03761289294360343,-0.013425252187006046,0.01754493191998718,-0.11466224149083883,-0.11204505415577799,-0.3087805239665702,-0.3278658818365926,0.10570367248572964,-0.0171523868803388,0.1221503777910692,0.01020408163265306,0.34621613135984525,0.08171836583974557,0.13794238729778063,0.29602943349446875,0.05802969987361046,-0.052964390042727405,0.2572773534236922,-0.4320111061187008,0.1222968428316273,0.01191957514406264,0.04124922780842636,0.15085339352899868,-0.1932840089732257,-0.2540640214737772,0.20254220528023975,0.3181177939111342,0.18860893220146807,-0.11263279064673412,-0.054692099444689835,0.024839195414669696,-0.2618925150946791,-0.4939200345551592,0.01020408163265306,0.09265503986862728,0.3187096220717233,-0.05585664946939688,0.10152496563836805,0.15257969478584388,-0.06307826682157304,-0.15202374812037245,0.7848702907233737,-0.17856717395607974,0.19513978473316074,-0.2366745896384063,0.10697428557855614,-0.0254912690779942,0.458265586199647,-0.051550827611145114,-0.10818033177302085
2026-01-08,-0.21451444706000602,-0.05828322574248225,0.1126580475817237,0.07028043000338104,-0.18157557140429362,0.008555790645388394,-0.11002438786295882,0.1436850164679773,0.19623665118631908,0.1644960035945258,0.014811121012963814,0.029815391547255328,-0.05178536416849273,-0.13338529310373187,-0.13272100557500205,0.06821441754984472,0.10122242999277005,-0.22491817683614918,-0.0029659473345449838,-0.07878434303004153,-0.17849586258988867,-0.11686340420289563,0.1090784062679623,-0.1487025429773176,0.20891833973188112,0.09637723983619347,0.15478091418618067,0.13064148464249042,0.10491756031713932,-0.02529892530699407,0.06882537639040386,0.03332211644359617,0.03460150691463398,0.24429651133611827,0.11459404979955726,-0.02605419211613766,0.1348847363986005,-0.147358267137923,-0.02914434354034131,-0.1725237503574306,-0.06804360101461447,0.1560361222954783,0.009472117188622226,0.08828975452357635,-0.1972460894931142,-0.1515529447115904,-0.0971777669562477,-0.09594519989720662,-0.019973932000244395,-0.02220571292503306,0.01846173881745719,-0.1030078564182693,-0.13530910939043284,-0.3274194380072595,-0.35886505673174107,0.12270105801834631,-0.012037568493066036,0.12079241167995879,0.002769479374275634,0.39697583373121137,0.09170015340166665,0.14816528955871394,0.26944154276290255,0.04639404113656168,-0.033212337530499805,0.24982805445716794,-0.4324269708131423,0.14823746984730105,-0.007251999900592368,0.02692284430454335,0.17431644088028686,-0.18434222945757825,-0.25296093810972137,0.23076788766948073,0.3434310306908679,0.20716759282762576,-0.12625249344226885,-0.0991507229226961,0.004482669047072356,-0.2813006989032007,-0.5514925345374504,0.0030358086803456375,0.09172170136368234,0.3129494130598925,-0.08587198292877024,0.09703722046203553,0.20177468318923497,-0.0591674092604607,-0.1607088161028183,0.799759648378837,-0.1839424373487053,0.21189949814992082,-0.22050669467917516,0.10557805209714187,-0.03495130660167062,0.48498170594297985,-0.05832448036054147,-0.11625742609935026
2026-01-09,0.01020408163265306,0.01020408163265306,0.01020408163265306,0.01020408163265306,0.01020408163265306,0.01020408163265306,0.01020408163265306,0.01020408163265306,0.01020408163265306,0.01020408163265306,-0.03282302070524704,0.01020408163265306,0.01020408163265306,0.01020408163265306,0.01020408163265306,0.01020408163265306,0.01020408163265306,0.01020408163265306,0.01020408163265306,0.01020408163265306,0.01020408163265306,0.01020408163265306,0.01020408163265306,0.01020408163265306,0.01020408163265306,0.01020408163265306,0.01020408163265306,0.01020408163265306,0.01020408163265306,0.01020408163265306,0.01020408163265306,0.01020408163265306,0.01020408163265306,0.01020408163265306,0.01020408163265306,0.01020408163265306,0.01020408163265306,0.01020408163265306,0.01020408163265306,0.01020408163265306,0.01020408163265306,0.01020408163265306,0.01020408163265306,0.01020408163265306,0.01020408163265306,0.01020408163265306,0.01020408163265306,0.01020408163265306,0.01020408163265306,0.01020408163265306,0.01020408163265306,0.01020408163265306,0.01020408163265306,0.01020408163265306,0.01020408163265306,0.01020408163265306,0.01020408163265306,0.01020408163265306,0.01020408163265306,0.01020408163265306,0.01020408163265306,0.01020408163265306,0.01020408163265306,0.01020408163265306,0.01020408163265306,0.01020408163265306,0.01020408163265306,0.01020408163265306,0.01020408163265306,0.01020408163265306,0.01020408163265306,0.01020408163265306,0.01020408163265306,0.01020408163265306,0.01020408163265306,0.01020408163265306,0.01020408163265306,0.01020408163265306,0.01020408163265306,0.01020408163265306,0.01020408163265306,0.01020408163265306,0.01020408163265306,0.01020408163265306,0.01020408163265306,0.01020408163265306,0.01020408163265306,0.01020408163265306,0.01020408163265306,0.01020408163265306,0.01020408163265306,0.01020408163265306,0.01020408163265306,0.01020408163265306,0.01020408163265306,0.01020408163265306,0.01020408163265306,0.05323118397055316
2026-01-12,-0.17657051612199648,-0.06749247490277689,0.06030424645028412,0.07005022441173603,-0.16748504672273243,0.03404920152124007,-0.042816996007728265,0.1264926523948939,0.2199558562197556,0.10333401048235588,0.0058773510894962215,-0.021722302367436434,-0.041926905483420665,-0.12227073776400486,-0.09825621145630033,0.10345460990363718,0.02930083617150224,-0.24511290879022657,0.07841737292960653,-0.048505785219898144,-0.14110129380312875,-0.08640519295416017,0.11344197896389098,-0.0795034156624776,0.2062207982662783,0.07459635277010293,0.13430843279510232,0.1179795932674101,0.1382157600596988,0.01020408163265306,0.059259377274731316,0.03707331452207137,-0.0478736067983738,0.19458612439585982,0.08286440824615926,-0.043589328272348564,0.08104021890984009,-0.17423100020066398,-0.12219622653050578,-0.14357614431152976,0.004783756699097149,0.052661684380979394,-0.010519923549787374,0.034904384685870725,-0.14583268176452693,-0.18506495565529424,-0.1354437184765869,-0.0009596936866239063,-0.00531662430781886,-0.03575478231722545,0.06471856155793915,-0.06200300526350003,-0.1100500945492291,-0.30343834080608156,-0.2251713890074059,0.01926006735641924,-0.04307266627282813,0.07066134650383245,0.01020408163265306,0.3497626836651925,0.10618496598649378,0.12983926633475693,0.23692337483311188,-0.058981501797120514,0.007381560962385318,0.25909285626645523,-0.37614281793983717,0.08316278302310824,0.02506082325738864,0.028628316251566685,0.1661811887174661,-0.1324362383877485,-0.21342808345731637,0.14759818491118135,0.27925940683827766,0.270919412765546,-0.06938648215094052,-0.01469834096900125,0.007185163934663722,-0.19665365624940692,-0.3976837872917652,0.07259375766116913,0.17154741020569023,0.22257808894276288,-0.024928902180279114,0.018159338299028993,0.10624321187542583,-0.08825393344887306,-0.07269735826472203,0.6570606746782706,-0.08021701805200945,-0.01066864543878107,-0.19661569896942718,0.0594889866632092,-0.02825112369986337,0.5364897662385013,-0.0683177439360969,-0.11693660654694309
2026-01-13,-0.14031681883102873,-0.05755466660017104,0.058317847294039035,0.033767570286067326,-0.1383892198944922,0.01020408163265306,0.01020408163265306,0.10012574781199347,0.2204826112795556,0.08210237877111048,0.003736303937540237,-0.014301060997607072,-0.0411766071754344,-0.09294717987146016,-0.10099849400229342,0.05279513907339411,-0.007310279195248565,-0.12747746939736224,0.034019399433083145,0.01020408163265306,-0.09025281647647833,-0.06526107526172015,0.09751349456322209,-0.026203424799630677,0.13362619930988082,0.06336940333608633,0.1293700522583868,0.10521897477600305,0.028439838442381633,0.01020408163265306,0.03912709920975136,0.05419312772821851,-0.09102193688047795,0.1914424734217675,0.019706780042601537,-0.06944879590576634,0.01020408163265306,-0.12329582743395419,-0.1261190159426874,-0.10922158048355697,0.01020408163265306,0.01020408163265306,-0.019138448044294494,0.011061940991359771,-0.0788452531434293,-0.1287004997026465,-0.11631619600417874,0.01020408163265306,0.003127923032064525,-0.02590383106325693,0.04688481682720488,-0.0649485640554545,-0.0547428928975036,-0.20974318443919712,-0.10850195933372252,0.01020408163265306,-0.09476583906049152,0.04969528278983684,0.01020408163265306,0.21814341194544787,0.03887127811254337,0.10784169485868624,0.2053642312687338,-0.04717912007515525,0.01020408163265306,0.17503601583758954,-0.27390737843161156,0.01020408163265306,0.0528855390631062,0.032693098221971244,0.09497310891890592,-0.08110585013012536,-0.1416410932244135,0.08646949013347666,0.1901612320869216,0.19481278825053297,-0.028250453208734677,0.01020408163265306,0.01979881762617234,-0.10302108420084795,-0.16409490749920674,0.041393232244063036,0.1243969953218603,0.1584217025944765,0.01020408163265306,0.01020408163265306,0.04214011007273194,-0.010865011160151606,-0.03980070539341326,0.5443310930709531,0.01020408163265306,-0.07176874229897248,-0.14734826231251513,0.04987893504395185,-0.017651826355984057,0.5153481261119441,-0.05617347318423038,-0.10863976715315951
2026-01-14,-0.1575111043735536,-0.08979109030099612,0.045628192461111806,0.05921674582566793,-0.18126115144020466,0.03002553938091359,-0.022187775674071986,0.1277657154546851,0.25232529237976153,0.11286335068539818,-0.0002429782304545578,-0.010067326486611747,-0.03927318272433225,-0.13762607224940732,-0.10093356252343354,0.13447234964608892,0.02885848848420064,-0.2801215255126908,0.1508009734613419,-0.00204902986679871,-0.10957022735544038,-0.11847307176035766,0.08317456343241916,-0.08097278945403587,0.24828950172724254,0.07425446356719027,0.10775454677185307,0.1560098387816398,0.13749949553332164,0.004279789210530581,0.08307486474984442,0.013806287879200534,-0.03278081295874236,0.17667149705021315,0.03104629064068567,-0.057913049586205245,0.07713533882681285,-0.2095773218798605,-0.17946556655293616,-0.13649540403856944,-0.008737198642321807,0.019262420435674783,-0.027638670532122843,0.01020408163265306,-0.06794739891746955,-0.20804462314984276,-0.14266790399365073,0.01020408163265306,0.03763209443310609,-0.053052071705138606,0.06564557329903703,-0.04962883935695927,-0.11622800460515557,-0.3173316530669397,-0.22199219563864325,0.011415337945068355,-0.0368225434234056,0.0871790202217076,-0.06402388224178267,0.32657286739739155,0.11518633147377645,0.13765317800800517,0.23856543906240887,-0.055350487537368154,0.01020408163265306,0.27667923837810776,-0.25984505196310714,0.08133809256099532,0.0324022281168051,0.015185185781026431,0.19125325440606405,-0.11614787699619776,-0.1737974273290968,0.13297449828011695,0.3134723860161263,0.2572085968331661,-0.04945656402578445,-0.04875289508477114,-0.003796895153701395,-0.1863075648885172,-0.421879955938786,0.0453844468136979,0.13848869085377094,0.2059832745258252,-0.1257454406485089,0.026743512079105358,0.11693316423019244,-0.03216470054067498,-0.07308507082448223,0.6484635990690227,-0.08386578553719291,-0.009620374071658963,-0.14937530366039117,0.055797042988909654,-0.06836220496317195,0.5344953536623951,-0.03497853863390178,-0.12452003168013727
2026-01-15,-0.18550951831259524,-0.09549055664660089,0.05067679116065017,0.08033950961289163,-0.18729919615343638,0.046476533631837236,-0.02341709072064812,0.12916673697722333,0.2891826170477017,0.10880213620366713,-0.0043660212879730285,-0.007736206548932008,-0.03539890363916182,-0.15508171002961055,-0.12442590891433476,0.16992336998156593,0.01632232937915762,-0.328868826857138,0.17828549467125773,-0.03234071561538464,-0.09715243601833934,-0.12442711853648038,0.07562803164353493,-0.10775512482950984,0.2569344118488662,0.06739099040092171,0.12065150681305929,0.15903745037309608,0.19009170743834633,0.007960168931382376,0.10096662546321335,-0.02359846181583239,-0.016389145903775937,0.17055075720880727,0.029656084629058513,-0.036196270605770756,0.09593968286402713,-0.21681516713290208,-0.16617589724599696,-0.14768173507183932,-0.026122310138327248,0.04908802889124597,-0.031253508346987285,0.06774594376267618,-0.1374540951466648,-0.19611404496691096,-0.14780746309908066,-0.016537151355624037,0.08368766669203613,-0.03885852413743123,0.07221219766155725,-0.07071205451369712,-0.10646811073483033,-0.33240673149586447,-0.255364415289342,0.0016988543207443196,-0.04900225475618575,0.0623212768301001,-0.07933807643566364,0.3194998975234218,0.12522170093881832,0.14407744181521606,0.24322661675113474,-0.04408637832875406,0.011121738375244307,0.3058701657174295,-0.28426994766614055,0.13977233948846898,0.030842578172052902,0.006651718700812326,0.23471788573459332,-0.1830100614677937,-0.14626024092613601,0.12002424270935892,0.3526496389666763,0.2964695442140499,-0.015209892468353364,-0.06563553346585531,-0.03156464503415386,-0.2044392667511672,-0.47234153003901047,0.009823332623101371,0.11941113331777618,0.22351901328557786,-0.12198726676909623,0.05349148046155168,0.09712063136268878,-0.046382748367640995,-0.10748798781573604,0.6356152569568013,-0.0688842566784253,0.015958656744244508,-0.11870792868200823,0.0748447692583681,-0.05233941466442063,0.5384028525679192,-0.06523899421029447,-0.14765869448607316
2026-01-16,-0.11699453486124427,-0.07435391401615739,0.034177896358849935,0.03861526193651741,-0.13986979427045113,0.011336440904768303,0.024865957359055606,0.1054083510901434,0.2719429621319158,0.06571754514579889,-0.00925154064798178,-0.0058463207035885,-0.04807865478034949,-0.08639482433778858,-0.13595027332716406,0.08594431674289603,-0.04482607475846638,-0.12706003885242076,0.09272599141448523,0.01020408163265306,-0.044698147748436605,-0.09073288387279518,0.06932456881525854,-0.04223720010604743,0.15203957513791413,0.04084283385545845,0.08863757405360427,0.09815186689832554,0.05815254589568286,-0.005755411048832372,0.06055227366079476,0.047191485271934466,-0.11069258790809787,0.179438167856353,0.01020408163265306,-0.07964181506843608,0.01020408163265306,-0.09058413746102588,-0.11457978852256537,-0.12436476139729934,0.01020408163265306,0.01020408163265306,-0.03039597406952573,0.02879924228761664,-0.07368852866577022,-0.11040311763866253,-0.13896455108718883,0.01020408163265306,0.01332455686364086,-0.025503236100053332,0.017286591381703596,-0.06775579682388742,-0.009214821001603835,-0.19465854604033117,-0.0926521163910828,-3.367383773175518e-05,-0.08867700543924682,0.024117648848401764,-0.053642234963119165,0.21582955418827435,0.029287491358722877,0.11503595420601993,0.21579276186646193,0.01020408163265306,0.01020408163265306,0.1264698223847012,-0.1868111514921311,0.01020408163265306,0.07425267128649658,0.030282401569733844,0.14475583559150842,-0.1119084088915074,-0.10667232875997382,0.060259654334931564,0.21202436537399452,0.21678916669302492,-0.017866310272549896,0.01020408163265306,0.02235342117801228,-0.08662205244814307,-0.1480380434508797,-0.004559932781035007,0.08794061689949313,0.12919731946022886,-0.07519949383384578,0.022561214463737253,0.06428494988443156,0.023181206565275364,-0.07724438909662441,0.5159395196605876,0.01020408163265306,-0.07148990205848069,-0.04626320911595565,0.06608482518928001,-0.08257025335339628,0.4672584780245302,-0.026299503589108944,-0.14137249715876532
2026-01-20,-0.146497545662579,-0.09394902294028563,0.046801301726478305,0.06639883777364623,-0.15176220265775134,0.016620660621581816,0.0069158123246743156,0.13360779360272707,0.22365011231326845,0.10513776344814464,-0.005409069273188459,-0.012761802829104963,-0.050821502788037376,-0.1194603314921162,-0.13316865895535238,0.129971598049903,-0.06035395344169822,-0.21201587706015193,0.1772698463698758,-0.001333197955018385,-0.054499989225907486,-0.11602238847906558,0.0705787159468273,-0.0690677776002708,0.23139514050468582,0.08001546777261526,0.05778806288626584,0.10063757481584971,0.14598273688701435,0.009069154976788322,0.07712643179857442,0.01020408163265306,-0.05068609722261527,0.18823061453359524,0.03794449696005237,-0.02100960873854789,0.0563638398112221,-0.177279963484055,-0.11843634673929641,-0.13762414981438947,-0.027126872483597263,0.02774554303727949,-0.04228597785739264,0.04927405522129507,-0.17879025326090286,-0.13687667669537687,-0.14851451712025054,-0.004009310770420379,0.011938985118840837,-0.023129952502352766,0.038542174292792275,-0.08784677179829314,-0.041364385701476394,-0.22499170684038777,-0.17635171945829903,0.00933155469387679,-0.08308444908736957,0.027610043210781213,-0.06446859633676154,0.24412913464567187,0.09409490289342072,0.11950744523464633,0.2792247086657597,0.015234232081400286,0.01020408163265306,0.25715126702661484,-0.2875494556988584,0.07884920056128941,0.07379288224682198,0.03607033632705677,0.2234110908647916,-0.26820387516236543,-0.11002277627073581,0.07001355818050124,0.30649363940293156,0.27391440192745337,-0.05654319699307846,-0.03792450505593243,0.01020408163265306,-0.15862018172786274,-0.27993631783866546,-0.015055911735280673,0.1486513905812564,0.1336819450831845,-0.09835197345239755,0.07778327834090731,0.0596797674542535,0.06367440471032694,-0.05120837525486097,0.5824506271933648,-0.05399107969911815,-0.055786486513702535,-0.10313804268454038,0.08324806404467003,-0.11461213167176794,0.4821516535816009,-0.034192418120820384,-0.16363109049223895
2026-01-21,-0.12956953605658586,-0.10420147945154605,0.06788623230374186,0.04777106697817144,-0.14974068643522806,0.030671262659253795,0.030720059861633203,0.0912725062655687,0.24716404326557698,0.08033797476646806,-0.0022810890462628703,-0.03573018785083514,-0.045606956950899946,-0.12926094987314027,-0.15522191763677692,0.10496593731007534,-0.060675368059080456,-0.18796339711523577,0.19009423822674798,-0.017213861885681796,-0.014718571002708758,-0.058564326221009266,0.08239177940329895,-0.046503348840174104,0.20898835088670709,0.0468874645066131,0.01020408163265306,0.09365872111147629,0.200088975145742,0.013236600927612384,0.08822193167058048,0.01020408163265306,-0.09592627279700604,0.16453445528052854,-0.03814316718478655,-0.013245406899017926,0.027638648631234206,-0.18418931277542824,-0.08035209353475069,-0.14554498103722774,-0.0076307046858469,0.015741249622747144,-0.028858500623556486,0.07681960546414478,-0.18598302844092574,-0.057069774502229303,-0.15701035226237214,-0.05703717257767324,0.01020408163265306,-0.03857876234768082,0.057996598066764576,-0.1034708435790625,-0.06070020872825738,-0.14549583478130285,-0.10898534665056478,-0.005123441719181334,-0.12309397470275028,0.0189423552423595,-0.10197741003176357,0.17595789368604417,0.06263077131162666,0.13693725610605614,0.3099837134221002,0.023980945479308832,0.030632317424952975,0.2605412817194639,-0.2614577263954706,0.11475094681304523,0.08012883057465268,0.035213152986428235,0.1561819485524301,-0.322812574713377,-0.07366396893864172,0.06817762971510917,0.2855675116337962,0.28763869480000936,-0.09323937501492024,0.01020408163265306,0.02381041877311659,-0.1052343331540937,-0.22097660294564325,-0.015767934004219497,0.19333500287616437,0.11216940468020782,-0.09734241582886714,0.022799204859961276,0.06865653636294032,0.16336543539981496,-0.05421290607341049,0.5045217088747646,0.01294258465971574,-0.12009322889043465,-0.10078552100485322,0.08119559916913079,-0.0712260121825671,0.4494734446081485,-0.05398776296209165,-0.2209699902215071
2026-01-22,-0.13257321797722993,-0.11314532128026779,0.09786275336780861,0.04485901030918093,-0.12378068668680704,0.027714120211629105,0.017316612699616866,0.0672021339257784,0.21917316964649414,0.08982583365589668,0.0036215463996641297,-0.037119350995409056,-0.03272468187182766,-0.14402027209770807,-0.14020125147420753,0.10526307610934293,-0.07450423859742998,-0.22659238026363818,0.21149505499502838,-0.03186718930221563,-0.05548571691815743,-0.03579637626804582,0.12771392622576802,-0.05660013055732435,0.21895596187389932,0.05088989526589273,0.01020408163265306,0.08486099838808808,0.21266818099495086,0.0027213064111861794,0.07475951380318661,-0.010846961663583407,-0.1197808075456953,0.14152937336538904,-0.011788508207683889,0.016733516405586395,-0.026083607914490943,-0.12846195069006663,-0.043977878442426135,-0.1472085657345824,-0.040544130617075555,0.03577755251496609,-0.014014278926241559,0.14081404832233485,-0.14990112916047815,-0.0733511015326398,-0.12834904546933124,-0.11678014543870575,-0.015350778025216246,-0.04662551044394946,0.09084352147731503,-0.10864340550891131,-0.041401135472519515,-0.17257542011105137,-0.14083791063306,-0.02903081519621717,-0.09125002447861463,0.0037849615105159263,-0.15137226095429265,0.19668630963458134,0.05432593601375773,0.13578634013084087,0.29422475931335906,0.005790811150325872,0.01020408163265306,0.27867465293596716,-0.26526941772137386,0.200774614293963,0.06993394308390671,0.05227755635457133,0.13692823981927085,-0.30628921925031116,-0.0999944110191823,0.012422607101962121,0.2434574292002463,0.288209112519182,-0.0841589227087049,0.04006213502877942,0.03547093620148584,-0.11071535071037267,-0.2860662026624499,0.0049802041605526105,0.14169011284519048,0.20897150883220117,-0.03373408122592442,-0.02763255386182735,0.11652107043893309,0.21118844623384855,-0.06384330910524862,0.5747061636679447,0.03402295003321565,-0.07276648077608636,-0.1146722833467879,0.07164162278061839,-0.08439492248943331,0.3938061759622824,-0.08155849805796789,-0.2656660294890396
2026-01-23,-0.10040078384825132,-0.137163284085759,0.10731247460707727,0.031524657436187535,-0.12888780630636587,0.01756855773289087,0.0016748290438383107,0.06946094716969403,0.1942601995848182,0.11405207768816,0.002769825513852348,-0.013525648634042481,-0.023835313832284488,-0.13274272666868714,-0.15264094704703696,0.13878457587527318,-0.10422283152791391,-0.2126512594418599,0.2611636291412143,-0.01586220325923919,-0.04911130283321514,-0.04494780378870404,0.13308875549815866,-0.028026307904389362,0.2664112276899354,0.03628032418446687,-0.04199832339193489,0.0512900234789782,0.2721372676083711,-0.009426615928896492,0.0854120040964531,-0.05703159746187035,-0.15112129603754273,0.15389445284719905,0.014049778848280615,0.05342985408183687,-0.06324207430922217,-0.09313665869820342,-0.052922296077451386,-0.1602646816668506,-0.055004404791296924,0.04031609400704775,-0.010512482065609332,0.08824307980132008,-0.20223937019906785,-0.10323533455240148,-0.11142161435114194,-0.04709442597711319,-0.06909975679414002,-0.037953744239181776,0.05569493367634628,-0.10398465216688803,-0.05600950161105679,-0.19471662688989785,-0.0915502225963328,-0.017185218506138446,-0.026112016542736483,-0.043312379473394384,-0.20412404801258677,0.20574155490092452,0.05932732516776784,0.11117702956369362,0.36915864826089745,0.03405602271823027,0.03284746852533779,0.23265810078116084,-0.2493187742175495,0.16006728286720298,0.03852068166872476,0.08003537867623856,0.24275550624272238,-0.3344466690531184,-0.10848593647322625,-0.027678199239263332,0.17256803885937574,0.31644887786150516,-0.10816167643570444,0.10302649006107721,0.06579972132514651,-0.08962465678017167,-0.24155783597069153,0.025096080255775324,0.21514161391195546,0.2646135435760158,-0.050305872372038,-0.0700355986165759,0.10039842150277441,0.16877912042282636,-0.05667434660331609,0.5584686337319025,-0.02224931035063738,-0.16762676524408182,-0.1555400057808458,0.06884625969620216,-0.12617744042040716,0.42261375135817963,-0.06724398060021244,-0.21512049187049254
2026-01-26,-0.10282276306399953,-0.1338970012053959,0.09160995596648662,0.03304371996068543,-0.1298577224033476,0.024072125376139654,0.007223704333910815,0.07017478650751229,0.2045889239753151,0.09965953501506553,0.006162264153486066,-0.023652318553482217,-0.019889804305623135,-0.13591780257102706,-0.15537644294377934,0.14279002429258358,-0.08844941956412886,-0.20820323486812925,0.2518496992985396,0.004451099145206441,-0.04704156787334768,-0.0301170062679988,0.1261761805070079,-0.014135826576255022,0.25776719429674466,0.024327656430243233,-0.048739231873867604,0.04029977002268129,0.27661578065849374,-0.006609737521010373,0.07646267758500912,-0.04707990293873847,-0.1531406053271654,0.15593974872834288,-0.021687730726853482,0.04135101137600413,-0.048510965896691995,-0.09141243458945787,-0.07801763226203733,-0.163025151642615,-0.028087465390348003,0.019406043742105687,-0.014607211024668219,0.08075836924473492,-0.19514235332258725,-0.09496266749733953,-0.11679820948601329,-0.03955239376117859,-0.05420319260938468,-0.0364177646169701,0.0573595498919972,-0.09012537732172503,-0.06135593651729865,-0.18722612979665698,-0.08688077576574604,-0.03762044238157261,-0.023911888949450975,-0.01682584444624491,-0.19200760543349352,0.18403871044901893,0.04443926107248501,0.12605389565430805,0.36049334900252056,0.00900162937837681,0.030998183342756697,0.24307399907786317,-0.23737931081865118,0.12359766500761771,0.049185037290130386,0.07829704218866552,0.22937292032476328,-0.27794688359773145,-0.10313128659471128,-0.03684112308434222,0.1721719813515232,0.29522838350494723,-0.12224049638078623,0.13609615239798656,0.06813660507055659,-0.0650398637897153,-0.23359039936703827,0.03757540449564672,0.2362827816057997,0.23674720919632122,-0.04575286280855537,-0.09536845747165039,0.11316341401646368,0.15460802720280173,-0.05411136294949494,0.5380203828268623,0.006249226777414563,-0.1858048205698023,-0.163300750692083,0.07237808631336565,-0.11099383883068989,0.4016921354555489,-0.07362261577988292,-0.21055766948127488
2026-01-27,-0.0968679802448835,-0.11200658315679907,0.08367056095344713,0.018642420143965457,-0.10241198550316696,0.01412852255288217,0.023142002022050974,0.052608271776977016,0.2059962272367514,0.09426239348058629,0.01020408163265306,-0.006338746749754003,-0.04125608776180025,-0.0916772255662143,-0.1870184592903143,0.05327543329396697,-0.07761602791336238,-0.11401768696719074,0.20013657870343715,0.008809198774047901,-0.027782174479184872,-0.007328136676999669,0.11075644944683015,0.01020408163265306,0.1689777220221197,0.02540071243178612,-0.0029548099916938755,0.03937199512327526,0.12333769993035364,-0.01881023956269555,0.026606117779258816,0.00822293137007733,-0.17454796102625614,0.1554254176738603,0.01020408163265306,-0.010916800986567726,-0.025619572996155818,-0.043886636585245664,-0.07795321722322689,-0.16056364146806187,0.007275812611423309,0.01020408163265306,-0.013552081582532375,0.08311350445898649,-0.17985964658118117,-0.044206504804045026,-0.12006734190451136,-0.045554784267696415,-0.01752284135974773,-0.006562828642561967,0.03423323902100104,-0.10630251639729231,-0.033006785816701564,-0.1315186877654474,-0.016920264355412183,0.0027448670829740302,-0.06249640205142172,0.01020408163265306,-0.14762125982892838,0.1564748907876851,0.022062284293098585,0.10404812819613812,0.33651712831425556,0.03813967117614232,0.013770635173470104,0.12046441508410952,-0.22861740956973337,0.06859018651981368,0.05802376012687476,0.07427334857612476,0.17146593837144852,-0.21356738713014733,-0.10055601712909056,-0.02073965552548044,0.12163121866713837,0.21449812704786628,-0.10926053625802999,0.11466076324324372,0.009864717339203365,-0.04066650885037261,-0.057913057925451,0.01020408163265306,0.22684114303577774,0.16702259212078624,-0.047816608405418064,-0.04316371234370542,0.03494527938275509,0.18232923049996216,-0.01999470885069455,0.41377812837591327,0.010827804126980825,-0.1345598873132389,-0.11732620723938024,0.12412150647754763,-0.0787346114984866,0.37670789529185983,-0.041601979182723896,-0.20313715318516637
2026-01-28,-0.10569715972110943,-0.13003285195874958,0.08363032334253638,0.03514634955189655,-0.10032486301287291,0.013758499945406212,0.03522893765315931,0.07186005999958527,0.19724372729474687,0.10059718344565015,0.020774512553919412,0.008852366412534078,-0.05807368587860806,-0.1016589669251922,-0.1698588307637657,0.08029941032349953,-0.09045789784800275,-0.12944609099556803,0.17803438498904847,0.01020408163265306,-0.027010738604241247,-0.000460662616521626,0.10740554114650623,0.011862396531467718,0.16024814344640373,0.028821016350177857,0.01020408163265306,0.06152275942290893,0.10012837340511627,-0.027844151506125008,0.04553174172086667,-0.035786363972180914,-0.1414155394038101,0.18607601573291874,-0.0013079686606694806,-0.011351520465233229,-0.014709577965005176,-0.009206379604873123,-0.10680681406997436,-0.19284564373960159,0.01020408163265306,0.01020408163265306,-0.03799494136561436,0.07866692607552317,-0.1600062574269446,-0.024597277356409833,-0.11012464266262942,-0.050378485922636086,-0.01691281516016216,0.0026539862141217183,0.03376744734542237,-0.08751732092619806,-0.043062413203200964,-0.15972533651373713,-0.04264900745281192,-0.042202385543365306,-0.01647234790928199,0.01020408163265306,-0.15546915382815116,0.1213644995307368,0.01020408163265306,0.09689580089535979,0.3704707431668091,0.010738265353778925,0.01020408163265306,0.13938526714288738,-0.24403193644507948,0.08604901239087691,0.0759682602499297,0.08209525635744208,0.18894223808109936,-0.2073485457990213,-0.09935648396309227,-0.04553924616397715,0.1512534578398311,0.2025807648526416,-0.07165766132974531,0.1566950884873684,-0.00603235100786398,-0.07178585044670131,-0.10333443327524248,0.01020408163265306,0.19769850398233613,0.17096816462934955,-0.08354353282761062,-0.00577720798973176,0.03405773220230184,0.1625231070262801,-0.025367747777818347,0.41572107712411654,0.041273070078727325,-0.12344868381597986,-0.14704473068384544,0.11113155299553915,-0.04899199782373634,0.34121060344948195,-0.03478717119458856,-0.16130954827425212
2026-01-29,0.01020408163265306,-0.011368528876287342,0.01020408163265306,0.01020408163265306,-0.046989727261110364,0.01020408163265306,0.01020408163265306,0.01020408163265306,0.01020408163265306,0.01020408163265306,-0.05951156251272002,0.01020408163265306,0.01020408163265306,0.01020408163265306,0.01020408163265306,0.01020408163265306,0.01020408163265306,-0.16444818516303267,0.01020408163265306,0.01020408163265306,0.01020408163265306,0.01020408163265306,0.01020408163265306,0.01020408163265306,0.01020408163265306,0.01020408163265306,0.01020408163265306,0.01020408163265306,0.01020408163265306,-0.004541303098194786,0.01020408163265306,0.01020408163265306,0.01020408163265306,0.01020408163265306,0.01020408163265306,0.01020408163265306,0.01020408163265306,0.01020408163265306,0.01020408163265306,0.01020408163265306,0.01020408163265306,0.01020408163265306,0.01020408163265306,0.01020408163265306,0.01020408163265306,0.01020408163265306,0.01020408163265306,0.01020408163265306,0.01020408163265306,0.01020408163265306,0.01020408163265306,0.01020408163265306,0.01020408163265306,0.01020408163265306,0.01020408163265306,0.01020408163265306,0.01020408163265306,0.01020408163265306,0.01020408163265306,0.01020408163265306,0.01020408163265306,0.01020408163265306,0.01020408163265306,0.01020408163265306,0.01020408163265306,0.01020408163265306,0.01020408163265306,0.01020408163265306,0.01020408163265306,0.01020408163265306,0.01020408163265306,0.01020408163265306,0.01020408163265306,0.01020408163265306,0.01020408163265306,0.01020408163265306,0.01020408163265306,0.01020408163265306,0.01020408163265306,0.01020408163265306,0.01020408163265306,0.01020408163265306,0.01020408163265306,0.01020408163265306,0.01020408163265306,0.01020408163265306,0.01020408163265306,0.01020408163265306,0.01020408163265306,0.011707111298542615,0.01020408163265306,0.01020408163265306,0.01020408163265306,0.1410009744342412,0.01020408163265306,0.3504618242719385,0.01020408163265306,-0.12447386839949957
2026-01-30,-0.1217909537822738,-0.13736340057761526,0.08295691901592046,0.036503793633458397,-0.11403245371588527,0.029127448177857722,0.043202732231383725,0.08136413657915728,0.20989073042679185,0.11060832869668458,0.021161913318127747,0.019309805635558265,-0.06666510567073866,-0.1086197172969101,-0.16412155901049436,0.07386785358700547,-0.10101846896151506,-0.11427143250700918,0.19279106360477788,0.013591333620410925,-0.018209872524674382,0.001630929822019447,0.11048038337357574,0.014467526160958949,0.17055082621245107,0.032243578889274746,0.01020408163265306,0.05916144889940985,0.08966119321541262,-0.0211883882604623,0.04810472877512082,-0.06368027201998792,-0.13285596178342512,0.20225041230646976,0.01020408163265306,-0.0038991586443474936,-0.010225499517999887,0.01020408163265306,-0.11563689507459794,-0.20481998883606564,0.01020408163265306,0.01020408163265306,-0.05921761082426996,0.09083350791549377,-0.18407479892392423,-0.022530120825811073,-0.11692909836924655,-0.03978486297002476,-0.05055198252926563,0.005965752069156814,0.01020408163265306,-0.07914933072761052,-0.06369072787949752,-0.20380517326938632,-0.05986639135605534,-0.04991668742733963,0.01020408163265306,0.01020408163265306,-0.16631739395151107,0.1511060654095496,0.0022390122057037356,0.09852290301933204,0.4048293799430005,0.01020408163265306,0.01020408163265306,0.1368900430493725,-0.24378148257198018,0.0921307787268066,0.05545583261516302,0.09034002808890251,0.23159502651821304,-0.24268220221036085,-0.05854537089065816,-0.06078522510213204,0.1619868852199311,0.20721506819722574,-0.06728852757364544,0.17525201201203455,0.01020408163265306,-0.08231651940236463,-0.11966427904515865,0.01020408163265306,0.19578265898184777,0.1843289888943349,-0.0693430659289964,-0.03127733301842571,0.025146015779848513,0.16838173836029494,-0.049515481415573145,0.38359571057558794,0.08000733254404453,-0.15344020031689468,-0.11582940299797194,0.11987713339860298,-0.08113918938033261,0.3284322752918574,-0.03370259793375975,-0.15174602956376937
2026-02-02,-0.12818285511609895,-0.15195528482157125,0.08732246754395463,0.04409144608677891,-0.1230503437171644,0.02900842268648593,0.03207432263927991,0.09078184751497664,0.20843481490651752,0.12107835674140753,0.02687915729013815,0.015147988950612638,-0.06282926866703718,-0.1278844099053821,-0.1606963530310593,0.09775145292549837,-0.10645946311773102,-0.14805946709817186,0.19630419666073248,0.015906259000712117,-0.029227316897445822,0.00632003256917048,0.11883607160180437,0.01020408163265306,0.19254349279451807,0.03393611494308371,0.01020408163265306,0.07106267545278123,0.14398419599778514,-0.015549466817502794,0.06736061437909091,-0.09188812169314477,-0.13244582447156864,0.2075381935972488,0.006108111125406477,0.010292646585007144,-0.017214219223807274,0.01020408163265306,-0.11590255537587836,-0.21976567132353345,0.011107857728755725,0.014996077679149213,-0.05268491949526949,0.0895916375331215,-0.20889411048164658,-0.03962393415784082,-0.10968077299399386,-0.0485425342900097,-0.05535346635364928,-0.002466207414847533,0.01020408163265306,-0.06874832215307473,-0.07277852539272472,-0.23091084299510403,-0.08335814821011278,-0.0512425832336681,0.02159247957102746,0.01020408163265306,-0.19662312809032564,0.15957928460651785,0.00990743052000441,0.09926835285988277,0.42540435968956986,0.01020408163265306,-0.00022862672432976197,0.17767946075473653,-0.2410702449565354,0.10498252001030249,0.062412204617356845,0.09385284799229913,0.2533820415605493,-0.25538720761857486,-0.08474077562053363,-0.068423394096264,0.18820656518411025,0.22859875170568433,-0.07456778225964306,0.20469887537298512,0.01020408163265306,-0.10389271733209048,-0.17903865197896474,0.024070415625245926,0.20653379348526774,0.20751014130970377,-0.08849613841065644,-0.04771966245763319,0.06672394159038944,0.16340347287728443,-0.0643109476023649,0.427199064637769,0.06464689658816064,-0.14812764601782566,-0.1466882441590974,0.10860921912433408,-0.08980137991358143,0.32961259349281125,-0.05352572686131392,-0.1397244769898079
2026-02-03,-0.10888368732793664,-0.11615492208763388,0.0793806430699103,0.03269066237761662,-0.0830607735502753,0.03250147357376632,0.058408134605660404,0.0702537488967396,0.2028949606920439,0.07474495578758818,0.012103813024375758,0.015363497864553002,-0.06360672842909246,-0.07351905719447915,-0.16118894213008036,0.01020408163265306,-0.08940062445710642,-0.059242310104372184,0.13488709327647797,0.01020408163265306,-0.008882306059042217,0.008843881130554222,0.1268533311256202,0.019416039893220566,0.09943605026742633,0.02304499026912086,0.01020408163265306,0.06503656830578969,0.01020408163265306,-0.02978237731960722,0.01020408163265306,0.0012162468250622432,-0.1456943503608423,0.17530598889981336,0.01020408163265306,-0.04943029332484695,-0.02095098893785942,0.01020408163265306,-0.08335623561103642,-0.18891209421799235,0.01020408163265306,-0.027854433402273504,-0.05584724229585605,0.10166090566353074,-0.10509957864289332,0.01020408163265306,-0.11286062482899328,-0.024309208215790808,-0.07299503411244572,0.009527555897696122,0.03430193163858352,-0.11263373125935838,-0.0018680673820704752,-0.12688824764535903,-0.02166452039678271,-0.05494060393599734,-0.0634415221956227,0.0352104845163279,-0.07324582558971397,0.11875304360765417,-0.029963033514004728,0.08930835544272131,0.3581796143575541,0.01020408163265306,0.01020408163265306,0.013538309181336153,-0.20918970331948838,0.08756582701287952,0.04926611584753545,0.09001165460231984,0.15704300391828022,-0.19294804720904188,-0.027927124802738387,-0.024106938705067422,0.1144116595305625,0.14519307429904585,-0.05749881139034323,0.10844781256892398,0.01020408163265306,-0.033122513118259415,0.01020408163265306,0.01020408163265306,0.16590339299190454,0.09138074119952179,-0.07205267973729293,0.01020408163265306,0.01020408163265306,0.19764537303984606,-0.015690456629606192,0.34935666730737086,0.12824586805029917,-0.1835653703580332,-0.05264357099922483,0.13482473858078917,-0.05061496813722547,0.31533764366842926,-0.015538063445457039,-0.19018554654975686
2026-02-04,-0.1671331029898951,-0.18116053235510093,0.11581736665155276,0.05841010454244952,-0.1056847460158603,0.036136241465856964,0.03622488317623876,0.12972581882433334,0.20474333977449588,0.12452309418717579,0.03083074210509345,0.012824301153001868,-0.049162037992490686,-0.15248571033718797,-0.17072105771022927,0.08217281547800617,-0.13170627751567332,-0.16556132502160584,0.16244077277297625,0.003992341931973086,-0.02873000248431762,0.023685955312664167,0.16953090862937453,-0.012369329739343444,0.16191827993567295,0.033280498805639346,-0.014166411139838258,0.09993001333183385,0.1534267154488053,-0.0001330181413800053,0.08059265262116559,-0.13276538562394627,-0.08917666941557488,0.1690968541779266,0.017536527118477453,0.030090295903757378,-0.037565872032331186,0.04450699440426021,-0.08283064935092195,-0.24698142041847287,0.012602440546896328,0.01020408163265306,-0.0654608256415962,0.12435290446337675,-0.20720628428505386,-0.001625642946325518,-0.07346642106393024,-0.09529697137676739,-0.05667032305985703,-0.004275725636773975,0.05979296018735288,-0.09456437565279484,0.01020408163265306,-0.2281642193805401,-0.12715460491000039,-0.09713230075399773,-0.025419252203723777,0.027799498556678383,-0.15956710816307976,0.10522115709704313,-0.009602579586091635,0.09332307478774218,0.4492068636863145,-0.041924306615762734,-0.004934634540590769,0.15504164083150862,-0.22562014084667703,0.16347024846341188,0.08333174757175217,0.10575439634093656,0.2823963950861685,-0.3121911996977614,-0.05284974752396018,-0.12218062752052987,0.24401418699187147,0.2061180110252464,-0.07394356307289568,0.19738886705119618,-0.036661089639516205,-0.1335412762815263,-0.17944367013119278,0.024116869615974125,0.13483020844399937,0.15436671434883872,-0.11298316630826166,0.04822056478667938,0.05875834035506071,0.23230985395353193,-0.06245299512781016,0.4807321332524508,0.08595775544832669,-0.21226491176230905,-0.11209102234562085,0.12847889382160502,-0.029878076479562303,0.2985821066381147,-0.07570035051772217,-0.15541255301371315
2026-02-05,0.01020408163265306,0.01020408163265306,0.01020408163265306,0.01020408163265306,-0.06600453462288879,0.01020408163265306,0.01020408163265306,0.01020408163265306,0.01020408163265306,0.01020408163265306,-0.045919726466632685,0.01020408163265306,0.00500046914080379,0.01020408163265306,0.01020408163265306,0.01020408163265306,0.01020408163265306,-0.11611166346797401,0.01020408163265306,0.01020408163265306,0.01020408163265306,0.01020408163265306,0.01020408163265306,0.01020408163265306,0.01020408163265306,0.01020408163265306,0.01020408163265306,0.01020408163265306,0.01020408163265306,-0.010562471101507669,0.01020408163265306,0.01020408163265306,0.01020408163265306,0.01020408163265306,0.01020408163265306,0.01020408163265306,0.01020408163265306,0.01020408163265306,0.01020408163265306,0.01020408163265306,0.01020408163265306,0.01020408163265306,-0.007729963479881372,0.01020408163265306,0.01020408163265306,0.01020408163265306,0.006653110720815871,0.01020408163265306,0.01020408163265306,0.01020408163265306,0.01020408163265306,0.01020408163265306,0.01020408163265306,0.01020408163265306,0.01020408163265306,0.01020408163265306,0.01020408163265306,0.01020408163265306,0.01020408163265306,0.01020408163265306,0.01020408163265306,0.01020408163265306,0.01020408163265306,0.01020408163265306,0.01020408163265306,0.01020408163265306,0.01020408163265306,0.01020408163265306,0.01020408163265306,0.01020408163265306,0.01020408163265306,0.01020408163265306,0.01020408163265306,0.01020408163265306,0.01020408163265306,0.01020408163265306,0.01020408163265306,0.01020408163265306,0.01020408163265306,0.01020408163265306,0.01020408163265306,0.01020408163265306,0.01020408163265306,0.01020408163265306,0.01020408163265306,0.01020408163265306,0.01020408163265306,0.01020408163265306,0.01020408163265306,0.04838161828249275,0.01020408163265306,0.01020408163265306,0.01020408163265306,0.19406901428354106,0.01020408163265306,0.2501088975105671,0.01020408163265306,-0.14563985284015238
2026-02-06,-0.10374314514597734,-0.08930480753830673,0.07454487255663328,0.01118091525242446,-0.09136293685956168,0.019187824423826577,0.08453997161021183,0.06624134356596434,0.1805851033125581,0.07159700767358991,0.008343350825537981,0.01020408163265306,-0.03479413544762709,-0.05110468137918202,-0.11616251145943259,0.01020408163265306,-0.04981207112635533,-0.08017199476179065,0.11226245374796277,0.01020408163265306,0.01020408163265306,0.01020408163265306,0.07600829206298819,0.01020408163265306,0.01020408163265306,0.021976432879483875,0.01020408163265306,0.11996299462081914,0.01020408163265306,-0.037923268638919864,0.01020408163265306,-0.019471512577435464,-0.09581735586239104,0.08771818914555127,-0.005468884593430088,0.0037323214359254427,-0.03780754446143328,-0.03817843954969509,-0.10485079226836246,-0.08732655838693547,0.01020408163265306,0.01020408163265306,-0.08211522727410647,0.06504552145237723,-0.04716039197591397,0.01020408163265306,-0.10077833126043456,0.005676691114024463,-0.06433577464375122,0.009994543842124528,0.020846278536264307,-0.12879494921041876,0.01020408163265306,-0.012684396830276714,-0.04174695513285681,-0.023220270292504785,-0.10615425379221238,0.03706600952813818,0.01020408163265306,0.039848930389862126,0.004628533328911103,0.07013936910186208,0.21140029591292642,0.01020408163265306,0.06482613000690426,0.01020408163265306,-0.1578968459751305,0.03307202991493827,0.045304550248609514,0.07367843107076717,0.1034736122785555,-0.14632309518839826,0.01020408163265306,0.01020408163265306,0.08397831649253323,0.12319663192210902,-0.12981727686524416,0.021397786147535524,0.0010116602908512365,-0.015894575774075867,0.01020408163265306,0.01020408163265306,0.06273304710331286,0.06420074261947657,0.01020408163265306,0.08832483453866599,0.01245626956649482,0.12678147720874483,-0.00628874253291258,0.33175055536586406,0.12366708436942365,-0.18760648511119557,-0.012644075487860113,0.1872466410433596,-0.0029327584817372514,0.3161023476382592,-0.014278901264344003,-0.16624524291453002
2026-02-09,-0.15199901531197788,-0.16270801247796735,0.09613928026877316,0.07011897673417987,-0.044735129747819236,0.02773815180979284,0.051388680840936195,0.11139365584539249,0.14885902469252277,0.12238734486252945,0.010169201911748336,-0.008146861718321423,-0.02764469902537093,-0.11175569407540682,-0.14024253244714707,0.09552908205913363,-0.16427768239170884,-0.20508640109885257,0.2808635819651981,-0.0657409284302012,-0.0869632110681622,-0.018661114326760125,0.12914631925297704,-0.03026099646887751,0.11766066662041944,0.06881142312442702,0.07354920368538316,0.10822678491188842,0.11504836741750965,-0.019933375411762468,0.004424802125215099,-0.0890142648365012,-0.027095643697653347,0.13589705699490762,0.01020408163265306,0.1568519103839832,-0.036509703871793184,-0.13765600092074892,0.0023210107453711364,-0.1461067528770431,-0.04084879490316622,0.06271953241746804,-0.08350449274340115,0.1043668668998101,-0.17486627119490308,-0.04712548543241333,-0.10141945170176521,-0.0927251827528837,-0.04994365061713509,0.0030492565241250335,0.09303821158456799,-0.18103272615218716,0.06317663329811651,-0.10221545934939869,-0.14370020476382867,-0.13074529784745023,-0.09051492884651809,-0.004573682034826941,-0.10283123013130438,0.1163046830632283,0.032696832830140486,0.09710190640948396,0.38566382106443486,0.037929787326445544,0.0194548237673407,0.10719481090566221,-0.2500159724932968,0.20771592550909146,0.03983028785450417,0.09614580545200964,0.30911342506094525,-0.392763522223146,-0.13897831890440226,0.01020408163265306,0.2110992315726401,0.27160399735471724,-0.1270669495511329,0.07498447611120132,0.0038473665101088836,-0.1701374537249199,-0.142498695853713,-0.09820612214318698,0.16679304006202536,0.17982248089807534,-0.035993277066632225,0.08482339667750216,-0.02623630033408616,0.18218314649029602,-0.025476540393343364,0.46569144950013014,0.07206877647001596,-0.15927215702204214,-0.09446319133478186,0.12254620866589695,-0.0034488897004165166,0.3971921284245754,-0.042624358362844256,-0.22732437043895204
2026-02-10,0.01020408163265306,0.0036444370148622125,0.01020408163265306,0.01020408163265306,-0.04143653964427745,0.01020408163265306,0.01020408163265306,0.01020408163265306,0.01020408163265306,0.01020408163265306,-0.0651835580813232,0.01020408163265306,0.003524900705804161,0.01020408163265306,-0.013488367653443573,0.01020408163265306,0.01020408163265306,-0.10198104386481066,0.01020408163265306,0.01020408163265306,0.01020408163265306,0.01020408163265306,0.01020408163265306,0.01020408163265306,0.01020408163265306,0.01020408163265306,0.01020408163265306,0.01020408163265306,0.01020408163265306,-0.009698171762665323,0.01020408163265306,0.01020408163265306,0.01020408163265306,0.01020408163265306,0.01020408163265306,0.01020408163265306,0.01020408163265306,0.01020408163265306,0.01020408163265306,0.01020408163265306,0.01020408163265306,0.01020408163265306,-0.015949917277340596,0.01020408163265306,0.01020408163265306,0.01020408163265306,-0.008992595395195669,0.01020408163265306,0.01020408163265306,0.01020408163265306,0.01020408163265306,0.01020408163265306,0.01020408163265306,0.01020408163265306,0.01020408163265306,0.01020408163265306,0.01020408163265306,0.01020408163265306,0.01020408163265306,0.01020408163265306,0.01020408163265306,0.01020408163265306,0.01020408163265306,0.01020408163265306,0.01020408163265306,0.01020408163265306,0.01020408163265306,0.01020408163265306,0.01020408163265306,0.01020408163265306,0.01020408163265306,0.01020408163265306,0.01020408163265306,0.01020408163265306,0.01020408163265306,0.01020408163265306,0.01020408163265306,0.01020408163265306,0.01020408163265306,0.01020408163265306,0.01020408163265306,0.01020408163265306,0.01020408163265306,0.01020408163265306,0.01020408163265306,0.01020408163265306,0.01020408163265306,0.01020408163265306,0.01020408163265306,0.043074560979000226,0.01020408163265306,0.01020408163265306,0.01020408163265306,0.21078444871928026,0.01020408163265306,0.2564745216622545,0.01020408163265306,-0.12811961417765508
2026-02-11,-0.11914317839006351,-0.11213654877641999,0.08499142862730763,0.035682531321739326,-0.09063939697999336,0.041645345291162164,0.07336968950535479,0.07768974942832607,0.16551670300693028,0.05460438237903064,0.0044745981860067245,-0.013078030483764333,-0.035054219622830486,-0.06661936664980493,-0.11707273797353883,0.01020408163265306,-0.000843220422662553,-0.06964944904615214,0.08602088782645015,0.01020408163265306,-0.05938518596335926,0.01020408163265306,0.10523724365744111,0.00541763989188866,0.01020408163265306,0.028240651574985474,0.08120438533063973,0.11780897772143939,0.01020408163265306,-0.02103109484645279,0.009688147942207603,0.0035227534889028045,-0.09687517817280088,0.1320572994421259,-0.0027243207647280176,0.01020408163265306,-0.028345967539762033,-0.11657928202348632,-0.05550055327032724,-0.10320685025133808,0.01020408163265306,0.0175354848598723,-0.09367862454389682,0.03347178528718458,-0.07943425462360577,0.01020408163265306,-0.08056939817193531,-0.04041962655609568,-0.10770902940767572,0.01020408163265306,0.09138572957575529,-0.1175780245063243,0.01020408163265306,-0.07199384693542181,-0.0763378609639677,-0.06651700524761188,-0.13159350233666942,0.05361042408144954,0.004936199148463053,0.09841697723061171,0.01718680358696323,0.09321177673291405,0.231465142146371,0.01020408163265306,0.013383286943279293,0.06041211311644116,-0.1891439266522248,0.06556782095396309,0.0496627064099266,0.08029189103285268,0.08885620409313014,-0.15292227549440215,-0.07571278633882621,0.01020408163265306,0.11729631729971692,0.1424099170528433,-0.12924382483084945,0.01020408163265306,0.01020408163265306,-0.03569333952159514,0.01020408163265306,0.01020408163265306,0.16408991931748107,0.1081872557494862,-0.007393639889497981,0.08976313287397353,0.021312487933750915,0.12722756290613343,-0.01538084923147103,0.3321770595981713,0.1539597075041031,-0.17573023377173733,-0.06226514761401368,0.17543964003297163,0.01020408163265306,0.3386412795014769,-0.05120408463905524,-0.18213456489196445
2026-02-12,0.01020408163265306,-0.002750415168048241,0.01020408163265306,0.01020408163265306,-0.03880130486261659,0.01020408163265306,0.01020408163265306,0.01020408163265306,0.01020408163265306,0.01020408163265306,-0.039823429668376265,0.01020408163265306,-0.003536061163826959,0.01020408163265306,-0.069777143967952,0.01020408163265306,0.01020408163265306,-0.0335558706854934,0.01020408163265306,0.01020408163265306,0.01020408163265306,0.01020408163265306,0.01020408163265306,0.01020408163265306,0.01020408163265306,0.01020408163265306,0.01020408163265306,0.01020408163265306,0.01020408163265306,-0.06746582145785339,0.01020408163265306,0.01020408163265306,0.01020408163265306,0.01020408163265306,-0.010554485761561498,0.01020408163265306,0.01020408163265306,0.01020408163265306,-0.0871409178775417,-0.024511042074857416,0.01020408163265306,0.01020408163265306,-0.06706295476066279,0.01020408163265306,0.01020408163265306,0.01020408163265306,-0.04820568913332234,0.01020408163265306,0.01020408163265306,0.01020408163265306,0.01020408163265306,0.01020408163265306,0.01020408163265306,0.01020408163265306,0.01020408163265306,0.01020408163265306,0.01020408163265306,0.01020408163265306,0.01020408163265306,0.01020408163265306,0.01020408163265306,0.01020408163265306,0.01020408163265306,0.01020408163265306,0.01020408163265306,0.01020408163265306,0.01020408163265306,0.01020408163265306,0.01020408163265306,0.01020408163265306,0.01020408163265306,0.01020408163265306,0.01020408163265306,0.01020408163265306,0.01020408163265306,0.01020408163265306,0.01020408163265306,0.01020408163265306,0.01020408163265306,0.01020408163265306,0.01020408163265306,0.01020408163265306,0.01020408163265306,0.01020408163265306,0.01020408163265306,0.03887038146525721,0.01020408163265306,0.01020408163265306,0.01020408163265306,0.19673533827827971,0.01020408163265306,0.01020408163265306,0.01020408163265306,0.25504483533353145,0.01020408163265306,0.29387985699513264,0.01020408163265306,-0.11787588773498643
2026-02-13,-0.11596392636915466,-0.15352842147431273,0.09675044395990015,0.06802295020869886,-0.10830489262597942,0.008387896648109294,0.08051378512833968,0.132493982434119,0.18938520825554495,0.07189311983374823,-0.01986395355465473,-0.04738800985543787,-0.0044279728868627955,-0.10324755256108278,-0.1514304951416105,0.19475989884047107,-0.17088388887425227,-0.26650447141804934,0.28173957637269037,-0.02790424408034315,-0.09947681033007982,-0.04084629132844724,0.127707122308869,-0.007059456511131249,0.14221929054062987,0.052722601206920315,0.003949066253744541,0.11893284890371174,0.16935859340128065,-0.01318252967539365,0.013456460132877266,-0.05600508824077369,-0.017210950955168065,0.13932737439052562,0.017279713296625393,0.11424463707921019,-0.0308729335821989,-0.17964139321283204,0.0024526228833371367,-0.1056787819462454,-0.044248959349185164,0.13827993047058218,-0.08226498825532144,-0.000660967321128714,-0.21510937005778694,0.09685601869029323,-0.18316692104141452,-0.1411193425362897,-0.10381258895625525,0.0691826422490652,0.06019057867824006,-0.20608639930166808,-0.019305083369938712,-0.1114488993106855,-0.11295759405116094,-0.17615600180624422,-0.008984923572133865,-0.02880423750986455,-0.019272936558443927,0.15745455197592995,0.021660039233545834,0.06875354700532024,0.4005209567614075,0.04773782839871542,0.06932896835509708,0.14304805282198954,-0.24045035817333127,0.19321734052442505,-0.030082305516734895,0.06555220289267608,0.3196531944167929,-0.44715544987222466,-0.12176026294196125,0.016061245924413044,0.23693386765743063,0.3269341994967828,-0.22316213705155277,-0.015814722762221137,0.01099903869445821,-0.11801923041251093,-0.16295766048311577,-0.0491108423121228,0.2787524081982212,0.144119630995839,-0.020657083447854177,0.06093390477547433,0.05308410155772219,0.12115607814781434,-0.02397755443596465,0.5176165950244183,0.023912898599377008,-0.31935329556483755,0.025879553406186646,0.1266248854943072,0.040021740113448306,0.41821748457810093,-0.04941925685107333,-0.2835392397703904
2026-02-17,-0.11296016918010014,-0.15895690796041842,0.09699355704579125,0.06979171900581366,-0.10444784005017356,0.012280612017580737,0.07975433998506619,0.12990908173615834,0.16841995528844597,0.0804483364481353,-0.017408280926878378,-0.04143523282356938,-0.006642730903589916,-0.10155897865207236,-0.14773923211006437,0.17127514596037402,-0.15478913403511024,-0.2285115001750865,0.27775299369760714,-0.024242510048542214,-0.0997161535611183,-0.04050852797930086,0.12467276187182874,-0.00815015207042659,0.14492442269448882,0.05158481839318729,0.0061616691903863315,0.10484187463064369,0.14608194184504864,-0.010937167018758793,0.035069410773222856,-0.06834827406371076,-0.03880590877212328,0.13326863190778676,0.013760313409220251,0.14239866135844215,-0.035403959459172615,-0.18808416890206922,-0.005153024373865908,-0.09684072544198172,-0.05063768526910027,0.12873963292068732,-0.09405658747598201,0.00034160659404867434,-0.2055022493303423,0.07408416496075695,-0.1664226013219329,-0.1376196675414628,-0.08936144807129139,0.05476806082640533,0.06595309117743664,-0.20342509950307955,0.008251676409398546,-0.12584613974365058,-0.10830261375462799,-0.17782496763937233,-0.011860612750089402,-0.021364891237463157,-0.025060100274012682,0.14651719742201277,0.0224283497713242,0.08728597035187391,0.4131350252018257,0.041240413405772995,0.07260196611120054,0.13529110570023664,-0.24482635063296804,0.1782790620209228,-0.027373072538672404,0.07963667327637924,0.32144128965058455,-0.44361203798000365,-0.1335244188503911,-0.0021374995684600995,0.2111863659469361,0.3170686379462996,-0.2108737182902095,0.01020408163265306,0.013544826076595053,-0.11756967584894377,-0.12953222241885162,-0.05553902522128254,0.2775846301788635,0.14507657975120827,-0.003918024045460182,0.07518676466073547,0.01020408163265306,0.12675575561716734,-0.022450017329920677,0.4950570587734812,0.055647177801807016,-0.33525897396848925,0.01345541559429734,0.1318290474139168,0.020202590696784845,0.420480102511712,-0.032913305414250825,-0.27541506476676075
2026-02-18,0.01020408163265306,0.0042847413841629175,0.01020408163265306,0.01020408163265306,-0.052327113285488086,0.01020408163265306,0.01020408163265306,0.01020408163265306,0.01020408163265306,0.01020408163265306,-0.06281013477097534,0.01020408163265306,0.0006852185112683033,0.01020408163265306,-0.05104047107386377,0.01020408163265306,0.01020408163265306,-0.03472793498325704,0.01020408163265306,0.01020408163265306,0.01020408163265306,0.01020408163265306,0.01020408163265306,0.01020408163265306,0.01020408163265306,0.01020408163265306,0.01020408163265306,0.01020408163265306,0.01020408163265306,-0.0420121535274229,0.01020408163265306,0.01020408163265306,0.01020408163265306,0.01020408163265306,0.01020408163265306,0.01020408163265306,0.01020408163265306,0.01020408163265306,-0.09456296939150341,0.006969065090401902,0.01020408163265306,0.01020408163265306,0.005125706732562963,0.01020408163265306,0.01020408163265306,0.01020408163265306,-0.026172451132162405,0.01020408163265306,0.01020408163265306,0.01020408163265306,0.01020408163265306,0.01020408163265306,0.01020408163265306,0.01020408163265306,0.01020408163265306,0.01020408163265306,0.01020408163265306,0.01020408163265306,0.01020408163265306,0.01020408163265306,0.01020408163265306,0.01020408163265306,0.01020408163265306,0.01020408163265306,0.01020408163265306,0.01020408163265306,0.01020408163265306,0.01020408163265306,0.01020408163265306,0.01020408163265306,0.01020408163265306,0.01020408163265306,0.01020408163265306,0.01020408163265306,0.01020408163265306,0.01020408163265306,0.01020408163265306,0.01020408163265306,0.01020408163265306,0.01020408163265306,0.01020408163265306,0.01020408163265306,0.01020408163265306,0.01020408163265306,0.01020408163265306,0.011320175396664224,0.01020408163265306,0.01020408163265306,0.01020408163265306,0.09565975701414046,0.01020408163265306,0.01020408163265306,0.01020408163265306,0.2471284372539174,0.01020408163265306,0.2870237099974011,0.01020408163265306,-0.13127827709339734
2026-02-19,-0.023247219581968,-0.017446187407043,0.02477101125386059,-0.006622259697734624,-0.06918446498890539,0.01020408163265306,0.05750307139745313,0.01020408163265306,0.09193129150784912,0.03779084077463305,-0.013455554201579433,0.01020408163265306,-0.0052348660490832855,0.01020408163265306,-0.12776476685573193,0.01020408163265306,0.01020408163265306,0.01020408163265306,0.01020408163265306,0.01020408163265306,-0.027604646407369288,0.01020408163265306,0.01020408163265306,0.01020408163265306,0.01020408163265306,0.01020408163265306,0.01020408163265306,0.01020408163265306,-0.028329504414917245,-0.05948826728512277,0.01020408163265306,0.01020408163265306,-0.020056978975326357,0.01020408163265306,0.0054088141401288205,-0.023614975181071855,0.01020408163265306,-0.015456941418532275,-0.11082263789620166,-0.00825571539829128,0.01020408163265306,0.01020408163265306,-0.07520988970995166,0.01020408163265306,0.01020408163265306,0.01020408163265306,-0.07323466993958488,0.01020408163265306,0.01020408163265306,0.01020408163265306,0.01020408163265306,-0.05741474269198643,0.01020408163265306,0.01020408163265306,0.01020408163265306,0.01020408163265306,0.01020408163265306,0.01020408163265306,0.01020408163265306,0.01020408163265306,0.010937015585670859,0.06446709597094144,0.01020408163265306,0.01020408163265306,0.01020408163265306,0.01020408163265306,-0.05868616103258523,0.01020408163265306,0.01020408163265306,0.04216420346609684,0.01020408163265306,0.01020408163265306,0.01020408163265306,0.01020408163265306,0.01020408163265306,0.018888325006102703,-0.15277674115853926,0.01020408163265306,0.01020408163265306,0.01020408163265306,0.01020408163265306,0.01020408163265306,0.01020408163265306,0.01020408163265306,0.01020408163265306,0.059841702987035755,0.01020408163265306,0.03192104874480258,0.01020408163265306,0.28360779264489927,0.13328083382179037,0.01020408163265306,0.01020408163265306,0.26864125477810974,0.01020408163265306,0.32690975949306617,0.01020408163265306,-0.1168099325054044
2026-02-20,-0.14576767052413947,-0.14425028705779447,0.09211030091128358,0.08022205610175166,-0.1055684620002511,-0.0023808020363352903,0.11487459226919176,0.1356626843486123,0.18869887099204874,0.07409911152501879,0.0016249340451114681,-0.0011105487181434781,-0.02763902432170761,-0.07840505657044074,-0.11664702669206835,0.1055297073988423,-0.12800476530027058,-0.1684970022163463,0.2798119433587954,-0.03100977766809576,-0.05152048258542018,-0.008721358754983278,0.05215520946591603,-0.042768566490507025,0.03354461034485888,0.061952278403010055,0.07106130392401673,0.15876094163976107,0.006893078419882745,-0.04384460134358006,0.06428304451488012,-0.1157135638517265,0.037374584432559206,0.16505653279895596,0.03455384934202152,0.06259947372881956,0.01020408163265306,-0.1838707997149356,-0.08479257783518006,-0.03826071249270832,-0.08132121463004058,0.13347435600096477,-0.1679238521550213,-0.0027862602039128107,-0.16307739851565925,0.13697266786360757,-0.19736928005808307,-0.13911562923138032,-0.06118142399963976,0.041652280558502994,0.09010412025791592,-0.18784667216910686,0.06666993150897024,-0.09765328548948948,-0.10982965444717838,-0.15129667128220123,0.002242407080526681,0.061574693844056644,-0.06404717764108243,0.12318612804372048,0.013291886366277698,0.0989217215541963,0.33675618061429535,0.002481418326451118,0.01020408163265306,0.14812857987634084,-0.19247167592636497,0.07572595709476197,0.008642674332898745,0.06287460105120532,0.2765954925373756,-0.3553267287793353,-0.09173749827451047,-0.06323155035638003,0.21774884367300393,0.28521758797819413,-0.15984391248581814,0.0361888202851756,-0.018980760288234158,-0.14036038005667859,-0.1704958947973108,-0.050404294589433386,0.1767868149902124,0.19387211903241258,-0.031452862252604866,0.1702196279206241,0.0013209367313925385,0.07413555975383947,-0.04871952032024553,0.39241754847457944,0.13599626419628733,-0.1681203267778516,-0.05576578353234238,0.1623157606274684,0.01865288132694576,0.3224826814228278,-0.011805683729014268,-0.20698933639212153
2026-02-23,-0.15994521631990935,-0.1575971952146394,0.10944256795443452,0.06688443254206465,-0.10973586591680796,-0.005572054336763518,0.10378132535343523,0.1625399713584669,0.20747901552639839,0.08610363129333247,0.0007049373600904983,-0.015942103071796485,-0.023937995356202467,-0.09621375512200787,-0.13019011234682584,0.10826104250317108,-0.16363080396697718,-0.17550247819052425,0.25936957651296266,-0.0469770328133403,-0.058940979471243604,0.0029557675394532787,0.09355972766820164,-0.054317976144229216,0.07680168211377865,0.06830478100977798,0.08411512334269977,0.14225263091478677,0.010759939467805409,-0.04321994624193133,0.047264637111829766,-0.12406593030318362,0.055100859826402226,0.156865659163976,0.08430824567919042,0.07492569728373048,-0.012852151601745401,-0.15351819974026917,-0.04712999114568654,-0.022661762160848704,-0.07846045115660953,0.14569885197216986,-0.16144926128193068,0.013838286360040183,-0.21772403413319114,0.1857031916686732,-0.20922023406111262,-0.16669457166685914,-0.06677712447894722,0.05517365139534295,0.07804630523476427,-0.20950468811396197,0.10448897368842662,-0.10716157360591091,-0.10689699746130371,-0.13733409269665187,-0.010462004693411865,0.060032607127974265,-0.08765008239918015,0.17337152007848455,0.0019370147115206383,0.08843455485161214,0.30239655937153825,0.01775954045102479,-0.018458456393162195,0.16310894651302604,-0.2055533425327996,0.11031966897373198,-0.024909131678855827,0.06804092877280846,0.3152620615992401,-0.4193717380077916,-0.11531187208342587,-0.07559845608731901,0.26951794160872317,0.2994508872719305,-0.19136139829968252,0.033794514847329295,-0.030862130902278177,-0.1590092996778749,-0.220835544479367,-0.02018363634669744,0.20305927806719937,0.22836893256007534,-0.04733621422533364,0.1824793960969868,-0.003182787271623454,0.09772143463180157,-0.06344901000532027,0.4191926301578854,0.10736128986226263,-0.1723244347814871,-0.042811295238562565,0.15756681912780304,0.007659239902826045,0.3356988598543972,-0.035915080060273635,-0.21950464499972927
2026-02-24,-0.08051156156083523,-0.05724767547795971,0.08674520278966152,0.01020408163265306,-0.11566329451648082,0.01020408163265306,0.08676162370404786,0.036838681776687816,0.1877408558100547,0.03202401673269598,0.00929556739616361,-0.0027047241256563694,-0.031970126277375416,-0.0052584310473545275,-0.0970524552636985,0.01020408163265306,0.01020408163265306,-0.03456884058672447,0.02832638915727792,0.01020408163265306,-0.03505412344466013,0.01020408163265306,0.01768123948177224,0.01020408163265306,0.01020408163265306,0.028385062193971376,0.02107379546115206,0.1407381951447628,0.01020408163265306,-0.054725551914930975,0.01020408163265306,-0.05040153889707232,-0.007146018161783995,0.09353247195690094,0.01020408163265306,-0.07004210754092377,-0.013340546062796573,-0.19476701105055155,-0.09011342745087153,-0.05992938186371094,0.01020408163265306,0.026615856915498212,-0.14027348262578024,0.01020408163265306,0.01020408163265306,0.046354432176580154,-0.13661062380396286,-0.004377945058827722,-0.062330973771402134,0.015511384381648069,0.02068920644867884,-0.0979692199895206,0.01020408163265306,0.0022641220774789195,-0.0043675761170389425,-0.011463599335668059,-0.005395574199537789,0.05139567577426734,0.01020408163265306,0.05557043044183562,0.012545243935342853,0.07242378087810773,0.08222179182344062,0.01020408163265306,0.04873496663663486,0.01020408163265306,-0.1003587359053871,0.01020408163265306,0.013205124315979117,0.05928806150521744,0.05331497703547944,-0.02002228698246134,-0.045706499671831824,0.01020408163265306,0.08691724899193319,0.1470055939538961,-0.2090486478978224,0.01020408163265306,0.005200762667367179,0.01020408163265306,0.01020408163265306,0.01020408163265306,0.1257668215161488,0.06383837779873211,0.01020408163265306,0.0629705368435044,0.04035807408767798,0.05283017146054159,0.008167213898022385,0.22572859210986942,0.18746959601646918,-0.10201063333862342,-0.044967933807869925,0.22997644727593777,0.01020408163265306,0.33641759348711536,-0.0105666403152156,-0.1712641204431966
2026-02-25,-0.14940554171232961,-0.16653466886594362,0.1179018099015498,0.06080432858252999,-0.11616211621489216,0.005052815703458697,0.08655538818329017,0.16035144480348412,0.2165811343678622,0.06831715926450425,0.0038344365939339126,-0.02521323749658133,-0.032715619641806935,-0.11726364366903978,-0.10451730321873469,0.03610954472843559,-0.12278544210577079,-0.20721083546898184,0.23458542644800207,-0.01939357350295484,-0.03539377531316129,0.059397548985284286,0.13427642101511872,-0.02869048406898405,0.02062564827015496,0.0524053125149949,0.118741946791397,0.17597002908220413,0.01020408163265306,-0.05093466425756939,0.015170264038349111,-0.10748899523632667,0.055801164711546385,0.16346929687855155,0.10343990421527302,0.01020408163265306,0.004069255987805613,-0.19436656082143186,-0.04508465084028284,-0.00933885179622884,0.03748267766255291,0.09536466212788461,-0.15843243627779988,-0.04509285008745645,-0.21711520986975252,0.25035306937169927,-0.2337400843259363,-0.19189596863910657,-0.12856174719819824,0.03365070711089823,0.022855608381890963,-0.17968327602397655,0.060358096218465794,-0.10577849293211292,-0.07153516548909337,-0.08571543853787175,-0.007282616748386718,0.09622993243001357,-0.021984124781906762,0.1617381433996625,-0.008262973280026587,0.05303218911060289,0.2280428414090275,0.01020408163265306,-0.02761682081626654,0.1231464178223396,-0.08610624556803555,0.06552718431686255,-0.030754112827748557,0.05505484012736835,0.23654133728812327,-0.36210746969174157,-0.15805385852413442,0.0019409594003137118,0.28286715012967795,0.2935943985859856,-0.21077903108717214,0.027470957635971502,-0.053695841202425584,-0.11698054727125447,-0.22366378667862286,0.04776399166681316,0.2535337695153702,0.2284533304994793,-0.046140833036641224,0.11186938491374003,0.11454553696402,0.04854095573939299,-0.10114810838197036,0.3799494997751766,0.0931363607525327,-0.1479827306616847,-0.03348328571964741,0.1700517680032418,0.0355042338057991,0.3330598852174043,-0.0872187552530251,-0.19242064020498495
2026-02-26,-0.11659040574073908,-0.13833592606492548,0.10559314050386628,0.02349603061763361,-0.1107516878836009,0.01020408163265306,0.07618509733533049,0.13699935139825717,0.18367451316757935,0.06011654357736162,0.01020408163265306,-0.00492853260265028,-0.038199791786240424,-0.08063104985231173,-0.10267318271139149,0.029350976123511674,-0.05506589585622333,-0.1444762439465375,0.20483772261664104,-0.01900566900259857,-0.004940915913175525,0.03950949388572684,0.10609913689523619,-0.023431086416569477,0.01020408163265306,0.05998393415707177,0.07857693303975359,0.1523565999018058,0.01020408163265306,-0.043689998629930976,0.017274757951101484,-0.07505022108626705,0.01020408163265306,0.13172119016084488,0.04224114309524111,0.003578526515605785,0.0055600397564630425,-0.24097530703949194,-0.102564155915383,-0.03741991057300453,0.0264471122700237,0.08322150985719687,-0.1653569578880963,-0.04522005816422551,-0.1269760468180502,0.163245032970165,-0.19427439899494423,-0.12183575473340565,-0.09983940924711657,0.03463614748821104,0.04836270956749173,-0.14775068347754866,0.01020408163265306,-0.08247206265586683,-0.04452921457834853,-0.07076271003941696,-0.006347416041528943,0.09369533667878423,0.01020408163265306,0.12673915551587372,0.0035922396486907345,0.054801155087109525,0.2419678762685505,0.01020408163265306,0.004987789222812157,0.096929403174107,-0.0808538442369385,0.03949693186341442,0.01020408163265306,0.06800343160408201,0.16356665137456952,-0.2640642468523198,-0.1090347180564168,0.01020408163265306,0.23756630825840386,0.2189002356001849,-0.203421791777443,0.04189230543395904,-0.033987899314213,-0.07606812577343952,-0.076435629291708,0.01020408163265306,0.21742654015463364,0.14280998366086983,0.001399659979014931,0.1265332974041215,0.027681169539595846,0.016540592291810853,-0.0761367555200619,0.2592742489843951,0.15428842448052005,-0.16033735280148143,-0.04556317037312905,0.20503644393681014,0.02527443481420015,0.34207154741211493,-0.06774962846791188,-0.19803984707527977
2026-02-27,0.01020408163265306,-0.011775737226252749,0.012498596513349796,-0.0428353645390773,-0.05609322099251188,0.01020408163265306,0.020933041927459976,0.01020408163265306,0.035330162945086147,0.0268103435255463,-0.020076498540729168,0.01020408163265306,-0.0032279855871056376,0.01020408163265306,-0.0800888590857605,0.01020408163265306,0.01020408163265306,0.01020408163265306,0.01020408163265306,0.01020408163265306,0.01020408163265306,0.01020408163265306,0.01020408163265306,0.01020408163265306,0.01020408163265306,0.01020408163265306,0.01020408163265306,0.01020408163265306,0.01020408163265306,-0.05839458952486844,0.01020408163265306,0.01020408163265306,0.01020408163265306,0.01020408163265306,0.01020408163265306,-0.004209725081859832,0.01020408163265306,-0.08316335485949736,-0.1116093690361847,-0.017476541000528638,0.01020408163265306,0.01020408163265306,-0.06957182614602457,0.01020408163265306,0.01020408163265306,0.01020408163265306,-0.07270707363846246,0.01020408163265306,0.01020408163265306,0.01020408163265306,0.01020408163265306,-0.0410262089062157,0.01020408163265306,0.01020408163265306,0.01020408163265306,0.01020408163265306,0.01020408163265306,0.01020408163265306,0.01020408163265306,0.01020408163265306,0.01020408163265306,0.01020408163265306,0.01020408163265306,0.01020408163265306,0.01020408163265306,0.01020408163265306,0.01020408163265306,0.01020408163265306,0.01020408163265306,0.049072239256738016,0.01020408163265306,0.01020408163265306,0.01020408163265306,0.01020408163265306,0.01020408163265306,0.01020408163265306,-0.15130607144829597,0.01020408163265306,0.01020408163265306,0.01020408163265306,0.01020408163265306,0.01020408163265306,0.01020408163265306,0.01020408163265306,0.01020408163265306,0.07220159780475034,0.01020408163265306,0.01020408163265306,0.01020408163265306,0.24805893352169478,0.10676608226589963,0.01020408163265306,0.01020408163265306,0.30240813791722987,0.01020408163265306,0.33639927532648933,0.01020408163265306,-0.1216098629418897
2026-03-02,-0.09638353895032667,-0.15981978049726622,0.12008161354841503,0.015103801686731458,-0.0952578944647581,-0.012018295935581754,0.07124793724952533,0.13541397755892023,0.1762968651870145,0.06133171537210574,0.011316028531524936,-0.005609908264534535,-0.033642743388477045,-0.08044233873832718,-0.12528224921295228,0.013814455004840194,-0.03522527576098464,-0.18047781397607765,0.2791166087045921,-0.06755163981356115,-0.00732123790449323,0.04819203844151673,0.12193522658470302,-0.05552904670410205,0.055177251611566384,0.06791908861822576,0.07794500367641183,0.1333784227833084,0.008802758822693548,-0.055552999727299185,0.047015739030128914,-0.10270485799109634,0.01020408163265306,0.1271103415697834,0.14004385199124234,0.01020408163265306,0.01020408163265306,-0.27221922533068543,-0.10085443014256662,0.004443299188012644,0.010768222177046654,0.1176974643359338,-0.22916200455952254,-0.0968051336175335,-0.11195974357392982,0.22574897696823568,-0.1937667471116565,-0.14007724725325005,-0.11736909238794214,0.06880919626473024,0.08123614492973126,-0.16656991537943158,0.06768652841296825,-0.10692267940426708,-0.055831583203242205,-0.08134822032245444,0.009338189117137822,0.056989359158619884,0.01020408163265306,0.15989184569513526,0.01351719046044346,0.050101164222575816,0.2237706058013115,0.03833787528377197,-0.030256630300546747,0.08838403396780109,-0.08181554560107551,0.02500162575758921,-0.04943488684076595,0.08105587238242797,0.23474953355702213,-0.3351943816879778,-0.11942326737779567,0.01020408163265306,0.23869865203342772,0.2598331927320354,-0.2058260900846092,0.07733897352464413,-0.05640698133118907,-0.11038653368483092,-0.07955262987527978,0.01020408163265306,0.21257156398429466,0.14438627895247833,-0.020800338835520404,0.1567499855824854,0.019980197793725098,0.01020408163265306,-0.10978021842308563,0.23325738397850174,0.13875431913563008,-0.20594833543416932,0.013490352821848031,0.24462727123115904,0.027700984865318905,0.31898315599751065,-0.04588671869400828,-0.19015253592820094
2026-03-03,0.01020408163265306,-0.009405755625871185,0.01020408163265306,-0.025167359668939633,-0.045267174665587634,0.01020408163265306,0.01020408163265306,0.01020408163265306,0.01020408163265306,0.01020408163265306,-0.02700240893842948,0.01020408163265306,0.0035859523185747333,0.01020408163265306,-0.07467463280269497,0.01020408163265306,0.01020408163265306,0.01020408163265306,0.01020408163265306,0.01020408163265306,0.01020408163265306,0.01020408163265306,0.01020408163265306,0.01020408163265306,0.01020408163265306,0.01020408163265306,0.01020408163265306,0.01020408163265306,0.01020408163265306,-0.06263361691206865,0.01020408163265306,0.01020408163265306,0.01020408163265306,0.01020408163265306,0.01020408163265306,0.01020408163265306,0.01020408163265306,-0.06872323793872909,-0.10754376895846941,0.01020408163265306,0.01020408163265306,0.01020408163265306,-0.06915675232505858,0.01020408163265306,0.01020408163265306,0.01020408163265306,-0.06091359219914527,0.01020408163265306,0.01020408163265306,0.01020408163265306,0.01020408163265306,-0.029158900284854142,0.01020408163265306,0.01020408163265306,0.01020408163265306,0.01020408163265306,0.01020408163265306,0.01020408163265306,0.01020408163265306,0.01020408163265306,0.01020408163265306,0.01020408163265306,0.01020408163265306,0.01020408163265306,0.01020408163265306,0.01020408163265306,0.01020408163265306,0.01020408163265306,0.01020408163265306,0.03748168365041968,0.01020408163265306,0.01020408163265306,0.01020408163265306,0.01020408163265306,0.01020408163265306,0.01020408163265306,-0.14407480446305634,0.01020408163265306,0.01020408163265306,0.01020408163265306,0.01020408163265306,0.01020408163265306,0.01020408163265306,0.01020408163265306,0.01020408163265306,0.0690504230004831,0.01020408163265306,0.01020408163265306,0.01020408163265306,0.24018332079046878,0.05165332275276671,0.01020408163265306,0.01020408163265306,0.2795420048151314,0.01020408163265306,0.35445677438437895,0.01020408163265306,-0.10814984427625764
2026-03-04,0.0019105278386384265,-0.15383678501747428,0.10607098896865173,-0.016551186295399062,-0.09721768404906211,-0.030890047058487108,0.0620586331384789,0.09769715625115355,0.12888234675361976,0.0734712619219316,-0.0016991757693889057,-0.02994885356870993,-0.014845261615491765,-0.05209177295915171,-0.13156395958177133,0.006374503834002404,-0.005016057069973866,-0.13020391367093964,0.20549553487379055,-0.04607475836248639,-0.05499872843612974,0.019837382083264528,0.10064504459036844,-0.019422913832947433,0.07087050682205864,0.07495865881111664,0.01020408163265306,0.15087994552968234,0.04034542012619273,-0.058319591068906024,0.01287887516591016,-0.028266755848575915,0.01020408163265306,0.11741805482659003,0.08601007600432617,0.01020408163265306,0.002406655387397535,-0.23922652955188708,-0.04405348118757414,-0.028421135199349905,0.02887459787426784,0.11549308837064998,-0.16544708483488837,-0.09988604419909718,-0.056722385047299165,0.16230830644224206,-0.19216651726586298,-0.1110147307743364,-0.12269029808438768,0.09352471197592813,0.05282104552085406,-0.16103031693765948,0.01020408163265306,-0.05404650275529428,-0.0302376328816632,-0.05689950307530767,0.011928174698027014,0.02670818913415674,0.002578087600416441,0.13436713291479807,0.01020408163265306,0.038499049885443525,0.17061396832249207,0.07491427375896641,0.007594348947334161,0.1005503778526447,-0.0985412997281408,0.03374739666247717,-0.021761288605806672,0.0616245126338107,0.17495767744087254,-0.2466146607614922,-0.1271548960328015,0.08025208294115281,0.2049843680264636,0.20477248177117474,-0.2904580066548104,0.04546431425758505,-0.03849929437830692,-0.10304540634552652,-0.08964325764441038,0.01020408163265306,0.2426826338730834,0.09307392299571067,-0.06721195852112533,0.11391212301397323,0.12318146607840418,0.01020408163265306,-0.07086535976544932,0.334914357664747,0.01020408163265306,-0.2288083738999375,0.01020408163265306,0.22782133217654058,0.031320415478245094,0.41101807299798154,-0.021378848685693175,-0.21777856190849149
2026-03-05,-0.0004393019900868003,-0.20092971898113032,0.13132093409040554,-0.0012550577784508337,-0.10639234666164935,-0.03571270199770842,0.06899284911946274,0.1146557311636234,0.10987188506122407,0.09533200383811687,0.00016294333531050031,-0.04137556315668474,0.0016254095946124335,-0.07792228915144771,-0.1669178891084585,0.016655300403962358,-0.00803438265009499,-0.18440805216491066,0.27367922586866844,-0.10616746795297169,-0.0719096272359627,0.024495968385390116,0.14578496831992227,-0.05004110199691862,0.14175423783238866,0.08037155780982087,-0.020417288559178265,0.13668224691581682,0.13770488776734519,-0.043528385877197213,0.04536267691255502,-0.07555669964176509,0.0021415141497031064,0.11127885277889898,0.16784254408056196,0.03609361530673153,0.009011224343019323,-0.23820916985378068,-0.04086104524291949,-0.046518263022775674,0.02449902963304148,0.14678371368501447,-0.1518308367210665,-0.13334741560045824,-0.12148413728620204,0.22146237472706343,-0.21803904175096694,-0.1342416786801453,-0.15294876243494857,0.08325612511820636,0.03590370110295976,-0.17160777543887565,0.016440424871005527,-0.11396817929617874,-0.048926725892173034,-0.07180189510629227,0.05255868404435509,0.004552481777027036,-0.03969289344203216,0.1630956873712125,0.001391820135323357,0.04747478222068618,0.20381421183858964,0.053931382337516924,0.012827825272574894,0.13751221389558785,-0.0875366325939666,0.07355485246549391,-0.07014746161421903,0.06409866480429861,0.2621130355509992,-0.31122860703924876,-0.1627312228935794,0.10708548776400419,0.20629181870441113,0.27489448425381335,-0.3199933309380584,0.05393562513201495,-0.04534570764805874,-0.11655050707564883,-0.12471229060483115,0.03401215432850679,0.2642890329659133,0.14550920515325025,-0.07923890820391605,0.09169807187125575,0.14798189757637353,0.012966581159481778,-0.11206537603508245,0.39689740337767543,-0.029624140775916942,-0.3045006788909471,0.01020408163265306,0.22767573731233817,0.032156635653102304,0.43460461976472886,-0.033321119388568125,-0.2248127462025463
2026-03-06,0.01020408163265306,-0.03744170141068875,0.030964019088021995,-0.06682699399525212,-0.047940825003821685,0.01020408163265306,0.051030175627355234,0.01020408163265306,0.06491028998831806,0.04620994658541822,-0.017126895041480246,0.01020408163265306,0.01020408163265306,0.01020408163265306,-0.13436032974059592,0.008181920055496061,0.01020408163265306,0.01020408163265306,0.01020408163265306,0.01020408163265306,0.0007789886662825218,0.01020408163265306,0.01020408163265306,0.01020408163265306,0.01020408163265306,0.01020408163265306,0.01020408163265306,0.01020408163265306,0.01020408163265306,-0.06034801693575802,0.01020408163265306,0.01020408163265306,0.01020408163265306,0.019629371011583685,-0.013436634887749361,-0.022007338702283774,0.01020408163265306,-0.059313984523396465,-0.1030042589858004,0.01020408163265306,0.01020408163265306,0.01020408163265306,-0.06634360784061342,0.01020408163265306,0.01020408163265306,0.01020408163265306,-0.08483944927058817,0.01020408163265306,0.01020408163265306,0.01020408163265306,0.01020408163265306,-0.04472629740652184,0.01020408163265306,0.01020408163265306,0.01020408163265306,0.01020408163265306,0.01020408163265306,0.01020408163265306,0.01020408163265306,0.01020408163265306,0.047629050538440756,0.028449019189910947,0.01020408163265306,0.01020408163265306,0.01020408163265306,0.01020408163265306,-0.003087592392005102,0.01020408163265306,0.01020408163265306,0.042699639565142944,0.01020408163265306,0.01020408163265306,0.01020408163265306,0.01020408163265306,0.01020408163265306,0.026058331880669493,-0.22027047658080784,0.016290915608994205,-0.015191262656383557,0.01020408163265306,0.01020408163265306,0.01020408163265306,0.01020408163265306,0.01020408163265306,0.01020408163265306,0.06620244279203721,0.01020408163265306,0.01020408163265306,0.01020408163265306,0.2780041763809062,0.04242262155754208,0.01020408163265306,0.01020408163265306,0.2824378734711868,0.01020408163265306,0.39981195577246836,0.01020408163265306,-0.10850629689582382
2026-03-09,0.01020408163265306,-0.08539712344583944,0.0710108490784849,-0.038386405505195786,-0.08912492226224786,0.01020408163265306,0.07293284330782052,0.01020408163265306,0.10494333620214154,0.06570067830239144,0.0011879412036547004,-0.022448128186626663,0.008495384035050398,0.01020408163265306,-0.16331073538823612,-0.01649137545453009,0.01020408163265306,0.01020408163265306,0.01020408163265306,-0.013890336709196495,-0.026774847954931874,0.008048058505407702,0.05061516233931269,0.006425544071256135,0.01020408163265306,0.06733556910009289,0.01020408163265306,0.09641367108499391,0.01020408163265306,-0.06151111261437686,0.01020408163265306,0.01020408163265306,-0.01583000271825246,0.046985856832852606,0.01020408163265306,-0.0657037099834589,0.01020408163265306,-0.15942126532110887,-0.1281634438582223,-0.02135113050015624,0.010418866810686942,0.04092320602269593,-0.11799043587742343,0.01020408163265306,0.01020408163265306,0.04675293826220077,-0.13923591404273333,0.01020408163265306,0.01020408163265306,0.0502868305122302,0.01020408163265306,-0.07727916729188891,0.01020408163265306,-0.011226797207457334,0.01020408163265306,0.01020408163265306,0.01020408163265306,0.01020408163265306,0.01020408163265306,0.01020408163265306,0.054971875261285656,0.04417872281345521,0.0904977868694898,0.01020408163265306,0.01020408163265306,0.01020408163265306,-0.021587784674837837,0.01020408163265306,0.02394200435941615,0.05088740148130274,0.05747987407706312,0.01020408163265306,0.01020408163265306,0.024641475756299932,0.01020408163265306,0.11749119195596394,-0.25582032807006666,0.04434622626552032,-0.05437649354247409,0.01020408163265306,0.07719881561848811,0.01020408163265306,0.05005773319140337,0.01020408163265306,0.01020408163265306,0.03101568785660392,0.02121488976788727,0.01020408163265306,0.01020408163265306,0.22043677098027845,0.07365378677795392,-0.13217665543251478,-0.027939346247862817,0.2880014114369054,0.01020408163265306,0.45788581849722787,0.01020408163265306,-0.14930809328695482
2026-03-10,0.01020408163265306,-0.01802648439825954,0.020644885708553752,-0.05020803857651649,-0.03506884140245466,0.01020408163265306,0.011064997154329145,0.01020408163265306,0.01020408163265306,0.0439656426777383,-0.019656473290895378,0.01020408163265306,0.01020408163265306,0.01020408163265306,-0.1050943954271523,0.01020408163265306,0.01020408163265306,0.01020408163265306,0.01020408163265306,0.01020408163265306,-0.005671672310390811,0.01020408163265306,0.01020408163265306,0.01020408163265306,0.01020408163265306,0.01020408163265306,0.01020408163265306,0.01020408163265306,0.01020408163265306,-0.0836213723214897,0.01020408163265306,0.01020408163265306,0.01020408163265306,0.01020408163265306,-0.031029920009744305,0.006325079116445853,0.01020408163265306,-0.04177812221186959,-0.08643681780066778,0.01020408163265306,0.01020408163265306,0.01020408163265306,-0.05734632914622724,0.01020408163265306,0.01020408163265306,0.01020408163265306,-0.07783373462652617,0.01020408163265306,0.01020408163265306,0.01020408163265306,0.01020408163265306,-0.021432308189295625,0.01020408163265306,0.01020408163265306,0.01020408163265306,0.01020408163265306,0.01020408163265306,0.01020408163265306,0.01020408163265306,0.01020408163265306,0.049426817275235506,0.01020408163265306,0.01020408163265306,0.01020408163265306,0.01020408163265306,0.01020408163265306,0.01020408163265306,0.01020408163265306,0.01020408163265306,0.02428752472756762,0.01020408163265306,0.01020408163265306,0.01020408163265306,0.01020408163265306,0.01020408163265306,0.01020408163265306,-0.20510482164215874,0.01020408163265306,-0.010204323421584035,0.01020408163265306,0.01020408163265306,0.01020408163265306,0.01020408163265306,0.01020408163265306,0.01020408163265306,0.06527768112101295,0.01020408163265306,0.01020408163265306,0.01020408163265306,0.2678185248496322,0.040371265993256,0.01020408163265306,0.01020408163265306,0.28779351857200325,0.01020408163265306,0.4037735479516131,0.01020408163265306,-0.09672562629052263
2026-03-11,0.01020408163265306,-0.009038929926039366,0.01020408163265306,-0.029217630182145175,-0.025802179197741644,0.01020408163265306,0.01020408163265306,0.01020408163265306,0.01020408163265306,0.01020408163265306,-0.028899857475940857,0.01020408163265306,0.01020408163265306,0.01020408163265306,-0.06617576557991425,0.01020408163265306,0.01020408163265306,0.003602948711261332,0.01020408163265306,0.01020408163265306,0.0065297340918121565,0.01020408163265306,0.01020408163265306,0.01020408163265306,0.01020408163265306,0.01020408163265306,0.01020408163265306,0.01020408163265306,0.01020408163265306,-0.09500220955174439,0.01020408163265306,0.01020408163265306,0.01020408163265306,0.01020408163265306,-0.062251602060649794,0.01020408163265306,0.01020408163265306,0.01020408163265306,-0.0743897132997703,0.01020408163265306,0.01020408163265306,0.01020408163265306,-0.028682049909228645,0.01020408163265306,0.01020408163265306,0.01020408163265306,-0.07013941689293879,0.01020408163265306,0.01020408163265306,0.01020408163265306,0.01020408163265306,0.006155387317944565,0.01020408163265306,0.01020408163265306,0.01020408163265306,0.01020408163265306,0.01020408163265306,0.01020408163265306,0.01020408163265306,0.01020408163265306,0.01020408163265306,0.01020408163265306,0.01020408163265306,0.01020408163265306,0.01020408163265306,0.01020408163265306,0.01020408163265306,0.01020408163265306,0.01020408163265306,0.01020408163265306,0.01020408163265306,0.01020408163265306,0.01020408163265306,0.01020408163265306,0.01020408163265306,0.01020408163265306,-0.12947855401842776,0.01020408163265306,0.01020408163265306,0.01020408163265306,0.01020408163265306,0.01020408163265306,0.01020408163265306,0.01020408163265306,0.01020408163265306,0.05028353737161177,0.01020408163265306,0.01020408163265306,0.01020408163265306,0.20083385152175862,0.01020408163265306,0.01020408163265306,0.01020408163265306,0.27279356632538937,0.01020408163265306,0.38865974235430184,0.01020408163265306,-0.11590330857913057
2026-03-12,-0.028841476802779778,-0.24040544427440086,0.1290113393808378,0.03825615188148191,-0.08973158818941744,-0.0028377399718752284,0.007849595004370286,0.0867040958077482,0.027816745005115558,0.31917024857428544,0.02786815840463163,-0.028917425571151144,-0.048891937583478505,-0.08163661884026766,-0.21331978477612407,0.0063510637952041565,0.02224747190134282,-0.037002487870517776,0.26043452216764884,-0.209199057539654,-0.09118324230948596,4.313661067894582e-05,0.13585601913516612,-0.06566521164882425,0.06943214357590063,0.11175551195163479,0.09362884791214089,0.13906530966065506,0.10144058400155764,-0.033716069229115915,0.03393021442101858,-0.09854217143654045,-0.04232683764947872,0.12929472339167777,0.1551723386458411,0.060403183961075954,0.02210034041959799,-0.17848302164717272,-0.03931887721238516,-0.2139542307582967,0.01843719968194668,0.1453444397413727,-0.12906146614123737,0.0461377120272271,-0.09732816338838372,0.021240405015247023,-0.2196246753623941,0.007832234640830313,-0.17881078367952755,0.03696831926728455,-0.02636501020803539,-0.07726510897778444,-0.009649036696429412,-0.1718738054265512,-0.05073784266183487,-0.003701755528939192,0.06301082100905261,-0.1066763057878663,-0.106947517923198,0.2102085296954978,0.06694221862791928,0.01352827326014983,0.32946950215185533,-0.0049860312060348334,0.03356313319478713,0.10211969713119619,-0.1354183144180543,0.19514079103804988,0.025371937576475698,0.07337422395928318,0.29823251101590686,-0.22340350685590468,-0.11504868958662672,0.1459623653900158,0.1259109710054242,0.24252789820059534,-0.23592942419873802,0.11101438125472143,-0.10601444328383285,-0.16290693212275859,-0.019868616270653776,-0.0328603890437695,0.12825959360874742,0.16932100433509348,-0.10698727165704955,0.02950258193893155,-0.09794015275747547,0.0872838861522716,-0.1735454564099992,0.2859022488914493,0.04661489634729966,-0.3129577978760996,0.036058434638351476,0.24777499801156402,-0.03697041206593872,0.547703781186838,-0.02228889101391198,-0.15944971174500167
2026-03-13,0.01020408163265306,0.009977412413717305,0.01020408163265306,-0.04314430371775933,-0.018467311713184352,0.01020408163265306,0.01020408163265306,0.01020408163265306,0.01020408163265306,0.01020408163265306,-0.03357282151444101,0.01020408163265306,0.01020408163265306,0.01020408163265306,-0.07444743511937461,0.01020408163265306,0.01020408163265306,0.01020408163265306,0.01020408163265306,0.01020408163265306,0.01020408163265306,0.008944109716924786,0.01020408163265306,0.01020408163265306,0.01020408163265306,0.01020408163265306,0.01020408163265306,0.01020408163265306,0.01020408163265306,-0.09867828982942249,0.01020408163265306,0.01020408163265306,0.005405364063726692,0.01020408163265306,-0.08331222222891568,0.01020408163265306,0.01020408163265306,0.01020408163265306,-0.051082088414401275,0.00817053954713183,0.01020408163265306,0.01020408163265306,-0.027575094299220705,0.01020408163265306,0.01020408163265306,0.01020408163265306,-0.07629906980083793,0.01020408163265306,0.01020408163265306,0.01020408163265306,0.01020408163265306,8.876770044227537e-05,0.01020408163265306,0.01020408163265306,0.01020408163265306,0.01020408163265306,0.01020408163265306,0.01020408163265306,0.01020408163265306,0.01020408163265306,0.01020408163265306,0.01020408163265306,0.01020408163265306,0.01020408163265306,0.01020408163265306,0.01020408163265306,0.01020408163265306,0.01020408163265306,0.01020408163265306,0.01020408163265306,0.01020408163265306,0.01020408163265306,0.01020408163265306,0.01020408163265306,0.01020408163265306,0.01020408163265306,-0.10966319744970944,0.01020408163265306,0.01020408163265306,0.01020408163265306,0.01020408163265306,0.01020408163265306,0.01020408163265306,0.01020408163265306,0.01020408163265306,0.05445649336049083,0.01020408163265306,0.01020408163265306,0.01020408163265306,0.19603741444416808,0.01020408163265306,0.01020408163265306,0.01020408163265306,0.25869034663659357,0.01020408163265306,0.40942813263257183,0.01020408163265306,-0.13087511377543914
2026-03-16,0.01020408163265306,-0.01039501497861241,0.0363980780976728,-0.07306269489030409,-0.040364240977701714,0.01020408163265306,0.02323607031510153,0.01020408163265306,0.10119129345889676,0.017601585090016972,-0.02423153406865399,0.01020408163265306,0.0006117121122322985,0.01020408163265306,-0.10993349168791831,0.006019041171875107,0.01020408163265306,0.01020408163265306,0.01020408163265306,0.01020408163265306,0.01020408163265306,0.008731407734143286,0.01020408163265306,0.01020408163265306,0.01020408163265306,0.01020408163265306,0.01020408163265306,0.01020408163265306,0.01020408163265306,-0.06508407416331285,0.01020408163265306,0.01020408163265306,0.009901970449507462,0.01020408163265306,-0.07036781821677733,-0.017844328706368304,0.01020408163265306,-0.04529436669128986,-0.05466663337109992,0.004716990661737114,0.01020408163265306,0.01020408163265306,-0.0616874486292054,0.01020408163265306,0.01020408163265306,0.01020408163265306,-0.09838997145705713,0.01020408163265306,0.01020408163265306,0.01020408163265306,0.01020408163265306,-0.01548558705841892,0.01020408163265306,0.01020408163265306,0.01020408163265306,0.01020408163265306,0.01020408163265306,0.01020408163265306,0.01020408163265306,0.01020408163265306,0.03818056674767343,0.01020408163265306,0.01020408163265306,0.01020408163265306,0.01020408163265306,0.01020408163265306,-0.04274819107269933,0.01020408163265306,0.01020408163265306,0.03190900658014448,0.01020408163265306,0.01020408163265306,0.01020408163265306,0.01020408163265306,0.01020408163265306,0.01020408163265306,-0.19480074451183135,0.017614164379144495,-0.06798154705918519,0.01020408163265306,0.01020408163265306,0.01020408163265306,0.01020408163265306,0.01020408163265306,0.01020408163265306,0.07781857252248883,0.033693461149959164,0.01020408163265306,0.01020408163265306,0.22863062349312704,0.09182835093112136,0.01020408163265306,0.01020408163265306,0.2625929653705772,0.01020408163265306,0.4658013015548658,0.01020408163265306,-0.10699661713699195
2026-03-17,0.01020408163265306,-0.031423382782021905,0.05131069879253082,-0.08012428031352385,-0.048748729285023634,0.01020408163265306,0.020791509212457936,0.01020408163265306,0.11888762616302435,0.048283944805698996,-0.017622682787563383,0.01020408163265306,-0.004467103143523651,0.002187315965738632,-0.10003051489646689,-0.024876100816372274,0.01020408163265306,0.01020408163265306,0.02435517207844518,0.01020408163265306,0.01020408163265306,0.01020408163265306,0.01020408163265306,0.01020408163265306,0.01020408163265306,0.01262234824030074,0.01020408163265306,0.052668850822539866,0.005286509589896576,-0.04602104255863357,0.01020408163265306,0.01020408163265306,0.01020408163265306,0.01897145011578778,-0.08101118871506259,-0.02632959676615939,0.01020408163265306,-0.09109575013830754,-0.06844555490629392,-0.005660509513283755,0.01020408163265306,0.01020408163265306,-0.07629061123770042,0.014108834475823225,0.01020408163265306,0.01020408163265306,-0.11367393624766578,0.01020408163265306,0.01020408163265306,0.01809249240632888,0.01020408163265306,-0.014457949126164367,0.01020408163265306,0.01020408163265306,0.01020408163265306,0.01020408163265306,0.01020408163265306,0.01020408163265306,0.01020408163265306,0.01020408163265306,0.047886825172331116,0.029521787304694617,0.01020408163265306,0.01020408163265306,0.01020408163265306,0.01020408163265306,-0.037357482216549616,0.01020408163265306,0.01020408163265306,0.043040554706993195,0.01020408163265306,0.01020408163265306,0.01020408163265306,0.01020408163265306,0.01020408163265306,0.01020408163265306,-0.21851606683437313,0.01868554095094309,-0.08257151527696119,0.01020408163265306,0.05412390268894586,0.01020408163265306,0.022078482925055064,0.01020408163265306,0.01020408163265306,0.07095601062687186,0.025885559429601343,0.01020408163265306,0.01020408163265306,0.1671972975763937,0.1289121870486037,0.009460415277308617,0.00047233367770459396,0.2602308117412431,0.01020408163265306,0.49364992383582734,0.01020408163265306,-0.1215566329673985
2026-03-18,0.01020408163265306,-0.0009134945510806333,0.01020408163265306,-0.048769518151691095,-0.015367433886479107,0.01020408163265306,0.01020408163265306,0.01020408163265306,0.01020408163265306,0.01020408163265306,-0.026095141186729925,0.01020408163265306,0.01020408163265306,0.01020408163265306,-0.03968896813160871,0.01020408163265306,0.01020408163265306,0.006928336637801079,0.01020408163265306,0.01020408163265306,0.01020408163265306,0.01020408163265306,0.01020408163265306,0.01020408163265306,0.01020408163265306,0.01020408163265306,0.01020408163265306,0.01020408163265306,0.01020408163265306,-0.015337739871685166,0.01020408163265306,0.01020408163265306,0.01020408163265306,0.01020408163265306,-0.09339882533547923,0.01020408163265306,0.01020408163265306,0.006862128278774261,-0.0862687352477555,0.00684461704871763,0.01020408163265306,0.01020408163265306,-0.03720280204336047,0.01020408163265306,0.01020408163265306,0.01020408163265306,-0.08972359190141185,0.01020408163265306,0.01020408163265306,0.01020408163265306,0.01020408163265306,0.006657255930898094,0.01020408163265306,0.01020408163265306,0.01020408163265306,0.01020408163265306,0.01020408163265306,0.01020408163265306,0.01020408163265306,0.01020408163265306,0.01020408163265306,0.01020408163265306,0.01020408163265306,0.01020408163265306,0.01020408163265306,0.01020408163265306,0.01020408163265306,0.01020408163265306,0.01020408163265306,0.01020408163265306,0.01020408163265306,0.01020408163265306,0.01020408163265306,0.01020408163265306,0.01020408163265306,0.01020408163265306,-0.13544268299300927,0.01020408163265306,0.01020408163265306,0.01020408163265306,0.01020408163265306,0.01020408163265306,0.01020408163265306,0.01020408163265306,0.01020408163265306,0.04448595460297443,0.01020408163265306,0.01020408163265306,0.01020408163265306,0.18765371840847267,0.01020408163265306,0.01020408163265306,0.01020408163265306,0.25757346693171956,0.01020408163265306,0.41767214589542495,0.01020408163265306,-0.14238705778143057
2026-03-19,0.01020408163265306,-0.03183884048956836,0.051621114965619566,-0.07299234772655393,-0.04237731639771173,0.01020408163265306,0.01020408163265306,0.01020408163265306,0.11168675345224545,0.01020408163265306,-0.019142392711081778,0.01020408163265306,0.004546956694465254,0.01020408163265306,-0.09940091128162447,0.0006072526174125369,0.01020408163265306,0.01020408163265306,0.01020408163265306,0.01020408163265306,0.01020408163265306,0.01020408163265306,0.01020408163265306,0.01020408163265306,0.01020408163265306,0.01020408163265306,0.01020408163265306,0.023018056224013282,0.01020408163265306,-0.04009299078021524,0.01020408163265306,0.01020408163265306,0.01020408163265306,0.01020408163265306,-0.059868463437145414,-0.03897065424163357,0.01020408163265306,-0.03728529671734187,-0.06598362547369141,0.0016971728754615646,0.01020408163265306,0.01020408163265306,-0.06390798239890695,0.01020408163265306,0.01020408163265306,0.01020408163265306,-0.10943060406969257,0.01020408163265306,0.01020408163265306,0.01020408163265306,0.01020408163265306,-0.004829581041589696,0.01020408163265306,0.01020408163265306,0.01020408163265306,0.01020408163265306,0.01020408163265306,0.01020408163265306,0.01020408163265306,0.01020408163265306,0.03501939051872441,0.011981344932446663,0.01020408163265306,0.01020408163265306,0.01020408163265306,0.01020408163265306,-0.03813125986478739,0.01020408163265306,0.01020408163265306,0.03650203509068713,0.01020408163265306,0.01020408163265306,0.01020408163265306,0.01020408163265306,0.01020408163265306,0.01020408163265306,-0.20453954090177678,0.01020408163265306,-0.08790168278139485,0.01020408163265306,0.01020408163265306,0.01020408163265306,0.01020408163265306,0.01020408163265306,0.01020408163265306,0.07989323227276642,0.05043177850930634,0.01020408163265306,0.01020408163265306,0.2509101688343801,0.0609885896890222,0.01020408163265306,0.01020408163265306,0.26554476887716466,0.01020408163265306,0.47179259624303277,0.01020408163265306,-0.11301710923713428
2026-03-20,0.01020408163265306,-0.02919689254029971,0.01020408163265306,-0.014572183011970238,-0.02932531769180191,0.01020408163265306,0.01020408163265306,0.01020408163265306,0.01020408163265306,0.01020408163265306,-0.039374517642785815,0.01020408163265306,0.01020408163265306,0.01020408163265306,0.0064292026973114015,0.01020408163265306,0.01020408163265306,-0.0009321041972892956,0.01020408163265306,0.01020408163265306,0.01020408163265306,0.01020408163265306,0.01020408163265306,0.01020408163265306,0.01020408163265306,0.01020408163265306,0.01020408163265306,0.01020408163265306,0.01020408163265306,0.01020408163265306,0.01020408163265306,0.01020408163265306,0.01020408163265306,0.01020408163265306,-0.023831956523653587,0.01020408163265306,0.01020408163265306,0.01020408163265306,-0.08451101271562816,0.01020408163265306,0.01020408163265306,0.01020408163265306,0.010091750149618146,0.01020408163265306,0.01020408163265306,0.01020408163265306,-0.08763765429766882,0.01020408163265306,0.01020408163265306,0.01020408163265306,0.01020408163265306,0.01020408163265306,0.01020408163265306,0.01020408163265306,0.01020408163265306,0.01020408163265306,0.01020408163265306,0.01020408163265306,0.01020408163265306,0.01020408163265306,0.01020408163265306,0.01020408163265306,0.01020408163265306,0.01020408163265306,0.01020408163265306,0.01020408163265306,0.01020408163265306,0.01020408163265306,0.01020408163265306,0.01020408163265306,0.01020408163265306,0.01020408163265306,0.01020408163265306,0.01020408163265306,0.01020408163265306,0.01020408163265306,0.01020408163265306,0.01020408163265306,0.01020408163265306,0.01020408163265306,0.01020408163265306,0.01020408163265306,0.01020408163265306,0.01020408163265306,0.01020408163265306,0.01020408163265306,0.01020408163265306,0.01020408163265306,0.01020408163265306,0.03922843988292382,0.01020408163265306,0.01020408163265306,0.01020408163265306,0.23933006838238807,0.01020408163265306,0.32997728100605345,0.01020408163265306,-0.17281796064005445
2026-03-23,-0.0037372050465014958,-0.08300380285520503,0.07815671970376843,-0.05790965444073164,-0.05937906779164462,0.0023158668342132312,0.01020408163265306,0.01020408163265306,0.14589495568214048,0.12064057520177758,-0.011480739868297138,-0.005591932346682002,-0.046096705268100606,-0.0027275781283769146,-0.10530291821330458,-0.06727153241991547,0.01020408163265306,0.01020408163265306,0.11259169969687355,0.01020408163265306,0.008854382039468192,0.01020408163265306,0.01020408163265306,0.009472298207027661,-0.04127231162347771,0.04180050239418961,0.01020408163265306,0.1731674102672122,0.01020408163265306,-0.012726223086852792,0.006732356532033221,0.01020408163265306,0.01020408163265306,0.025147085053404055,-0.023563656644978254,-0.09201891845002098,0.01020408163265306,-0.20063947121874956,-0.07436976646428992,-0.09365340078683264,0.01020408163265306,0.024380453418824995,-0.0918602740509891,0.07777874007670141,0.01020408163265306,0.01020408163265306,-0.17004921525008998,0.01020408163265306,-0.09361219812916395,0.01020408163265306,0.01020408163265306,-0.015184807253087384,0.01020408163265306,-0.021786390036547698,0.01020408163265306,0.031272928498997085,0.01020408163265306,0.012350386817113423,0.01020408163265306,0.12105409752827902,0.046285997944368516,0.03676445985823829,0.053120214907814906,0.01020408163265306,0.01020408163265306,0.01020408163265306,-0.10711883696716647,0.09308952671735697,0.03393724756853785,0.0460445020363806,0.08608992158805102,0.01020408163265306,-0.04722656297430841,0.08950240138577066,0.01020408163265306,0.01020408163265306,-0.25294474817641427,0.02918594708483014,-0.1397059654167909,-0.03241462211841802,0.04660288106244147,0.01020408163265306,0.14543944515667426,0.010551255433555635,-0.0683939024942228,0.07447632532367776,0.01020408163265306,0.023963371021011655,-0.06574300049829802,0.1019884740126184,0.18733592315432693,-0.07536940463179242,0.01020408163265306,0.2898350858442249,0.015293826501165442,0.5759944332683937,0.010963589851569042,-0.14224700563402656
2026-03-24,0.01020408163265306,-0.017521499338593434,0.01020408163265306,-0.033831993882032736,-0.014550195396239673,0.01020408163265306,0.01020408163265306,0.01020408163265306,0.01020408163265306,0.01020408163265306,-0.03522521181879374,0.01020408163265306,0.01020408163265306,0.01020408163265306,-0.03474574478139706,0.01020408163265306,0.01020408163265306,-0.0028956530492130084,0.01020408163265306,0.01020408163265306,0.01020408163265306,0.01020408163265306,0.01020408163265306,0.01020408163265306,0.01020408163265306,0.01020408163265306,0.01020408163265306,0.01020408163265306,0.01020408163265306,0.01020408163265306,0.01020408163265306,0.01020408163265306,0.01020408163265306,0.01020408163265306,-0.048369365991482734,0.01020408163265306,0.01020408163265306,0.008981743747798717,-0.09622522280842848,0.01020408163265306,0.01020408163265306,0.01020408163265306,-0.01449593227831965,0.01020408163265306,0.01020408163265306,0.01020408163265306,-0.09936091696924029,0.01020408163265306,0.01020408163265306,0.01020408163265306,0.01020408163265306,0.004836744673591661,0.01020408163265306,0.01020408163265306,0.01020408163265306,0.01020408163265306,0.01020408163265306,0.01020408163265306,0.01020408163265306,0.01020408163265306,0.01020408163265306,0.01020408163265306,0.01020408163265306,0.01020408163265306,0.01020408163265306,0.01020408163265306,0.01020408163265306,0.01020408163265306,0.01020408163265306,0.01020408163265306,0.01020408163265306,0.01020408163265306,0.01020408163265306,0.01020408163265306,0.01020408163265306,0.01020408163265306,-0.07267256067710487,0.01020408163265306,0.01020408163265306,0.01020408163265306,0.01020408163265306,0.01020408163265306,0.01020408163265306,0.01020408163265306,0.01020408163265306,0.01020408163265306,0.01020408163265306,0.01020408163265306,0.01020408163265306,0.1269062786677834,0.01020408163265306,0.01020408163265306,0.01020408163265306,0.2563004324645271,0.01020408163265306,0.3935221047032549,0.01020408163265306,-0.147183619511008
2026-03-25,0.01020408163265306,-0.02838303801209424,0.01020408163265306,-0.01502528141261448,-0.016046056835553525,0.01020408163265306,0.01020408163265306,0.01020408163265306,0.01020408163265306,0.01020408163265306,-0.046043474596679713,0.01020408163265306,0.009201318220004693,0.01020408163265306,-0.0012314177751225602,0.01020408163265306,0.01020408163265306,-0.008146975328743382,0.01020408163265306,0.01020408163265306,0.01020408163265306,0.01020408163265306,0.01020408163265306,0.01020408163265306,0.01020408163265306,0.01020408163265306,0.01020408163265306,0.01020408163265306,0.01020408163265306,0.01020408163265306,0.01020408163265306,0.01020408163265306,0.01020408163265306,0.01020408163265306,-0.02589365463558326,0.01020408163265306,0.01020408163265306,0.01020408163265306,-0.07680579455058008,0.01020408163265306,0.01020408163265306,0.01020408163265306,0.01020408163265306,0.01020408163265306,0.01020408163265306,0.01020408163265306,-0.0926046829428744,0.01020408163265306,0.01020408163265306,0.01020408163265306,0.01020408163265306,0.01020408163265306,0.01020408163265306,0.01020408163265306,0.01020408163265306,0.01020408163265306,0.01020408163265306,0.01020408163265306,0.01020408163265306,0.01020408163265306,0.01020408163265306,0.01020408163265306,0.01020408163265306,0.01020408163265306,0.01020408163265306,0.01020408163265306,0.01020408163265306,0.01020408163265306,0.01020408163265306,0.01020408163265306,0.01020408163265306,0.01020408163265306,0.01020408163265306,0.01020408163265306,0.01020408163265306,0.01020408163265306,0.01020408163265306,0.01020408163265306,0.01020408163265306,0.01020408163265306,0.01020408163265306,0.01020408163265306,0.01020408163265306,0.01020408163265306,0.01020408163265306,0.01020408163265306,0.01020408163265306,0.01020408163265306,0.01020408163265306,0.029913789911116727,0.01020408163265306,0.01020408163265306,0.01020408163265306,0.23405422676372548,0.01020408163265306,0.343227563256701,0.01020408163265306,-0.1633593792045594
2026-03-26,0.01020408163265306,-0.029371440413915886,0.01020408163265306,-0.01597009203507395,-0.018019865194281004,0.01020408163265306,0.01020408163265306,0.01020408163265306,0.01020408163265306,0.01020408163265306,-0.04345574354815634,0.01020408163265306,0.007461362204860987,0.01020408163265306,0.00032336084589345247,0.01020408163265306,0.01020408163265306,-0.006964315805975724,0.01020408163265306,0.01020408163265306,0.01020408163265306,0.01020408163265306,0.01020408163265306,0.01020408163265306,0.01020408163265306,0.01020408163265306,0.01020408163265306,0.01020408163265306,0.01020408163265306,0.01020408163265306,0.01020408163265306,0.01020408163265306,0.01020408163265306,0.01020408163265306,-0.021414597059807944,0.01020408163265306,0.01020408163265306,0.01020408163265306,-0.08127396414213854,0.01020408163265306,0.01020408163265306,0.01020408163265306,0.01020408163265306,0.01020408163265306,0.01020408163265306,0.01020408163265306,-0.09500090410063107,0.01020408163265306,0.01020408163265306,0.01020408163265306,0.01020408163265306,0.01020408163265306,0.01020408163265306,0.01020408163265306,0.01020408163265306,0.01020408163265306,0.01020408163265306,0.01020408163265306,0.01020408163265306,0.01020408163265306,0.01020408163265306,0.01020408163265306,0.01020408163265306,0.01020408163265306,0.01020408163265306,0.01020408163265306,0.01020408163265306,0.01020408163265306,0.01020408163265306,0.01020408163265306,0.01020408163265306,0.01020408163265306,0.01020408163265306,0.01020408163265306,0.01020408163265306,0.01020408163265306,0.01020408163265306,0.01020408163265306,0.01020408163265306,0.01020408163265306,0.01020408163265306,0.01020408163265306,0.01020408163265306,0.01020408163265306,0.01020408163265306,0.01020408163265306,0.01020408163265306,0.01020408163265306,0.01020408163265306,0.03058814658782468,0.01020408163265306,0.01020408163265306,0.01020408163265306,0.2343702061085726,0.01020408163265306,0.3446836607055142,0.01020408163265306,-0.16309867129554256
2026-03-27,0.01020408163265306,-0.028885578169484095,0.01020408163265306,-0.015470258290117856,-0.018263924847604966,0.01020408163265306,0.01020408163265306,0.01020408163265306,0.01020408163265306,0.01020408163265306,-0.04392662711554414,0.01020408163265306,0.007483903337830928,0.01020408163265306,0.00020543027558230995,0.01020408163265306,0.01020408163265306,-0.0041355320960097496,0.01020408163265306,0.01020408163265306,0.01020408163265306,0.01020408163265306,0.01020408163265306,0.01020408163265306,0.01020408163265306,0.01020408163265306,0.01020408163265306,0.01020408163265306,0.01020408163265306,0.01020408163265306,0.01020408163265306,0.01020408163265306,0.01020408163265306,0.01020408163265306,-0.02254368840040264,0.01020408163265306,0.01020408163265306,0.01020408163265306,-0.0799176760554667,0.01020408163265306,0.01020408163265306,0.01020408163265306,0.01020408163265306,0.01020408163265306,0.01020408163265306,0.01020408163265306,-0.09734094086841452,0.01020408163265306,0.01020408163265306,0.01020408163265306,0.01020408163265306,0.01020408163265306,0.01020408163265306,0.01020408163265306,0.01020408163265306,0.01020408163265306,0.01020408163265306,0.01020408163265306,0.01020408163265306,0.01020408163265306,0.01020408163265306,0.01020408163265306,0.01020408163265306,0.01020408163265306,0.01020408163265306,0.01020408163265306,0.01020408163265306,0.01020408163265306,0.01020408163265306,0.01020408163265306,0.01020408163265306,0.01020408163265306,0.01020408163265306,0.01020408163265306,0.01020408163265306,0.01020408163265306,0.01020408163265306,0.01020408163265306,0.01020408163265306,0.01020408163265306,0.01020408163265306,0.01020408163265306,0.01020408163265306,0.01020408163265306,0.01020408163265306,0.01020408163265306,0.01020408163265306,0.01020408163265306,0.01020408163265306,0.030091282188827784,0.01020408163265306,0.01020408163265306,0.01020408163265306,0.23606632170419672,0.01020408163265306,0.34332302865202363,0.01020408163265306,-0.16382859745827388
2026-03-30,0.01020408163265306,-0.0113211758963576,0.01020408163265306,-0.0328219273832787,-0.016733197182374357,0.01020408163265306,0.01020408163265306,0.01020408163265306,0.01020408163265306,0.01020408163265306,-0.05212926111919766,0.01020408163265306,0.0027054449606690933,0.01020408163265306,0.01020408163265306,0.01020408163265306,0.01020408163265306,0.01020408163265306,0.01020408163265306,0.01020408163265306,0.01020408163265306,0.01020408163265306,0.01020408163265306,0.01020408163265306,0.01020408163265306,0.01020408163265306,0.01020408163265306,0.01020408163265306,0.01020408163265306,0.01020408163265306,0.01020408163265306,0.01020408163265306,0.01020408163265306,0.01020408163265306,-0.02840337983300302,0.01020408163265306,0.01020408163265306,0.01020408163265306,-0.08173674881348164,0.01020408163265306,0.01020408163265306,0.01020408163265306,0.01020408163265306,0.01020408163265306,0.01020408163265306,0.01020408163265306,-0.10524921585611505,0.01020408163265306,0.01020408163265306,0.01020408163265306,0.01020408163265306,0.01020408163265306,0.01020408163265306,0.01020408163265306,0.01020408163265306,0.01020408163265306,0.01020408163265306,0.01020408163265306,0.01020408163265306,0.01020408163265306,0.01020408163265306,0.01020408163265306,0.01020408163265306,0.01020408163265306,0.01020408163265306,0.01020408163265306,0.01020408163265306,0.01020408163265306,0.01020408163265306,0.01020408163265306,0.01020408163265306,0.01020408163265306,0.01020408163265306,0.01020408163265306,0.01020408163265306,0.01020408163265306,0.01020408163265306,0.01020408163265306,0.01020408163265306,0.01020408163265306,0.01020408163265306,0.01020408163265306,0.01020408163265306,0.01020408163265306,0.01020408163265306,0.01020408163265306,0.01020408163265306,0.01020408163265306,0.01020408163265306,0.028821578904706442,0.01020408163265306,0.01020408163265306,0.01020408163265306,0.23905727266138893,0.01020408163265306,0.3412106628891605,0.01020408163265306,-0.16095107374028017
2026-03-31,-0.060069841523311934,-0.10350435888194019,0.08289119155152525,-0.0472696703352025,0.015453304451499155,0.08498145327848448,-0.10134120967264604,0.0777230294713837,0.07721350887465238,0.2391228765708653,-0.038923492918615486,-0.06964457577710599,-0.08561833716806636,-0.0595022051074465,-0.09348062040792757,-0.14538866055093727,0.01113929624819291,0.07179128824193216,0.259596237538517,-0.04670065492946293,-0.02610494927740392,-0.0825482729997031,0.014154481282871834,-0.02503260273008981,0.01020408163265306,0.06761608119027024,0.014588129333526299,0.14395166556842087,-0.1507881998581375,0.021577916786913134,-0.1093967620893099,-0.04697148087836966,0.20398623444762368,0.1862918656771178,0.06470960920843641,-0.11157275583285904,0.14349992134460124,-0.19933430170865582,0.01020408163265306,-0.25230994117006067,0.06233016514838764,0.18641507270171082,-0.16895110054346002,0.23369251105890468,-0.07384014948975584,0.022764577515609893,-0.19756434235142428,0.0845630843043187,-0.21110631078609104,-0.011669533615755493,-0.0829317010627729,-0.081455348691083,0.08698375993204138,-0.07308876652551174,-0.0898455029646781,-0.04947102617683849,0.01785322951583863,-0.12351395937027602,-0.04200316677344915,0.3742530773870003,0.08197651390530121,0.06363008014837547,0.22822215675280455,0.025197723702059582,0.01020408163265306,-0.04287790225891542,-0.2774296149130633,0.3473825026705263,0.01020408163265306,0.05747242158717986,0.2965416729464741,-0.37377633345656147,0.010439317072526932,0.17583813138275728,0.05026115704003957,0.25249449780422756,-0.2912429262243916,0.014575231794743047,-0.14568817875951195,-0.21517191985070705,0.006947093793405308,-0.040556067134240065,0.1563104726003153,0.17803879814792253,-0.12871560777392643,0.01020408163265306,-0.11204269122005552,0.16934139737716014,-0.138728778836097,0.01020408163265306,-0.03229424621410199,-0.07742391202441483,0.13996283989360453,0.28582018588039343,0.06298234081237102,0.5874349379904769,0.0819677502872151,-0.24631330118210903
2026-04-01,-0.07702055648976297,-0.09465003355047386,0.10478131961110305,-0.022782227436280916,-0.0033066116347140826,0.07772735571283756,-0.08771143626154215,0.09024509570585094,0.10565565081740039,0.22443525293896305,-0.04592191001263794,-0.04346715538401711,-0.08224344880572115,-0.04431554316099621,-0.13538758816213053,-0.19214757216499218,-0.008477863106154044,0.07396187381449922,0.3157258017838031,-0.1129372666921476,-0.05242879560740063,-0.04559017407548286,0.054093899631659025,-0.05938885510097029,-0.028836817446725546,0.06824504645583394,0.010348909627448586,0.13846377028758,-0.10989362465456028,0.01020408163265306,-0.09818096688928779,-0.064897386331798,0.19051235729303917,0.1869719276710669,0.19053207679429868,-0.15325784403761203,0.11616855484334598,-0.1681152143240789,0.10701597730125721,-0.26440043338633906,0.05924078301714023,0.14734996993338476,-0.17469740341167894,0.2896994034260117,-0.043226753318617486,0.027832381990641676,-0.19495037545311455,0.06034793803107718,-0.3399014794635105,-0.005129080392945306,-0.07902864371625216,-0.07347045708175652,0.16162011188283892,-0.0854740611782826,-0.0913716110889081,-0.04723816492909184,0.02677670706038416,-0.16099503730887463,-0.06974066200475243,0.38727476298939945,0.06897735338016472,0.0647181387528614,0.22184791244049423,-0.012424514064730679,-0.004280504122404209,-0.08893154911517454,-0.28487387568726,0.40528121459463734,-0.011448346017110625,0.028093015872208152,0.38574669312118054,-0.45915583297099116,0.012121621811624907,0.2388328350675016,0.06150809565029119,0.21181152881795,-0.2498389685395606,-0.020754310957819433,-0.15771366313805152,-0.21568338626567374,-0.026455603020484844,0.004750087817799138,0.07938790773913991,0.1928182591015047,-0.18366904858342617,-0.024426878801995282,-0.0688799093400236,0.25264749780653417,-0.1804306018849178,0.08837599794918802,-0.024083533784398203,-0.168474829489172,0.15779545486261132,0.34071844642827037,0.05210954620623422,0.622894257648255,0.05516664557339097,-0.22872511104855384
2026-04-02,-0.05763092969851692,-0.08181858938386441,0.09112606908919131,-0.03411960405878664,-0.014590506727617835,0.0586380560805599,-0.05730698514653981,0.08585232032806685,0.1475668915497978,0.17478665601580018,-0.04808805827724845,-0.046382813532471215,-0.0757999515615129,-0.0321637291793582,-0.0824796749632364,-0.16071006450619485,0.01861813802795221,0.035357497994131744,0.26009761363435774,-0.07812240268945149,-0.0416150016717023,-0.034693366574140336,0.01020408163265306,-0.034232607509118704,-0.030794076712905988,0.07406479931269996,0.014148169510873575,0.154062527539303,-0.10228449201030018,0.017691310755904528,-0.07118054974567772,-0.026502633642239384,0.16066772638218435,0.17155335369884359,0.08370202368596574,-0.13436505494401038,0.09781700388532961,-0.18017679759191546,0.038666012217453735,-0.21168953229235266,0.04503797463867777,0.11452710601965699,-0.16489367048250322,0.22904671253153483,-0.018194045977317955,0.01020408163265306,-0.18088840632429573,0.05890070965962155,-0.3034095124259766,0.01020408163265306,-0.06585744397456739,-0.07295092539952489,0.10967171012821353,-0.03613968505617226,-0.07542385756208016,-0.04609095975876808,0.01020408163265306,-0.10759123321906476,-0.024844515955453665,0.29544320218687714,0.04836685295094914,0.04616859703732648,0.21149798650178986,0.01020408163265306,0.004292240148565153,-0.04864208775152035,-0.27702335211487145,0.304524146838189,0.01020408163265306,0.032674772573548026,0.27255539501634823,-0.37506932736991944,0.032027363321781604,0.2219522041949796,0.053250217940115196,0.16401835692801384,-0.25695243015543373,-0.002938068539142979,-0.15213589261223417,-0.17235695776664298,0.011800529181689199,0.01020408163265306,0.14913305411540886,0.12031386237514688,-0.20974180660406008,0.01020408163265306,0.01020408163265306,0.17281652999493763,-0.11980746281333136,0.0661954945156418,0.01020408163265306,-0.12014108801133479,0.11863196060394604,0.2870110500650232,0.07213009820550301,0.5756757256609031,0.051351737585852,-0.18763242466180766
2026-04-06,-0.05227001763512369,-0.07840790353700419,0.10230339107577971,-0.0351456320648329,-0.01241048843634007,0.054054744475732136,-0.09309425969989833,0.07931254117950494,0.1387860360812271,0.15030398608995746,-0.05327071805069847,-0.02728092463536464,-0.07717037151068562,-0.015930077992441852,-0.050473720036153205,-0.15228995002216167,0.0004524967745492565,0.01020408163265306,0.3055351572016583,-0.054490713313437786,-0.04624696966295177,0.01020408163265306,0.002554323563103968,-0.04524863460561155,-0.07732188341564242,0.07496957646904452,-0.02347790010619733,0.157759445711534,-0.12865154353866612,0.022593256257490528,-0.06449538162049172,-0.03729111125044324,0.16671814363163,0.22944797134258985,0.08049045923512263,-0.15840710184325407,0.09974781866973877,-0.1563835024543836,0.03538510436320012,-0.22984190687979963,0.02271988640157952,0.14089008525128596,-0.15988350771959856,0.2867850060491685,0.006359277858939461,0.01020408163265306,-0.15898688270024214,0.04465732499813406,-0.32258335620961637,-0.007024383378919757,-0.04432390534515352,-0.0911816230473144,0.15114098565496784,-0.01202394326041258,-0.09008978873280037,-0.09765216728298505,0.017285044713119264,-0.10130656199261331,-0.08259608816085283,0.3223774586806947,0.02394937430358133,0.07118130889385664,0.19083497638355665,-0.036759381570968204,-0.09175710506141967,-0.09503671847063096,-0.335467113174574,0.3503893028936925,0.027982172984363875,0.02927437010086189,0.3225197627449114,-0.38405536305592414,0.04970243000472482,0.26272076133021494,0.0205180371137042,0.16926498504353427,-0.2579973695911498,-0.048438148179578144,-0.1597479424211846,-0.1783562005450326,0.0024664086414442933,0.021305620294953104,0.14910003264012786,0.1333875869021612,-0.17793128972369565,0.029437769965082704,0.10283890967030176,0.21787097671570876,-0.13971607130792726,0.01020408163265306,0.010612664053645495,-0.15862899950715625,0.1649796525423311,0.28805268491372366,0.06323036759180461,0.5911219052959698,0.06943591892736196,-0.19447920546064942
2026-04-07,-0.0530196828580574,-0.10122234362564798,0.09114613095560635,-0.021974315757289115,-0.03300290468670114,0.06799557848843404,-0.060017517872817006,0.013236761358620777,0.13956784084267,0.21018007600290978,-0.04471031593640878,-0.04938176967421121,-0.06432201826569642,-0.03824597506800351,-0.09781911602420633,-0.11172665743255392,-0.007889083960915746,0.04232229593141506,0.23922177842652614,0.004583330130636416,-0.05289745090934464,-0.009278490779520384,0.019270285572148875,-0.0055705593142779,-0.05094712722987929,0.03904602736439432,-0.03418121329559596,0.15593635008622014,-0.06760347801387244,0.01020408163265306,-0.08557834066476172,-0.0758098522594799,0.15346589244699482,0.19187772984242638,0.08698966148383075,-0.10418793522643335,0.07722303357662871,-0.13825181653900626,0.009897133707967512,-0.237445056734816,0.05504345164378138,0.15190570531727327,-0.1534871362286083,0.27679347257877346,-0.05634009156565728,-0.011896577111116616,-0.1375755823259466,0.06604153433385294,-0.31137965241873006,-0.007926467794492126,-0.04203144486168573,-0.10274124592671782,0.12431323150513388,-0.029281257589651652,-0.04310037709597789,-0.05744087561231602,0.01020408163265306,-0.09612111323659703,-0.08025083531497146,0.29251288253401425,0.033310742039525436,0.07021791142095346,0.19103293130071797,-0.0016586261941295925,-0.04601371470636725,-0.12503338980352788,-0.31098496488700517,0.3603039740360524,0.037044505305941354,0.0184260419715147,0.3458926894838668,-0.3060349728362848,0.020322447072097453,0.12432851975129369,0.01567810201765855,0.16868978299166976,-0.2712045209550006,-0.05980970819663192,-0.12019401095698802,-0.1666487781298381,0.0010138251923422527,0.008184096995742667,0.18011902992075177,0.14032063862777186,-0.1826105442155992,0.04405091965150893,0.08409912833673502,0.2382684727486178,-0.12230657398636559,0.07645998542282773,0.01020408163265306,-0.1738867435158169,0.05686634691232279,0.2840147460070409,0.059596528893159854,0.6209755170272694,0.05357235947969455,-0.21092944403977515
2026-04-08,-0.015253737710493332,-0.0733085821164988,0.09289865149262634,-0.042729563511327215,-0.048260454608945354,0.01020408163265306,0.01020408163265306,0.01020408163265306,0.1802663846925,0.13241259979849707,-0.02935032130620472,-0.046418602354440064,-0.05919914136803374,-0.0038657384721224996,-0.09260376304240454,-0.09070287598859238,0.01020408163265306,0.01020408163265306,0.1358541427551017,0.01020408163265306,-0.040168611230987805,0.01020408163265306,0.007529890748505649,0.02827196820983171,0.009956153325191312,0.0534800886815677,0.01020408163265306,0.13001074768284998,-0.011650438785448287,0.01020408163265306,-0.03324795135589419,0.01020408163265306,0.04553832791518608,0.10992428976853348,0.007886303534613386,-0.08607809566661173,0.01020408163265306,-0.13878145230679065,-0.04741134748719091,-0.16718177899358208,0.022067123598510964,0.044503662280156654,-0.1190753876993604,0.13740530524479794,-0.011056579845963,0.01020408163265306,-0.12769274263201094,0.01020408163265306,-0.18267100900571265,0.01894951382316293,-0.0053334928661748285,-0.06635346698421091,0.01020408163265306,0.0037340606921163573,0.0013512299391620162,0.01020408163265306,0.01020408163265306,0.01020408163265306,0.00728442573505683,0.21011298856266655,0.01020408163265306,0.022964575385789665,0.10117692714051275,0.017261331308749312,0.01020408163265306,-0.02973064427761902,-0.22544664839471001,0.1385745491188763,0.06486372754465848,0.018556769723711265,0.11041864740906356,-0.1255744729111983,0.01020408163265306,0.07753967007526376,0.07961571779704794,0.01190915745262181,-0.25756623288317476,0.008386120327620743,-0.10333450627265982,-0.08509885418195948,0.044576061708028705,0.01020408163265306,0.21226587180937628,0.014747571501526398,-0.13747678653955053,0.1326188455451068,0.03602753373859448,0.0953007802786092,-0.04478346987580504,0.17910257672371885,0.016611825966314744,-0.12383396222269565,0.007218460014188084,0.2313557684908746,0.04997723106318115,0.5587015343083717,0.016473127583579644,-0.1687272418833614
2026-04-09,-0.025905057783623446,-0.0786993646135015,0.08670292177714035,-0.036976607968157944,-0.05185695021020791,0.013374409852586198,-0.002215941082407939,0.008741688217666547,0.16789538739318863,0.17217350149213023,-0.034640809530070246,-0.036407300367454196,-0.06313773051912881,-0.010779749726701588,-0.09163875738301593,-0.08916363727498887,0.049132418582910856,0.01020408163265306,0.12909095441090682,0.01020408163265306,-0.04639184200565751,-0.0069871501444536705,-0.0028480409325314527,0.021391829357949074,0.0015985283430719182,0.051485113653502675,0.01020408163265306,0.1370390556181363,-0.00029319199064185494,0.01020408163265306,-0.035249492244368325,7.456169475659503e-05,0.054510098197919264,0.11567081532146234,0.01020408163265306,-0.08402107616460257,0.01020408163265306,-0.12417410896088797,-0.052156654278605837,-0.17709765308914802,0.030302303483037335,0.058976332816410175,-0.1213814239150365,0.17679895847602595,-0.01926174656246795,0.01020408163265306,-0.13522212507040504,0.01020408163265306,-0.17677678056664034,0.01749525126157244,-0.012464201117447051,-0.07549887220694,0.01020408163265306,-0.00665412827050643,-0.017845890215482565,0.0028326021104880354,0.01020408163265306,0.01020408163265306,-0.028734950531905307,0.24399659701496462,0.01020408163265306,0.036841298182650625,0.14743536960456377,0.01020408163265306,0.002511770502150096,-0.047749246594127374,-0.24098259505446518,0.15622302682636527,0.05422409897660898,0.025461819237764367,0.13917043234298845,-0.15413351897595176,0.01020408163265306,0.09904702250335268,0.10204804521622993,0.036273592531538175,-0.2611240427859468,-0.012557798097442249,-0.09503845317103088,-0.1055818138167714,0.010668005525357975,0.005666165012651615,0.252185370881654,0.027749117521462877,-0.18283051674270923,0.11915182278447073,0.028173866931826476,0.11075628294663255,-0.044726365363774896,0.1784688788470088,0.012937959200508697,-0.13370442405216376,-0.008022934573083737,0.21847199941723766,0.054039903360329704,0.5754005394462426,0.028226439569383664,-0.17234035534749462
2026-04-10,-0.06862991311012272,-0.09596432072094539,0.08549350393076552,-0.023812237355505327,-0.048500808830747116,0.042835139091658724,-0.07826335381970569,0.013369146625093892,0.15693500434954735,0.2747181222070877,-0.04707389141536113,-0.005253443047180423,-0.07864067282612223,-0.01122000773057845,-0.13835023518522155,-0.0627264637943761,0.06000345757216078,0.060490350785760164,0.17022221935977946,0.008451100967248288,-0.07552165108225567,-0.06118599162206469,-0.026298035802675528,0.006297177474325486,-0.001080766647078995,0.004814847979372895,0.007432286851463912,0.10112551646954512,-0.06642099006991586,-0.03526275611782864,-0.08858094107596776,-0.05008522531813349,0.0707491993162494,0.11634259184729297,0.15481769809839036,-0.09738141614686217,0.05653067937458195,-0.06564366377796933,-0.03179679492567354,-0.2575537960075746,0.08585276313164304,0.21067627353326568,-0.14490066269436933,0.3302974756516268,-0.02895271015970536,0.00912692457987302,-0.11844332664437869,0.025689010259229362,-0.22141265962705628,0.03190399011140294,0.01023879739480367,-0.15495564151860966,0.13216080709427266,-0.05083766467189708,-0.013037010752621663,-0.1468285363760208,-0.0011821738539502732,-0.06045381733198303,-0.14246221639323733,0.36395555488400444,-0.0004829324536974964,0.1089172398264482,0.26634755325426357,-0.0781150724448897,-0.0925009978663459,-0.19939526689376041,-0.41398805123426424,0.4417266761439854,0.00683414116800808,0.03761427458618518,0.43015590979397694,-0.3350189369549926,0.025894583303086638,0.11682344972613733,0.0884099178109911,0.136312740874626,-0.25841854654668006,-0.03479727776621813,-0.098084588474523,-0.20233597206393636,-0.07464275856010928,-0.022152115953787854,0.19936555546283685,0.16897657011451528,-0.2560339017634777,0.1412150907297817,-0.023043874052487215,0.2982404137747533,-0.057675670890030103,0.08424765099060605,0.018599226469833433,-0.19331808108832055,0.0025874495302036704,0.21510681888925318,0.10004882199242564,0.6317839304852476,0.05684159036741391,-0.22786140277380812
2026-04-13,-0.029311137034458236,-0.0884717395684428,0.07764449681650808,-0.0365515018499216,-0.029289396498240007,0.01447455729191662,0.01020408163265306,0.01020408163265306,0.15899174876289499,0.18670940304327585,-0.04511461279508451,-0.04717548109664483,-0.06321548734037663,-0.033300984091093236,-0.05303469074584845,-0.12221243288360127,0.013548477421110785,0.01020408163265306,0.1496014910694535,0.01020408163265306,-0.020063356864978538,-0.00042829210775729987,0.0007196804146548975,0.01020408163265306,-0.01278842440534436,0.058412855700022526,0.01020408163265306,0.12789119824774967,-0.03010586590974492,0.007792281946923629,-0.016362276604144632,0.01020408163265306,0.06677301198217019,0.15297242439274644,-0.039073373779512324,-0.07525315314892818,0.01020408163265306,-0.14055209719409503,-0.051375517841286265,-0.13003999931258117,0.015036853746506837,0.025489630804738303,-0.11066938818975396,0.15628685141324444,-0.055328466686519764,0.01020408163265306,-0.11735484874365111,0.01020408163265306,-0.14976536607050744,0.04100243648878724,-0.051938931837107356,-0.03090460671882779,0.01020408163265306,-0.035861019112246595,0.00736447891354382,8.113361153339917e-05,0.01020408163265306,0.01020408163265306,-0.05827414127611967,0.18523625803146565,0.04483671178393583,0.01020408163265306,0.1402303634861981,0.03428534266556089,0.01020408163265306,0.004966930625286351,-0.1905942860148056,0.04073369337016045,0.07482692113716065,0.05027119696741167,0.0814597651066937,-0.10181564647662177,0.01020408163265306,0.08782916496952371,0.04791764419990937,0.01020408163265306,-0.25839488756398554,0.009988491220760523,-0.10757509200459192,-0.09315813594855883,0.04688432830239323,0.01020408163265306,0.3085151188004574,0.03217790190410411,-0.17289872861915734,0.07395412692056838,0.09470422003611866,0.08549895211107458,-0.040015232589060715,0.08148192249106367,0.07171466987360078,-0.028505365844056586,-0.058994898785032585,0.19668834037082805,0.01020408163265306,0.5708925573233223,0.04299239166643111,-0.13698871289952988
2026-04-14,0.01020408163265306,-0.019915630211650208,0.01020408163265306,-0.03908653320982498,0.0034659336219686103,0.01020408163265306,0.01020408163265306,0.01020408163265306,0.01020408163265306,0.01020408163265306,-0.06788245230640069,0.01020408163265306,0.01020408163265306,0.01020408163265306,0.01020408163265306,0.01020408163265306,0.01020408163265306,0.01020408163265306,0.01020408163265306,0.01020408163265306,0.01020408163265306,0.01020408163265306,0.01020408163265306,0.01020408163265306,0.01020408163265306,0.01020408163265306,0.01020408163265306,0.01020408163265306,0.01020408163265306,0.01020408163265306,-0.00952407946284626,0.01020408163265306,0.01020408163265306,0.01020408163265306,-0.025831286882785652,0.01020408163265306,0.01020408163265306,0.01020408163265306,-0.06497283790608877,0.01020408163265306,0.01020408163265306,0.01020408163265306,0.01020408163265306,0.01020408163265306,0.01020408163265306,0.01020408163265306,-0.08094142003652886,0.01020408163265306,0.01020408163265306,0.01020408163265306,0.01020408163265306,0.01020408163265306,0.01020408163265306,0.01020408163265306,0.01020408163265306,0.01020408163265306,0.01020408163265306,0.01020408163265306,0.01020408163265306,0.01020408163265306,0.01020408163265306,0.01020408163265306,0.01020408163265306,0.01020408163265306,0.01020408163265306,0.01020408163265306,0.01020408163265306,0.01020408163265306,0.01020408163265306,0.01020408163265306,0.01020408163265306,0.01020408163265306,0.01020408163265306,0.01020408163265306,0.01020408163265306,0.01020408163265306,0.01020408163265306,0.01020408163265306,0.01020408163265306,0.01020408163265306,0.01020408163265306,0.01020408163265306,0.01020408163265306,0.01020408163265306,0.01020408163265306,0.022036868156672763,0.01020408163265306,0.01020408163265306,0.01020408163265306,0.01020408163265306,0.01020408163265306,0.01020408163265306,0.01020408163265306,0.2081827574741238,0.01020408163265306,0.4004658963869543,0.01020408163265306,-0.2035482360317573
2026-04-15,-0.04413265615042642,-0.08196703933292718,0.071860051644976,-0.018762020073703013,-0.021946316123637177,0.005080319200146977,0.006849913386210336,0.01020408163265306,0.1663338025583537,0.22067282648755035,-0.06659601842755894,-0.06518697734882795,-0.06945653274709117,-0.04508274176782161,-0.13071471412508864,-0.08193069785249134,0.01020408163265306,0.010954474057334294,0.16279520230226052,0.08734922528658955,-0.014012463616732999,-0.02008273569350618,-0.0034106654813141606,0.01763347595874552,-0.06774413777083099,0.035885903307218046,0.09380708550137919,0.10653463369117092,-0.03686794633165203,-0.06299407618248501,-0.07281684209452802,0.01020408163265306,0.08445615992211443,0.13307451352284413,0.007095793105577279,-0.07733483520639703,0.04383333782197971,-0.12082503256263259,-0.0004063593133883433,-0.19486361593516036,0.05462293656309405,0.14205895041533217,-0.07929723325235175,0.1803493696863969,-0.12003846916024884,0.01020408163265306,-0.09355625940184632,-0.01056856903642669,-0.2165755151711835,0.08789864894117128,0.014945917147851123,-0.12095646121263896,0.09861286230220863,-0.03329797983165206,0.04111722726417225,-0.08610092109461981,0.01020408163265306,-0.04246623839072702,-0.1181086488836064,0.2455420889248074,0.008342954352890092,0.029935237800649626,0.1888237596775229,0.005413255105319458,-0.049927356862694214,-0.15847753876666934,-0.30435043100516607,0.29362132893049026,0.08148577874755644,0.032142368020025056,0.23817033913524052,-0.23450462253426874,0.03271574264843175,0.08615125605379356,0.04737550772260931,0.016540610307389316,-0.2035942637360723,-0.04350872091368564,-0.13890963258955144,-0.13877763605632967,-0.026644059844678436,0.0318511916516174,0.28068857435547173,0.1309800335113781,-0.23920533924922233,0.1590994052277474,0.08205216920211775,0.18823376050029697,-0.05746298912402076,0.07896305586483793,0.0712618167006634,-0.12156967629550954,-0.04981633987042801,0.21394475712479566,0.04693399766873644,0.6302288692561278,0.023444608569721193,-0.18393617887638092
2026-04-16,-0.013542089089958508,-0.07157922892305749,0.07619510686029536,-0.03135875089692934,-0.02308630085437057,0.01020408163265306,0.01020408163265306,0.01020408163265306,0.15754892097506037,0.14388293905001334,-0.07007653940447914,-0.0658199656324259,-0.05387118963149959,-0.028787233093773644,-0.06892919509973716,-0.10945998512905152,0.01020408163265306,0.01020408163265306,0.15027204606430122,0.07063219684270713,-0.007305147352333138,0.007090255330826084,-0.004340056231882985,0.01020408163265306,-0.0433097207298058,0.05775097166258379,0.045697285791631626,0.10149843791437194,0.01020408163265306,-0.024823717163535118,-0.028589612099394646,0.01020408163265306,0.0632095406551761,0.1278915363352758,-0.053221580937591995,-0.05313269633396005,0.01020408163265306,-0.16177710062930595,-0.02355866000740609,-0.1347735871364115,0.01020408163265306,0.07387953205297587,-0.07643005612318605,0.09931031490818157,-0.09051778290169021,0.01020408163265306,-0.08683003226754696,-0.005565015422542766,-0.16747800433042162,0.0752445075068672,0.009100590340144904,-0.06925485411489136,0.06141844025922146,-0.0030683079848588275,0.01020408163265306,-0.019251420078601048,0.01020408163265306,-0.004961702501495427,-0.08354817739526599,0.1961782442748929,0.011831397269028904,0.012302765410366102,0.10316440043700907,0.05291805009212377,0.01020408163265306,-0.04073215065993147,-0.21679172815405878,0.11209574095598726,0.08638933379355056,0.03728905972517352,0.10539479371204034,-0.15562225108277153,0.01020408163265306,0.09570309931976011,0.03206652541130601,0.01020408163265306,-0.21209804105705296,-0.0006878295967433102,-0.13539030810927943,-0.0968080012777385,0.01020408163265306,0.01728435301297442,0.324353488653488,0.06459050256801155,-0.2039359852339162,0.14087254254728676,0.09813283466979109,0.059436736159195216,-0.038291999459990185,0.1132773283381605,0.08170256878188337,-0.085407211775724,-0.06073987570119389,0.20249537083195102,0.01084283481484284,0.6102462554092054,0.026088915582625938,-0.1639960604695797
2026-04-17,-0.005235967899894991,-0.048842409063048084,0.07263067497656937,-0.029507067342783272,-0.02301569396019206,0.01020408163265306,0.01020408163265306,0.01020408163265306,0.15066599586582902,0.08276675144039608,-0.06621713777317996,-0.057798586176514344,-0.05700262473854417,-0.010337316527782825,-0.02429975246250564,-0.10765568746582233,0.01020408163265306,0.01020408163265306,0.13443495444515724,0.04531182348495053,-0.011520717533617586,0.01020408163265306,-0.012860169794323148,0.01020408163265306,-0.026469709224719522,0.0582446925544501,0.01020408163265306,0.11356965659305987,0.01020408163265306,0.003249884027842936,-0.011001338318947214,0.02190494561036292,0.04240776305526498,0.14322446672518016,-0.10417281961392663,-0.06536331852369875,0.01020408163265306,-0.1750801002327165,-0.031734304357677656,-0.13113624683179886,0.01020408163265306,0.018311900550894506,-0.07182904755165945,0.04533735727403681,-0.036929899782549784,0.01020408163265306,-0.08137203167278934,-0.0015567340787886203,-0.13722040313513525,0.05792472495261003,0.005568701882392803,-0.025243456820346198,0.02040759483648266,0.01020408163265306,0.01020408163265306,0.008591986724727343,0.01020408163265306,0.01020408163265306,-0.05268314647364959,0.18930482751116132,0.01020408163265306,0.01020408163265306,0.05895924072424991,0.03723483227357856,0.028928569317021716,0.01020408163265306,-0.19906115381732886,0.01020408163265306,0.0821030332972313,0.03742347706341942,0.01020408163265306,-0.036906508348260696,0.01020408163265306,0.1318398176439258,0.012965405689487444,0.01020408163265306,-0.19892324655603888,0.01020408163265306,-0.1535897439639847,-0.04727678584981903,0.01020408163265306,0.01020408163265306,0.29083377437276253,0.025137957251490716,-0.15196675216589547,0.09907084608281957,0.13165460579274008,0.01020408163265306,-0.04840406682938128,0.08660848181329012,0.10443215198317078,-0.021323586247343804,-0.03247987944261324,0.1904212319809178,0.01020408163265306,0.5779930623781451,0.029413392215869534,-0.12857545752849694
2026-04-20,-0.006462299202191197,-0.05126107518949375,0.07988456432077752,-0.033573376604805215,-0.014979161398414287,0.01020408163265306,0.01020408163265306,0.01020408163265306,0.1645299487771109,0.051560906861359626,-0.06341669143063167,-0.044696224349579816,-0.04393122573956876,-0.001614731028342642,-0.014473957083205336,-0.11282268949707269,0.01020408163265306,0.01020408163265306,0.1278594664103122,0.01020408163265306,-0.01409995833544689,0.01020408163265306,-0.030415702055126607,0.01020408163265306,-0.001869338592814877,0.03752894089135873,0.01020408163265306,0.08508417689742363,0.01020408163265306,0.01020408163265306,-0.01492659771473597,0.02299395677934194,0.026103506149018164,0.1240238770641567,-0.11375145195162488,-0.07251896720160383,0.01020408163265306,-0.13821811694435363,-0.028321425867503906,-0.11656562632693908,0.01020408163265306,0.01020408163265306,-0.06789904625267229,0.01020408163265306,-0.0397885932917826,0.01020408163265306,-0.0690981783970683,-0.006035290507238304,-0.08511886668534985,0.057452494795648804,0.01020408163265306,0.007313968127255779,0.01020408163265306,0.01020408163265306,0.01020408163265306,0.01020408163265306,0.01020408163265306,0.01020408163265306,-0.02296598500065941,0.20480924496372419,0.01020408163265306,0.01020408163265306,0.022436746765497836,0.01020408163265306,0.04690316993435395,0.01020408163265306,-0.19011186195708027,0.01020408163265306,0.033250327482079935,0.046345410421149376,0.01020408163265306,0.0012848038767558287,0.01020408163265306,0.14224669447015417,0.01020408163265306,0.01020408163265306,-0.21455203869287645,0.01020408163265306,-0.15548624547683054,-0.024362235404612978,0.012435240546267051,0.01020408163265306,0.23461782356557753,0.01020408163265306,-0.09736632329304074,0.09652651402407852,0.08847070757700434,0.01020408163265306,-0.03844499282157497,0.07988127284404635,0.0961283134382244,0.01020408163265306,0.00030951117339892385,0.1966871257757659,0.01020408163265306,0.5677433890239303,0.012161676713441136,-0.1251806074157883
2026-04-21,-0.011692625586732524,-0.06300621240212215,0.08351125656611891,-0.023437877842463754,-0.01434652724150409,0.01020408163265306,0.01020408163265306,0.01020408163265306,0.1708380546007574,0.06638783514944058,-0.06801475387846002,-0.05189888527307785,-0.05431445824824947,-0.011890268544623243,-0.012171077514156635,-0.1384724919947099,0.01020408163265306,0.01020408163265306,0.1704455332218701,0.024706235655425134,-0.01557207037970239,0.01020408163265306,-0.036713339869118136,0.01020408163265306,-0.020856070435177627,0.05425232240740918,0.01020408163265306,0.10630042399242898,0.01020408163265306,0.0024741701796395206,-0.009717594120477588,0.037964450555008133,0.04078437482955622,0.14742339302095803,-0.11707688054703337,-0.07451916590758415,0.01020408163265306,-0.15415148429351577,-0.014371078093252757,-0.12376631779684001,0.01020408163265306,0.01020408163265306,-0.06850316232512509,0.01020408163265306,-0.06276999791308663,0.01020408163265306,-0.08289765213311633,-0.01885096503258297,-0.12681021956338423,0.05658588146336409,0.01020408163265306,0.0022754401261196842,0.01020408163265306,0.0076095967773835115,0.01020408163265306,0.01020408163265306,0.01020408163265306,0.002942179592867325,-0.03542829285070381,0.21566142767563423,0.01020408163265306,0.01020408163265306,0.07240866959440732,0.02303350733434452,0.03582797734886898,0.01020408163265306,-0.1928578772319509,0.01020408163265306,0.055941090927414346,0.046987976067487704,0.01020408163265306,-0.05122043571736184,0.01020408163265306,0.17241038665629174,0.014548014949456328,0.01020408163265306,-0.2192613889308091,0.01020408163265306,-0.1692911998885008,-0.050164121845704554,0.010538405891487215,0.01020408163265306,0.27168850097728564,0.023548752161938316,-0.12281312470418045,0.10160780124516208,0.09543073554273834,0.01020408163265306,-0.04481473232276229,0.08534038172087419,0.08461843524546292,-0.00028446172097815886,0.0003390181855651188,0.1953181416519563,0.01020408163265306,0.5816312917189914,0.02082190700586864,-0.12636920687012546
2026-04-22,0.008537050191236392,-0.06690711529683602,0.07248418522919517,-0.02530530413283738,-0.014612055023026782,0.01020408163265306,0.01020408163265306,0.04000028269894742,0.1596389720736407,0.038932462742123586,-0.06928344959789792,-0.04759039423935774,-0.06400975661522937,-0.009693726262357283,-0.008476257715977932,-0.12259536600509939,0.01020408163265306,0.01020408163265306,0.15142950213689296,0.026315103872068993,-0.0006383035038756858,0.01020408163265306,-0.0470759965381613,0.01020408163265306,-0.04261255578637705,0.04532842440296905,0.01020408163265306,0.1325249684329972,0.01020408163265306,0.007778186357844247,0.003528839061672594,0.027612527687350688,0.04115165536395806,0.16633593918114478,-0.1101403768307816,-0.10590158570971699,0.01020408163265306,-0.16917446663907687,-0.03777182727080558,-0.12576199888989056,0.01020408163265306,0.01020408163265306,-0.06690840771329633,0.01020408163265306,-0.05655919500291913,0.01020408163265306,-0.0928694134165628,-0.005738985699383975,-0.14753502927749956,0.037585220512519855,0.002518655535969537,0.002313901993420478,0.01020408163265306,0.005424676204484926,0.01020408163265306,-0.005638580018661491,0.01020408163265306,0.01020408163265306,-0.01946302174421033,0.22249185177710565,0.01020408163265306,0.01020408163265306,0.08351813583946131,0.01020408163265306,0.015874006325385097,0.01020408163265306,-0.16506914121860147,0.01020408163265306,0.05763176871368629,0.046954854344484896,0.01020408163265306,-0.054108732421494124,0.02007098239682449,0.1757563766124375,0.01020408163265306,0.01020408163265306,-0.20496401649841414,0.01020408163265306,-0.16957430802776252,-0.04146137631585345,0.01020408163265306,0.01020408163265306,0.2776380446404739,0.01925605535225178,-0.1246674447252706,0.10011167676104182,0.11626008012037685,0.021759774686733083,-0.04316394504211421,0.08097718540600617,0.12092509479335804,0.007022559455417087,-0.01688553766866077,0.1681518610549803,0.01020408163265306,0.5641745414476519,0.01020408163265306,-0.09198018153769418
2026-04-23,-0.01333940072860114,-0.04572823475526298,0.038607474966598325,-0.001585188380011612,-0.01676811421664636,-0.006547152364779938,0.039634087376920715,0.08036585167389047,0.17494820991090454,0.10942685260536841,-0.0845380259942717,-0.05439138100808273,-0.09455356007615039,-0.017713786883253223,-0.08167864896019056,-0.044659656344743406,0.049562792931320904,0.00980414556385614,0.2425892833088011,0.021306791395305454,-0.029368051907770802,0.01792399136471038,-0.060998876756712894,-0.04552161246593503,-0.09739692197311604,0.01069163802236431,0.03839361012899749,0.11391937821928595,-0.04292609298615553,-0.08199021753247296,0.008947639112298561,0.08882588686117956,0.06970790911214428,0.24030114778399717,0.08120684085033895,-0.16060977651340685,0.06004240844220986,-0.07986523454306262,-0.00440223017275084,-0.18227977648195756,0.005526611936872187,0.03575360953816422,-0.09132002873418854,0.07101257589711067,-0.08876786830539234,0.0361544480807484,-0.1070938312487017,-0.14646347064768964,-0.26401307101868776,0.14916861127791858,-0.0017108811569112436,-0.11956186225344063,0.16002830770704288,-0.007353540762377106,0.07479751892450337,-0.14668832330393317,-0.029014389741514393,-0.03160286841199025,-0.13112371609805606,0.2522646316650148,-0.1018380161986561,0.01020408163265306,0.24738238350077726,-0.06122726052329025,-0.11114325049449465,-0.2547230997317853,-0.3416329379195657,0.25298756575955894,0.048615444642707936,0.013882677370772298,0.2104004082559816,-0.2642808877634215,0.06767658733340577,0.2823714729050463,0.1142370295941971,0.03621882772497315,-0.1511638506848472,-0.039727906325213884,-0.18057327888118993,-0.15306899916682498,-0.102323297502452,0.07293202466965683,0.34483204215990226,0.12016912894201201,-0.30945237347557464,0.16276440648342733,0.27665031284620845,0.28861440395341315,-0.1036733762594047,0.14691373459412374,0.01020408163265306,-0.056750062582232516,-0.036087081431376254,0.13872537910256685,0.1434206639516223,0.4560851086919668,0.01020408163265306,-0.057162630369599135
2026-04-24,0.01020408163265306,-0.0015637206498346368,0.01020408163265306,-0.031052752532722112,0.005049490843595667,0.01020408163265306,0.01020408163265306,0.01020408163265306,0.01020408163265306,0.01020408163265306,-0.055179222177331885,0.01020408163265306,-0.008053342979885936,0.01020408163265306,0.01020408163265306,0.01020408163265306,0.01020408163265306,0.01020408163265306,0.01020408163265306,0.01020408163265306,0.01020408163265306,0.01020408163265306,0.01020408163265306,0.01020408163265306,0.01020408163265306,0.01020408163265306,0.01020408163265306,0.01020408163265306,0.01020408163265306,0.01020408163265306,-0.050068869160746245,0.01020408163265306,0.01020408163265306,0.01020408163265306,0.005150920454621045,0.01020408163265306,0.01020408163265306,0.01020408163265306,-0.007754930214505287,0.01020408163265306,0.01020408163265306,0.01020408163265306,0.01020408163265306,0.01020408163265306,0.01020408163265306,0.01020408163265306,-0.10857759792079676,0.01020408163265306,0.01020408163265306,0.01020408163265306,0.01020408163265306,0.003605711400239295,0.01020408163265306,0.01020408163265306,0.01020408163265306,0.01020408163265306,0.01020408163265306,0.01020408163265306,0.01020408163265306,0.01020408163265306,0.01020408163265306,0.01020408163265306,0.01020408163265306,0.01020408163265306,0.01020408163265306,0.01020408163265306,0.01020408163265306,0.01020408163265306,0.01020408163265306,0.01020408163265306,0.01020408163265306,0.01020408163265306,0.01020408163265306,0.01020408163265306,0.01020408163265306,0.01020408163265306,0.01020408163265306,0.01020408163265306,0.01020408163265306,0.01020408163265306,0.01020408163265306,0.01020408163265306,0.01020408163265306,0.01020408163265306,0.01020408163265306,0.01020408163265306,0.01020408163265306,0.01020408163265306,0.01020408163265306,0.01020408163265306,0.01020408163265306,0.01020408163265306,0.01020408163265306,0.23679501869841194,0.01020408163265306,0.30179042337046097,0.01020408163265306,-0.1574880679070163
2026-04-27,0.003744983119570118,-0.005012862714004029,0.02237746988355551,0.003869978120411785,-0.03638303463103825,-0.003710383624870533,0.039777752705519163,0.07474468000614355,0.22149773376726742,0.14066832285300873,-0.10028344672020975,-0.025473403624540217,-0.08255335740208777,-0.023938147955404297,-0.09388900120361238,-0.0014528473377272162,-0.024068749421685597,0.023897235572659124,0.2851290324462705,0.036999008982565765,-0.027795803024709076,0.06526686194087904,-0.01785533460849878,-0.07705545543881841,-0.13458856844298858,-0.029881534993498146,0.14046236839334786,0.04455473436473162,-0.10345637212098312,-0.10971698004590809,-0.012538091512266843,0.07581082315663357,0.06907950112942075,0.20261446211154,0.10327847401171816,-0.10747628659590608,0.011028028989774629,0.030260929925258064,-0.04269764182204856,-0.12708965297782499,0.04121405237190889,-0.02646515625588987,-0.12454117667262123,0.10220568209612894,-0.015563498208653001,-0.07497833171786912,-0.06739936326846305,-0.20063049977553132,-0.33489861006234434,0.1533620531673937,-0.02233538655459775,-0.13309641250479107,0.2920042952189095,-0.0210913386638001,0.09931535540073044,-0.16653291295076947,-0.04834352273074393,0.015602483777707838,-0.16204874802627497,0.14184242313164885,-0.10667199040284983,0.01020408163265306,0.28053025259080255,-0.1254426122055667,-0.11942215101598692,-0.35826308275128005,-0.359449399165806,0.2609236073649613,0.07571979706397707,0.014706440013162805,0.29755794980070593,-0.34430333473703373,0.1296171378275523,0.24295499090534783,0.10544672233884,0.0319703454897213,-0.10415818900797919,-0.054137739963588796,-0.13552062332617368,-0.15332520806612146,-0.00018537841659730867,0.1134434196229466,0.24322729306646407,0.09664251314690983,-0.4153581126041238,0.1672607128986465,0.42166543399316336,0.38866489560242806,-0.09929894567457455,0.12601430413066145,0.033888651086361306,-0.05941904922092342,-0.13954369314826143,0.15042171504971222,0.15780050274245938,0.36685780728876577,0.003259069632336094,-4.494661543518082e-05
2026-04-28,0.01020408163265306,-0.0007193622778416224,0.01020408163265306,-0.04355800216889346,-0.0036392126065685534,0.01020408163265306,0.01020408163265306,0.01020408163265306,0.01020408163265306,0.01020408163265306,-0.043802552506113555,0.01020408163265306,-0.002806419923866283,0.01020408163265306,-0.017731874414857567,0.01020408163265306,0.01020408163265306,0.01020408163265306,0.01020408163265306,0.01020408163265306,0.01020408163265306,0.01020408163265306,0.01020408163265306,0.01020408163265306,0.01020408163265306,0.01020408163265306,0.01020408163265306,0.01020408163265306,0.01020408163265306,0.01020408163265306,-0.049316040451856114,0.01020408163265306,0.01020408163265306,0.01020408163265306,-0.04118177104220091,0.0055923352606029484,0.01020408163265306,-0.01780824957572314,-0.09489383915798251,-0.009006281236930409,0.01020408163265306,0.01020408163265306,-0.029595405614555106,0.01020408163265306,0.01020408163265306,0.01020408163265306,-0.07495992723884351,0.01020408163265306,0.01020408163265306,0.01020408163265306,0.01020408163265306,-0.02097875832714611,0.01020408163265306,0.01020408163265306,0.01020408163265306,0.01020408163265306,0.01020408163265306,0.01020408163265306,0.01020408163265306,0.01020408163265306,0.01020408163265306,0.01020408163265306,0.01020408163265306,0.01020408163265306,0.01020408163265306,0.01020408163265306,-0.10934078567348703,0.01020408163265306,0.01020408163265306,0.039930171866829685,0.01020408163265306,0.01020408163265306,0.01020408163265306,0.01020408163265306,0.01020408163265306,0.01020408163265306,-0.09499944988704855,0.01020408163265306,-0.06279856809635163,0.01020408163265306,0.01020408163265306,0.01020408163265306,0.01020408163265306,0.01020408163265306,0.01020408163265306,0.07712519715174855,0.06518292895274556,0.01020408163265306,0.01020408163265306,0.19761818672693043,0.01020408163265306,0.01020408163265306,0.01020408163265306,0.23126575350758113,0.01020408163265306,0.42849576317312155,0.01020408163265306,-0.0729717956229672
2026-04-29,-0.0021481357870140015,-0.003652632486162044,0.015446223925167587,-0.011511493271820944,-0.04756736233591756,-0.02301192848415573,0.050939325117290844,0.08415062945242875,0.22173041434621765,0.1904516011058947,-0.09491243951048192,-0.010112692105175304,-0.07490806231882174,-0.04656420772894061,-0.08178719334294503,-0.046955370448601694,0.025418461725154634,0.004499326447385955,0.28702819640419863,0.01522118386941081,-0.047684136871955767,0.0690416033456114,0.01163438814931201,-0.06875158928781475,-0.11230831408654307,-0.014818278014833394,0.13719184038487317,0.037520975802095353,-0.01260098276212746,-0.09021132578137389,0.004659095597137723,0.0687589904961178,0.06683848009188907,0.1900610051368161,0.06342510300790682,-0.06151939040272278,-0.01656047946265036,0.045250784971578355,-0.08268424762899876,-0.07639278265141528,0.060559120849379144,-0.07093147896709873,-0.15492458146916094,0.07844005959026622,-0.003093473557306662,-0.1368046851595673,-0.07210087903760319,-0.20296384082400676,-0.3245571498568876,0.11782745965618716,-0.039937509110069346,-0.1328409320748681,0.29326840560460615,-0.01947782042405885,0.015131405850183025,-0.09856847559978522,-0.042383105714838075,0.06851322952199303,-0.14408715988553314,0.1245933759195345,-0.0704379564424301,0.003937941589617499,0.29162710658949864,-0.11243092517823129,-0.042882651179134666,-0.3458444802254131,-0.3093089910056101,0.11268870571163682,0.09092716131198855,0.023232410694853663,0.24242752048555732,-0.3339965081664946,0.13534100572380448,0.17012812280300835,0.14886750714005256,0.031020971702261542,-0.12620027221478428,-0.07487392741033869,-0.09456901355628125,-0.1155510696565225,0.00032602892441548244,0.0706258291197237,0.3679050144652007,0.052645135708120114,-0.45559755427384185,0.13381481281903845,0.4331142750878762,0.32496620342126825,-0.04772441759302477,0.1990268798376217,0.010430593693222454,-0.05202983385924844,-0.14603842140864812,0.15978010137427529,0.11195001121259843,0.3266871380002384,0.003397433498838932,0.00435156133790549
2026-04-30,-0.02185967041161648,-0.0424956399192174,-0.01465795641484773,-0.017504507081325157,-0.07977781982866097,-0.012047781813213367,0.0899680966247447,0.06119969712207654,0.23605186355904365,0.2565027080224323,-0.08733132146418916,-0.041561893703521396,-0.037361017831589,-0.05673767439092345,-0.07497712751439226,-0.04737909431194516,-0.01927136365292112,-0.08125104061601862,0.3065538407060397,0.004862163755383202,-0.10143424678895047,0.07787307226462546,0.02304733079457868,-0.01708732443551745,-0.08782816487396936,-0.035275511744172525,0.12750028706748884,-0.0095147698954439,0.0210590201764266,-0.07002134483690167,-0.03206684553137517,0.04655835395546427,0.12714249944847772,0.20493993671626948,0.0948126849950148,-0.029824044391522815,-0.09585770396718007,0.0694937752519366,0.0004360907637171469,-0.09964576284276583,0.05522479115071206,-0.05485457690026105,-0.07462851489282436,0.09937726699640369,0.031061951420288975,-0.0876592850026836,-0.06606000235904949,-0.26325651113487886,-0.31007371229180647,0.13939203657891006,0.011805563231840515,-0.2009242818363881,0.29021113410520233,0.07845003473832485,-0.034690407058032,-0.07498910155617108,-0.05308979549361126,0.058642521380645546,-0.13145019935203167,0.15419844160397078,-0.07391266010515274,-0.04017897396421656,0.24998578395834345,-0.05917657859174946,-0.07699250080986195,-0.28851006707978966,-0.30880967053954517,0.08216170897374916,0.03768055470598909,-0.0012566260180750279,0.24964809479632796,-0.45466419980893097,0.16624707455220084,0.11500507771215777,0.2027732274003327,0.029156642429391824,-0.16823093776503648,-0.13973539410918653,-0.0904112355283954,-0.09254475144873216,0.034645501934969535,0.06257497908851598,0.4160541838041965,0.07056728256233886,-0.6157058344216547,0.17961538091818333,0.5062046013452771,0.32287075198497867,-0.019659713435064834,0.31548080779382365,-0.05320647200482398,-0.13920015393332869,-0.03924523295580949,0.13507425690216648,0.16694653760552303,0.26222564152062733,-0.056520648073249316,0.011124414313410146
2026-05-01,0.01020408163265306,-0.044334253543124015,0.023690190759022577,-0.030976214954140067,-0.05563003019517021,0.01789071625060217,0.0638866398541751,0.03223099810118593,0.19138526620553808,0.11983984307093713,-0.055374559508430274,-0.05232319098165118,-0.038757581518891276,-0.02267255430804775,-0.06437975677096375,-0.04376101353681946,0.009156075735027807,0.01020408163265306,0.19477970173195103,0.01020408163265306,-0.04707842297524748,0.01937094224415175,-0.02271266147880857,0.01020408163265306,-0.02139231042515325,0.01020408163265306,0.01020408163265306,0.01020408163265306,-0.02438432151881005,-0.006215713061019307,-0.014945664192881509,0.01630645979684363,0.058933657576316884,0.11432589664634815,0.01020408163265306,-0.012106648879146089,0.01020408163265306,-0.08874452628001236,-0.037087460151812544,-0.12514805360089065,0.01020408163265306,0.01020408163265306,-0.05900502165867817,0.06139285949262495,0.01020408163265306,-0.038797891690971587,-0.07885021743280013,-0.11902853564396147,-0.18719740352766068,0.06565811111169731,-0.06663394634165015,-0.05948278844976318,0.10902381429739381,0.0024276049413637247,0.01020408163265306,-0.02226816256134851,0.01020408163265306,0.01020408163265306,0.01020408163265306,0.11826437040405868,0.00612174225816438,0.003923009788685814,0.09733005729250185,0.023093450755829963,0.01020408163265306,-0.11592119738608471,-0.14678343919085352,0.01020408163265306,0.038760618787644696,0.011147915730153687,0.051323219913896836,-0.14365453006085827,0.07412157349091009,0.06332641377647301,0.06493567272977392,0.01020408163265306,-0.21228702489613752,0.01020408163265306,-0.10913391501949792,-0.019528647318726354,0.12494149088406815,0.01020408163265306,0.17352773787108244,0.01020408163265306,-0.27136703270949136,0.07824742384658108,0.2792348207069664,0.202524960084345,-0.05979308213039786,0.23081902541675575,0.01020408163265306,-0.042360833524662786,-0.02230877727752946,0.18652394081134202,0.07790595551318383,0.37976884714608117,0.01020408163265306,-0.04861159950525869
2026-05-04,0.01020408163265306,-0.021110856338359546,0.01020408163265306,-0.006909879321339183,-0.010148190103400961,0.01020408163265306,0.01020408163265306,0.01020408163265306,0.01020408163265306,0.01020408163265306,-0.05840986775311183,0.01020408163265306,-0.014196156377520823,0.01020408163265306,0.01020408163265306,0.01020408163265306,0.01020408163265306,0.01020408163265306,0.01020408163265306,0.01020408163265306,0.01020408163265306,0.01020408163265306,0.01020408163265306,0.01020408163265306,0.01020408163265306,0.01020408163265306,0.01020408163265306,0.01020408163265306,0.01020408163265306,0.01020408163265306,-0.025477362308897418,0.01020408163265306,0.01020408163265306,0.01020408163265306,0.01020408163265306,0.01020408163265306,0.01020408163265306,0.01020408163265306,0.01020408163265306,0.01020408163265306,0.01020408163265306,0.01020408163265306,0.01020408163265306,0.01020408163265306,0.01020408163265306,0.01020408163265306,-0.12501227504268775,0.01020408163265306,0.01020408163265306,0.01020408163265306,0.01020408163265306,0.01020408163265306,0.01020408163265306,0.01020408163265306,0.01020408163265306,0.01020408163265306,0.01020408163265306,0.01020408163265306,0.01020408163265306,0.01020408163265306,0.01020408163265306,0.01020408163265306,0.01020408163265306,0.01020408163265306,0.01020408163265306,0.01020408163265306,0.01020408163265306,0.01020408163265306,0.01020408163265306,0.01020408163265306,0.01020408163265306,0.01020408163265306,0.01020408163265306,0.01020408163265306,0.01020408163265306,0.01020408163265306,0.01020408163265306,0.01020408163265306,0.01020408163265306,0.01020408163265306,0.01020408163265306,0.01020408163265306,0.01020408163265306,0.01020408163265306,0.01020408163265306,0.05864327305718309,0.01020408163265306,0.01020408163265306,0.01020408163265306,0.021353289905888008,0.01020408163265306,0.01020408163265306,0.01020408163265306,0.1727383953043477,0.01020408163265306,0.2958023943204296,0.01020408163265306,-0.16482378575069412
2026-05-05,0.01020408163265306,-0.07199621053006908,0.010515393051619899,-0.019586969133864283,-0.0624409437672508,0.011453385535113249,0.07876340207160187,0.05994957168526268,0.20512816047814386,0.17720233092882268,-0.06349550355771363,-0.05017909376359753,-0.0537222804853187,-0.04772893237940542,-0.0675285005889645,-0.049881603524380196,-0.03482125884567972,-0.003780224896241099,0.24977946695471337,0.017640994208621575,-0.05768006957864165,0.05461846196787836,0.01020408163265306,0.015951167134223985,-0.05367396249900032,0.010428064203297529,0.026553235610792196,0.026049341042413264,-0.017493727812504203,-0.03513547721902837,-0.004747377695383619,0.04409338577200405,0.1183514401446584,0.16689076162023853,0.01020408163265306,-0.06497561026274089,-0.017308896985510157,-0.06858816508139377,0.01020408163265306,-0.14162582305780322,0.010130028403717564,-0.035500973903500384,-0.06914599223019924,0.056340337518307276,-0.019991015809438212,-0.01750776717925189,-0.07820896019726545,-0.14034738097016208,-0.26748010488706875,0.10066982046619459,-0.03551126518046129,-0.08995409481678672,0.14549270870743472,0.036687721572553164,0.01020408163265306,-0.10064876887184512,0.01020408163265306,0.01020408163265306,0.01020408163265306,0.09785613772596895,-0.03269659263008613,-0.04538930165262809,0.14625238637602825,0.01020408163265306,0.01020408163265306,-0.19696398467840373,-0.163237320198397,0.01020408163265306,0.0478693281721105,0.0028999851740355662,0.0876906461077387,-0.27183435540934053,0.13014100119253255,0.07993316180512766,0.09084052188819619,-0.02830302488815195,-0.2145390799307468,-0.08390187266548453,-0.09072590292770352,-0.015155537087853813,0.12200654949698334,0.01020408163265306,0.32317163762147594,0.016256804292608923,-0.3566726739325133,0.10854712000893389,0.3699402186462468,0.2856496100535773,-0.06150930425212184,0.275066307596926,-0.04531780625204659,0.01020408163265306,-0.06739042100809545,0.17918957915936026,0.11349844996839716,0.292849811658537,0.01020408163265306,-0.02088144565549717
2026-05-06,0.01020408163265306,-0.07086213609060019,0.03268269083116658,-0.02129676238663903,-0.05199080974009021,0.017412257475084715,0.04650133265311841,0.031187655151421474,0.17791424028253974,0.10882599506491651,-0.05840740645676824,-0.04843347316315022,-0.03262501326054346,-0.006601719222525912,-0.040029885958688685,-0.06913162715080763,0.01020408163265306,0.01020408163265306,0.1313656953031012,0.01020408163265306,-0.029499957559241605,0.02130496272396587,-0.02111390331764213,0.01020408163265306,-0.010371355602816509,0.01020408163265306,0.01020408163265306,0.022694001515721908,-0.01977919434148588,0.01020408163265306,-0.015580182425611528,0.015470115714457909,0.034795448744724296,0.07036165614196457,-0.02202367141218379,-0.02879208897133042,0.01020408163265306,-0.09310125108261505,0.007564295958797457,-0.14040556452705538,0.01020408163265306,0.01020408163265306,-0.04227904584240335,0.040050667849204455,0.01020408163265306,0.01020408163265306,-0.08169627288585564,-0.07416322217110005,-0.11585297928594253,0.042185463669133734,-0.005988033910989959,0.01020408163265306,0.0478098137176271,0.01020408163265306,0.01020408163265306,-0.05843496179219004,0.01020408163265306,0.01020408163265306,0.01020408163265306,0.1029162780318398,0.01020408163265306,0.01020408163265306,0.01020408163265306,0.01020408163265306,0.03546654126506333,-0.06400531365398823,-0.08145926520749779,0.01020408163265306,0.03557607067807863,0.014145608905768308,0.01020408163265306,-0.12060255307683083,0.029378838530899745,0.12180247876420167,0.01020408163265306,0.01020408163265306,-0.24610713080732904,0.01020408163265306,-0.11153189484595398,0.01020408163265306,0.13196091329517798,0.01020408163265306,0.11308600411433008,0.01020408163265306,-0.14302776406142356,0.06229327941554103,0.22562278621524717,0.1577409194421316,-0.07673264485428109,0.20606580481331369,0.01020408163265306,0.01020408163265306,0.0027188342566410433,0.16750540190366414,0.050074945202761054,0.4339171041830846,0.01020408163265306,-0.0834097922593119
2026-05-07,0.064173871675982,-0.07649196770818002,-0.019267599149326207,0.0004355686598603876,-0.07226771495519835,-0.049440183783920615,0.10754415428088125,0.08984131586822469,0.2511028536787606,0.2053297496840877,-0.06319320971481464,-0.08754754087903335,-0.056274800982042614,-0.059954072689969176,-0.15483438112362627,-0.004618080087236506,-0.0672216120020619,-0.0268497987593371,0.2834241334051559,0.06474915044994628,-0.06457468597221408,0.1000035547223341,0.009941094408981636,0.09366493687466353,-0.046724287821837594,0.007535911201481166,0.25040714639583667,0.01020408163265306,-0.053217975012678526,-0.10998538337148252,0.0017749111483531012,0.08305567429480987,0.13131085289708838,0.10721054990727878,0.06814304608735956,0.006888367351982755,-0.13835234925287626,-0.0629756322996664,-0.034325436662392426,-0.17618427084817667,-0.008584731003226912,-0.03023933840673451,-0.08693746325284092,-0.04843105909092414,0.01020408163265306,-0.09064468332596753,-0.023517824393360705,-0.1815075194720481,-0.33198578021816655,0.19332717379807668,-0.011169268996952307,-0.25215231361194324,0.12941797777928146,0.041271561391808424,-0.02749092024955268,-0.16227660636514896,0.06748681485708787,0.07519848376876076,0.08635510600339626,0.13818544629847665,-0.11572045099896462,-0.12774840946266142,0.25648222970818213,0.002515499033844665,-0.013120687371297882,-0.3223260708716638,-0.2815320217508004,0.01020408163265306,0.02259180329835487,-0.03143028926782726,0.1538107599998405,-0.2854953307935604,0.24080283378241013,0.08624809469668872,0.2951708744515558,0.0013508952770277995,-0.12080889441147806,-0.09022666968846747,-0.0660055827118907,-0.05924660538103181,0.133738080179209,0.08140370041881438,0.41621999268578935,0.0027064271955458182,-0.6073726506613218,0.17514645735156797,0.4422484128492462,0.39361707230883425,-0.029581061084590507,0.2665486035457085,-0.0874489138603689,-0.08130983825284877,-0.14472106198250606,0.14149421427825074,0.14835236230741364,0.23170142619859443,-0.023918578769138776,-0.01328978257143784
2026-05-08,0.01020408163265306,-0.09202652546545895,0.018725552651309502,-0.009385385346532027,-0.05415817816347564,0.01020408163265306,0.051051633698460296,0.05891999496395614,0.19466430227877993,0.16955988754048384,-0.05695050924989871,-0.0563444754087965,-0.048044735293521365,-0.03683117219670495,-0.0639947518248034,-0.06816003197363038,-0.03230653036722542,0.01020408163265306,0.19384791961746728,0.01020408163265306,-0.02737101198257396,0.01020408163265306,0.003186559140195655,0.01020408163265306,-0.027824817020171762,0.01020408163265306,0.07022559384650306,0.013919332982555481,-0.06793487167022311,-0.02556787851690083,-0.00797249052807718,0.04504925709768265,0.05464753727199992,0.088482599404411,0.01020408163265306,0.01020408163265306,-0.01243039630468598,-0.02090962025420396,-0.012028624101093286,-0.1501644856758367,0.01020408163265306,0.01020408163265306,-0.05902935250669171,0.01020408163265306,-0.014867254726971561,0.01020408163265306,-0.09248456281454147,-0.10993590495634281,-0.11775085081229174,0.04595247898129339,-0.006849955123480871,-0.03530022817303928,0.0487257621232956,0.01020408163265306,0.01020408163265306,-0.06177053628908137,0.01020408163265306,0.01020408163265306,0.01020408163265306,0.114964779088665,0.01020408163265306,-0.015467150319681678,0.08666305545964431,0.01020408163265306,0.01020408163265306,-0.12685365271259613,-0.11972559017075911,0.005475085849620253,0.07399039937949795,0.036704471003709334,0.03803673495383272,-0.1946251090759326,0.07222645894085482,0.043940908455042435,0.05607085657361865,0.01020408163265306,-0.23293621936019243,-0.042075587633628814,-0.11210111247928663,-0.013452974500172894,0.1449933483459411,0.01020408163265306,0.21637860471001374,0.04049696214877728,-0.2308295823679517,0.10873270498047885,0.2031338415087225,0.20494627048383016,-0.05923344356266963,0.23276945178804345,0.009203372031746712,0.003878973760302009,-0.030609637324143832,0.17324947400364038,0.0833572389853956,0.3744956094584066,0.01020408163265306,-0.07925977643858036
2026-05-11,0.09074305702384057,-0.053904394008946574,-0.01215584949902779,0.008131080357395282,-0.0659656747674669,-0.007744226913429358,0.08102266062958444,0.1092351599256565,0.2418191694109527,0.14070297426388395,-0.08392047439399143,-0.07145753150614123,-0.06582441966684038,-0.0589827573652327,-0.1416648088900293,-0.058410198723840095,-0.1393183983454388,-0.03092202801655969,0.3704478302105043,0.019929806612356063,0.003811182818700227,0.07834355586392193,0.01020408163265306,0.04220684840042527,-0.09171864678240362,0.003088675002399938,0.3539921329111703,0.005573158789758883,-0.06539771633284475,-0.12097406142690188,0.017441975286392623,0.10039613452606712,0.10194428716764149,0.04998954220453082,0.11096857826066248,-0.026854385530654362,-0.08745459892951425,-0.021764987234789056,-0.08884891885011871,-0.08410238688697004,-0.041568390003364264,-0.07177545851259298,-0.03594149654178624,0.004076164356074349,-0.021356540474457786,-0.11758900465486562,-0.05543164854770996,-0.1578200323006297,-0.3209932990004792,0.15161319326205366,-0.0021801450241891347,-0.1855991507658667,0.035228392525392914,-0.07725849843860767,0.031981167207921574,-0.09080183386883622,0.04284721489888766,0.055813304844952345,0.07486733553443814,0.1529570703505537,-0.09673745378924707,-0.1171352444969062,0.29039589521123843,0.002678418067207574,0.018869142812697314,-0.2230245979296203,-0.23762514048246217,0.048054048306105664,0.04075795567577297,-0.007534567090822666,0.13087163706803234,-0.2325341660392458,0.2097914556299839,0.1556441437425558,0.27213324281364554,0.00755477733255278,-0.1427025139411103,-0.05038460309327489,-0.09789981153618062,-0.1034958176813585,0.06382443752018686,0.12691274392472607,0.2875219549988289,0.01020408163265306,-0.5316017146621798,0.15853818071741643,0.29819275039829274,0.3038147208042046,-0.065232165119961,0.2227579637578902,0.01020408163265306,-0.08228485430505376,-0.17368980718109053,0.20208742409220573,0.10319679047423887,0.3204539870196511,-0.05344134503810001,-0.002809803320372074
2026-05-12,0.01020408163265306,-0.0421014273895846,0.01020408163265306,0.0028266214977590107,0.01020408163265306,0.01020408163265306,0.01020408163265306,0.01020408163265306,0.01020408163265306,0.01020408163265306,-0.07241019775316428,0.01020408163265306,-0.024764957107988567,0.01020408163265306,0.01020408163265306,0.01020408163265306,0.01020408163265306,0.01020408163265306,0.01020408163265306,0.01020408163265306,0.01020408163265306,0.01020408163265306,0.01020408163265306,0.01020408163265306,0.01020408163265306,0.01020408163265306,0.01020408163265306,0.01020408163265306,0.01020408163265306,0.01020408163265306,0.00835049076594241,0.01020408163265306,0.01020408163265306,0.01020408163265306,0.01020408163265306,0.01020408163265306,0.01020408163265306,0.01020408163265306,0.01020408163265306,0.01020408163265306,0.01020408163265306,0.01020408163265306,0.01020408163265306,0.01020408163265306,0.01020408163265306,0.01020408163265306,-0.09825237254321259,0.01020408163265306,0.01020408163265306,0.01020408163265306,0.01020408163265306,0.01020408163265306,0.01020408163265306,0.01020408163265306,0.01020408163265306,0.01020408163265306,0.01020408163265306,0.01020408163265306,0.01020408163265306,0.01020408163265306,0.01020408163265306,0.01020408163265306,0.01020408163265306,0.01020408163265306,0.01020408163265306,0.01020408163265306,0.01020408163265306,0.01020408163265306,0.01020408163265306,0.01020408163265306,0.01020408163265306,0.01020408163265306,0.01020408163265306,0.01020408163265306,0.01020408163265306,0.01020408163265306,0.01020408163265306,0.01020408163265306,0.01020408163265306,0.01020408163265306,0.01020408163265306,0.01020408163265306,0.01020408163265306,0.01020408163265306,0.01020408163265306,0.01654487514587277,0.01020408163265306,0.01020408163265306,0.01020408163265306,0.019215550662882663,0.01020408163265306,0.01020408163265306,0.01020408163265306,0.15468599695270424,0.01020408163265306,0.34503200847909987,0.01020408163265306,-0.19688169075112727
2026-05-13,0.032698424875606966,-0.07597445473002054,0.03941841289753474,0.01020408163265306,-0.06471344799006228,0.01020408163265306,0.04647247309225056,0.052070215612004936,0.17599061093557822,0.15423996378070493,-0.06571521762774274,-0.05339887634093485,-0.054528248121807565,-0.0257031490886363,-0.0938606595814326,-0.03772717619859267,-0.06449423143062584,0.01020408163265306,0.23586277795736804,0.01020408163265306,0.031936505943474955,-0.0005433636616959097,0.00711832229267639,0.0034526630183714857,-0.08458147068949702,0.01020408163265306,0.12555075425601137,0.049702766937210194,-0.11889957731952765,-0.03756052135560355,-0.03262531368414896,0.03554810778108367,0.01020408163265306,0.1081932232175249,0.01020408163265306,0.01020408163265306,0.01020408163265306,-0.02795634676328631,-0.11950548875442528,-0.12550900841495563,0.01020408163265306,0.0020396639824725744,-0.038046403279764184,0.01020408163265306,-0.008663339237811549,0.01020408163265306,-0.07873480133596003,-0.03650581702614529,-0.16036945312124246,0.0825393266462829,0.003445588035479289,-0.005058123331222301,0.01020408163265306,-0.008823264663551206,0.01020408163265306,-0.039932608641020634,0.01020408163265306,0.01020408163265306,0.01020408163265306,0.03131788546456659,0.007108906509113915,0.01020408163265306,0.059980927534422114,0.01020408163265306,0.01020408163265306,-0.1503880529833555,-0.09289564787773427,0.01020408163265306,0.16166189614370383,0.01020408163265306,0.01020408163265306,-0.1160513726506907,0.1422977037772555,0.10434342199384218,0.03668502456912406,0.01020408163265306,-0.20625278370479044,0.0100295179827081,-0.1300691791710361,-0.04052603173056461,0.18851711314251188,0.017012068326405762,0.12010749944936107,0.027742670136705908,-0.2405237886102748,0.07112715264458588,0.25508410071082877,0.16320990035714603,-0.0801752684028987,0.12483329447035676,0.01020408163265306,0.010048099410685674,-0.08227992208121655,0.15193242418620745,0.0888912069460292,0.4309479127462692,0.01020408163265306,-0.055872240610170446
2026-05-14,0.046252888388291946,-0.06743594368837223,0.07093770333558384,0.03093146881593669,-0.06334581910167524,-0.01282698584548301,0.06426407207509768,0.05434434895517712,0.22699225493960554,0.2151334980885012,-0.060917274686042425,-0.11082054844292265,-0.06336788858293492,-0.029018092866362998,-0.20984354880399791,-0.07269900687335192,-0.13233388772234542,-0.035191155281945836,0.5003206655385829,-0.02698891092827163,0.027116170774570444,-0.02026303350647811,0.029682053159376054,-0.05386471898608666,-0.06846170878377474,0.012796401689498218,0.32462054118930145,0.03214573281569566,-0.15085583218036921,-0.1070756757114491,-0.021880666011008416,0.14745622543429618,0.08799087806118959,0.16677533987480161,0.13210819529651702,-0.10357188394729705,0.06845102294403212,-0.022211992702444665,-0.2528317882388403,-0.0929834484772629,0.02587501566319994,-0.07732251264301682,-0.04779643692172493,0.034740000163714195,-0.24483557512946336,-0.06195694417806663,-0.089152178381608,-0.05324335918473076,-0.32919634376503454,0.172880102544066,-0.021487996266219812,-0.07736955817310397,0.06692341773185455,-0.1458593549351727,0.08179334665995003,-0.07205414207185326,0.010722228346418231,0.04334171694095255,0.12333585015172353,0.032723548795411256,-0.0533960305614303,-0.030876072286797507,0.1834793575660637,-0.040126451066771734,0.03263131958258846,-0.2922693294140247,-0.13088899633027964,0.012816247361724188,0.1432214768838651,-0.046404991336699015,0.07129233147844925,-0.17675655725164754,0.3822537621454723,0.023360223231883012,0.12230816331278498,0.09275092751502739,-0.20503790549234863,-0.06090579488515631,-0.16476219296817,-0.0989071850423324,0.34993093631251926,0.042383861173101715,0.22372197407856564,0.016381448405288112,-0.341132172281087,0.05909290384372127,0.432054799507616,0.31714266107359285,-0.13583727473538112,0.01020408163265306,-0.06048602961407497,-0.07471801006730598,-0.1373889882157169,0.22206374671105414,0.12205058765430937,0.35855303128199506,0.018036342542150557,-0.01742667709983503
2026-05-15,0.01514244101283532,-0.0531796368860311,0.038102213898676754,-0.014698172847693857,-0.06197501548719936,0.01020408163265306,0.02955039796557484,0.01228902275123948,0.1579944677777564,0.13267737113218805,-0.06516167675715599,-0.044491939457777595,-0.02744593107425792,0.01020408163265306,-0.06268070091776079,-0.03898604788550389,0.01020408163265306,0.01020408163265306,0.0752737549319832,0.01020408163265306,0.01337767947587917,0.004437337098182741,0.01020408163265306,0.01020408163265306,-0.04791618937410714,0.01020408163265306,0.03947309744892904,0.01020408163265306,-0.07722371127159822,-0.006919445162991604,-0.061772780048438294,0.01020408163265306,0.01020408163265306,0.05234952314136503,0.01020408163265306,0.01020408163265306,0.01020408163265306,0.01020408163265306,-0.048296733693049064,-0.08208852529430136,0.01020408163265306,0.01020408163265306,-0.014173422932285596,0.01020408163265306,0.01020408163265306,0.01020408163265306,-0.08662451962514907,-0.0683051798177389,-0.03863859094964481,0.03511162211578769,0.01020408163265306,0.01020408163265306,0.01020408163265306,-0.033868689665850805,0.01020408163265306,0.010069295223937288,0.01020408163265306,0.01020408163265306,0.01020408163265306,0.06534389269543253,0.01020408163265306,0.01020408163265306,0.01020408163265306,0.01020408163265306,0.01020408163265306,-0.0798650735000876,-0.09011139986842732,0.01020408163265306,0.06666003735036952,0.04780979414760279,0.01020408163265306,-0.0393937078813995,0.01020408163265306,0.153552821393888,0.02485401894395259,0.01020408163265306,-0.1752679115249036,0.01020408163265306,-0.1480290125383277,0.0025375216661607984,0.10834546348155998,0.03787805251617505,0.01020408163265306,0.017417286657093353,-0.08940903949547026,0.05253704051284279,0.09378692457312875,0.06032204399313797,-0.06486449134639091,0.13260708621790715,0.010245592744814458,0.01020408163265306,0.01020408163265306,0.21880589671134407,0.07456729580912873,0.4810403105125798,0.01020408163265306,-0.06113910553668679
2026-05-18,0.016634304294526142,-0.059286114098941786,0.034711074499705126,-0.0014081035876402498,-0.06412515417640993,0.01020408163265306,0.03457137896748724,0.021833768313267287,0.1633327604228583,0.17020789596908228,-0.0636262473087276,-0.0652780725136191,-0.036884296348416785,0.01020408163265306,-0.08790292291668012,-0.041366381635165095,-0.021554402262148407,0.01020408163265306,0.14646736246680164,0.01020408163265306,0.02633255664899188,0.007294292821856429,0.01020408163265306,0.01020408163265306,-0.0670956313634827,0.01020408163265306,0.09939554056648738,0.027919581797409956,-0.11094267939210246,-0.028940502625389553,-0.06016325535396254,0.012641740514594983,0.01020408163265306,0.08658547382676858,0.01020408163265306,0.01020408163265306,0.01020408163265306,0.002960202374371115,-0.08034077461449891,-0.09842790876214645,0.01020408163265306,0.01020408163265306,-0.024639886749747576,0.01020408163265306,-0.0031646017887507396,0.008806204343496151,-0.08310997677646537,-0.0686481557089345,-0.08845282983213955,0.06657977328326255,0.01020408163265306,0.01020408163265306,0.01020408163265306,-0.03949721365595394,0.01020408163265306,-0.01091107890150735,0.01020408163265306,0.01020408163265306,0.01020408163265306,0.056905265701898834,0.01020408163265306,0.01020408163265306,0.01020408163265306,0.01020408163265306,0.01020408163265306,-0.1171788174124581,-0.08971540480630678,0.009402934323144345,0.09230476341142915,0.02583894453279459,0.01020408163265306,-0.046918887487946745,0.05604735675693105,0.15522813081415898,0.03918208650528684,0.01020408163265306,-0.16903761915235063,0.01020408163265306,-0.15900806223441213,-0.010381549414108111,0.16296266855400868,0.03598780549740006,0.029695250440848267,0.03247361019414251,-0.1393165811266653,0.05334972128578011,0.13606726443539488,0.1052234074329239,-0.08901581307652306,0.08213230898811076,0.01020408163265306,0.01020408163265306,-0.02470812312656137,0.21366675788462816,0.09116429552115263,0.47424064384460335,0.01020408163265306,-0.05363069127033927
2026-05-19,0.01020408163265306,-0.009848890308498197,0.01020408163265306,-0.0003901489811908507,0.01020408163265306,0.01020408163265306,0.01020408163265306,0.01020408163265306,0.01020408163265306,0.01020408163265306,-0.08229610095367616,0.01020408163265306,-0.014623951315972725,0.01020408163265306,0.01020408163265306,0.01020408163265306,0.01020408163265306,0.01020408163265306,0.01020408163265306,0.01020408163265306,0.01020408163265306,0.01020408163265306,0.01020408163265306,0.01020408163265306,0.01020408163265306,0.01020408163265306,0.01020408163265306,0.01020408163265306,0.01020408163265306,0.01020408163265306,0.004311453499708879,0.01020408163265306,0.01020408163265306,0.01020408163265306,0.01020408163265306,0.006854852529448112,0.01020408163265306,0.01020408163265306,0.01020408163265306,0.01020408163265306,0.01020408163265306,0.01020408163265306,0.01020408163265306,0.01020408163265306,0.01020408163265306,0.01020408163265306,-0.13067518051905933,0.01020408163265306,0.01020408163265306,0.01020408163265306,0.01020408163265306,0.01020408163265306,0.01020408163265306,0.01020408163265306,0.01020408163265306,0.01020408163265306,0.01020408163265306,0.01020408163265306,0.01020408163265306,0.01020408163265306,0.01020408163265306,0.01020408163265306,0.01020408163265306,0.01020408163265306,0.01020408163265306,0.01020408163265306,0.01020408163265306,0.01020408163265306,0.01020408163265306,0.01020408163265306,0.01020408163265306,0.01020408163265306,0.01020408163265306,0.01020408163265306,0.01020408163265306,0.01020408163265306,0.01020408163265306,0.01020408163265306,0.01020408163265306,0.01020408163265306,0.01020408163265306,0.01020408163265306,0.01020408163265306,0.01020408163265306,0.01020408163265306,0.01020408163265306,0.01020408163265306,0.01020408163265306,0.01020408163265306,0.010413312410035257,0.01020408163265306,0.01020408163265306,0.01020408163265306,0.2135293072205102,0.01020408163265306,0.2973816774874976,0.01020408163265306,-0.1824114331096191
2026-05-20,0.01020408163265306,-0.006424193800203841,0.01020408163265306,-0.0008628938806099391,0.01020408163265306,0.01020408163265306,0.01020408163265306,0.01020408163265306,0.01020408163265306,0.01020408163265306,-0.08358849718996124,0.01020408163265306,-0.015352959657056959,0.01020408163265306,0.01020408163265306,0.01020408163265306,0.01020408163265306,0.01020408163265306,0.01020408163265306,0.01020408163265306,0.01020408163265306,0.01020408163265306,0.01020408163265306,0.01020408163265306,0.01020408163265306,0.01020408163265306,0.01020408163265306,0.01020408163265306,0.01020408163265306,0.01020408163265306,0.005785764810710698,0.01020408163265306,0.01020408163265306,0.01020408163265306,0.01020408163265306,0.002292052992977375,0.01020408163265306,0.01020408163265306,0.01020408163265306,0.01020408163265306,0.01020408163265306,0.01020408163265306,0.01020408163265306,0.01020408163265306,0.01020408163265306,0.01020408163265306,-0.13187039719946314,0.01020408163265306,0.01020408163265306,0.01020408163265306,0.01020408163265306,0.01020408163265306,0.01020408163265306,0.01020408163265306,0.01020408163265306,0.01020408163265306,0.01020408163265306,0.01020408163265306,0.01020408163265306,0.01020408163265306,0.01020408163265306,0.01020408163265306,0.01020408163265306,0.01020408163265306,0.01020408163265306,0.01020408163265306,0.01020408163265306,0.01020408163265306,0.01020408163265306,0.01020408163265306,0.01020408163265306,0.01020408163265306,0.01020408163265306,0.01020408163265306,0.01020408163265306,0.01020408163265306,0.01020408163265306,0.01020408163265306,0.01020408163265306,0.01020408163265306,0.01020408163265306,0.01020408163265306,0.01020408163265306,0.01020408163265306,0.01020408163265306,0.01020408163265306,0.01020408163265306,0.01020408163265306,0.01020408163265306,0.010526841096782018,0.01020408163265306,0.01020408163265306,0.01020408163265306,0.21474118763750372,0.011758063929200415,0.29636265339010437,0.01020408163265306,-0.1809186425381467
2026-05-21,0.01797406635281972,-0.041611574188274325,0.02645438902971141,-0.009513665026260746,-0.06082079409924415,0.01020408163265306,0.021875968050201516,0.012846461384096147,0.15248315533644907,0.13210519267471657,-0.07330630386770182,-0.03196013831449339,-0.02809940670127025,0.01020408163265306,-0.05972734781049502,-0.022856328653968742,0.01020408163265306,0.01020408163265306,0.04091248248701726,0.01020408163265306,0.016061546911000094,0.009273931712514028,0.01020408163265306,0.01020408163265306,-0.0699046398975172,0.031678159847863194,0.03240875161629387,0.01020408163265306,-0.05061741090620134,-0.0007797727224818571,-0.06986407993298457,0.01020408163265306,0.01020408163265306,0.03658765351809286,0.01020408163265306,0.01020408163265306,0.01020408163265306,0.01020408163265306,-0.0525648823299026,-0.069273166827137,0.01020408163265306,0.01020408163265306,0.0009233602392193403,0.01020408163265306,0.01020408163265306,0.01020408163265306,-0.08920965323020022,-0.11181931080773536,-0.012035867746768741,0.022021721451243387,0.01020408163265306,0.01020408163265306,0.01020408163265306,-0.06062332344956675,0.01020408163265306,0.01020408163265306,0.01020408163265306,0.01020408163265306,0.01020408163265306,0.09177238492307016,0.011791470833848697,0.01020408163265306,0.01020408163265306,0.01020408163265306,0.01020408163265306,-0.048954522329527045,-0.09427568492001638,-0.006500469559502236,0.05708889095458922,0.05486641694079339,0.01020408163265306,-0.02190330762539352,0.01020408163265306,0.18721357265778477,0.01020408163265306,0.01020408163265306,-0.1651754990813894,0.01020408163265306,-0.14487654266898348,0.0028051762114618033,0.10007467157191781,0.02747640459981803,0.01020408163265306,0.033034575510983835,-0.1163594816420158,0.030459687298793815,0.08932363686699965,0.04038400670143198,-0.06674456182599331,0.1341252045094358,0.01020408163265306,0.01020408163265306,0.008628227049099626,0.24753943664439335,0.05621676787231093,0.4947885079467344,0.01020408163265306,-0.049981408845802724
2026-05-22,0.01020408163265306,-0.026474088393453735,0.01020408163265306,0.01020408163265306,0.01020408163265306,0.01020408163265306,0.01020408163265306,0.01020408163265306,0.01020408163265306,0.01020408163265306,-0.07260815305585343,0.01020408163265306,-0.01275231058654412,0.01020408163265306,0.01020408163265306,0.01020408163265306,0.01020408163265306,0.01020408163265306,0.01020408163265306,0.01020408163265306,0.01020408163265306,0.01020408163265306,0.01020408163265306,0.01020408163265306,0.01020408163265306,0.01020408163265306,0.01020408163265306,0.01020408163265306,0.01020408163265306,0.01020408163265306,0.01020408163265306,0.01020408163265306,0.01020408163265306,0.01020408163265306,0.01020408163265306,0.01020408163265306,0.01020408163265306,0.01020408163265306,0.01020408163265306,0.01020408163265306,0.01020408163265306,0.01020408163265306,0.01020408163265306,0.01020408163265306,0.01020408163265306,0.01020408163265306,-0.08396992160917108,0.01020408163265306,0.01020408163265306,0.01020408163265306,0.01020408163265306,0.01020408163265306,0.01020408163265306,0.01020408163265306,0.01020408163265306,0.01020408163265306,0.01020408163265306,0.01020408163265306,0.01020408163265306,0.01020408163265306,0.01020408163265306,0.01020408163265306,0.01020408163265306,0.01020408163265306,0.01020408163265306,0.01020408163265306,0.01020408163265306,0.01020408163265306,0.01020408163265306,0.01020408163265306,0.01020408163265306,0.01020408163265306,0.01020408163265306,0.01020408163265306,0.01020408163265306,0.01020408163265306,0.01020408163265306,0.01020408163265306,0.01020408163265306,0.01020408163265306,0.01020408163265306,0.01020408163265306,0.01020408163265306,0.01020408163265306,0.01020408163265306,0.01020408163265306,0.01020408163265306,0.01020408163265306,0.01020408163265306,0.01020408163265306,0.01020408163265306,0.01020408163265306,0.01020408163265306,0.1625678673299418,0.01020408163265306,0.2783174948626964,0.01020408163265306,-0.17365231711904444
2026-05-26,0.024472676677768486,-0.04861132260586599,0.01020408163265306,0.01020408163265306,-0.03435686618160591,0.01020408163265306,0.01020408163265306,0.01020408163265306,0.050205252078507255,0.04118460174331898,-0.04036833967774838,0.01020408163265306,-0.016632265816832734,0.01020408163265306,-0.01655626493126032,0.01020408163265306,0.01020408163265306,0.01020408163265306,0.01020408163265306,0.01020408163265306,0.01020408163265306,-0.01840942191322996,0.01020408163265306,0.01020408163265306,-0.03544235401813679,0.01020408163265306,0.01020408163265306,0.01020408163265306,-0.01843063074332895,0.01020408163265306,-0.05937804906973049,0.01020408163265306,0.01020408163265306,0.01020408163265306,-0.00949479832918597,-0.06522136977321082,0.01020408163265306,0.004682373309988823,0.01020408163265306,-0.07518474814925143,0.01020408163265306,0.01020408163265306,0.01020408163265306,0.01020408163265306,0.01020408163265306,0.01020408163265306,-0.08110933712486817,0.008624145298334107,0.01020408163265306,0.01020408163265306,0.01020408163265306,0.01020408163265306,0.01020408163265306,-0.009789194805888074,0.01020408163265306,0.01020408163265306,0.01020408163265306,0.01020408163265306,0.01020408163265306,0.01020408163265306,0.010442113378337104,0.01020408163265306,0.01020408163265306,0.01020408163265306,0.01020408163265306,-0.01429889824631603,-0.08972449164688522,-0.028812526983745215,0.01020408163265306,0.08734152653584137,0.01020408163265306,0.01020408163265306,0.01020408163265306,0.045949664027045097,0.01020408163265306,0.01020408163265306,-0.06219821933145195,0.01020408163265306,-0.0999317754622303,0.01020408163265306,0.01020408163265306,0.01020408163265306,0.01020408163265306,0.01020408163265306,0.01020408163265306,0.01870193202024996,0.01020408163265306,0.01020408163265306,0.005593640527772896,0.17514790060403115,0.01020408163265306,0.01020408163265306,0.01020408163265306,0.24099594992418194,0.08982124787764707,0.42016715432530294,0.01020408163265306,-0.05244052800735034
2026-05-27,0.01020408163265306,-0.02920446532669657,0.01020408163265306,0.01020408163265306,0.01020408163265306,0.01020408163265306,0.01020408163265306,0.01020408163265306,0.01020408163265306,0.01020408163265306,-0.06466967501895382,0.01020408163265306,-0.01700355538293937,0.01020408163265306,0.01020408163265306,0.01020408163265306,0.01020408163265306,0.01020408163265306,0.01020408163265306,0.01020408163265306,0.01020408163265306,0.01020408163265306,0.01020408163265306,0.01020408163265306,0.01020408163265306,0.01020408163265306,0.01020408163265306,0.01020408163265306,0.01020408163265306,0.01020408163265306,0.01020408163265306,0.01020408163265306,0.01020408163265306,0.01020408163265306,0.01020408163265306,0.01020408163265306,0.01020408163265306,0.01020408163265306,0.01020408163265306,0.01020408163265306,0.01020408163265306,0.01020408163265306,0.01020408163265306,0.01020408163265306,0.01020408163265306,0.01020408163265306,-0.07600206036635301,0.01020408163265306,0.01020408163265306,0.01020408163265306,0.01020408163265306,0.01020408163265306,0.01020408163265306,0.01020408163265306,0.01020408163265306,0.01020408163265306,0.01020408163265306,0.01020408163265306,0.01020408163265306,0.01020408163265306,0.01020408163265306,0.01020408163265306,0.01020408163265306,0.01020408163265306,0.01020408163265306,0.01020408163265306,0.01020408163265306,0.01020408163265306,0.01020408163265306,0.01020408163265306,0.01020408163265306,0.01020408163265306,0.01020408163265306,0.01020408163265306,0.01020408163265306,0.01020408163265306,0.01020408163265306,0.01020408163265306,0.01020408163265306,0.01020408163265306,0.01020408163265306,0.01020408163265306,0.01020408163265306,0.01020408163265306,0.01020408163265306,0.01020408163265306,0.01020408163265306,0.01020408163265306,0.01020408163265306,0.01020408163265306,0.01020408163265306,0.01020408163265306,0.01020408163265306,0.15543003850022294,0.01020408163265306,0.288172277604569,0.01020408163265306,-0.1852939885812777
2026-05-28,0.035445889057932695,-0.05073721477758946,0.01020408163265306,-0.009901572759074695,-0.04334696359380783,0.03396458979942989,0.01450878255778976,0.033381596000498726,0.11139993283146174,0.0800302752488631,-0.06123660045977901,-0.01907300308259434,-0.02603969431714484,0.017963918065693713,-0.04026112463781873,0.010126569249554329,0.01020408163265306,0.01020408163265306,0.057371837793681955,0.01020408163265306,0.01020408163265306,-0.023808056349811396,0.01020408163265306,0.01020408163265306,-0.09864368856705373,0.01020408163265306,0.01020408163265306,0.018877502029626216,-0.0029057238908171256,0.01020408163265306,-0.05134490257835805,0.01020408163265306,0.050390331272049275,0.04408737027110142,-0.012225640361292681,0.01020408163265306,0.01020408163265306,0.01020408163265306,-0.018959742102968087,-0.05912312093173189,-0.0548628572938535,0.01020408163265306,0.01020408163265306,0.01020408163265306,0.005543810609662084,0.01020408163265306,-0.08181027171183923,-0.1533417101855623,0.01020408163265306,0.01020408163265306,0.01020408163265306,0.01020408163265306,0.01020408163265306,-0.03533397189162225,0.01020408163265306,0.01020408163265306,0.01020408163265306,0.01020408163265306,0.01020408163265306,0.047790197959014555,0.043950051148781165,0.01020408163265306,0.01020408163265306,0.01020408163265306,0.01020408163265306,-0.11052216852020219,-0.12841357692909128,0.0005615886321206024,0.07490991525214116,0.09378262977160198,0.01020408163265306,0.01020408163265306,0.01020408163265306,0.1820291595411023,0.01020408163265306,0.01020408163265306,-0.18177126104967473,0.01020408163265306,-0.12498222129179813,0.01020408163265306,0.025069632459335085,0.016750029867515222,0.03669840482169941,0.06001130844668989,-0.10998753160239308,0.041168841412317976,0.06576561091111124,0.043239315667612674,-0.07526528548593021,0.16541514489133682,0.02097021453065613,0.01020408163265306,0.01020408163265306,0.2013166042640738,0.13831295175443695,0.42752608963717986,0.01020408163265306,-0.05303361995569157
2026-05-29,0.03558203604014871,-0.05217200698022696,0.01020408163265306,-0.0031257639928857495,-0.03304545166524549,0.010619078347260866,0.01020408163265306,0.021251952422231477,0.0920558193339198,0.055521928550319365,-0.041631665613861835,0.0018020396525313034,-0.01439560019698848,0.013501038682160533,-0.026583398410363168,0.01020408163265306,0.01020408163265306,0.01020408163265306,0.01020408163265306,0.01020408163265306,0.01020408163265306,-0.013353085251640548,0.01020408163265306,0.01020408163265306,-0.07601135141387565,0.01020408163265306,0.01020408163265306,0.01020408163265306,0.01020408163265306,0.01020408163265306,-0.055911827053175656,0.01020408163265306,0.01020408163265306,0.01020408163265306,-0.03499231874025092,-0.016908926136086244,0.01020408163265306,0.01020408163265306,0.009004043806892265,-0.04492805149795706,-0.03191725625704896,0.01020408163265306,0.01020408163265306,0.01020408163265306,0.01020408163265306,0.01020408163265306,-0.0758689312083597,-0.08195650388979324,0.01020408163265306,0.01020408163265306,0.01020408163265306,0.01020408163265306,0.01020408163265306,-0.005045474782429945,0.01020408163265306,0.01020408163265306,0.01020408163265306,0.01020408163265306,0.01020408163265306,0.014317410803024592,0.03656423211504028,0.01020408163265306,0.01020408163265306,0.01020408163265306,0.01020408163265306,-0.06532005809546619,-0.10410229168710661,0.004704496375216117,0.024042131406054705,0.09934270624162443,0.01020408163265306,0.01020408163265306,0.01020408163265306,0.10982051097115145,0.01020408163265306,0.01020408163265306,-0.10516309524427869,0.01020408163265306,-0.11563302762110851,0.01020408163265306,0.01020408163265306,0.01020408163265306,0.01020408163265306,0.01020408163265306,0.01020408163265306,0.032820826498484175,0.01020408163265306,0.01020408163265306,-0.01836879663347985,0.1680514494391003,0.01020408163265306,0.01020408163265306,0.01020408163265306,0.21634447506299184,0.11216413897102741,0.4368237679030242,0.01020408163265306,-0.0595318533117989
2026-06-01,0.03896384661731159,-0.0547879152742804,0.01020408163265306,-0.019234390736637824,-0.03866169408302472,0.013620067541811161,0.015483390014614988,0.02848490858038106,0.10754619761189615,0.07946935898733179,-0.050410014327578405,-0.005010039519909611,-0.02248959019955373,0.017530107767689186,-0.034599588265344636,0.006081040752460131,0.01020408163265306,0.01020408163265306,0.01148605514653377,0.01020408163265306,0.01020408163265306,-0.018871478993311035,0.01020408163265306,0.01020408163265306,-0.10527032501318312,0.01020408163265306,0.01020408163265306,0.01020408163265306,0.01020408163265306,0.01020408163265306,-0.052962497174614875,0.01020408163265306,0.02940831724526423,0.027958858182568713,-0.00977499001152518,0.0007966486653867618,0.01020408163265306,0.01020408163265306,0.01020408163265306,-0.03743319198055261,-0.028887854404757322,0.01020408163265306,0.01020408163265306,0.01020408163265306,0.01020408163265306,0.01020408163265306,-0.07015521873510494,-0.115316819105428,0.01020408163265306,0.01020408163265306,0.01020408163265306,0.01020408163265306,0.01020408163265306,-0.018918776172928996,0.01020408163265306,0.01020408163265306,0.01020408163265306,0.01020408163265306,0.01020408163265306,0.025058920247816998,0.04164155243914035,0.01020408163265306,0.0009199676569626603,0.01020408163265306,0.01020408163265306,-0.08768724417503064,-0.12370900689356563,0.01020408163265306,0.05960068057812274,0.09424525287803844,0.01020408163265306,0.01020408163265306,0.01020408163265306,0.16182618254925737,0.01020408163265306,0.01020408163265306,-0.12194390656132052,0.01020408163265306,-0.12953800556287248,0.01020408163265306,0.01020408163265306,0.01020408163265306,0.01020408163265306,0.01707848108135293,-0.03575939961342908,0.040429838753938296,0.017620559246160877,0.01020408163265306,-0.048705095556901355,0.15923775660318087,0.026299435370734613,0.01020408163265306,0.01020408163265306,0.21850369557975174,0.09767153566697491,0.45478283313858997,0.01020408163265306,-0.06161844654241701
2026-06-02,0.01020408163265306,0.008042206166945225,0.01020408163265306,0.002150737593208647,-0.012248376353737775,0.01020408163265306,0.01020408163265306,0.01020408163265306,0.01020408163265306,0.01020408163265306,-0.06731139937184658,0.01020408163265306,-0.013995070790186434,0.01020408163265306,0.01020408163265306,0.01020408163265306,0.01020408163265306,0.01020408163265306,0.01020408163265306,0.01020408163265306,0.01020408163265306,0.01020408163265306,0.01020408163265306,0.01020408163265306,0.01020408163265306,0.01020408163265306,0.01020408163265306,0.01020408163265306,0.01020408163265306,0.01020408163265306,0.01020408163265306,0.01020408163265306,0.01020408163265306,0.01020408163265306,0.01020408163265306,0.01020408163265306,0.01020408163265306,0.01020408163265306,0.01020408163265306,0.01020408163265306,0.01020408163265306,0.01020408163265306,0.01020408163265306,0.01020408163265306,0.01020408163265306,0.01020408163265306,-0.07437985496205568,0.01020408163265306,0.01020408163265306,0.01020408163265306,0.01020408163265306,0.01020408163265306,0.01020408163265306,0.01020408163265306,0.01020408163265306,0.01020408163265306,0.01020408163265306,0.01020408163265306,0.01020408163265306,0.01020408163265306,0.01020408163265306,0.01020408163265306,0.01020408163265306,0.01020408163265306,0.01020408163265306,0.01020408163265306,0.01020408163265306,0.01020408163265306,0.01020408163265306,0.01020408163265306,0.01020408163265306,0.01020408163265306,0.01020408163265306,0.01020408163265306,0.01020408163265306,0.01020408163265306,0.01020408163265306,0.01020408163265306,0.01020408163265306,0.01020408163265306,0.01020408163265306,0.01020408163265306,0.01020408163265306,0.01020408163265306,0.01020408163265306,0.01020408163265306,0.01020408163265306,0.01020408163265306,0.01020408163265306,0.01020408163265306,0.01020408163265306,0.01020408163265306,0.01020408163265306,0.14259493294919964,0.01020408163265306,0.26950162789022114,0.01020408163265306,-0.16251806842787064
2026-06-03,0.045094845933213425,-0.014702866433464636,0.01020408163265306,-0.011636132832646936,-0.04374479583475572,0.01020408163265306,0.01020408163265306,0.01020408163265306,0.07585112452550996,0.05499785811004828,-0.05064158395534854,0.0011800674921851866,-0.021183829421514422,0.01020408163265306,-0.009779070119167997,0.002405554506937777,0.01020408163265306,0.01020408163265306,0.01020408163265306,0.01020408163265306,0.008066450476325239,-0.013784457517261149,0.01020408163265306,0.01020408163265306,-0.10705394564287227,0.01020408163265306,0.01020408163265306,0.01020408163265306,0.01020408163265306,0.01020408163265306,-0.05132063575473372,0.01020408163265306,0.01020408163265306,0.01020408163265306,-0.004435761017300378,-0.03099114037246134,0.01020408163265306,0.01020408163265306,0.007904130985649623,-0.03438711104600146,-0.016172030301599583,0.01020408163265306,0.01020408163265306,0.01020408163265306,0.01020408163265306,0.01020408163265306,-0.06971747416679443,-0.0666685297645111,0.01020408163265306,0.01020408163265306,0.01020408163265306,0.01020408163265306,0.01020408163265306,0.0032517729079814036,0.01020408163265306,0.01020408163265306,0.01020408163265306,0.01020408163265306,0.01020408163265306,0.01020408163265306,0.024444351370898197,0.01020408163265306,-0.04067769200034359,0.01020408163265306,0.01020408163265306,-0.05580468659824654,-0.11137238198966208,0.003754501279459781,0.010568642182081547,0.09682586580949745,0.01020408163265306,0.01020408163265306,0.01020408163265306,0.13508625522693501,0.01020408163265306,0.01020408163265306,-0.06783374688120236,0.01020408163265306,-0.12581394953020375,0.01020408163265306,0.01020408163265306,0.01020408163265306,0.01020408163265306,0.01020408163265306,0.01020408163265306,0.020471709912798147,0.01020408163265306,0.01020408163265306,-0.01594226566579167,0.1488988075989503,0.03799302290255387,0.01020408163265306,0.01020408163265306,0.20412968534882103,0.08343186518338716,0.46049269213370864,0.01020408163265306,-0.04281777010228295
2026-06-04,0.050863849857245874,-0.03129527985934438,0.01020408163265306,-0.018979290691249123,-0.03394725673345252,0.01020408163265306,0.01697141786828491,0.01020408163265306,0.11525116919496067,0.08667145247753678,-0.05949309473891734,-0.010176941804950866,-0.025314040090742854,0.021917859734497717,-0.03194831257593213,0.0004848178661033299,0.01020408163265306,0.01020408163265306,0.01020408163265306,0.01020408163265306,0.01020408163265306,-0.017355030552531743,0.01020408163265306,0.01020408163265306,-0.09971695950619557,0.006638594900058085,0.01020408163265306,0.01020408163265306,0.01020408163265306,0.01020408163265306,-0.052199407525432596,0.01020408163265306,0.019754617642081307,0.017771638498875628,0.004974432185735057,-0.004115343975850387,0.01020408163265306,0.01020408163265306,-0.02079570259259278,-0.021753242187840242,-0.04211965991166052,0.01020408163265306,0.01020408163265306,0.01020408163265306,-0.022341748423836703,0.01020408163265306,-0.06958607572188079,-0.10700580504368663,0.01020408163265306,0.01020408163265306,0.01020408163265306,0.01020408163265306,0.01020408163265306,-0.00402870278257993,0.01020408163265306,0.01020408163265306,0.01020408163265306,0.01020408163265306,0.01020408163265306,0.01576031376074984,0.03324667993378085,0.01020408163265306,-0.008932648571537532,0.01020408163265306,0.01020408163265306,-0.06775923571478587,-0.11688828921600365,-0.02364937809613553,0.02904440188032726,0.10004041734130006,0.01020408163265306,0.01020408163265306,0.01020408163265306,0.1537730743079428,0.01020408163265306,0.01020408163265306,-0.07991464099813686,0.01020408163265306,-0.13819957151959145,-0.008702294726753367,0.01020408163265306,0.01020408163265306,0.01020408163265306,0.011657434355769181,0.00911412168985268,0.038563364060471034,0.02747305380846104,0.01764678489145117,-0.022754019508424067,0.1531921978165141,0.015178339857389818,0.01020408163265306,0.01020408163265306,0.22483125423222852,0.08235691368823156,0.4492983131976239,0.01020408163265306,-0.03289229707946874
2026-06-05,0.05429013228587672,-0.0447538305632032,0.01020408163265306,-0.014171545164566672,-0.044004294866170565,0.01020408163265306,0.02192569414545291,0.023285397068156737,0.13272405778882912,0.12465513867836994,-0.06786803058782974,-0.00801872863805869,-0.024821585858501534,0.015852311547590002,-0.051152912169582364,-0.015015191372774924,0.01020408163265306,0.02638045624989907,0.02360264566883809,0.01020408163265306,0.01020408163265306,-0.023035574066659133,-0.008399823869824187,0.01020408163265306,-0.08441158988859973,0.006408262137863582,0.01020408163265306,0.01020408163265306,-0.017985113679703638,0.01020408163265306,-0.04190513366079452,0.01020408163265306,0.0473448669012552,0.016850700249105253,0.01020408163265306,0.01020408163265306,0.01020408163265306,0.01020408163265306,-0.062062264362735126,-0.03371834170699277,-0.0598180517433376,0.01020408163265306,0.01020408163265306,0.01020408163265306,-0.03960315169978433,0.01020408163265306,-0.0779225873081585,-0.08119313919831916,0.01020408163265306,0.01020408163265306,0.01020408163265306,0.01020408163265306,0.01020408163265306,-0.041883716044593164,0.01020408163265306,0.01020408163265306,0.01020408163265306,0.01020408163265306,0.01020408163265306,0.04638326486644055,0.03789541778450329,0.01020408163265306,0.01020408163265306,0.01020408163265306,0.01020408163265306,-0.06070290962435736,-0.10184275977047738,-0.01055824944823616,0.04804456609214561,0.10979588072900887,0.01020408163265306,0.01020408163265306,0.01020408163265306,0.15680347585862509,0.031524988740668974,0.01020408163265306,-0.15529280158775044,0.01020408163265306,-0.13627467532107884,-0.018442619767567732,0.01020408163265306,0.06730678694306153,0.01020408163265306,0.048044328546839404,-0.042992032042890316,0.024660730614835858,0.04972930540748489,0.05222185444457716,-0.04959101113287386,0.137785443189418,0.010721929520717582,0.01020408163265306,-0.020687070976496406,0.189220151769757,0.1094695491665729,0.45322041474414715,0.01020408163265306,-0.04638636195689806
2026-06-08,0.13380110068677245,-0.14092309388576552,-0.04566158239925554,0.00831084240088927,-0.03245631620677282,0.05029594909397225,0.053588619905765036,0.1117596383638172,0.13403508468752448,0.08248487264676721,-0.03696425423127261,-0.08561533032947109,-0.09669408984390455,0.04208549544488407,-0.12016758055818962,-0.12033852252673778,0.01020408163265306,3.665270050932923e-05,0.5291669747333085,-0.019212276786358486,0.012064283764296193,0.010370470598113773,-0.08341765213882757,0.015502502304634796,0.016685480922964506,-0.04342588445479211,-0.03201797813180402,-0.007387209255023489,-0.0723995590062353,0.025969434262056584,0.09727735015931686,0.13026897081569966,0.10591281960807615,0.14560982400508923,0.10550016309941367,0.016738730258685396,-0.029728928398823677,-0.07784484056994999,-0.21659644635128883,-0.0029120552303104463,-0.18836077027200307,0.014118021112895639,0.004270310035896997,-0.012557237817021066,-0.3632499156686692,-0.0343353369702408,-0.14283957016732743,-0.021426184814564736,-0.019282587915922612,0.01020408163265306,-0.0780355755633043,-0.02941414850029036,0.17806325443997614,-0.1721513230839632,0.04575358477978204,0.08715099617284654,0.05730969391292095,0.0525720991482406,-0.08242970996758585,0.10303938317787498,0.0950387634798851,-0.1230573403436067,0.01020408163265306,0.10292728341759085,-0.09612099778726911,-0.09687622115165868,-0.0839640294321732,-0.17292968481508486,0.06250483525351638,0.12860982118878234,-0.15773515356026102,0.01020408163265306,0.07245875712836715,0.019949335237344483,0.20344704585515094,0.22647210981849547,-0.23964966843385244,-0.04386804363843761,-0.13347649674779472,-0.07999476131191098,0.06502185083105895,0.3616793379348405,0.24275894624111466,0.08863657238881965,-0.0719621120272763,0.11926818128792768,0.01020408163265306,0.2928100368628701,-0.051284842717820536,0.08270454700089316,0.020425630610902926,-0.2595263264371981,-0.15131551108010596,0.14270200557913368,0.1886432248045769,0.27148924255835727,0.01020408163265306,-0.04890746998841035
2026-06-09,0.1368043175712966,-0.17184962178312765,-0.0610450788611068,0.0193392021983969,-0.035147740117175176,0.059792761354443905,0.07154389220575763,0.13225529066749986,0.13741936182545317,0.06823116372642672,-0.025662380653149165,-0.11239434682162679,-0.12616873407171827,0.05254847343792251,-0.12723284286919945,-0.1518325610455704,0.03124020455450597,-0.003176845697752017,0.5813007048011472,-0.037671232239393525,0.012357581871387954,0.03422325879708269,-0.1260850334192133,0.010957075639710264,0.03049344150870651,-0.039149705025296286,-0.08094965983618851,-0.012692771902949386,-0.07066688863898507,0.05179130649982578,0.11783737733525147,0.13677702784945406,0.11794596875207042,0.18069353300762428,0.12656079792719443,0.04336358579149128,-0.0640856305232688,-0.07026184944843647,-0.178728727097892,0.018987545560977644,-0.1999340113488808,0.0028488820707252794,-0.015333720511564583,-0.010515159274454825,-0.42565579990536406,-0.04927673137435346,-0.15315226176938232,0.009574319132159548,-0.017352801988629665,0.004283062350528507,-0.08632864200919378,-0.022249452179020697,0.22771796400059702,-0.18755333172167807,0.09661652127030113,0.1447997649348652,0.05266414524664022,0.06459574146806689,-0.11250730235283858,0.10198209076492352,0.11917196624788079,-0.14878228828916604,-0.06296805233709454,0.1177930979107853,-0.12661398647249217,-0.08602561786092777,-0.07654404676929567,-0.1903002396167071,0.054903394682413176,0.1419351558034413,-0.19300228519247442,-0.015608528149826452,0.03795648653525142,-0.014088322108039368,0.21564904802061594,0.25146718857015693,-0.2609814030234853,-0.08248926730110638,-0.15011636231459863,-0.08086502291165198,0.07954322942539535,0.43197645365571563,0.25617271094474586,0.0913140789243935,-0.043789946478835544,0.1304782946730158,-0.07096474261696348,0.3442540302644373,-0.05095496218813112,0.09057140595805588,0.0656262129003617,-0.32209280968592235,-0.12128171125089891,0.14421490280036517,0.2136585446785183,0.2700467232479727,-0.02792888916230963,-0.034219941148619724
2026-06-10,0.01020408163265306,0.01020408163265306,0.01020408163265306,0.009486353008089258,-0.028329850521203542,0.01020408163265306,0.01020408163265306,0.01020408163265306,0.01020408163265306,0.01020408163265306,-0.06827078169567077,0.01020408163265306,0.01020408163265306,0.01020408163265306,0.01020408163265306,0.01020408163265306,0.01020408163265306,0.01020408163265306,0.01020408163265306,0.01020408163265306,0.00907526169123364,0.01020408163265306,0.01020408163265306,0.01020408163265306,-0.028255593851857053,0.01020408163265306,0.01020408163265306,0.01020408163265306,0.01020408163265306,0.01020408163265306,-0.01029874310751788,0.01020408163265306,0.01020408163265306,0.01020408163265306,0.01020408163265306,-0.04088250057365261,0.01020408163265306,0.01020408163265306,0.01020408163265306,0.01020408163265306,0.01020408163265306,0.01020408163265306,0.01020408163265306,0.01020408163265306,0.01020408163265306,0.01020408163265306,-0.13334308655642932,0.01020408163265306,0.01020408163265306,0.01020408163265306,0.01020408163265306,0.01020408163265306,0.01020408163265306,0.01020408163265306,0.01020408163265306,0.01020408163265306,0.01020408163265306,0.01020408163265306,0.01020408163265306,0.01020408163265306,0.01020408163265306,0.01020408163265306,0.01020408163265306,0.01020408163265306,0.01020408163265306,0.01020408163265306,0.01020408163265306,0.01020408163265306,0.01020408163265306,0.03496089342181635,0.01020408163265306,0.01020408163265306,0.01020408163265306,0.01020408163265306,0.01020408163265306,0.01020408163265306,0.01020408163265306,0.01020408163265306,-0.022909179791118693,0.01020408163265306,0.01020408163265306,0.01020408163265306,0.01020408163265306,0.01020408163265306,0.01020408163265306,0.01020408163265306,0.01020408163265306,0.01020408163265306,0.01020408163265306,0.025825285268430868,0.01020408163265306,0.01020408163265306,0.01020408163265306,0.21618448299801077,0.0238750348026974,0.32651222448109285,0.01020408163265306,-0.16056857508412536
2026-06-11,0.10192496578689972,-0.11254631416906553,-0.01759347140445413,0.018940204931686896,-0.036417177138390044,0.020890250187985474,0.04820484148882121,0.08936859028307195,0.13198416924328396,0.09151653798310164,-0.04275278972424394,-0.07062569388265753,-0.08136065519819248,0.041611779486541524,-0.13328159258203903,-0.09894520464120332,0.014596183571343319,0.01020408163265306,0.40303090707822176,-0.01320718813907896,0.01020408163265306,-0.019010792549951555,-0.06045474280692552,0.01020408163265306,0.0006216972926851617,-0.020923556994526492,0.01020408163265306,0.007419621075343293,-0.0699423551269881,0.01020408163265306,0.02769050609573573,0.09299317622450194,0.12301985764066714,0.1351453370154769,0.06273603910748392,0.009391054098302732,0.00241212198817286,-0.04514995673450821,-0.13941474920081287,-0.05017691249163228,-0.13504042745115946,0.03290347403792556,-0.00045237078712921305,-0.041869007009446235,-0.2938363688920986,-0.028459021432960856,-0.12788116306460595,-0.000640161851875069,-0.023723704636462277,0.01020408163265306,-0.03817681003606615,-0.011619978881463407,0.11787950150470243,-0.15634220549760972,0.025326581221427905,0.06380199451996622,0.11839100614032301,0.01020408163265306,-0.016717874497913718,0.06658473547286883,0.09300622145334493,-0.09689009612017235,0.01020408163265306,0.06691781314517545,-0.0248691700603696,-0.1297231928712802,-0.08020724813430981,-0.11196940165487167,0.0701626605748136,0.11073873966688783,-0.10191152344373995,0.01020408163265306,0.06539406976846716,0.02700884721218403,0.16539132824889508,0.1410433957279422,-0.234938692463986,-0.01704495280764847,-0.15040373110415103,-0.06649681477913849,0.04012490586926508,0.2506636378075597,0.18963308691079825,0.06824113333909604,-0.09730894654194061,0.09547220457692993,0.0241346265493681,0.258038892874058,-0.05064904947072793,0.13555037020776306,0.01020408163265306,-0.19514207317331891,-0.07802891428063587,0.16750071814345063,0.13590461152058722,0.31222562002318194,0.018545861417757294,-0.06397864111084567
2026-06-12,0.033607883702009345,-0.039660471793524575,0.01020408163265306,0.0065634565798778285,-0.04835834088810137,0.01020408163265306,0.01742302626173422,0.01020408163265306,0.11546153545679633,0.1349082724486095,-0.06196966886358926,-0.012952628355500434,-0.015336583757340492,0.016452256695884907,-0.07638759229688931,-0.007584923214122687,0.01020408163265306,0.028255906899511095,0.01020408163265306,0.01020408163265306,0.01020408163265306,-0.03857041785986346,-0.018924815816760705,0.01020408163265306,-0.0817581137285151,0.01020408163265306,0.01020408163265306,0.01020408163265306,-0.022789969257530907,0.01020408163265306,-0.06855827664699143,0.01020408163265306,0.059987003089138444,0.05064575274320572,0.01020408163265306,0.01020408163265306,0.01020408163265306,0.01020408163265306,0.0023762469767905775,-0.07096160942538925,-0.029523143129441883,0.01020408163265306,0.01020408163265306,0.01020408163265306,-0.0037533655018662983,0.01020408163265306,-0.07523258817685657,-0.0649890107354483,0.01020408163265306,0.01020408163265306,0.01020408163265306,0.01020408163265306,0.01020408163265306,-0.044317384996452554,0.01020408163265306,0.01020408163265306,0.03877188413999945,0.01020408163265306,0.01020408163265306,0.02403217564861524,0.04798022255118702,0.01020408163265306,0.01020408163265306,0.01020408163265306,0.01020408163265306,-0.09209575348256636,-0.11232637983674991,0.007321912950386497,0.049519154928655246,0.09965416489860136,0.01020408163265306,0.01020408163265306,0.01020408163265306,0.10038900449554355,0.04841557536811035,0.01020408163265306,-0.17818253616326113,0.01020408163265306,-0.13924074065584222,-0.016654912986335084,0.01020408163265306,0.024572177384733412,0.01020408163265306,0.032438916445389585,-0.04799756377712581,0.05143762515932913,0.04010173027363928,0.07743199554516689,-0.05506613098572799,0.1571563329850289,0.01020408163265306,0.01020408163265306,0.01020408163265306,0.19540180494581044,0.09056469177400324,0.46114054092206214,0.01020408163265306,-0.04800200240741427
2026-06-15,0.14503428815298106,-0.09947005838630069,-0.018009271917888696,0.02252003854037933,-0.057542582678363874,-0.018069540466704573,0.03905020248440788,0.11029895099116815,0.14450985557433474,0.11085692886640303,-0.03967160210581596,-0.096508730992841,-0.09914330156692346,0.05014393647117196,-0.11881925701935249,-0.11065435954043347,0.01020408163265306,-0.03140449763546753,0.5183472046081524,0.0013950641843057977,-0.009452175014584221,0.01020408163265306,-0.057967919097033596,0.03892313598791936,-0.01783867509850879,-0.0450564351307703,0.01020408163265306,0.010443601832743834,-0.10427993102573323,0.01020408163265306,0.0593810755047181,0.12504407149713895,0.11730788461267794,0.13574882635395366,0.03330624045943932,0.01020408163265306,-0.020953817514990918,-0.04564341959890798,-0.2676541305793638,-0.04309678291010032,-0.16856652030457053,0.03193546145270373,-0.0023045874520494346,-0.019766701858306708,-0.36316293795809085,0.005188477643961756,-0.14164588914812107,-0.06692574605298725,0.01020408163265306,0.018388311081464888,-0.048576324686797456,-0.03080039537423125,0.13372948139708496,-0.16086667968765225,0.05536104982129914,0.10772521878544863,0.14703014010599386,0.056658368682773456,0.01020408163265306,0.10118033260744815,0.06751449661638162,-0.11715855085519751,0.004756894916087907,0.04258466792242883,-0.13609146224210836,-0.10163628580130953,-0.02964628937821391,-0.1309652651544659,0.10620461645348012,0.10552323692986978,-0.0845298663416008,0.01020408163265306,0.03963988696365873,0.01020408163265306,0.21542036833774578,0.20135669126871064,-0.19138439621209807,-0.03514196548942486,-0.1661772247857297,-0.09802978897663989,0.048157787290659775,0.35995607238802385,0.15242067015760385,0.021082299405330473,-0.054960840851248485,0.1687083904880216,0.013631801210776156,0.22275653282894517,-0.03905483085886627,0.07267875291150715,0.019339818228165093,-0.2509455876338774,-0.06838372102748286,0.13447736626240053,0.13485624804369276,0.31450946976095506,0.01020408163265306,-0.0591666859998944
2026-06-16,0.138353895789441,-0.11358971599943828,-0.014122327120026897,0.017910047365024974,-0.03769519088372467,-0.03494459417489561,0.030490627473086028,0.09999247957709356,0.1555508654324214,0.10634968243031276,-0.03931537537735148,-0.09972095014674003,-0.10991713616728177,0.05121574133085297,-0.12914877846800182,-0.10415667895219353,0.022154420368595988,-0.02862717262347353,0.4819937882815708,0.0013325612842028291,-0.009676344347365322,0.015890650038370105,-0.06641684713945102,0.01020408163265306,-0.01041140266448889,-0.045657195342977984,0.01020408163265306,0.03174809360411086,-0.11399585138964506,0.02049356467006208,0.05005095025896696,0.11767549549968849,0.14067930818180976,0.1443472503595744,0.025574474328879042,-0.006949404234533671,-0.02414628485987915,-0.014515561071079446,-0.2204667532962451,-0.06422641725725499,-0.14917130286897504,0.04322868694769258,0.009457926585543208,-0.013231335453899174,-0.34540229482182216,-0.004160717248014811,-0.15142063783889914,-0.03612175663004463,0.008259774288388996,0.01963972012205787,-0.03734329212181515,-0.004494135228772785,0.10899423777897349,-0.17317554444870867,0.055909228593920494,0.12550541046834798,0.13015121071389596,0.028170044246615643,0.01020408163265306,0.10192268258045893,0.09117296963902109,-0.14131684298897057,-0.021280627072755146,0.030707181672738275,-0.12783445568051108,-0.11657513521973974,-0.01018509275326832,-0.10588983599689732,0.11226451538949699,0.10845165615023677,-0.057901760133854674,0.01020408163265306,0.05530019628367874,0.01020408163265306,0.21021934849031554,0.16380032127276933,-0.20058276911758907,-0.06131058059610309,-0.17563056693376547,-0.08798960155834906,0.012055700809745048,0.32637492081479375,0.15523945503583944,0.020361560600716557,-0.06744828975621045,0.10329139717694984,0.02563754842405607,0.24880639894431367,-0.031174180878143727,0.08693324695947355,0.08103194277258026,-0.2525778658779266,-0.038765107232323265,0.1543598645014665,0.13511780983157998,0.32889972042079973,0.020266929596151888,-0.10567220157654007
2026-06-17,0.032405286648128466,0.01020408163265306,0.01020408163265306,0.009389374919224697,-0.02766665923328876,0.01020408163265306,0.01020408163265306,0.01020408163265306,0.01020408163265306,0.01020408163265306,-0.07015266351383623,0.01020408163265306,0.005518786992000681,0.01020408163265306,0.01020408163265306,0.01020408163265306,0.01020408163265306,0.01020408163265306,0.01020408163265306,0.01020408163265306,0.008159254889293293,0.01020408163265306,0.01020408163265306,0.01020408163265306,-0.054168851471947055,-0.006382057786253068,0.01020408163265306,0.01020408163265306,0.01020408163265306,0.01020408163265306,-0.028070786242806713,0.01020408163265306,0.01020408163265306,0.01020408163265306,0.01020408163265306,-0.06066745490090843,0.01020408163265306,0.01020408163265306,0.01020408163265306,-0.028133908932168376,0.01020408163265306,0.01020408163265306,0.01020408163265306,0.01020408163265306,0.01020408163265306,0.01020408163265306,-0.1338003270696742,0.01020408163265306,0.01020408163265306,0.01020408163265306,0.01020408163265306,-0.003437228315832373,0.01020408163265306,0.01020408163265306,0.01020408163265306,0.01020408163265306,0.01020408163265306,0.01020408163265306,0.01020408163265306,0.01020408163265306,0.01020408163265306,0.01020408163265306,0.01020408163265306,0.01020408163265306,0.01020408163265306,0.01020408163265306,0.01020408163265306,0.01020408163265306,0.01020408163265306,0.058011604707104474,0.01020408163265306,0.01020408163265306,0.01020408163265306,0.01020408163265306,0.01020408163265306,0.01020408163265306,0.01020408163265306,0.01020408163265306,-0.05614751597241874,0.005147577004929561,0.01020408163265306,0.01020408163265306,0.01020408163265306,0.01020408163265306,0.01020408163265306,0.01020408163265306,0.01020408163265306,0.01020408163265306,0.01020408163265306,0.07238790453304626,0.01020408163265306,0.01020408163265306,0.01020408163265306,0.21110178169603158,0.05883319896808807,0.34083654924128964,0.01020408163265306,-0.11887815187428848
2026-06-18,0.12037406718247803,-0.1035816327508688,0.005152105510186548,0.016751514960053872,-0.035429136035776514,-0.006721943913687958,0.048614742307700846,0.07749359751715516,0.17184180814474556,0.10010443255218444,-0.04943375900764457,-0.11023855148099822,-0.05459306956876023,0.03235935432574576,-0.19146706054446852,-0.08227541778303502,0.08047292387670801,0.06939113811124996,0.33271014864078163,0.004522428832722703,-0.020558820287513706,0.01020408163265306,-0.07176896057890274,0.05888041278211371,-0.0626830596581667,0.0021022051101350324,0.01020408163265306,0.05711251993443771,-0.0496308193969725,0.02697572091495576,0.033388420754275505,0.07961747396087096,0.1043632348923112,0.09291788898650118,0.01020408163265306,0.01020408163265306,-0.027197795269177746,-0.07732653516098095,-0.23923448057095037,-0.09873647920249538,-0.14721286763498206,0.054356608450468795,0.01020408163265306,0.01020408163265306,-0.24785000816207076,0.01020408163265306,-0.15370847283255828,-0.06684187114546322,-0.027238952287961936,0.035543909587370935,-0.03128112198497218,-0.03881354890951898,0.10313660109542398,-0.11806448676985497,0.01020408163265306,0.08580399949075111,0.09061156145109742,0.01020408163265306,0.04461107423632335,0.09198481407739906,0.09706932627264822,-0.13467608357272615,-0.004761850838186189,0.0035298221270332374,-0.10023159236892216,-0.11239177374706795,0.01020408163265306,-0.04080360601123291,0.05468708608696285,0.08976419010080464,-0.029274421044189522,0.01020408163265306,0.08225814974316618,0.01020408163265306,0.18668783177645745,0.14126504785044,-0.18078787486282213,-0.008336138113370204,-0.16527570070412664,-0.03391565740388502,0.019693062354799853,0.2871377733914635,0.09782894864563814,0.03609995644989712,-0.10521163942424809,0.07684759976711335,0.02417233580219138,0.204518439601582,-0.03840562852889706,0.1395074572034866,0.039179366377409056,-0.2449689130195225,-0.05960195732520279,0.1644312746177061,0.18013346522512386,0.378195470832058,0.03930529441161624,-0.11542389801340085
2026-06-22,0.03716764893639306,-0.06128974153508934,0.008509358662985413,0.004910462499527217,-0.02601198151888201,0.01020408163265306,0.02867210307548628,0.012176855230846613,0.14423373921246727,0.13449252616598725,-0.07842684643562574,-0.01654662459567885,0.006278732573942803,0.02047971573259922,-0.08957454591218468,0.01020408163265306,0.01020408163265306,0.07610006523370111,0.01020408163265306,0.008931912635151546,0.003952683669750658,-0.016036296822333596,-0.03675695349994773,0.01020408163265306,-0.13443024053537647,-0.005250245749790015,0.01020408163265306,0.027597119659525493,0.01020408163265306,0.01020408163265306,-0.07079400633808206,0.01020408163265306,0.03706067624530122,0.08185242604866333,0.01020408163265306,-0.009121089970054798,0.01020408163265306,0.01020408163265306,-0.04300522071422111,-0.06978984691483814,0.005476914891987027,0.018329511716262643,0.01020408163265306,0.01020408163265306,-5.434937218899358e-05,0.01020408163265306,-0.10142236113866522,-0.12336299352802847,0.01020408163265306,0.01020408163265306,0.01020408163265306,0.01020408163265306,0.01020408163265306,-0.012502368069817723,0.01020408163265306,0.01020408163265306,0.026490766092299604,-0.011384257092736922,0.01020408163265306,0.04439335072938947,0.08412682959669111,-0.011534716682676522,0.01020408163265306,0.01020408163265306,0.01020408163265306,-0.08382448622173841,-0.020265310275448728,-0.02270898170703394,0.03536481369043659,0.06683689345381483,0.01020408163265306,0.01020408163265306,0.01020408163265306,0.09172521722087738,0.0499109220391958,0.01020408163265306,-0.19952952786862785,0.01020408163265306,-0.12080023212940653,0.002976085712889911,0.01020408163265306,0.021543709016468585,0.026512453418151706,0.08046031906737444,-0.09996415493424245,0.023934066808807636,0.11193415383323595,0.07212970121754261,-0.05684240282350719,0.15949062346154622,0.01020408163265306,-0.03105099593647704,-0.06018531087057946,0.1989000398064543,0.18444626088905944,0.404499435373407,0.02913445805448449,-0.09530115635697652
2026-06-23,0.0764426336811489,-0.08114760378256598,0.004442072629678445,0.02129213101164432,-0.04306824133586395,-0.01593344779127874,0.09194675214797879,0.030836640198516063,0.14385935774749142,0.08136868357112086,-0.034617505099879264,-0.09276709116584522,-0.0262269016660351,0.05347845584750289,-0.14848739767130345,-0.08299498760570116,0.01020408163265306,0.09301695710681993,0.28872703704779046,-0.0776457375888558,-0.06329946913327096,-0.04248267236675488,-0.08817905397160195,0.06485780000346657,-0.09135944312834621,-0.05624451397256641,0.01020408163265306,0.04491323675555849,0.01020408163265306,0.027847155430043853,0.01020408163265306,0.12928347519586425,0.1299658741191178,0.0899136685842585,0.1683032145207683,-0.11612775983484432,-0.09087598018583255,-0.019364653250215205,-0.14183166447771894,-0.03714636720272834,-0.1235190815886142,0.11318204884266934,0.013290860642233254,0.01020408163265306,-0.19331362452534917,0.01020408163265306,-0.1427176278961382,-0.07206373680922266,0.01020408163265306,0.04482379107936039,-0.041646163342950286,-0.0023190204980143136,0.1512275019559676,-0.09669987454381615,0.06102399063498133,0.07496223147391091,0.07987443482963079,-0.04387856499820943,0.0488634588755593,0.01020408163265306,0.1253259122854114,-0.12265545504244808,-0.06767238041043071,0.01020408163265306,-0.11439285664842627,-0.10487902296843521,0.004495777989285095,-0.1275052570382879,0.023772790253250027,0.08818044369820344,-0.05938266953066598,0.01020408163265306,0.04282478982608523,0.03039999841469545,0.17897221117746115,0.10776977295359126,-0.1819811846741333,0.003986350164409819,-0.16982241572270834,0.01020408163265306,0.05233700699610336,0.27668372048221074,0.06202061714402171,0.03475009529146708,-0.26208438584448157,0.033903584710392176,0.07921155559208866,0.2604467953725571,-0.03154330992466056,0.17178511719009806,0.11790728333564654,-0.2891612123525916,-0.023494446179809877,0.1658234406458305,0.1893392998314758,0.4005134364048407,0.017991545838703424,-0.08789712571949272
2026-06-24,0.0536938461210011,-0.07685516220843254,0.003422633273626386,0.016501752052303233,-0.03523690497555775,0.008578635503050283,0.07775207277739139,0.030157826164867244,0.1472681077312414,0.09056899159738134,-0.051936236252158235,-0.06885368491581342,-0.030108228269880175,0.038520691426783,-0.13645769152726378,-0.07386269661158687,0.01020408163265306,0.0890773121002626,0.20609109013954444,-0.06108676211237456,-0.04687710263673779,-0.04118429844037548,-0.08831137627426093,0.04316184587520494,-0.10211688657440518,-0.02811980915325077,0.01020408163265306,0.04026092555655373,0.01020408163265306,0.01163364809813864,-0.0030157136213766634,0.10388178776465756,0.11191027765665354,0.0937737319802336,0.13055960984230475,-0.09336197968402364,-0.039551866216038734,0.01020408163265306,-0.08218841168815147,-0.04202200099158622,-0.08504030556509395,0.10975154104215686,0.01020408163265306,0.01020408163265306,-0.15277259491596823,0.01020408163265306,-0.13628592361023759,-0.08849313740794965,0.01020408163265306,0.028116563349035652,-0.028834282418802135,-0.001473692313276282,0.14162375037611927,-0.09569841939060214,0.050520833256103966,0.03690315279434482,0.06264854113633117,-0.043596355245623525,0.03807421659391001,0.013601414804552167,0.11355011627168889,-0.085124935361558,-0.04127108097842843,0.01020408163265306,-0.06401879655047524,-0.11426629966167512,-0.021959497197984665,-0.0954363257622207,0.048433697979828036,0.08847446635778075,-0.03900842152886322,0.01020408163265306,0.01020408163265306,0.042408037337095965,0.14274250084190573,0.07418852593104548,-0.20198616213526907,0.01012243588010054,-0.1791623907304586,0.006414666514090341,0.037532357137203404,0.19629540342438348,0.04502370371493586,0.05826177776503639,-0.22024941443523532,0.028082149277979453,0.054911368780807226,0.2463203521370375,-0.040492907361639,0.17514886903489754,0.10123937960884823,-0.2427062493542267,0.0075141899261559515,0.19599098678186713,0.16384037812058852,0.4224907229373259,0.027101852400881067,-0.0973636310555583
2026-06-25,0.06299597623388337,-0.09237626324747428,-0.0002387485326763132,0.014537741097433055,-0.03198977759721148,0.01020408163265306,0.07958521725729398,0.0407753359411972,0.14601333691631382,0.09999901317780278,-0.055433031971985805,-0.07308144521678331,-0.029614414015352863,0.03649573315673536,-0.1373458643465856,-0.07436805931838937,0.01020408163265306,0.08472176470818288,0.2167979992977862,-0.07060380028874477,-0.04493143367387266,-0.01506436862538118,-0.0994803897513281,0.04256839681648615,-0.09914306532462283,-0.024889095005994566,0.01020408163265306,0.044322393025278774,0.01020408163265306,0.023135462174849578,0.004599438067048183,0.08819095035583091,0.10611285822087067,0.1042150484210888,0.11865037365496593,-0.07896384302880938,-0.03191805554594374,-0.0027554196174601597,-0.1025089614504316,-0.045417390160552365,-0.08541133459174967,0.1038670615719016,0.01020408163265306,0.01020408163265306,-0.1493506021943672,0.01020408163265306,-0.13349868034615445,-0.08681623028177497,0.01020408163265306,0.03481092547125791,-0.02997028355785985,0.009603217981755053,0.14983358373641756,-0.08697500791864272,0.033184221275557466,0.02707293361328203,0.04773515246354066,-0.03615215988787492,0.027417979167258,0.01020408163265306,0.11554250515210696,-0.11355348224377222,-0.05280158318751796,0.01020408163265306,-0.049095420333823046,-0.12951625079394857,-0.026216497962232105,-0.0808156052697571,0.040016544749036445,0.09443048017246641,-0.02075670922783021,0.01020408163265306,0.01020408163265306,0.04992476189456259,0.14843552537574214,0.07763850317324188,-0.16745112283898334,0.01020408163265306,-0.17878021829525656,0.002007490399535513,0.021889426540567573,0.2104184932013304,0.03855142796648723,0.06423239272211466,-0.17576139462321158,0.03965351438111406,0.03165381900443977,0.22764925126843874,-0.03379269430307148,0.15950993117780196,0.11123621923355621,-0.25275283814547134,-0.019329690782468094,0.1944180893095293,0.1720914617797672,0.4116048567300476,0.02813914759602902,-0.10001778335105567
2026-06-26,0.08272756631615708,-0.08423356011340616,-0.01391902472485384,0.0219967442704542,-0.0550940042053884,0.0004283986151060702,0.11857259843793998,0.013240232319137407,0.11908690650930154,0.0883579014324569,-0.023449710033306974,-0.10320711495259464,-0.028913159287322424,0.05356620821624186,-0.13886612840238466,-0.07793633541422601,-0.05381336965354201,0.09623638956848928,0.3044004586404297,-0.10411172967539636,-0.07410996154324524,-0.025442111518445776,-0.10619569182518507,0.10571463710381336,-0.10516784797371201,-0.05083228098854798,-0.034340632768670595,0.050597372849648346,0.013907793093852431,0.05809211089040822,0.01962804783311336,0.13854926997425457,0.13236127026900738,0.11484038847351975,0.26539172607966777,-0.17586787370181647,-0.1020459262075381,-0.03591916787044474,-0.12308169214284291,-0.03492996242046731,-0.12670983186178666,0.10326948071725607,0.018079842300773398,0.052342361935963075,-0.20505738052770228,0.01020408163265306,-0.14405473197267887,-0.10809735453500503,0.032665680119035694,0.05892395018079672,-0.057532557686403335,-0.027478592659147268,0.2159420573920278,-0.10247902745236709,0.07986703716550263,0.0902590410348496,0.046767116439697304,-0.028467236096300412,0.050156159042847516,-0.020790280224810907,0.13043200190392165,-0.16892844744980376,-0.1301384530385984,0.04896655854544293,-0.15123741330790777,-0.10775148836086978,-0.038307217784820234,-0.15658040158480235,0.01020408163265306,0.09750632315503427,-0.09303655253060816,0.01020408163265306,0.026149851200318604,0.04304774875851648,0.19513664682571485,0.15924828987989162,-0.16597350293545723,0.01020408163265306,-0.16397658785423355,0.0040680870102547265,0.07135809894741042,0.33257543300632636,0.05882956476008128,0.07414730337386895,-0.29303440133180886,0.04187387439038732,0.10065509904601871,0.3039033416015085,-0.0379328788795765,0.14389189052459025,0.15664691663316194,-0.3431831028000239,-0.03246420903105463,0.1578266746768124,0.19025880533019165,0.38173334758480393,0.025306557494766603,-0.07565855307227977
2026-06-29,0.08413508315316266,-0.07749384846684546,-0.005378529131364617,0.021665745584721258,-0.04828627966073972,-0.01817830910272651,0.10504649406946025,0.015196564807420916,0.12778755769805658,0.07239789534997074,-0.03559328557787381,-0.0747575274915282,-0.016254796861752983,0.052674586166757624,-0.11591591312229994,-0.06716500505034259,-0.058883606579490974,0.11148319131369983,0.24034270694539667,-0.07774293009129775,-0.06673172458462225,-0.008430458250761672,-0.0980977833475551,0.09145602664667252,-0.13514160067630854,-0.026859889485992328,-0.058981111872105266,0.04392481147450346,0.01020408163265306,0.06629988086060871,0.010507688919156918,0.115310153844765,0.10526034722574666,0.0976343426538296,0.22494045613763608,-0.15554971577091525,-0.06876525567074905,-0.0013626137716668246,-0.10173278676537818,-0.03335430425653738,-0.11178648237981856,0.10810268546110957,0.017812908521252314,0.031453545131396324,-0.19952773304022137,0.01020408163265306,-0.13903282721306623,-0.13485487759950418,0.024523554006325922,0.032093490279658174,-0.03339818425698234,-0.024236478820150745,0.23287933867948554,-0.10771338903793867,0.07092596832114316,0.07634387530120319,0.03921858326721946,-0.01841151337479755,0.05919545664459943,0.01020408163265306,0.11871817940934783,-0.14619529230258893,-0.12812589117599663,0.04181395156976441,-0.1514480480872038,-0.11611184849671306,-0.06281484286863463,-0.11514757080255474,0.01020408163265306,0.09857222716806205,-0.08246709960267835,0.01020408163265306,0.01020408163265306,0.0667969671662296,0.15694538821307022,0.14328179066861527,-0.19145444047300697,0.01020408163265306,-0.16633765776373982,-0.008417933465627312,0.06617791855975184,0.30337325567847984,0.07538866861757954,0.08965403773596127,-0.27851760112420365,0.039265802610002905,0.1366333640198847,0.27321503891497617,-0.03801854688168248,0.14588678661650015,0.13429067624692798,-0.3335449718488745,0.003800288325855157,0.17356734646476313,0.17932994177071332,0.40443027987069974,0.02873133940131191,-0.09169425271718783
2026-06-30,0.06728903838201175,-0.08979073935224095,0.0005526032507965992,0.020384525763276352,-0.04370036199157817,-0.008900949031610846,0.10428889368945522,0.01020408163265306,0.13386086651935908,0.08973834228277627,-0.038337615615329106,-0.05364850433325451,-0.0025471360350291083,0.0538290220499951,-0.12692522180950708,-0.06732762442516749,-0.020112616938990954,0.11724198842842325,0.19178563027400783,-0.06508557141963527,-0.05947211967293395,-0.041823013295361144,-0.09584997504627364,0.07028471957211922,-0.1584268243853355,-0.00814463503067474,-0.029369526958994266,0.04054182093541081,0.01656803315309418,0.039406412731485006,0.01020408163265306,0.11900493456335041,0.08328288055465276,0.07386928466245735,0.20593780209419607,-0.13838862100856933,-0.0514453292398515,-0.002862193873569025,-0.11402348916822408,-0.02830237950795908,-0.09812133082214756,0.10885718904081595,0.01020408163265306,0.04191480244895036,-0.17831491129363583,0.01020408163265306,-0.12112487061995923,-0.12975890894291933,0.030349312974287793,0.013591716975422656,-0.008669179854157256,-0.013649632477922181,0.21134602805483435,-0.12145622316978592,0.06060275216513242,0.0349548597005291,0.06072620674370181,-0.027885248006587794,0.06787182359522284,0.01020408163265306,0.11401041698562392,-0.10688708825396577,-0.11902027849793066,0.04773723890786826,-0.08534915077530832,-0.11424067234931026,-0.09297410596747939,-0.1216470184961392,0.02533806527640264,0.1009782465304449,-0.08117508235661453,0.01020408163265306,0.01020408163265306,0.06164205118364996,0.14495368086926586,0.1464912943929301,-0.18013578350437318,0.01020408163265306,-0.16247169635158856,-0.015302841737819916,0.038427471798267235,0.2402407322077654,0.08509071778725504,0.09447180907227541,-0.23456749326622145,0.038614171955741954,0.12043717703022754,0.2608387154125052,-0.03923717972265238,0.14801012942909836,0.10641025363332147,-0.28298843943821905,-0.020690019926387464,0.18461007082485692,0.15454754594796116,0.4050282241327624,0.040111375743168844,-0.09755192881716673
2026-07-01,0.036586156669692914,-0.056687275157398576,0.01020408163265306,0.010677641016620474,-0.024450328687102882,0.01020408163265306,0.054387825925780224,0.011504473713700898,0.1514061416357001,0.08023741359578078,-0.07411328707232745,-0.0174464242714644,0.005123711000911429,0.029903565045761554,-0.1114279272761544,-0.04112621663500202,0.01020408163265306,0.10323675486739767,0.08359590635635566,-0.041213645403933574,-0.0253380411948725,-0.02206728837152625,-0.09216887604809616,0.01020408163265306,-0.1356746892590062,0.01020408163265306,0.01020408163265306,0.04224520723736693,0.01020408163265306,0.015713360335752696,-0.035490446056695504,0.05702297683272993,0.04831494104886282,0.08246464365633875,0.06171056607907093,-0.07143837012181173,0.01020408163265306,0.01020408163265306,-0.0223235377522329,-0.03159589585115816,0.002035519902605301,0.06731681038773435,0.01020408163265306,0.01020408163265306,-0.08655831147886606,0.01020408163265306,-0.11951899348472265,-0.15810529292240127,0.01020408163265306,0.01020408163265306,0.01020408163265306,-0.014543923469756278,0.13556419569574943,-0.034543252222051575,0.015803588477502992,0.01020408163265306,0.01020408163265306,-0.04180367937674456,0.015282096808860036,0.01020408163265306,0.10575440238639994,-0.03557204519144511,-0.0035324815090656096,0.014769086354491492,0.01020408163265306,-0.15832715506514183,-0.07841953838106053,-0.008809616955807129,0.04994175483701585,0.08372269460194037,-0.04978966767664833,-0.039683633122940334,0.01020408163265306,0.12465115487911925,0.06447264589015968,0.04612181220361706,-0.20123944043030836,0.01020408163265306,-0.1540079399937366,-0.01613883602247941,0.01020408163265306,0.12037210181703349,0.0414315224238177,0.13053620722134085,-0.19427334172574898,0.034019315820662796,0.1373634006812869,0.18275224707293727,-0.04560951242983678,0.21209602800404243,0.061443380135877725,-0.2041524872615889,-0.0033030139817890464,0.2095024955640036,0.15452868106218182,0.42546585408682536,0.03074446073861789,-0.11381812612909248
2026-07-02,0.14734199270536202,-0.13826388856776198,0.020012940338288078,0.0318469048581437,-0.07662132173713962,-0.021343868651284147,0.09096950044103087,0.05967640340264445,0.12034672057058128,0.06793297089060818,-0.0003232344289448505,-0.03461188708838914,-0.045970092926548724,0.028468647603436613,-0.09162541642872017,-0.05428665707183554,-0.15645589334622015,0.09867882690720625,0.36257598426175663,-0.028341772014736602,-0.07630277576275914,0.002241021932584377,-0.12383453941303706,0.11473636324641881,-0.292475330132337,0.0003212141574413744,-0.10098930747711059,0.0496530459030004,0.04806985229075733,0.0017951751160702623,0.081750224555754,0.1804955426865743,0.026538012831884866,0.12840595263316226,0.19425647135690974,-0.2170875255997423,-0.22824357237438866,-0.01750997209075547,-0.276121765018651,0.07959436237235751,-0.10733596417075039,0.1596609015308449,0.022696384468819216,0.20019840731934513,-0.28139588254445774,0.16840346692135488,-0.10418286588714268,-0.2641159907050098,0.08954098123566295,0.03779343313218997,-0.003053703172496095,-0.08946643855992913,0.3943835897663765,-0.11037491688934403,0.08601620884670573,0.023659985996381472,0.12125423144279109,0.03956358194039198,0.059212237125664514,-0.03679374318735188,0.11933360145858365,-0.05016429868441404,-0.18438373692187152,0.10732045224585275,-0.286289810258484,-0.18519157735092437,-0.0699219577349408,-0.2233593632424433,0.12305198576305554,0.12211761949003767,-0.20433286028707534,-0.11597444994530053,0.03463983575376326,0.027346320572281112,0.25286150219411313,0.21028291628178428,-0.0739145657243036,-0.0028677102110920005,-0.1552052485105899,-0.0871673570840833,0.019073191106091715,0.299655465506436,0.1156184512139021,0.06957203012038025,-0.18878708781823977,0.22140124487772095,0.09243244679679764,0.24354995247051348,0.051205175021341386,0.14627145430945246,0.2448185254732983,-0.4848681405598287,-0.10702571542194038,0.1066952879923772,0.09047602145741802,0.4047860694846122,0.07111167441459361,-0.1151305597905322
2026-07-06,0.07286428427962675,-0.047541773670938696,-0.009067516840913245,0.01020408163265306,-0.03281156723769816,-0.030424064348818627,0.059377149186525736,0.05721518058756809,0.12890106957490632,0.07625459902321588,-0.06474487717615546,-0.0175047435368811,-0.021567155315971476,0.02549104859471635,-0.08008530370293661,-0.04050382821300546,0.01020408163265306,0.06420056601718606,0.08770809619331457,-0.016372603755115366,-0.023091428989332058,0.01020408163265306,-0.09440055649778627,0.01020408163265306,-0.1660162879604491,-0.002238479412161768,0.01020408163265306,0.04204460556533632,0.01020408163265306,0.02558120995648144,0.003744587346682613,0.06205779133010635,0.01020408163265306,0.11475414151917449,0.053780029138869354,-0.046224640613329065,0.01020408163265306,-0.012908513185103032,-0.11114574590630337,-0.030878319906739483,0.01020408163265306,0.0534533401619435,0.01020408163265306,0.04624975421919537,-0.0834251020483891,0.01020408163265306,-0.1123185388552309,-0.15701826812742634,0.01020408163265306,0.01020408163265306,0.01020408163265306,-0.011962495330706856,0.11868964803577048,0.01020408163265306,0.01020408163265306,0.01020408163265306,0.03667095080624225,0.01020408163265306,0.01020408163265306,0.01020408163265306,0.09775999005503405,-0.028940401702722766,-0.05919785674201547,0.01020408163265306,-0.0286471727943699,-0.1402747685637953,-0.021931863359362057,-0.04552288478005834,0.08526001937392291,0.06443362040108291,-0.11375885821314242,-0.06070231559100481,0.017932916955197324,0.10102254297830943,0.0852878692132271,0.0704346465067854,-0.16061256845176017,0.01020408163265306,-0.15167528785149412,-0.030817380954765897,0.036310018035121364,0.14730650995711425,0.012941839531157476,0.10019941105289702,-0.1279723231269927,0.09487905416235366,0.1691262911118368,0.1205505823231864,-0.05024134818939242,0.1715040043628839,0.10500772808414838,-0.256273626094789,-0.005471834773152292,0.14686157561882338,0.13770251901831368,0.44302257535366824,0.036411358785829316,-0.10319061851591314
2026-07-07,0.05806239208657734,-0.023227366523475526,0.01020408163265306,0.007466510947906787,-0.009845376107654407,0.01020408163265306,0.01020408163265306,0.016351488913433115,0.09486464178840422,0.01020408163265306,-0.08066818723681965,-0.008912664976627368,0.01020408163265306,0.01020408163265306,-0.03421269287925151,0.01020408163265306,0.01020408163265306,0.01020408163265306,0.01020408163265306,0.01020408163265306,0.0017470057489187077,0.009050464661979432,-0.02149825235223774,0.01020408163265306,-0.09822359172544445,-0.009549538091652867,0.01020408163265306,0.01020408163265306,0.01020408163265306,0.01020408163265306,-0.06546435612514882,0.01020408163265306,0.01020408163265306,0.01020408163265306,0.01020408163265306,-0.0412998071870587,0.01020408163265306,0.01020408163265306,0.0013515193689164536,0.0013668390361665159,0.0075335234192489215,0.01020408163265306,0.01020408163265306,0.01020408163265306,0.01020408163265306,0.01020408163265306,-0.10481270476918386,-0.09022054373928871,0.01020408163265306,0.01020408163265306,0.006765203354590722,0.01020408163265306,0.01020408163265306,0.01020408163265306,0.01020408163265306,0.01020408163265306,0.01020408163265306,0.01020408163265306,0.01020408163265306,0.01020408163265306,0.07010787555469952,0.01020408163265306,0.01020408163265306,0.01020408163265306,0.01020408163265306,-0.03590504563763703,0.01020408163265306,-0.033350687835013125,0.01020408163265306,0.06920257276397976,-0.030069637540571473,0.01020408163265306,0.01020408163265306,0.0682573168801477,0.01020408163265306,0.01020408163265306,-0.10464613464486841,0.01020408163265306,-0.11608921490757278,0.004921483885357335,0.01020408163265306,0.01020408163265306,0.01020408163265306,0.01020408163265306,0.01020408163265306,0.03372220838896813,0.03283315743856478,0.01020408163265306,-0.012133555577278651,0.15780706143078177,0.01020408163265306,0.01020408163265306,0.01020408163265306,0.20011622648095959,0.15996124161654046,0.39128990326666485,0.01020408163265306,-0.07469009550255158
2026-07-08,0.09503941590911295,-0.08360101948462968,-0.004072694294537032,0.013201594900624492,-0.0367405600961083,-0.001999884036955729,0.10364694479269902,0.050250831645802324,0.10856774217568335,0.07223162615692369,-0.056058073135794806,-0.01130299456212419,-0.023573739194258862,0.04560140907242468,-0.11413518914169622,-0.03700176209545038,0.01020408163265306,0.10158188550504443,0.07774854678244583,-0.029610376700181205,-0.03177081042400007,0.01020408163265306,-0.144017522140396,-0.0012172934381893662,-0.1797419877858043,0.01020408163265306,-0.020459949361355582,0.054687605670441036,0.01020408163265306,0.04690636380242938,0.01020408163265306,0.0825159005028951,0.0030451910431637903,0.06774229628483523,0.10776440906323322,-0.044140055407558186,-0.045965588307588845,-0.030819252246778644,-0.15728802124824431,0.01020408163265306,-0.01792887712133913,0.013278835248515638,0.011083551512558671,0.08601946768905891,-0.14440385239507642,0.04004849862476832,-0.09246058450055979,-0.12603554234980496,0.02812147560784921,0.011078592310321099,0.01020408163265306,0.01020408163265306,0.16910278780593946,0.01020408163265306,0.01020408163265306,0.01020408163265306,0.07322921231212097,0.009635049198753793,0.04252497141175319,-0.024330923307922026,0.12102539981005238,0.01020408163265306,-0.155311377694742,0.01020408163265306,-0.01879914084979476,-0.13939572672826153,0.01020408163265306,-0.11345859609075178,0.05878290597671336,0.07916684658968001,-0.12676219560128119,-0.16095968036095443,0.0807747559015403,0.05926408181702567,0.06837175901845827,0.1333796983374801,-0.14257286035906722,0.01020408163265306,-0.145928792810147,-0.024548506617636107,0.07856555485221504,0.18789212497226201,0.06289915621560163,0.10062544484968457,-0.15554960119900021,0.11955331075356529,0.15567551419308243,0.09734809665841516,-0.0397556797383779,0.1894101953207563,0.10368178388967784,-0.2908670664524883,-0.06958469523125382,0.10488745337820854,0.16187368551855705,0.4499276012791677,0.057911946403507795,-0.09656227274473471
2026-07-09,0.09316588171395869,-0.08813570409054862,-0.003983117280713421,0.011142356462838955,-0.02740848292770534,0.01020408163265306,0.10612296375473176,0.04683875810460577,0.1037028967808492,0.057631984176111095,-0.05411700356262378,-0.00684930556694874,-0.024529770467142824,0.05041700886203761,-0.10643480475668575,-0.027696853163925846,0.01020408163265306,0.10274231196031645,0.06249438155115063,-0.03291228103611213,-0.029818019878398987,0.01020408163265306,-0.1323816171473437,-0.017654897562312748,-0.17170304161440245,0.01020408163265306,-0.01228921876007272,0.058585237019764425,0.01020408163265306,0.05612124693138605,0.003936905359087467,0.0733405334899105,0.006805785365487168,0.06747464372808859,0.11263290408822907,-0.03763954439014669,-0.02987414300171677,-0.015183922777456388,-0.1780676398408495,-0.006112665354090505,-0.034939435485287454,0.022725403555487696,0.01020408163265306,0.08704449409982631,-0.17388959890481642,0.042998145827424596,-0.0947408952886272,-0.1507408392758045,0.01020408163265306,0.01020408163265306,0.01020408163265306,0.01020408163265306,0.14711956778071103,0.01020408163265306,0.01020408163265306,0.01020408163265306,0.07236642430488642,0.01020408163265306,0.061082335763063045,-0.009922909490709191,0.11931539387979376,0.01020408163265306,-0.12325143564931128,0.01020408163265306,-0.027722970465560798,-0.11376426800530161,0.01020408163265306,-0.11896034256175884,0.04854265096934515,0.08224384312134089,-0.11245834580629487,-0.12938671056094642,0.07617116835213504,0.06573027475822132,0.06351198029339043,0.09675480830871683,-0.1364672693843293,-0.008293452144963466,-0.1485496325660152,-0.029765229865121375,0.05391491839825055,0.17995656056788628,0.06809908260735917,0.08613988149413734,-0.13084467706861141,0.10223679607437451,0.1888842346899101,0.08608940033944347,-0.037559993627660895,0.18836881178568676,0.0923620113462943,-0.27801010274203514,-0.05826893701687719,0.10506814308914832,0.1689219838287136,0.4629749482859714,0.0578566927670862,-0.0927760643030305
2026-07-10,0.1415147324458444,-0.14425624547228258,0.006330132394427878,0.025858273558848587,-0.07788946306193134,-0.016216554269477608,0.12735415289079732,0.036281070546456885,0.09401177717763236,0.12579849256233983,-0.017538769682491774,0.016991026863024464,-0.031342718154915135,0.06740551933848343,-0.09422903466555015,-0.015099244665534766,-0.1038171976679872,0.1422467451812846,0.15974547745298281,-0.05204916647830132,-0.0570808558700399,0.014458693209662346,-0.18741206985170308,0.031422473216771885,-0.28545943674032315,0.022904120188058864,-0.08749453364691769,0.07311592462751891,-0.02249187540310668,0.052953343617948595,0.06445412024759035,0.15287199005054725,-0.026520150949760103,0.0658837154520411,0.20404474750483273,-0.1543753010954913,-0.22342386639712197,-0.0650321140133661,-0.2928324319597282,0.060378334371682336,-0.08897499532235072,0.05019031313103559,0.008956445346030913,0.24295109883062227,-0.23104886124101792,0.21587666701335548,-0.06199771223961069,-0.22567000954744465,0.18038533401338808,0.062405295152976076,0.01020408163265306,-0.008833632029931286,0.34494140354932357,0.00368045729523391,0.01020408163265306,0.01350675375889113,0.1759172647969437,0.01020408163265306,0.08495799614944766,-0.08918096934484203,0.11334878570664174,0.03917869494639341,-0.3062539771027835,0.03675376538427621,-0.18925818552708756,-0.17105982600310535,0.01020408163265306,-0.26719764483260294,0.09829360480580891,0.10121737659382031,-0.13951220856793917,-0.3086615891398848,0.07099468547799856,0.02411275419571636,0.19931350111620064,0.20528246579930712,-0.07525032437741389,0.003212227660710174,-0.14039375149069008,-0.05682791052388615,0.08820886291447431,0.29107286036431623,0.10482578528903966,0.07904166711362319,-0.18083389179367942,0.20035366237699462,0.17437783109757574,0.15246491300260454,0.03881862855305796,0.17811588433262454,0.18644726416588558,-0.4152109722106491,-0.15619811775493317,0.028755511352723355,0.10092701032280438,0.4780873402987849,0.07655910932158627,-0.1134488015637232
2026-07-13,0.062001828065550234,-0.04612290054601994,0.01020408163265306,0.004476218066535294,-0.005957566455631192,0.01020408163265306,0.028878020773804462,0.03782216664771255,0.11189118754978969,0.017628984338364257,-0.05353458965373585,-0.0284525327983758,0.01020408163265306,0.01020408163265306,-0.06876575362862458,0.01020408163265306,0.01020408163265306,0.01020408163265306,0.01020408163265306,0.01020408163265306,0.00447676224766052,0.01020408163265306,-0.02975162129405283,0.01020408163265306,-0.11437503591546731,0.01020408163265306,0.01020408163265306,0.01020408163265306,0.01020408163265306,0.01020408163265306,-0.06378550713140728,0.01020408163265306,0.01020408163265306,0.02821725314839066,0.01020408163265306,0.01020408163265306,0.01020408163265306,0.01020408163265306,-0.05308372800155137,-0.01704089675708491,-0.033130287688820224,0.01020408163265306,0.01020408163265306,0.01020408163265306,-0.010449111688274669,0.01020408163265306,-0.09821110684924553,-0.11113906155156689,0.01020408163265306,0.01020408163265306,0.01020408163265306,0.01020408163265306,0.01020408163265306,0.01020408163265306,0.01020408163265306,0.01020408163265306,0.01020408163265306,0.01020408163265306,0.01020408163265306,0.01020408163265306,0.08555809412227049,0.01020408163265306,0.01020408163265306,0.01020408163265306,0.01020408163265306,-0.012986850106152909,0.01020408163265306,-0.05539652837758323,0.01020408163265306,0.0681082325597561,-0.05170444207329155,0.01020408163265306,0.01020408163265306,0.08746986072587859,0.01020408163265306,0.01020408163265306,-0.09067379841998406,0.01020408163265306,-0.11141659471283263,-0.026322991056170822,0.01020408163265306,0.01020408163265306,0.01020408163265306,0.01020408163265306,0.01020408163265306,0.05752658039276753,0.11268310268993564,0.01020408163265306,-0.026877627326262143,0.16226559204391156,0.015354518391547608,-0.039128704027873204,0.01020408163265306,0.16528716528142112,0.20880516298288476,0.3708267773352343,0.011416185211760932,-0.06381502794373888
2026-07-14,0.01020408163265306,0.01020408163265306,0.01020408163265306,0.007052249220303823,-0.007061789157708194,0.01020408163265306,0.01020408163265306,0.01020408163265306,0.01020408163265306,0.01020408163265306,-0.07198311839396127,0.01020408163265306,0.01020408163265306,0.01020408163265306,0.01020408163265306,0.01020408163265306,0.01020408163265306,0.01020408163265306,0.01020408163265306,0.01020408163265306,-0.02282705529413874,0.01020408163265306,0.01020408163265306,0.01020408163265306,0.009869840212282599,-0.01518727989218799,0.01020408163265306,0.01020408163265306,0.01020408163265306,0.01020408163265306,-0.0013838562287048373,0.01020408163265306,0.01020408163265306,0.01020408163265306,0.01020408163265306,0.01020408163265306,0.01020408163265306,0.01020408163265306,0.01020408163265306,0.01020408163265306,0.01020408163265306,0.01020408163265306,0.01020408163265306,0.01020408163265306,0.01020408163265306,0.01020408163265306,-0.13332193723024272,0.01020408163265306,0.01020408163265306,0.01020408163265306,0.01020408163265306,0.01020408163265306,0.01020408163265306,0.01020408163265306,0.01020408163265306,0.01020408163265306,0.01020408163265306,0.01020408163265306,0.01020408163265306,0.01020408163265306,0.01020408163265306,0.01020408163265306,0.01020408163265306,0.01020408163265306,0.01020408163265306,0.01020408163265306,0.01020408163265306,0.01020408163265306,0.01020408163265306,0.01020408163265306,0.01020408163265306,0.01020408163265306,0.01020408163265306,0.01020408163265306,0.01020408163265306,0.01020408163265306,0.01020408163265306,0.01020408163265306,0.01020408163265306,0.01020408163265306,0.01020408163265306,0.01020408163265306,0.01020408163265306,0.01020408163265306,0.01020408163265306,0.034527596586090815,0.01020408163265306,0.01020408163265306,0.01020408163265306,0.01020408163265306,0.01020408163265306,0.01020408163265306,0.01020408163265306,0.1666998322622711,0.13367515863816004,0.19337810343861025,0.01020408163265306,-0.16078468293628506
2026-07-15,0.13074411383627632,-0.07291916781005182,0.01020408163265306,0.014049804821781307,0.0008447073727157386,-0.05631930663581615,0.0796162083440994,0.045152461850697996,0.140281703716007,0.043415666283497564,-0.02133408018048901,0.01020408163265306,-0.0042737567009865675,0.0638204491489956,-0.17964141585286225,-0.02221460518437912,0.005634197348027944,0.10452570341051272,0.01020408163265306,0.01020408163265306,0.005213011675643614,2.5526207403061413e-05,-0.11580333102570105,0.01020408163265306,-0.18079110018619848,0.002347361052573981,0.01020408163265306,0.0801263088713093,0.01020408163265306,0.10278113380012699,0.0016086670320203979,0.01020408163265306,0.01020408163265306,0.10579427683094586,0.01020408163265306,-0.0317343415113515,-0.03467624052070209,-0.06706916351207091,-0.20315526578115115,-0.038679081706383386,-0.0895519046655571,0.01020408163265306,0.03146129660341407,0.021613858314754285,-0.08092730101684452,0.01020408163265306,-0.07201071383723123,-0.09123368649750072,0.01020408163265306,-0.052961680085735124,0.01020408163265306,0.01020408163265306,0.01817424962614233,0.03203866304327854,0.01020408163265306,0.0018449643202670379,0.14337456296088444,-0.040704715608963736,0.15446743154831372,-0.08249344159564619,0.16062419043194265,0.01020408163265306,-0.03610052641176685,0.016800514698106703,-0.03855112732126033,-0.007455220452468924,0.01020408163265306,-0.1335538284236247,0.1247415199541064,0.1130398639379369,-0.21167381151562895,-0.05290745554410957,0.023164148371300285,0.031003186048586893,0.01020408163265306,0.01020408163265306,-0.10700441731071296,0.01020408163265306,-0.13469518733577907,-0.012410547883957535,0.01020408163265306,0.22495152741398283,0.015116459497648237,0.058718955837792304,0.008880985796978812,0.2143364382700987,0.152038867844921,0.02309692195529405,-0.00652460393964417,0.1652131664024771,0.09722527915614448,-0.1967544326305979,-0.04100989740446763,0.01020408163265306,0.10109849822971083,0.43051976158375804,0.11311510667172181,-0.12020024158357719
2026-07-16,0.2732110745040128,-0.13059364360788658,0.007582771585729286,0.030323878706020657,-0.027483766391946843,-0.20068140738844215,0.07867031605045911,0.04799248156764785,0.14470927668966505,0.12621497237898838,0.00463898630137962,0.0033611960807638855,-0.06935559456059792,0.09628369344511976,-0.16673169665215498,-0.019500487829554936,-0.0958003024766973,0.153945872864292,0.09701381266733113,0.08959103337637402,-0.0026915243203169924,0.03133962821389011,-0.16964641814062859,0.03211207129320324,-0.3232359228726197,0.03880411509763853,-0.13789421401443647,0.15553441683555433,0.07570259786044858,0.1003245311302308,0.0692299373919699,0.020249389203960785,0.022628911426272436,0.22133665003954847,0.07699955709018833,-0.06944253187955321,-0.2615614676427704,-0.19307538316379008,-0.3781086531409025,0.0571426520494542,-0.16466836862520937,0.055834926108927506,0.03203985273843698,0.058268634877464906,-0.22707248358354196,0.18591147250448306,0.0010495088185503397,-0.2070822212213408,0.14326285336723976,-0.0668842657340203,-0.03964844913338662,0.026185602472014853,0.1857343592054696,0.04510048812784897,0.012125820221068168,0.032670158545477,0.22962500108822603,-0.0007351236188230543,0.19621225708613707,-0.2317405742191559,0.21826352991310202,0.028753706762427354,-0.29332450770322055,0.1540885350464981,-0.26095566472092585,-0.03071617630181,0.01143819599277133,-0.33273585716121384,0.2626185537127322,0.15333396917408065,-0.3476797468026453,-0.04725557968586948,0.007944428602375838,-0.06827742884479934,-0.048244632530563714,0.1297086888588132,0.06457274946633715,0.05321236979472824,-0.19639264374015064,-0.02067460247811776,-0.07176168999106906,0.4264661572874175,0.14610929870229142,0.04727676817633739,0.014758671322684283,0.46880680324712004,0.01020408163265306,0.09844279734366926,0.05190966649940849,0.2703219885980117,0.05275232289380859,-0.4179881069407314,-0.06650492690213168,-0.09271303429260248,-0.05193451859707862,0.551519740897208,0.21518336577416108,-0.16585753179941798
2026-07-17,0.01020408163265306,0.01020408163265306,0.01020408163265306,0.007413526188931744,0.0023194646688835825,0.01020408163265306,0.01020408163265306,0.01020408163265306,0.01020408163265306,0.01020408163265306,-0.07152096268184806,0.01020408163265306,0.002306525737393759,0.01020408163265306,0.01020408163265306,0.01020408163265306,0.01020408163265306,0.01020408163265306,0.01020408163265306,0.01020408163265306,-0.017949184178633185,0.01020408163265306,0.01020408163265306,0.01020408163265306,-0.007657198045998322,-0.03195920954326056,0.01020408163265306,0.01020408163265306,0.01020408163265306,0.01020408163265306,0.01020408163265306,0.01020408163265306,0.01020408163265306,0.01020408163265306,0.01020408163265306,0.01020408163265306,0.01020408163265306,0.01020408163265306,0.01020408163265306,0.01020408163265306,0.01020408163265306,0.01020408163265306,0.01020408163265306,0.01020408163265306,0.01020408163265306,0.01020408163265306,-0.13583552907185356,0.01020408163265306,0.01020408163265306,0.01020408163265306,0.01020408163265306,0.01020408163265306,0.01020408163265306,0.01020408163265306,0.01020408163265306,0.01020408163265306,0.01020408163265306,0.01020408163265306,0.01020408163265306,0.01020408163265306,0.01020408163265306,0.01020408163265306,0.01020408163265306,0.01020408163265306,0.01020408163265306,0.01020408163265306,0.01020408163265306,0.01020408163265306,0.01020408163265306,0.01020408163265306,0.01020408163265306,0.01020408163265306,0.01020408163265306,0.01020408163265306,0.01020408163265306,0.01020408163265306,0.01020408163265306,0.01020408163265306,0.01020408163265306,0.01020408163265306,0.01020408163265306,0.01020408163265306,0.01020408163265306,0.01020408163265306,0.01020408163265306,0.03711596206675319,0.01020408163265306,0.01020408163265306,0.01020408163265306,0.01020408163265306,0.01020408163265306,0.01020408163265306,0.01020408163265306,0.11829868951364866,0.16601219245814933,0.1909074927357058,0.01020408163265306,-0.12679870862338258
2026-07-20,0.1695771916973192,-0.10261230543178533,0.01893842318975357,0.02055482297555706,0.00821751624667966,-0.07703041200341869,0.02887511415884316,0.030903751538014335,0.17854120971185658,0.038667543316968554,-0.013811152824723645,0.0009837327299863953,-0.027959144833622683,0.056838947953928444,-0.13278776336920933,-0.022263517709042766,-0.04839540017900893,0.1439648452816074,0.01020408163265306,0.0050973915706082895,0.005896127606238052,0.01020408163265306,-0.13700152005348712,0.01020408163265306,-0.19125455594671906,-0.012859983036530477,-0.022749102878217693,0.09624007413426836,0.01020408163265306,0.11699740621773494,0.01020408163265306,-0.0006265748542817924,0.010913802997035534,0.1714909020405071,0.021768901516137987,-0.044364876402868986,-0.11921152117776394,-0.02982909633045555,-0.1738208146996765,0.002173785703236895,-0.12808803652177947,0.03857277400502266,0.03194717927806707,0.07417470770454201,-0.17583062553439827,0.01020408163265306,-0.04655209230434293,-0.10902592379261364,0.01020408163265306,-0.012997310087171433,0.01020408163265306,0.01020408163265306,0.128393013847734,0.04087952221473497,-0.0012202176834608409,0.016421405421144397,0.08155320161781605,-0.021679543244196554,0.15363277126367608,-0.11274571124529645,0.1773256322519629,0.01020408163265306,0.01020408163265306,0.01818218400786207,-0.13891903707591238,-0.08159528759875101,-0.030394322079999828,-0.14443496266958866,0.16502765154798002,0.13107715833331446,-0.19206856433588756,-0.08166346686931766,0.01020408163265306,0.04611535467804924,0.01020408163265306,0.05338505032901181,-0.07493974129991843,0.01020408163265306,-0.15844950209691253,-0.005299590308526437,-0.02936466958819923,0.2789792806858929,0.02450465911157859,0.04552096366781613,0.01020408163265306,0.24416937870207,0.12460472976098501,0.01020408163265306,0.0005863135066924343,0.11450785886970825,0.1300892591202577,-0.21268319301307317,-0.060355553561398725,0.01020408163265306,0.09526413356653118,0.513660635220059,0.07575415352873356,-0.12955475794106872
2026-07-21,0.18148760886075146,-0.1119535936258163,0.019982353355180893,0.022903749297798696,0.004410645188627922,-0.08976269556304674,0.025856445388440605,0.02190559011108925,0.18316688762947525,0.07217010901711815,-0.00901163309824708,0.002481388088387719,-0.03396110269871061,0.05845345549571826,-0.12357688053371939,-0.021409333501427846,-0.0865672017035539,0.15563028800388654,0.01020408163265306,-0.009453701712963078,0.0024377225017633676,0.01020408163265306,-0.15159816587152494,0.01020408163265306,-0.2152214067545878,-0.006911423272462266,-0.03620344602850988,0.10851423747550806,0.01020408163265306,0.12113178178032698,0.01363100726956457,-0.002860028839028389,0.019602554591780296,0.19476542159614044,0.03555917509581478,-0.06897495291064422,-0.15961200508519466,-0.03581712990691373,-0.1781588423316026,0.01020408163265306,-0.1389867471243434,0.04382147619014802,0.03679424060076657,0.12042310782353845,-0.17396397135911035,0.04892192756890168,-0.0212412451765739,-0.12813443011174952,0.043344756721187545,-0.0051918333505351286,-0.0004280264017867113,0.01020408163265306,0.18542818765654684,0.04298214548083564,-0.02327241499804436,0.03065842011218497,0.07518742169153697,-0.02681762669220101,0.14569204063527685,-0.14047368347544106,0.17606248791288986,0.01020408163265306,-0.013759923103931428,0.023540444857208694,-0.18016127935204893,-0.11077925822870759,-0.060721057403810536,-0.16867278842658756,0.17887352648355637,0.1439002888607641,-0.17570034359059214,-0.12340410047578816,0.01020408163265306,0.04893613644399088,0.01020408163265306,0.08689003830897075,-0.037802016265038034,0.01020408163265306,-0.16681845952922597,-0.005158920315726099,-0.05046594947273548,0.3289295441403376,0.024636659662870243,0.055955939865376794,0.01020408163265306,0.26577029288311826,0.1282328679475073,0.01020408163265306,0.01020408163265306,0.11605219953963845,0.13925835702963665,-0.2610910303447743,-0.08324591533923627,-0.0021296490453615365,0.0830126711828336,0.5439565586704063,0.0780657081125927,-0.13259671533318196
2026-07-22,0.1990747193447272,-0.13063824807087715,0.025803971527546016,0.028356727409522164,-0.016929396886833536,-0.06702788222589777,0.01020408163265306,0.01020408163265306,0.2527379809386118,0.08509415387912012,-0.004547284293687556,0.01020408163265306,-0.041031450519049086,0.04667271729851631,-0.12198633998177484,-0.02745292661946988,-0.13288470459530358,0.1376574676834946,0.052812003183584186,-0.0497268490972462,-0.016792425562687938,-0.02581983623085881,-0.1585113693064239,0.012694622611724042,-0.23383411365618015,-0.00269572153475618,-0.08096222710377737,0.12098585349060265,0.057233429171539486,0.11925479369139999,0.033408404789532116,0.01020408163265306,0.05004895403757859,0.22981891130372178,0.07608207673494306,-0.10616182872659193,-0.23951187308181746,-0.04756496930196672,-0.2332791623617986,0.009624561679112307,-0.19923154477873653,0.05406788493545516,0.04701433970030104,0.19598270753289232,-0.19212344532387543,0.04953925592919466,0.007500629386051682,-0.1740204688334643,0.16234848846961658,0.01020408163265306,-0.01044576700301291,0.02851890990194437,0.26137137622575285,0.01681777617244283,-0.06431223973260383,0.06255909047381045,0.05083187131296278,-0.021406950659065005,0.11781463993659894,-0.1515387784261005,0.1673753118768919,0.031072552094017422,0.003500104054972501,0.01020408163265306,-0.209525529821344,-0.15219803423544673,-0.09856345375859527,-0.22091430372585424,0.19965977106859195,0.15301987624071367,-0.14946597018517432,-0.16284053725792566,0.006759027161419679,0.03017686742300934,0.01020408163265306,0.17278012950995714,-0.011897466999457275,0.01020408163265306,-0.16404539441811183,-8.68107598026354e-05,-0.04946945363864603,0.39669313544712503,0.03642005720036539,0.08903477544778553,0.003854263358507121,0.2965508053449668,0.1466330992039049,0.035450567656406855,0.01641872490991271,0.1079519935341256,0.15559844141669713,-0.3595884827789045,-0.11195090777690965,-0.05122932971711347,0.06635683127812178,0.5956924300269114,0.05436471656755761,-0.14651097364834256
2026-07-23,0.17916579737121627,-0.12989320932735987,0.03016984177082995,0.0289022595232767,-0.01703218827193774,-0.04951789105184436,0.00875647609089767,0.015148505954169049,0.2561127997177534,0.0839052841724093,-0.007231371856153418,0.003995568293246834,-0.033006197759944296,0.03986699787182654,-0.12348608704867532,-0.02144039434883606,-0.16108484722335806,0.1542330376016732,0.04652209864553039,-0.04536839496875794,-0.02569500431784464,-0.047441103700799306,-0.15864842971783544,0.024968151328404572,-0.22507242437377586,-0.012404592436148608,-0.09374042072754339,0.11251245442789107,0.054386128057287,0.1408318491989287,0.03293137960614168,0.00868852975311862,0.06960562158518013,0.21729502248439644,0.11926521308298813,-0.13281098267293326,-0.229290520934118,-0.046809802360404607,-0.24970725533828347,0.010102889409861957,-0.20228400220034884,0.027566092721808502,0.05967424846438754,0.20380884270209024,-0.16292298426137117,0.01020408163265306,-0.005820646619449961,-0.1558665231459026,0.2122588177305576,0.015426254779200517,-0.008383583733288411,0.0244479269569006,0.2649761853653591,0.01020408163265306,-0.05398702461773877,0.07458424704346722,0.047094928692350206,-0.04217493819198195,0.09853080225403146,-0.14337595127305824,0.1773321017494683,0.017494604380340933,0.01020408163265306,0.002876789860253857,-0.23612478533862508,-0.12017894609159317,-0.11072036038294478,-0.21079326793389705,0.18507409599251848,0.1432352538334043,-0.1446047177295603,-0.14892031334056471,0.01020408163265306,0.05003892483732615,0.017825561352637534,0.15130228373326274,-0.04154902810858384,0.01128103813183623,-0.15537238705695305,0.00836870560786319,-0.045040417462089984,0.4192208840115564,0.01654975136241494,0.09316558489487946,-0.026774730610433665,0.2891061317685948,0.1486739864644658,0.06503244347673884,0.01020408163265306,0.10815908871732999,0.15374036621261356,-0.3490579250119583,-0.08914450619149555,-0.0593882083168836,0.06221674245062458,0.583411935069192,0.051754239219499586,-0.15044880789199108
2026-07-24,0.01020408163265306,0.01020408163265306,0.01020408163265306,0.006534621018957068,0.01020408163265306,0.01020408163265306,0.01020408163265306,0.01020408163265306,0.01020408163265306,0.01020408163265306,-0.06615090990963521,0.01020408163265306,0.01020408163265306,0.01020408163265306,-0.010180415266321003,0.01020408163265306,0.01020408163265306,0.01020408163265306,0.01020408163265306,0.01020408163265306,-0.03865703459551993,-0.005411676840309356,0.01020408163265306,0.01020408163265306,-0.021135230891100622,-0.015258536092541174,0.01020408163265306,0.01020408163265306,0.01020408163265306,0.01020408163265306,0.006618234365887614,0.01020408163265306,0.01020408163265306,0.01020408163265306,0.01020408163265306,0.01020408163265306,0.01020408163265306,0.01020408163265306,0.01020408163265306,0.01020408163265306,0.01020408163265306,0.01020408163265306,0.01020408163265306,0.01020408163265306,0.01020408163265306,0.01020408163265306,-0.1346819077069005,0.01020408163265306,0.01020408163265306,0.01020408163265306,0.01020408163265306,-0.016015471292093637,0.01020408163265306,0.01020408163265306,0.01020408163265306,0.01020408163265306,0.01020408163265306,0.01020408163265306,0.01020408163265306,0.01020408163265306,0.01020408163265306,0.01020408163265306,0.01020408163265306,0.01020408163265306,0.01020408163265306,0.01020408163265306,0.01020408163265306,0.01020408163265306,0.01020408163265306,0.03860758379720549,0.01020408163265306,0.01020408163265306,0.01020408163265306,0.01020408163265306,0.01020408163265306,0.01020408163265306,0.01020408163265306,0.01020408163265306,0.01020408163265306,0.01020408163265306,0.01020408163265306,0.01020408163265306,0.01020408163265306,0.01020408163265306,0.01020408163265306,0.05319377578456839,0.01020408163265306,0.01020408163265306,0.01020408163265306,0.01020408163265306,0.01020408163265306,0.01020408163265306,0.01020408163265306,0.09836318210466272,0.24033627001243116,0.15468412940755827,0.01020408163265306,-0.12758130777440024
2026-07-27,0.13833036761037554,-0.11164807109383827,0.017754253569808115,0.020379832775506316,0.006553786246674973,-0.01597408739540776,0.014939565335571649,0.06727218822396697,0.20669820593186436,0.034490255238886346,-0.034739219043724,0.0035400883123572254,-0.02804050798592906,0.03914861899329794,-0.12531367526414464,-0.0025278078787126738,-0.09298453209242194,0.12311920538796088,0.036367796877622115,-0.004869244517519071,-0.01635984377175185,-0.01618495548256347,-0.14520261470726903,0.005169760209244492,-0.18309132412342266,-0.013716753922005354,-0.0501816623488117,0.07105387939090146,0.01020408163265306,0.0998240008457107,0.011599634147080371,0.006710490647819293,0.044202110721662885,0.16480370743505796,0.07208909526716747,-0.061531915499120904,-0.12372466301400702,0.01020408163265306,-0.13196724875392823,0.01020408163265306,-0.127494770738111,0.017798217682832542,0.021882419488465754,0.09069537907467815,-0.16874963299088735,0.01020408163265306,-0.02157961546873302,-0.0680929052155659,0.030985708927877262,0.01020408163265306,0.01020408163265306,0.01020408163265306,0.1817216738548293,0.02472998769262621,0.01020408163265306,0.028424964193532354,0.04914797202172619,-0.03990008445837979,0.07373796689299418,-0.09264974878560582,0.1623687860254027,0.01020408163265306,0.01020408163265306,-0.0029125372148155297,-0.12230330458461998,-0.14501625752730818,-0.05735341200171404,-0.12921402418179934,0.14210170344474718,0.11220372775827017,-0.14917323513442152,-0.0925189751887311,0.01020408163265306,0.05505079846067311,0.01020408163265306,0.11872547383124783,-0.10597936590145952,0.01020408163265306,-0.14491654908817903,-0.003666568187700371,-0.0001358175466407846,0.2813188974140952,0.01020408163265306,0.08119792887396637,0.01020408163265306,0.1936710058072535,0.16079578434496428,0.01020408163265306,-0.02788662567832191,0.10663539581749037,0.1271300631063886,-0.24341195681446798,-0.05807031138824299,0.01020408163265306,0.15829190412870286,0.47487792276636653,0.015236475338168472,-0.10716256288065504
2026-07-28,0.15988815705352594,-0.11571460706650628,0.0009357056171686133,0.020497786326014615,-0.006650274047972313,-0.012218243744982206,0.03130504011198797,0.06080957057898875,0.21989835261434304,0.031537087736474234,-0.022086190437463758,-0.0030355180212301713,-0.036314745247780056,0.05506388348262152,-0.1349605918901657,-0.013594607508198969,-0.07668289628164822,0.11746847290520904,0.09777535969473754,-0.03711752463765355,-0.03046054769869999,-0.02257320884296494,-0.1723759125581074,0.019026813319152104,-0.19171793860942773,-0.02628952040152794,-0.07302896539536191,0.07263729827548013,0.01020408163265306,0.11191503609041546,0.027018305011225652,0.00032434788680933864,0.05462639315624856,0.17779761220788298,0.1105575733552641,-0.09711169455103182,-0.1590103540489847,-0.014559405584566755,-0.15030379269313382,0.0061928983056921925,-0.1432256648894367,0.01020408163265306,0.04398982864664356,0.1780084460268298,-0.17553467445548962,0.01020408163265306,-0.001621370331649918,-0.08340628023713764,0.06552298736334863,0.007405562753664012,0.01020408163265306,0.014351751115693975,0.2201624148282965,0.01020408163265306,-0.012251984287219754,0.05149023082265064,0.028100454416115687,-0.040582008774017686,0.06784907128487411,-0.1147938802902454,0.17884938321549837,0.004495111663685468,0.01020408163265306,-0.005091304614594207,-0.15540369026042802,-0.13404236420969776,-0.07362443271085875,-0.1757393605704845,0.16820873155746013,0.14013379325538688,-0.14877444216371624,-0.15222124558952982,0.01020408163265306,0.045135779358250604,0.01020408163265306,0.17975354503175026,-0.060897593622212295,0.015833274648841295,-0.15318744473417784,-0.015348471475479577,-0.012408676254807847,0.37450912576963685,0.017777286962843343,0.0972121124966693,-0.05551920137247915,0.2291444181033352,0.12465920973851251,0.01020408163265306,-0.0019986298657457373,0.10338070293514923,0.1295384003777398,-0.3376783512746108,-0.09290249197757648,-0.013055992127688583,0.15398913034888653,0.5215705534179499,0.042041404189733074,-0.11510904339587212
2026-07-29,0.17969168073863193,-0.12251055616263597,-0.0025089771825832653,0.022843915547419005,-0.013870513042017885,-0.010794854254893889,0.027631620060002283,0.07169296558889339,0.2243257501452726,0.014969346420707762,-0.018223757108598568,0.0014919327331864643,-0.046497097856658245,0.054209032758013496,-0.13241744841602685,-0.0029786273284655787,-0.07800957546655939,0.11510840066358423,0.15318447259631954,-0.04741732847312426,-0.044331088208896724,-0.028684824745878523,-0.1791015105921791,0.028961678175220246,-0.19760906970981282,-0.039771316264332494,-0.10905915040481878,0.07446103136131596,0.023552706931110806,0.12509231071163382,0.05012494798988822,0.01020408163265306,0.0707627303692712,0.18760690609877248,0.13229190156236692,-0.1190854434273149,-0.19187824115404872,-0.01341813908151432,-0.18076916858716913,0.01020408163265306,-0.1760251023704793,0.01020408163265306,0.042238899115598236,0.20367597599903373,-0.208083644654882,-0.001629021664320645,-0.0015478765007076196,-0.09931570003360488,0.10452697099965648,0.01020408163265306,0.01020408163265306,0.01801238377985591,0.25688098950219934,0.01020408163265306,-0.00894905442327282,0.07568842085759288,0.01020408163265306,-0.02535230411759303,0.04337279556200751,-0.11070228751320732,0.1911026053777444,-0.0025423375122296758,0.01020408163265306,-0.005496241172505656,-0.19437418796551748,-0.14191109180288233,-0.07355890751543573,-0.2046585601537896,0.16933724851466606,0.1450680770418634,-0.15748654474478854,-0.15458279991023624,0.01020408163265306,0.03965400746675563,0.028236234668643334,0.2185061149549556,-0.06961265687136138,0.020137128172708706,-0.14842391896023482,-0.015078354477999373,-0.016641290632714044,0.4186165816653316,0.05144333379007706,0.10134937940329922,-0.10843515164235666,0.24103508538051946,0.12345289341885331,0.028777753352436923,0.005497944929556495,0.1051296709153413,0.12649033969993725,-0.3823983494057932,-0.10607643796555934,-0.039144285445265145,0.16860694250882305,0.5354620513565934,0.04124459507485756,-0.12242169373012936
2026-07-30,0.21146125525915277,-0.02634349401030136,-0.02317867856768742,0.025248336671225648,0.007587753948132588,-0.12835915267039386,0.0179157409348543,0.05098713992352039,0.2725301235250387,-0.1069443251576358,-0.024353345694869626,0.020258662157034514,0.04488647302163437,0.09012186254720933,-0.15329421585399122,0.03395565171275754,-0.12151852386249183,0.28742463237624494,0.01020408163265306,-0.11639039920428364,-0.05097560820069128,-0.010051579535459433,-0.21157076730249905,0.10635810829799976,-0.15463978008987941,-0.08049447346891472,-0.11476051735272162,0.04244350278019834,-0.08224793595889819,0.3151465977636119,0.02411688332752633,-0.11441816656238042,0.1514703826439667,0.21649614219433677,0.08648154224106436,-0.2554195263482836,-0.12124165809930688,0.0622550571886631,-0.11592995536803934,-0.09909468401073122,-0.23641379907784535,-0.06283599873260869,0.12133151440540366,0.3412646117595903,-0.05553083663834489,-0.2107830033890564,0.02931712508500478,0.03653955423243622,0.12696123990630354,0.01080995462857941,0.03626556518743069,-0.0014197398359383252,0.2785409353366035,-0.0004496097142873707,-0.052765815224829926,0.27860919298395065,-0.2044714313100093,-0.08394283531755951,-0.06000696276063561,-0.13885168357839597,0.2907044667359298,-0.06925362108094901,0.22612365724951716,-0.10076257485426982,-0.3525705852574768,-0.13151630952636076,-0.23052275703491495,-0.053934367440805056,0.09206190271411631,0.1851208143155114,-0.11845818818880872,-0.10805259306468218,0.05246629021836587,0.18587077351018283,0.09354304456281323,0.01020408163265306,-0.07180332580964877,0.04647633520214094,-0.06003465366345394,-0.0144296460956041,-0.19260100660728466,0.5608377611633532,0.01020408163265306,0.13460026918100734,-0.42097028268996267,0.2350152519243325,0.29634410424408425,0.008747847568940358,0.06561980413898101,0.20128784823512333,0.05127341810614481,-0.49981090465265354,-0.1074602719509745,-0.21401479544180702,0.31283845612215433,0.6666095887354436,0.07587786007894905,-0.17392289468589742
2026-07-31,0.15496365258977834,-0.04222208079126306,-0.0015039163358245115,0.011624582295712898,0.01020408163265306,-0.11400577368813608,0.0016383510358387865,0.01020408163265306,0.260816164932067,0.01020408163265306,-0.03561343467271341,-0.004664812557423913,-0.012096896147379079,0.10295538172516822,-0.16265945496158332,0.01020408163265306,-0.0031091321418481813,0.15247134361005485,0.0028968084702464874,-0.0043939139688303,-0.019452095778192173,0.01020408163265306,-0.1656274940681024,0.021756964774051812,-0.10130415247690824,-0.006783612927289745,0.01020408163265306,0.08292586927008569,-0.08098536706557341,0.1826759527509125,-2.3694901195527376e-05,-0.03717784043015404,0.04218246738035904,0.17630223784695617,0.01020408163265306,-0.10383155363505345,-0.0549433063116392,0.008860507426249335,-0.10798541942125378,-0.15285516658811765,-0.1433274343139814,-0.016634840264360122,0.05670210552735484,0.11261377186758167,-0.10877762977121923,-0.06605258203454983,0.001115574230979053,-0.029323284314552008,0.013453003285824888,0.008632504631041975,0.07386312037988015,0.01020408163265306,0.07982049385844023,0.06494571467669828,-0.09161177947317156,0.0910347050377555,0.01020408163265306,-0.04718733995613378,0.07451656741914563,-0.11212378568595646,0.20205990878505536,-0.11951668512934464,0.04909369506007638,-0.05442073792595012,-0.1285659249562869,-0.13267164132183332,-0.06125558543382044,-0.05930078809105699,0.12966038147440095,0.13900100786432143,-0.08550062336944005,-0.0744616527274955,0.08113085297942317,0.11550123870269793,0.01020408163265306,0.01020408163265306,-0.03339547864976697,-0.019235747686610627,-0.1374895884902363,-0.01095226419739097,-0.058673379413925295,0.3355202287995512,0.01020408163265306,0.08791692563448261,-0.11724994823253308,0.15471103947621326,0.2989734308823908,0.01020408163265306,0.01020408163265306,0.13502835529494736,0.06301206451683608,-0.2702260311353271,-0.018810870421938408,-0.07350364591804158,0.18158246631079514,0.518317078195345,0.017973828964574386,-0.1495991030370329
