date,SMALL LoBM,ME1 BM2,ME1 BM3,ME1 BM4,ME1 BM5,ME1 BM6,ME1 BM7,ME1 BM8,ME1 BM9,SMALL HiBM,ME2 BM1,ME2 BM2,ME2 BM3,ME2 BM4,ME2 BM5,ME2 BM6,ME2 BM7,ME2 BM8,ME2 BM9,ME2 BM10,ME3 BM1,ME3 BM2,ME3 BM3,ME3 BM4,ME3 BM5,ME3 BM6,ME3 BM7,ME3 BM8,ME3 BM9,ME3 BM10,ME4 BM1,ME4 BM2,ME4 BM3,ME4 BM4,ME4 BM5,ME4 BM6,ME4 BM7,ME4 BM8,ME4 BM9,ME4 BM10,ME5 BM1,ME5 BM2,ME5 BM3,ME5 BM4,ME5 BM5,ME5 BM6,ME5 BM7,ME5 BM8,ME5 BM9,ME5 BM10,ME6 BM1,ME6 BM2,ME6 BM3,ME6 BM4,ME6 BM5,ME6 BM6,ME6 BM7,ME6 BM8,ME6 BM9,ME6 BM10,ME7 BM1,ME7 BM2,ME7 BM3,ME7 BM4,ME7 BM5,ME7 BM6,ME7 BM7,ME7 BM8,ME7 BM9,ME7 BM10,ME8 BM1,ME8 BM2,ME8 BM3,ME8 BM4,ME8 BM5,ME8 BM6,ME8 BM7,ME8 BM8,ME8 BM9,ME8 BM10,ME9 BM1,ME9 BM2,ME9 BM3,ME9 BM4,ME9 BM5,ME9 BM6,ME9 BM7,ME9 BM8,ME9 BM9,BIG LoBM,ME10 BM2,ME10 BM3,ME10 BM4,ME10 BM5,ME10 BM6,ME10 BM7,ME10 BM8,ME10 BM9
2026-01-02,0.01020408163265306,0.01020408163265306,0.01020408163265306,0.01020408163265306,0.01020408163265306,0.01020408163265306,0.01020408163265306,0.01020408163265306,0.01020408163265306,0.01020408163265306,-0.017756467894478677,0.01020408163265306,0.01020408163265306,0.01020408163265306,0.01020408163265306,0.01020408163265306,0.01020408163265306,0.01020408163265306,0.01020408163265306,0.01020408163265306,0.01020408163265306,0.01020408163265306,0.01020408163265306,0.01020408163265306,0.01020408163265306,0.01020408163265306,0.01020408163265306,0.01020408163265306,0.01020408163265306,0.01020408163265306,0.01020408163265306,0.01020408163265306,0.01020408163265306,0.01020408163265306,0.01020408163265306,0.01020408163265306,0.01020408163265306,0.01020408163265306,0.01020408163265306,0.01020408163265306,0.01020408163265306,0.01020408163265306,0.01020408163265306,0.01020408163265306,0.01020408163265306,0.01020408163265306,0.01020408163265306,0.01020408163265306,0.01020408163265306,0.01020408163265306,0.01020408163265306,0.01020408163265306,0.01020408163265306,0.01020408163265306,0.01020408163265306,0.01020408163265306,0.01020408163265306,0.01020408163265306,0.01020408163265306,0.01020408163265306,0.01020408163265306,0.01020408163265306,0.01020408163265306,0.01020408163265306,0.01020408163265306,0.01020408163265306,0.01020408163265306,0.01020408163265306,0.01020408163265306,0.01020408163265306,0.01020408163265306,0.01020408163265306,0.01020408163265306,0.01020408163265306,0.01020408163265306,0.01020408163265306,0.01020408163265306,0.01020408163265306,0.01020408163265306,0.01020408163265306,0.01020408163265306,0.01020408163265306,0.01020408163265306,0.01020408163265306,0.01020408163265306,0.01020408163265306,0.01020408163265306,0.01020408163265306,0.01020408163265306,0.01020408163265306,0.01020408163265306,0.01020408163265306,0.01020408163265306,0.01020408163265306,0.01020408163265306,0.01020408163265306,0.01020408163265306,0.038164631159784794
2026-01-05,-0.07571917911314827,-0.06642363220725156,0.11476656242587131,0.00851421852205207,-0.1310218391777741,-0.021442928354364295,-0.04514317975238044,0.03278197092498312,0.16720183829809313,0.14433937973620306,0.0013353993001109562,0.003290088572350534,-0.05183625317202649,-0.10146650759565339,-0.18790034372694076,-0.05959438707571181,0.14665010664371683,-0.11719138466393013,0.04560082324905657,-0.08312637874536206,-0.11172858623743351,-0.11822408007976924,0.15959463737551902,-0.07558641318645404,0.24859765099393294,0.07472338650660834,0.1364058649945931,0.19349078480031418,0.06892271301724799,0.01496979307139934,0.10038020243842898,0.06872142390833674,-0.13991728731478445,0.2563610742192183,0.0010929160525454291,-0.1561986137334824,-0.04919922752694297,-0.2152004751220902,-0.09670097075642864,-0.114896020727957,-0.050025241948991835,-0.09192015958299993,0.02670593814627241,0.052638146411830414,0.1380751245208042,-0.36609353061461025,-0.1314467158995,0.03172752920202015,0.08550784692081806,-0.1091755228449882,0.02301773687556584,-0.047691300239917474,-0.12392896710452629,-0.2640983203850536,-0.12444712785236196,0.19125918342823958,-0.09295503752369397,0.009941813537845236,-0.03133033830654369,0.2906039689608674,0.023199008506008915,0.08721901018698848,0.29294894538363814,0.05146394293341587,0.1660257080867514,0.16188329394672976,-0.32369182338923147,0.022043688986256076,-0.02444903422035423,0.016696266322862127,0.01201293376572954,0.018771256852113484,-0.20622119817449777,0.5082563884594319,0.20988080014082838,0.07745245026961589,-0.036821701231099555,-0.06255281385662691,0.08866208347078669,-0.08238458014845726,-0.1409853848774195,0.0406598897417961,0.00941196887704994,0.19065437591008413,-0.14906694469956325,-0.09460184700302467,0.11082555086249492,-0.0373707434920491,-0.06237646732907211,0.5678224289769871,-0.17437057699498706,0.02691954670294259,-0.06683858689670809,-0.06852268679999846,-0.13533973909346522,0.7217652080244041,0.00538541459444124,-0.12995420527657425
2026-01-06,-0.12121311883447032,-0.05099912059612439,0.0881870877682035,0.01020408163265306,-0.11169930875544107,0.01020408163265306,0.008340377335202915,0.05083860747917977,0.17301708155254167,0.0800891527393038,0.00042407546894654424,0.01020408163265306,-0.035879337372105496,-0.09140838642258568,-0.20590711316981586,0.002824312768458773,0.002783113820631034,-0.03747289961849057,0.016661817946604866,0.01020408163265306,-0.051442513546929254,-0.04615634297454374,0.12386784721267206,-0.016145835089235547,0.1023367364119987,0.03610604390118409,0.12233039105800479,0.05059683543527654,0.01020408163265306,-0.006226516010327346,0.049822379859798684,0.020731280853226144,-0.09618790646552133,0.24499415989651405,0.01020408163265306,-0.12915105154015163,-0.015393375136031272,-0.05374319913823761,-0.11590945692714329,-0.047595454558067594,-0.014396744769051546,-0.023883200594149605,-0.019157745084204175,0.06971208182939763,-0.05324683645789781,-0.093150964199358,-0.07561538172383217,0.054351578496169665,0.01020408163265306,-0.013201913124966992,0.01020408163265306,-0.07795710877248231,0.01020408163265306,-0.13366999120203515,-0.10564331640307,0.015436014155733898,-0.10274717100092341,0.01020408163265306,0.01020408163265306,0.09217446787742195,-0.015414870208361216,0.0660685643732529,0.17662088454915303,0.021031833677693623,0.01020408163265306,0.10592518838130056,-0.2563387336928755,-0.0019576921291631355,0.01020408163265306,0.052199897435545276,0.06812333112461878,-0.05887886044790691,-0.0971741854611427,0.21548401574566814,0.10407646375290548,0.09446781774903079,-0.02653597245780647,0.01020408163265306,0.05112323124757386,-0.05417937377046257,-0.08582054552658704,0.01020408163265306,0.01020408163265306,0.24312209595459958,0.01020408163265306,0.01020408163265306,0.01020408163265306,0.01020408163265306,-0.03311090905631837,0.45346116254635693,0.01020408163265306,-0.033147884928011684,-0.047088396051885695,0.045392704532233784,-0.020219892677356202,0.4708141837748648,-0.018296763148424197,-0.09445714395348774
2026-01-07,-0.2012854133273621,-0.05695562663390642,0.11567913614658401,0.058205235042939917,-0.16814416793544582,0.0057982037743060395,-0.07773762278912506,0.1343618579333069,0.17927993903450545,0.15143618628198827,0.018597499504571853,0.030543963156642352,-0.05185360060255096,-0.1304678022410622,-0.1481307120385267,0.046922208613677255,0.05978928578537247,-0.1549192032151104,0.007732694194489319,-0.05992109751765291,-0.14871006132729714,-0.09731736819309328,0.11135354122970856,-0.1196259170920045,0.1720982953100922,0.09633916921380249,0.13527445371949678,0.10318538067148439,0.07818748995474208,-0.022037091121173247,0.06481692369538078,0.027135028025288603,0.010193899026696785,0.26088752519230496,0.09935853689402117,-0.03652607313285622,0.1067357047798118,-0.1121202421680692,-0.057233609442185626,-0.14265164872736438,-0.06839651319664497,0.1258470683931194,0.01292218567948008,0.08425641296843246,-0.20272693203588008,-0.14483709051017937,-0.08264638261944633,-0.06880643304093763,-0.03552693441947252,-0.00871384172508498,0.01160996573620812,-0.11087500096391208,-0.09160697183297252,-0.27483849346418093,-0.30432810425054185,0.0881445683201326,-0.03364111955587976,0.10528075509679453,0.01020408163265306,0.31513898330687146,0.0706648769099617,0.1294166525801648,0.277988979056056,0.04375306609390558,-0.03971088059085949,0.24088827387719874,-0.40391620775219733,0.10106840517145825,0.017085219614956244,0.042577573874868276,0.15308953347073054,-0.19907410435373232,-0.22965119204683987,0.20577359599746434,0.2969125306492957,0.18922508933886292,-0.1081652430435713,-0.04692224818936203,0.020582511989729706,-0.24486482083605748,-0.45932958887401315,0.01020408163265306,0.0993135248967196,0.3020502054564256,-0.04096803091838421,0.10041618696034997,0.13684923703815305,-0.0517045777488912,-0.1367918805546333,0.7407583468730007,-0.14242405215784576,0.14226432091095875,-0.21238153911985216,0.09942391739241506,-0.014634749252840766,0.4505353342577563,-0.05297414789291478,-0.102063303906076
2026-01-08,-0.21451444706000602,-0.05828322574248225,0.1126580475817237,0.07028043000338104,-0.18157557140429362,0.008555790645388394,-0.11002438786295882,0.1436850164679773,0.19623665118631908,0.1644960035945258,0.014811121012963814,0.029815391547255328,-0.05178536416849273,-0.13338529310373187,-0.13272100557500205,0.06821441754984472,0.10122242999277005,-0.22491817683614918,-0.0029659473345449838,-0.07878434303004153,-0.17849586258988867,-0.11686340420289563,0.1090784062679623,-0.1487025429773176,0.20891833973188112,0.09637723983619347,0.15478091418618067,0.13064148464249042,0.10491756031713932,-0.02529892530699407,0.06882537639040386,0.03332211644359617,0.03460150691463398,0.24429651133611827,0.11459404979955726,-0.02605419211613766,0.1348847363986005,-0.147358267137923,-0.02914434354034131,-0.1725237503574306,-0.06804360101461447,0.1560361222954783,0.009472117188622226,0.08828975452357635,-0.1972460894931142,-0.1515529447115904,-0.0971777669562477,-0.09594519989720662,-0.019973932000244395,-0.02220571292503306,0.01846173881745719,-0.1030078564182693,-0.13530910939043284,-0.3274194380072595,-0.35886505673174107,0.12270105801834631,-0.012037568493066036,0.12079241167995879,0.002769479374275634,0.39697583373121137,0.09170015340166665,0.14816528955871394,0.26944154276290255,0.04639404113656168,-0.033212337530499805,0.24982805445716794,-0.4324269708131423,0.14823746984730105,-0.007251999900592368,0.02692284430454335,0.17431644088028686,-0.18434222945757825,-0.25296093810972137,0.23076788766948073,0.3434310306908679,0.20716759282762576,-0.12625249344226885,-0.0991507229226961,0.004482669047072356,-0.2813006989032007,-0.5514925345374504,0.0030358086803456375,0.09172170136368234,0.3129494130598925,-0.08587198292877024,0.09703722046203553,0.20177468318923497,-0.0591674092604607,-0.1607088161028183,0.799759648378837,-0.1839424373487053,0.21189949814992082,-0.22050669467917516,0.10557805209714187,-0.03495130660167062,0.48498170594297985,-0.05832448036054147,-0.11625742609935026
2026-01-09,0.01020408163265306,0.01020408163265306,0.01020408163265306,0.01020408163265306,0.01020408163265306,0.01020408163265306,0.01020408163265306,0.01020408163265306,0.01020408163265306,0.01020408163265306,0.01020408163265306,0.01020408163265306,0.01020408163265306,0.01020408163265306,0.01020408163265306,0.01020408163265306,0.01020408163265306,0.01020408163265306,0.01020408163265306,0.01020408163265306,0.01020408163265306,0.01020408163265306,0.01020408163265306,0.01020408163265306,0.01020408163265306,0.01020408163265306,0.01020408163265306,0.01020408163265306,0.01020408163265306,0.01020408163265306,0.01020408163265306,0.01020408163265306,0.01020408163265306,0.01020408163265306,0.01020408163265306,0.01020408163265306,0.01020408163265306,0.01020408163265306,0.01020408163265306,0.01020408163265306,0.01020408163265306,0.01020408163265306,0.01020408163265306,0.01020408163265306,0.01020408163265306,0.01020408163265306,0.01020408163265306,0.01020408163265306,0.01020408163265306,0.01020408163265306,0.01020408163265306,0.01020408163265306,0.01020408163265306,0.01020408163265306,0.01020408163265306,0.01020408163265306,0.01020408163265306,0.01020408163265306,0.01020408163265306,0.01020408163265306,0.01020408163265306,0.01020408163265306,0.01020408163265306,0.01020408163265306,0.01020408163265306,0.01020408163265306,0.01020408163265306,0.01020408163265306,0.01020408163265306,0.01020408163265306,0.01020408163265306,0.01020408163265306,0.01020408163265306,0.01020408163265306,0.01020408163265306,0.01020408163265306,0.01020408163265306,0.01020408163265306,0.01020408163265306,0.01020408163265306,0.01020408163265306,0.01020408163265306,0.01020408163265306,0.01020408163265306,0.01020408163265306,0.01020408163265306,0.01020408163265306,0.01020408163265306,0.01020408163265306,0.01020408163265306,0.01020408163265306,0.01020408163265306,0.01020408163265306,0.01020408163265306,0.01020408163265306,0.01020408163265306,0.01020408163265306,0.01020408163265306
2026-01-12,-0.17657051612199648,-0.06749247490277689,0.06030424645028412,0.07005022441173603,-0.16748504672273243,0.03404920152124007,-0.042816996007728265,0.1264926523948939,0.2199558562197556,0.10333401048235588,0.0058773510894962215,-0.021722302367436434,-0.041926905483420665,-0.12227073776400486,-0.09825621145630033,0.10345460990363718,0.02930083617150224,-0.24511290879022657,0.07841737292960653,-0.048505785219898144,-0.14110129380312875,-0.08640519295416017,0.11344197896389098,-0.0795034156624776,0.2062207982662783,0.07459635277010293,0.13430843279510232,0.1179795932674101,0.1382157600596988,0.01020408163265306,0.059259377274731316,0.03707331452207137,-0.0478736067983738,0.19458612439585982,0.08286440824615926,-0.043589328272348564,0.08104021890984009,-0.17423100020066398,-0.12219622653050578,-0.14357614431152976,0.004783756699097149,0.052661684380979394,-0.010519923549787374,0.034904384685870725,-0.14583268176452693,-0.18506495565529424,-0.1354437184765869,-0.0009596936866239063,-0.00531662430781886,-0.03575478231722545,0.06471856155793915,-0.06200300526350003,-0.1100500945492291,-0.30343834080608156,-0.2251713890074059,0.01926006735641924,-0.04307266627282813,0.07066134650383245,0.01020408163265306,0.3497626836651925,0.10618496598649378,0.12983926633475693,0.23692337483311188,-0.058981501797120514,0.007381560962385318,0.25909285626645523,-0.37614281793983717,0.08316278302310824,0.02506082325738864,0.028628316251566685,0.1661811887174661,-0.1324362383877485,-0.21342808345731637,0.14759818491118135,0.27925940683827766,0.270919412765546,-0.06938648215094052,-0.01469834096900125,0.007185163934663722,-0.19665365624940692,-0.3976837872917652,0.07259375766116913,0.17154741020569023,0.22257808894276288,-0.024928902180279114,0.018159338299028993,0.10624321187542583,-0.08825393344887306,-0.07269735826472203,0.6570606746782706,-0.08021701805200945,-0.01066864543878107,-0.19661569896942718,0.0594889866632092,-0.02825112369986337,0.5364897662385013,-0.0683177439360969,-0.11693660654694309
2026-01-13,-0.14031681883102873,-0.05755466660017104,0.058317847294039035,0.033767570286067326,-0.1383892198944922,0.01020408163265306,0.01020408163265306,0.10012574781199347,0.2204826112795556,0.08210237877111048,0.003736303937540237,-0.014301060997607072,-0.0411766071754344,-0.09294717987146016,-0.10099849400229342,0.05279513907339411,-0.007310279195248565,-0.12747746939736224,0.034019399433083145,0.01020408163265306,-0.09025281647647833,-0.06526107526172015,0.09751349456322209,-0.026203424799630677,0.13362619930988082,0.06336940333608633,0.1293700522583868,0.10521897477600305,0.028439838442381633,0.01020408163265306,0.03912709920975136,0.05419312772821851,-0.09102193688047795,0.1914424734217675,0.019706780042601537,-0.06944879590576634,0.01020408163265306,-0.12329582743395419,-0.1261190159426874,-0.10922158048355697,0.01020408163265306,0.01020408163265306,-0.019138448044294494,0.011061940991359771,-0.0788452531434293,-0.1287004997026465,-0.11631619600417874,0.01020408163265306,0.003127923032064525,-0.02590383106325693,0.04688481682720488,-0.0649485640554545,-0.0547428928975036,-0.20974318443919712,-0.10850195933372252,0.01020408163265306,-0.09476583906049152,0.04969528278983684,0.01020408163265306,0.21814341194544787,0.03887127811254337,0.10784169485868624,0.2053642312687338,-0.04717912007515525,0.01020408163265306,0.17503601583758954,-0.27390737843161156,0.01020408163265306,0.0528855390631062,0.032693098221971244,0.09497310891890592,-0.08110585013012536,-0.1416410932244135,0.08646949013347666,0.1901612320869216,0.19481278825053297,-0.028250453208734677,0.01020408163265306,0.01979881762617234,-0.10302108420084795,-0.16409490749920674,0.041393232244063036,0.1243969953218603,0.1584217025944765,0.01020408163265306,0.01020408163265306,0.04214011007273194,-0.010865011160151606,-0.03980070539341326,0.5443310930709531,0.01020408163265306,-0.07176874229897248,-0.14734826231251513,0.04987893504395185,-0.017651826355984057,0.5153481261119441,-0.05617347318423038,-0.10863976715315951
2026-01-14,-0.16041779346991386,-0.09037999818737248,0.04543500620200353,0.061601397886337825,-0.18440875560486644,0.031312136328099094,-0.02700658244700664,0.13053386524701474,0.25250293836992066,0.11566265117760356,-0.0002784822747868357,-0.009795940489942439,-0.03908768258752506,-0.14015478211338253,-0.10031780431563432,0.1393170844605221,0.03671724708584897,-0.2903182722700152,0.15543452171918226,-0.007267428463283489,-0.11429824861583694,-0.12322717274094684,0.08372198409924084,-0.08499663828617128,0.25535594360371133,0.07635594587669793,0.10988918017108262,0.15790687260473205,0.14093289704858497,0.00410928885453253,0.08456243880356824,0.012944518671947989,-0.028458281212091485,0.17639619810061927,0.035877520895389044,-0.05615391694271851,0.08347319139885916,-0.21642903418329884,-0.18236813270621216,-0.13775171319323953,-0.011135708051811409,0.023439851788070704,-0.026548707763212,0.009583084114233708,-0.06798025569152014,-0.21418196925247626,-0.1447814455493181,0.01020408163265306,0.04189991954298367,-0.054563196436929,0.06735719307324434,-0.050756842290438156,-0.12374024684715089,-0.32611076007396794,-0.23106859035687347,0.012980623198780433,-0.03213093112569848,0.0895318054968477,-0.06604195898898024,0.33911205773079367,0.12050393596499703,0.13840174529050495,0.24172844823768974,-0.05781634976632111,0.011259709727540649,0.28283440982560765,-0.2680032735437419,0.089989069550461,0.028045798787586035,0.013986933537816248,0.19587718056706763,-0.11548418414837082,-0.1794656920566148,0.13967121418800799,0.3208547726238817,0.2613382732316382,-0.04882849569148527,-0.053684044158827826,-0.006960171120024188,-0.19301058036292873,-0.43920329546459363,0.04793577850594392,0.1412656156575573,0.21349773200466016,-0.12948382425827681,0.02925366635636252,0.11762925631534911,-0.041717271372184984,-0.07531639904765543,0.6583403866721639,-0.09603878357024129,-0.004503223320391566,-0.15204547468921695,0.05461504270082528,-0.06959066665897046,0.5418341400878768,-0.03414345988196784,-0.12556209337220897
2026-01-15,-0.1853643641445457,-0.09545473703353677,0.05061844839197279,0.08020640054757339,-0.1872313233201844,0.04644276974052181,-0.023259502073436376,0.1290907220422529,0.2891592617378392,0.1086834244050486,-0.00435873857234248,-0.007734252484377502,-0.035423569336051036,-0.15494439692794157,-0.12441306473450582,0.16975929943821813,0.016135827810953247,-0.32843736833960446,0.17799751576117376,-0.0320380564409357,-0.0969613842277651,-0.12430104642867505,0.07563769064432166,-0.10752869994969659,0.25671266420201994,0.06732739222522016,0.12039143964176482,0.15894270557188037,0.1900468271736572,0.007921328329409463,0.10091718639797749,-0.023406175899224786,-0.016637874178541748,0.17050018888932814,0.02945792581093603,-0.0364169157705512,0.09568520188874148,-0.21641135735502925,-0.16621458057207208,-0.14765001968922328,-0.0259196751507947,0.048818583821148225,-0.03127277335586765,0.06753162694886451,-0.13745814365668363,-0.19583330621604408,-0.14779021129702388,-0.01623086770491041,0.08344866474827858,-0.03882252992268825,0.07211966782875132,-0.07061079467764107,-0.10632918827996087,-0.3319180597843002,-0.2550642760952152,0.0018200560781521553,-0.049183433301171,0.062233664678890924,-0.07916949560634164,0.3191701312699958,0.1250102005868394,0.14409606751712553,0.24298001137330738,-0.043956010832276876,0.01109481679817309,0.3055464380829774,-0.28394526501690087,0.13930312016257348,0.03090961934871999,0.00671798008749498,0.23447975394934442,-0.18285934970081807,-0.1460548089361697,0.11996891326516361,0.3522626241389431,0.296252822719863,-0.015324319528229184,-0.06550604106547571,-0.031419256742987164,-0.2041325559114147,-0.47170082794227697,0.010000702450049952,0.11950880800592666,0.22306960860711111,-0.12193348979610698,0.05333677471583684,0.09713096108285892,-0.046075097556683944,-0.1073146793055761,0.6352209054480126,-0.0685016816884532,0.015450704661302056,-0.1185845137860465,0.07483601544436315,-0.05225379325838848,0.538178321422846,-0.06524987091104649,-0.1475300413879899
2026-01-16,-0.08657435324433736,-0.037923767209897916,0.02263127154581461,0.01020408163265306,-0.11641666372732414,0.01020408163265306,0.05731450252503031,0.07708201329713191,0.2550283503039991,0.02867411679123138,-0.01174662661030044,-0.0017199576986964109,-0.04517175989658788,-0.04667642915556566,-0.13899468308491594,0.04608951254647128,-0.03550304482895307,-0.06502701701668799,0.037314239057307706,0.01020408163265306,-0.02373924253857531,-0.07285981865405845,0.04933001470606913,0.0008779557601653193,0.07004630089105757,0.012941860327040715,0.09523791276626367,0.07380792508664571,0.01020408163265306,-0.027135348482971902,0.03365549655776905,0.06652334398725859,-0.14700123451303565,0.16617958058175625,0.01020408163265306,-0.11938517336195133,0.01020408163265306,-0.04144858927871605,-0.12005938499687437,-0.10724393964835943,0.01020408163265306,0.01004069202205176,-0.008051528238160617,0.014410721904723426,-0.010533204841172596,-0.06728043397427712,-0.1264094391036765,0.01020408163265306,0.01020408163265306,-0.015214305466307919,0.01020408163265306,-0.07887519297731557,0.01020408163265306,-0.14074839594170252,-0.01691764772252015,-0.017717677527114277,-0.0799019060167021,0.01020408163265306,-0.009617942905801815,0.17909918673687125,0.01020408163265306,0.10078615633998016,0.17002376158363797,0.01020408163265306,0.01020408163265306,0.01020408163265306,-0.13930430057387405,0.01020408163265306,0.05993924429222802,0.037174815644516676,0.06312091369187967,-0.004923251355090053,-0.08505030260699147,0.01020408163265306,0.09951639380917136,0.16832688203824808,-0.0043498489095578855,0.01020408163265306,0.023829352453151806,-0.021317944539091686,0.01020408163265306,0.01020408163265306,0.01020408163265306,0.09728718821226569,-0.00414671308953133,0.0111718254956083,0.01020408163265306,0.020433406971224463,-0.04585689513080504,0.4600728144191642,0.01020408163265306,-0.07392031434389339,0.01020408163265306,0.09285200650097931,-0.05308390943735543,0.4558033114029571,-0.0028699686672354445,-0.16100695375001195
2026-01-20,-0.146497545662579,-0.09394902294028563,0.046801301726478305,0.06639883777364623,-0.15176220265775134,0.016620660621581816,0.0069158123246743156,0.13360779360272707,0.22365011231326845,0.10513776344814464,-0.005409069273188459,-0.012761802829104963,-0.050821502788037376,-0.1194603314921162,-0.13316865895535238,0.129971598049903,-0.06035395344169822,-0.21201587706015193,0.1772698463698758,-0.001333197955018385,-0.054499989225907486,-0.11602238847906558,0.0705787159468273,-0.0690677776002708,0.23139514050468582,0.08001546777261526,0.05778806288626584,0.10063757481584971,0.14598273688701435,0.009069154976788322,0.07712643179857442,0.01020408163265306,-0.05068609722261527,0.18823061453359524,0.03794449696005237,-0.02100960873854789,0.0563638398112221,-0.177279963484055,-0.11843634673929641,-0.13762414981438947,-0.027126872483597263,0.02774554303727949,-0.04228597785739264,0.04927405522129507,-0.17879025326090286,-0.13687667669537687,-0.14851451712025054,-0.004009310770420379,0.011938985118840837,-0.023129952502352766,0.038542174292792275,-0.08784677179829314,-0.041364385701476394,-0.22499170684038777,-0.17635171945829903,0.00933155469387679,-0.08308444908736957,0.027610043210781213,-0.06446859633676154,0.24412913464567187,0.09409490289342072,0.11950744523464633,0.2792247086657597,0.015234232081400286,0.01020408163265306,0.25715126702661484,-0.2875494556988584,0.07884920056128941,0.07379288224682198,0.03607033632705677,0.2234110908647916,-0.26820387516236543,-0.11002277627073581,0.07001355818050124,0.30649363940293156,0.27391440192745337,-0.05654319699307846,-0.03792450505593243,0.01020408163265306,-0.15862018172786274,-0.27993631783866546,-0.015055911735280673,0.1486513905812564,0.1336819450831845,-0.09835197345239755,0.07778327834090731,0.0596797674542535,0.06367440471032694,-0.05120837525486097,0.5824506271933648,-0.05399107969911815,-0.055786486513702535,-0.10313804268454038,0.08324806404467003,-0.11461213167176794,0.4821516535816009,-0.034192418120820384,-0.16363109049223895
2026-01-21,-0.156316509964052,-0.11511697947278647,0.08172495122625087,0.06330719442214121,-0.15296200783317088,0.028281870232283297,0.02111804053300549,0.10936065085027247,0.2504882456182639,0.10334154401167857,-0.003626588131905603,-0.0349878992039401,-0.0464761754704015,-0.14708621869968397,-0.16035915951649463,0.12765392042090198,-0.06633985062126645,-0.2332292675595693,0.22893818049718417,-0.059678881204156126,-0.028094856850336608,-0.07619457696805845,0.08020072453166163,-0.0757942216392909,0.23851244558731013,0.06308042732494873,0.02706128358479383,0.10553101961656379,0.23086383418158632,0.028287662888998366,0.10941116180965389,-0.01787369208966793,-0.05612286481136723,0.17178127709462865,-0.018936258869090075,0.030047845046396647,0.053296153786119724,-0.2278074905654145,-0.05729559646117012,-0.15842302848808731,-0.039858037873873015,0.04389288006024088,-0.035621499207130106,0.10135417778025231,-0.22378996626809758,-0.07155019381278217,-0.153932627577296,-0.09784175886468978,0.01918373020380587,-0.03363393050755957,0.06827844522513694,-0.1186250387573518,-0.07144088276255438,-0.19451945630511214,-0.15066727079793807,-0.013881336403927929,-0.11915077571881995,0.014711801707500447,-0.12819333479080314,0.19714849391894873,0.08790275918413237,0.13072433113995446,0.358193192523788,0.026656786005375972,0.04079241415995252,0.3098786790860947,-0.31413998680350114,0.17840452899152934,0.07888232715509622,0.030336815642582886,0.206694211409062,-0.4077050033092435,-0.08082146854490338,0.08249560934448508,0.3512117012151786,0.31356253710665627,-0.09662975147070316,-0.010418359991663054,0.0013573315916546001,-0.16046405896826568,-0.2957343862963851,-0.05470676006070038,0.20027075461920485,0.1413190444399289,-0.11019858129865287,0.06596154444260473,0.06437377584437066,0.1600318550063092,-0.06972559337224768,0.5433097930633876,-0.010596254588964396,-0.08949560021071222,-0.1075221304028199,0.07939520249276712,-0.07834968132893894,0.46947246530085773,-0.060462343092080234,-0.2256874281178748
2026-01-22,-0.13257321797722993,-0.11314532128026779,0.09786275336780861,0.04485901030918093,-0.12378068668680704,0.027714120211629105,0.017316612699616866,0.0672021339257784,0.21917316964649414,0.08982583365589668,0.0036215463996641297,-0.037119350995409056,-0.03272468187182766,-0.14402027209770807,-0.14020125147420753,0.10526307610934293,-0.07450423859742998,-0.22659238026363818,0.21149505499502838,-0.03186718930221563,-0.05548571691815743,-0.03579637626804582,0.12771392622576802,-0.05660013055732435,0.21895596187389932,0.05088989526589273,0.01020408163265306,0.08486099838808808,0.21266818099495086,0.0027213064111861794,0.07475951380318661,-0.010846961663583407,-0.1197808075456953,0.14152937336538904,-0.011788508207683889,0.016733516405586395,-0.026083607914490943,-0.12846195069006663,-0.043977878442426135,-0.1472085657345824,-0.040544130617075555,0.03577755251496609,-0.014014278926241559,0.14081404832233485,-0.14990112916047815,-0.0733511015326398,-0.12834904546933124,-0.11678014543870575,-0.015350778025216246,-0.04662551044394946,0.09084352147731503,-0.10864340550891131,-0.041401135472519515,-0.17257542011105137,-0.14083791063306,-0.02903081519621717,-0.09125002447861463,0.0037849615105159263,-0.15137226095429265,0.19668630963458134,0.05432593601375773,0.13578634013084087,0.29422475931335906,0.005790811150325872,0.01020408163265306,0.27867465293596716,-0.26526941772137386,0.200774614293963,0.06993394308390671,0.05227755635457133,0.13692823981927085,-0.30628921925031116,-0.0999944110191823,0.012422607101962121,0.2434574292002463,0.288209112519182,-0.0841589227087049,0.04006213502877942,0.03547093620148584,-0.11071535071037267,-0.2860662026624499,0.0049802041605526105,0.14169011284519048,0.20897150883220117,-0.03373408122592442,-0.02763255386182735,0.11652107043893309,0.21118844623384855,-0.06384330910524862,0.5747061636679447,0.03402295003321565,-0.07276648077608636,-0.1146722833467879,0.07164162278061839,-0.08439492248943331,0.3938061759622824,-0.08155849805796789,-0.2656660294890396
2026-01-23,-0.1026873309404455,-0.13174589877807596,0.10422603082444384,0.03250359239086928,-0.12571995851512513,0.016097881294940705,0.009163377733488019,0.06812191522891572,0.19387100550184191,0.10912714772706869,0.00206696031843631,-0.010758143396889972,-0.027929336006141198,-0.12690683174293785,-0.15021150286626692,0.1332495503628974,-0.10497883351412426,-0.20768178025234435,0.253333878843289,-0.013368006316038199,-0.04403695144286364,-0.04554125792828133,0.12993065712835453,-0.024976928031508104,0.2520827739120128,0.036718256443883074,-0.03306446893664669,0.054294605390811074,0.25809460590118344,-0.012426772093985806,0.08131018721099176,-0.04395743372469992,-0.14885243702379072,0.15219192459443526,0.01020408163265306,0.0418251829598111,-0.06142802916691953,-0.0879039129132502,-0.061798882043167275,-0.158693223799873,-0.04811040114943825,0.03318493370977585,-0.01252785092391043,0.08353832469783272,-0.2017045919604064,-0.09157838864295546,-0.11263526076217155,-0.045035665484685114,-0.06216617586877074,-0.03657697433976329,0.055358128212693584,-0.10485475061861355,-0.04878093513211533,-0.1807269854731122,-0.08982621834443806,-0.018890001900904646,-0.03431626985593096,-0.040514889092185286,-0.19309087869758731,0.20780562823359028,0.05786786144082931,0.11048520994418941,0.3558787999473252,0.026680611159437526,0.032400201311619116,0.21433298536029097,-0.24402147084658155,0.15521107550518848,0.04029872049684698,0.07792161661805255,0.23473025500990993,-0.32515012321108455,-0.10309246756486982,-0.012731262922557876,0.164846484269582,0.3095100672551481,-0.1033497182306443,0.09545863392960643,0.05891209564428991,-0.08706083023599409,-0.23079388954550806,0.015160324096299792,0.21245457965879436,0.25603047919065053,-0.0471380286481436,-0.06364600718065977,0.09512690934331644,0.16734124997515834,-0.05318285905904828,0.5378589982941457,-0.0019110129675781184,-0.16621447942459905,-0.14691265550466145,0.07029533668181408,-0.11777528503430797,0.42284906939888367,-0.06672090235186143,-0.2142470443771342
2026-01-26,-0.09517284208782721,-0.1089244719819735,0.08032571615296605,0.0282611993127503,-0.1154309989875557,0.013537179136887699,0.024589218425493168,0.05911254116017399,0.19854742289601396,0.08303207498016162,0.0044086177687543,-0.015572172077671828,-0.03502117127741581,-0.10349106771996566,-0.15035672512901038,0.1036527629194232,-0.08660020601529135,-0.1696882404150796,0.22063857968857536,0.01020408163265306,-0.033879673680947374,-0.02967944389009665,0.1133391491820184,0.0013743209422479793,0.20346716721898878,0.024544921315773065,-0.004067188415086203,0.049336961232661805,0.18310155643743517,-0.020869601283588328,0.04569798916236216,0.005187766422972315,-0.15829742745154873,0.1529099350162581,-0.016539027805341333,0.0034107483634528537,-0.03969346352068752,-0.07688252707948615,-0.09460162930502969,-0.14834165255717024,-0.0014474575010523204,0.01020408163265306,-0.015069439621903132,0.05380469641772353,-0.16744998422257001,-0.05744837901570017,-0.1210788088028306,-0.02882044049376494,-0.04083100688442777,-0.031205170596207962,0.04279821525798214,-0.09868319204455206,-0.047809354245276665,-0.13777125781347868,-0.05677275776472754,-0.03155407926645104,-0.054779953830192435,0.0005269177136898399,-0.14710999436996242,0.19438862596047043,0.03697013419622044,0.11686025212367934,0.3130050909792592,0.01020408163265306,0.026388288330606482,0.15796592550072183,-0.21171799209108594,0.09054942846834108,0.05028597504007742,0.07187715430809352,0.18333502850149988,-0.23123114601227335,-0.09936773790106751,0.01020408163265306,0.1310370396859734,0.26336809563150215,-0.10922360251745938,0.09994951357820375,0.05555022672261243,-0.046606272739474604,-0.1517560465115668,0.01020408163265306,0.21966229557928002,0.2070209136610764,-0.037854430915183,-0.07179231969172047,0.08471404583136159,0.14569163013820446,-0.041518619617741184,0.4668872824572932,0.028177101468074714,-0.15903266637435967,-0.12809893431107894,0.08190494912286783,-0.08990199058915813,0.4147700697357496,-0.05856504053040065,-0.2093775253527596
2026-01-27,-0.1047641956575541,-0.1265708162692396,0.08994742636536718,0.022494296894323723,-0.10818328990174216,0.01890603283776177,0.014421016582749902,0.05929699032322764,0.20533394856041623,0.1055873280399089,0.012207334539549088,-0.007556586772679756,-0.0354279745970804,-0.10885714578902589,-0.189517659650733,0.07525010422714848,-0.08208399213424045,-0.13513989718714958,0.21888654049663087,0.006902751279178084,-0.03307731217679367,-0.005966640223033651,0.11662063095839965,0.01020408163265306,0.19213045547688448,0.027492118450881002,-0.025939824415965262,0.0350602763917734,0.17508699112900367,-0.012133987710554758,0.04209678034905562,-0.016862504429299173,-0.16899748314564217,0.15807065790419098,0.004683958739378726,0.01020408163265306,-0.03028032010049935,-0.05018281065841199,-0.07365345029813676,-0.17157418517891526,-0.0016868029499771762,0.01020408163265306,-0.014951736192295477,0.09163663634398117,-0.2068913617334359,-0.05663868343045245,-0.11921554722119214,-0.0509338090632261,-0.021866354017511747,-0.008162737987554397,0.039906106111158315,-0.10308468084812747,-0.04130083854630579,-0.15150810917994886,-0.035962124094076744,0.0011862027974835002,-0.04661343313837516,0.004205165330008446,-0.1688195084838383,0.1519148657915672,0.02758328509020566,0.10678819953230131,0.3603977344566218,0.03402490637079213,0.016642806103665263,0.1584838989455353,-0.24203489202333917,0.0904698435292941,0.05631610690182798,0.07769628222701826,0.2017409014270555,-0.2383319156651433,-0.09959912344598745,-0.037536054747892414,0.14031818440249857,0.2312872443457475,-0.12028578758446624,0.13624736066902673,0.006333872697367496,-0.053173058760989225,-0.10543198778022297,0.01020408163265306,0.24524916358574989,0.1842623933424522,-0.048460695692185383,-0.057895201206195,0.05548779091840517,0.18659526857258485,-0.024290259535186112,0.4413564844648068,0.01020408163265306,-0.15144954742634617,-0.1333209968806634,0.12071398664007953,-0.08849490833564545,0.3713452021050393,-0.053347581444818756,-0.20162812669927258
2026-01-28,-0.10569715972110943,-0.13003285195874958,0.08363032334253638,0.03514634955189655,-0.10032486301287291,0.013758499945406212,0.03522893765315931,0.07186005999958527,0.19724372729474687,0.10059718344565015,0.020774512553919412,0.008852366412534078,-0.05807368587860806,-0.1016589669251922,-0.1698588307637657,0.08029941032349953,-0.09045789784800275,-0.12944609099556803,0.17803438498904847,0.01020408163265306,-0.027010738604241247,-0.000460662616521626,0.10740554114650623,0.011862396531467718,0.16024814344640373,0.028821016350177857,0.01020408163265306,0.06152275942290893,0.10012837340511627,-0.027844151506125008,0.04553174172086667,-0.035786363972180914,-0.1414155394038101,0.18607601573291874,-0.0013079686606694806,-0.011351520465233229,-0.014709577965005176,-0.009206379604873123,-0.10680681406997436,-0.19284564373960159,0.01020408163265306,0.01020408163265306,-0.03799494136561436,0.07866692607552317,-0.1600062574269446,-0.024597277356409833,-0.11012464266262942,-0.050378485922636086,-0.01691281516016216,0.0026539862141217183,0.03376744734542237,-0.08751732092619806,-0.043062413203200964,-0.15972533651373713,-0.04264900745281192,-0.042202385543365306,-0.01647234790928199,0.01020408163265306,-0.15546915382815116,0.1213644995307368,0.01020408163265306,0.09689580089535979,0.3704707431668091,0.010738265353778925,0.01020408163265306,0.13938526714288738,-0.24403193644507948,0.08604901239087691,0.0759682602499297,0.08209525635744208,0.18894223808109936,-0.2073485457990213,-0.09935648396309227,-0.04553924616397715,0.1512534578398311,0.2025807648526416,-0.07165766132974531,0.1566950884873684,-0.00603235100786398,-0.07178585044670131,-0.10333443327524248,0.01020408163265306,0.19769850398233613,0.17096816462934955,-0.08354353282761062,-0.00577720798973176,0.03405773220230184,0.1625231070262801,-0.025367747777818347,0.41572107712411654,0.041273070078727325,-0.12344868381597986,-0.14704473068384544,0.11113155299553915,-0.04899199782373634,0.34121060344948195,-0.03478717119458856,-0.16130954827425212
2026-01-29,0.01020408163265306,-0.011368528876287342,0.01020408163265306,0.01020408163265306,-0.046989727261110364,0.01020408163265306,0.01020408163265306,0.01020408163265306,0.01020408163265306,0.01020408163265306,-0.05951156251272002,0.01020408163265306,0.01020408163265306,0.01020408163265306,0.01020408163265306,0.01020408163265306,0.01020408163265306,-0.16444818516303267,0.01020408163265306,0.01020408163265306,0.01020408163265306,0.01020408163265306,0.01020408163265306,0.01020408163265306,0.01020408163265306,0.01020408163265306,0.01020408163265306,0.01020408163265306,0.01020408163265306,-0.004541303098194786,0.01020408163265306,0.01020408163265306,0.01020408163265306,0.01020408163265306,0.01020408163265306,0.01020408163265306,0.01020408163265306,0.01020408163265306,0.01020408163265306,0.01020408163265306,0.01020408163265306,0.01020408163265306,0.01020408163265306,0.01020408163265306,0.01020408163265306,0.01020408163265306,0.01020408163265306,0.01020408163265306,0.01020408163265306,0.01020408163265306,0.01020408163265306,0.01020408163265306,0.01020408163265306,0.01020408163265306,0.01020408163265306,0.01020408163265306,0.01020408163265306,0.01020408163265306,0.01020408163265306,0.01020408163265306,0.01020408163265306,0.01020408163265306,0.01020408163265306,0.01020408163265306,0.01020408163265306,0.01020408163265306,0.01020408163265306,0.01020408163265306,0.01020408163265306,0.01020408163265306,0.01020408163265306,0.01020408163265306,0.01020408163265306,0.01020408163265306,0.01020408163265306,0.01020408163265306,0.01020408163265306,0.01020408163265306,0.01020408163265306,0.01020408163265306,0.01020408163265306,0.01020408163265306,0.01020408163265306,0.01020408163265306,0.01020408163265306,0.01020408163265306,0.01020408163265306,0.01020408163265306,0.01020408163265306,0.011707111298542615,0.01020408163265306,0.01020408163265306,0.01020408163265306,0.1410009744342412,0.01020408163265306,0.3504618242719385,0.01020408163265306,-0.12447386839949957
2026-01-30,-0.09763075412070057,-0.1065713566778745,0.07001187272318259,0.025816312228505795,-0.09909067593418801,0.02329064198788626,0.06304667972572164,0.05887020752557858,0.20401818788224463,0.08416981882892376,0.010344833408164162,0.01970038024132971,-0.07459171120981399,-0.0688853885819428,-0.1583364747733643,0.01861403972957893,-0.07541573703466087,-0.05093091735343175,0.1543054751976707,0.014547783165685196,-0.001622870623274866,-0.003670630592128559,0.09871344876396873,0.023164552851202662,0.11899411469490719,0.026373500603493145,0.013533203328306917,0.05855731642248268,0.01020408163265306,-0.033694698147085755,0.020417804923722985,0.006357000441980572,-0.15066176090890135,0.19485883513401284,0.01020408163265306,-0.05198817496567907,0.0005977624058750661,0.01020408163265306,-0.12094320530877968,-0.1820530952206621,0.01020408163265306,-0.010696392228331795,-0.04927137156301234,0.0792609144824526,-0.13682484053748106,-0.0003746551819480779,-0.12021887263500623,-0.013841475754781537,-0.0564156018512002,0.01020408163265306,0.01020408163265306,-0.09216268893582472,-0.035903216240887534,-0.1449731607306696,-0.009564721018008203,-0.03908152224036294,-0.02303117850197134,0.01770277581724724,-0.1105607187289299,0.15355001159046025,-0.012744295478326702,0.08677708084958642,0.3429005193664212,0.01020408163265306,0.01020408163265306,0.06208760621399552,-0.2300288469519163,0.0555680021839169,0.05298189893055677,0.08018071409562808,0.15772136602866094,-0.1778145918024604,-0.04243988426063243,-0.005264021407965771,0.10397034783081563,0.15918867410739249,-0.06113356202068247,0.12609687672934933,0.01020408163265306,-0.039735067604956105,-0.015416038957502516,0.01020408163265306,0.18533164497597743,0.14335654341304713,-0.06400414009570687,-0.0130094633005948,0.01020408163265306,0.16360767487001682,-0.023507283848666655,0.31610152381689544,0.10636598315955592,-0.1422632443841143,-0.07610402202364841,0.12971099793720042,-0.07977938012461368,0.33574879581444234,-0.009894551326556788,-0.1666123611979792
2026-02-02,-0.12672496369341857,-0.1461481870527261,0.08642360335700071,0.041079726027123134,-0.11732137704017263,0.02666882479748714,0.03793346682154401,0.08642966649652783,0.20790958324869074,0.1183095050674872,0.024172839812725114,0.016743064795760453,-0.06456557012629649,-0.11953417353959199,-0.16347730939475288,0.08543884349608226,-0.10507445847112966,-0.13342890013724934,0.19973490640132108,0.010598832136985944,-0.02414177209125707,0.004246203982375721,0.11691267649930367,0.010554223469279882,0.18283998305145444,0.033759270798329376,0.01020408163265306,0.06446398227011377,0.1187176202495342,-0.017030813247976777,0.058293795969910314,-0.0767168307327382,-0.13331467684583373,0.2049074123155276,0.01020408163265306,0.01020408163265306,-0.014328100640432646,0.01020408163265306,-0.1127550860796542,-0.21203807336051805,0.01020408163265306,0.01020408163265306,-0.05561542150158755,0.09052138973681777,-0.1990634341136542,-0.03514427726854197,-0.11188655827077659,-0.04546180496451289,-0.05193443610802213,0.0013286690554086822,0.01020408163265306,-0.076389566846001,-0.0650619362646035,-0.21831630318378162,-0.07096841064105802,-0.05127947256973228,0.01020408163265306,0.01020408163265306,-0.18675546087316158,0.1555510029649474,0.006189025815359725,0.09797472388240482,0.4205957670850533,0.01020408163265306,0.009609121652202117,0.1575253969116385,-0.24510933027276927,0.09920212857499557,0.06051885488384065,0.09155990639042903,0.24520567784185895,-0.2512615133355976,-0.07467541315813762,-0.05945929966976629,0.17688254982868243,0.21992239366733846,-0.07335169969419224,0.19123503802359704,0.01020408163265306,-0.09410076440504851,-0.15145715447830024,0.01020408163265306,0.20416571294619762,0.19921310808668324,-0.07915184884602877,-0.04055957672724502,0.0490190023976863,0.1665978911307754,-0.0584590886875264,0.40668390449432984,0.07159754296868504,-0.1509310271708565,-0.13034870688479636,0.11288354987752056,-0.08834286275164728,0.33007932092339487,-0.04473777809136705,-0.14622525056378732
2026-02-03,-0.10888368732793664,-0.11615492208763388,0.0793806430699103,0.03269066237761662,-0.0830607735502753,0.03250147357376632,0.058408134605660404,0.0702537488967396,0.2028949606920439,0.07474495578758818,0.012103813024375758,0.015363497864553002,-0.06360672842909246,-0.07351905719447915,-0.16118894213008036,0.01020408163265306,-0.08940062445710642,-0.059242310104372184,0.13488709327647797,0.01020408163265306,-0.008882306059042217,0.008843881130554222,0.1268533311256202,0.019416039893220566,0.09943605026742633,0.02304499026912086,0.01020408163265306,0.06503656830578969,0.01020408163265306,-0.02978237731960722,0.01020408163265306,0.0012162468250622432,-0.1456943503608423,0.17530598889981336,0.01020408163265306,-0.04943029332484695,-0.02095098893785942,0.01020408163265306,-0.08335623561103642,-0.18891209421799235,0.01020408163265306,-0.027854433402273504,-0.05584724229585605,0.10166090566353074,-0.10509957864289332,0.01020408163265306,-0.11286062482899328,-0.024309208215790808,-0.07299503411244572,0.009527555897696122,0.03430193163858352,-0.11263373125935838,-0.0018680673820704752,-0.12688824764535903,-0.02166452039678271,-0.05494060393599734,-0.0634415221956227,0.0352104845163279,-0.07324582558971397,0.11875304360765417,-0.029963033514004728,0.08930835544272131,0.3581796143575541,0.01020408163265306,0.01020408163265306,0.013538309181336153,-0.20918970331948838,0.08756582701287952,0.04926611584753545,0.09001165460231984,0.15704300391828022,-0.19294804720904188,-0.027927124802738387,-0.024106938705067422,0.1144116595305625,0.14519307429904585,-0.05749881139034323,0.10844781256892398,0.01020408163265306,-0.033122513118259415,0.01020408163265306,0.01020408163265306,0.16590339299190454,0.09138074119952179,-0.07205267973729293,0.01020408163265306,0.01020408163265306,0.19764537303984606,-0.015690456629606192,0.34935666730737086,0.12824586805029917,-0.1835653703580332,-0.05264357099922483,0.13482473858078917,-0.05061496813722547,0.31533764366842926,-0.015538063445457039,-0.19018554654975686
2026-02-04,-0.1671331029898951,-0.18116053235510093,0.11581736665155276,0.05841010454244952,-0.1056847460158603,0.036136241465856964,0.03622488317623876,0.12972581882433334,0.20474333977449588,0.12452309418717579,0.03083074210509345,0.012824301153001868,-0.049162037992490686,-0.15248571033718797,-0.17072105771022927,0.08217281547800617,-0.13170627751567332,-0.16556132502160584,0.16244077277297625,0.003992341931973086,-0.02873000248431762,0.023685955312664167,0.16953090862937453,-0.012369329739343444,0.16191827993567295,0.033280498805639346,-0.014166411139838258,0.09993001333183385,0.1534267154488053,-0.0001330181413800053,0.08059265262116559,-0.13276538562394627,-0.08917666941557488,0.1690968541779266,0.017536527118477453,0.030090295903757378,-0.037565872032331186,0.04450699440426021,-0.08283064935092195,-0.24698142041847287,0.012602440546896328,0.01020408163265306,-0.0654608256415962,0.12435290446337675,-0.20720628428505386,-0.001625642946325518,-0.07346642106393024,-0.09529697137676739,-0.05667032305985703,-0.004275725636773975,0.05979296018735288,-0.09456437565279484,0.01020408163265306,-0.2281642193805401,-0.12715460491000039,-0.09713230075399773,-0.025419252203723777,0.027799498556678383,-0.15956710816307976,0.10522115709704313,-0.009602579586091635,0.09332307478774218,0.4492068636863145,-0.041924306615762734,-0.004934634540590769,0.15504164083150862,-0.22562014084667703,0.16347024846341188,0.08333174757175217,0.10575439634093656,0.2823963950861685,-0.3121911996977614,-0.05284974752396018,-0.12218062752052987,0.24401418699187147,0.2061180110252464,-0.07394356307289568,0.19738886705119618,-0.036661089639516205,-0.1335412762815263,-0.17944367013119278,0.024116869615974125,0.13483020844399937,0.15436671434883872,-0.11298316630826166,0.04822056478667938,0.05875834035506071,0.23230985395353193,-0.06245299512781016,0.4807321332524508,0.08595775544832669,-0.21226491176230905,-0.11209102234562085,0.12847889382160502,-0.029878076479562303,0.2985821066381147,-0.07570035051772217,-0.15541255301371315
2026-02-05,0.01020408163265306,0.007940153739527039,0.01020408163265306,0.01020408163265306,-0.061282075923479326,0.01020408163265306,0.01020408163265306,0.01020408163265306,0.01020408163265306,0.01020408163265306,-0.037440902038181845,0.01020408163265306,0.003256896508277228,0.01020408163265306,-0.022613039049510245,0.01020408163265306,0.01020408163265306,-0.10278691735891059,0.01020408163265306,0.01020408163265306,0.01020408163265306,0.01020408163265306,0.01020408163265306,0.01020408163265306,0.01020408163265306,0.01020408163265306,0.01020408163265306,0.01020408163265306,0.01020408163265306,-0.03919554658059675,0.01020408163265306,0.01020408163265306,0.01020408163265306,0.01020408163265306,0.00042582890086997546,0.01020408163265306,0.01020408163265306,0.01020408163265306,-0.03638569289748869,0.01020408163265306,0.01020408163265306,0.01020408163265306,-0.04809275293151319,0.01020408163265306,0.01020408163265306,0.01020408163265306,-0.018800805782428195,0.01020408163265306,0.01020408163265306,0.01020408163265306,0.01020408163265306,0.01020408163265306,0.01020408163265306,0.01020408163265306,0.01020408163265306,0.01020408163265306,0.01020408163265306,0.01020408163265306,0.01020408163265306,0.01020408163265306,0.01020408163265306,0.01020408163265306,0.01020408163265306,0.01020408163265306,0.01020408163265306,0.01020408163265306,0.01020408163265306,0.01020408163265306,0.01020408163265306,0.01020408163265306,0.01020408163265306,0.01020408163265306,0.01020408163265306,0.01020408163265306,0.01020408163265306,0.01020408163265306,0.01020408163265306,0.01020408163265306,0.01020408163265306,0.01020408163265306,0.01020408163265306,0.01020408163265306,0.01020408163265306,0.01020408163265306,0.01020408163265306,0.01020408163265306,0.01020408163265306,0.01020408163265306,0.01020408163265306,0.13921390395725808,0.01020408163265306,0.01020408163265306,0.01020408163265306,0.21925113589210762,0.01020408163265306,0.2954211393870192,0.01020408163265306,-0.1458501013331544
2026-02-06,-0.07831607513953733,-0.07342023571458278,0.06519721150681564,0.01020408163265306,-0.10017603990373723,0.010966325501621016,0.08183342580064593,0.051627031257151595,0.1771326259120318,0.062387079876655045,0.007055059522456395,0.01020408163265306,-0.02901524760640678,-0.037002672386353734,-0.10384086388915299,0.01020408163265306,-0.017824200090033417,-0.07023861564854496,0.07488723058193254,0.01020408163265306,0.007215603339662994,0.01020408163265306,0.04541120783507921,0.01020408163265306,0.01020408163265306,0.014654278418691682,0.01020408163265306,0.1143170377175467,0.01020408163265306,-0.050660761679223947,0.01020408163265306,-0.012336095390652403,-0.09937765940320252,0.08226505240974956,-0.016382244589377544,-0.023572142886522388,-0.030340596304008163,-0.041099551824538824,-0.11997797258839056,-0.06358352696939129,0.01020408163265306,0.01020408163265306,-0.08219479161276848,0.06111932859972316,0.01020408163265306,0.01020408163265306,-0.10567534712474487,0.01020408163265306,-0.025701010834346484,0.01020408163265306,0.01107470621229569,-0.11969512836005915,0.01020408163265306,0.01020408163265306,-0.026118944425912803,-0.012778908645660414,-0.08694615881918356,0.027637949448431225,0.01020408163265306,0.011586341770175848,0.01020408163265306,0.06915812629112796,0.14340921602836598,0.01020408163265306,0.0735926614734356,0.01020408163265306,-0.1423494698317745,0.01020408163265306,0.04238721286911011,0.061631014229900624,0.05404830067997541,-0.056958178900230194,0.01020408163265306,0.01020408163265306,0.06263212919649383,0.10763785646447328,-0.12897422326175315,0.01020408163265306,0.0033968145028166405,0.01020408163265306,0.01020408163265306,0.01020408163265306,0.01020408163265306,0.05443785071695617,0.01020408163265306,0.0814278498821596,0.017355141200486045,0.09937065286210132,0.0065269795678518615,0.33121043296857783,0.1143168612699748,-0.14372090341315694,-0.009668984512648407,0.19813762198944257,0.01020408163265306,0.3065661697281816,0.01020408163265306,-0.1623985297537528
2026-02-09,-0.07654293504089463,-0.0651795308283806,0.055406419556953385,0.01020408163265306,-0.0782267097743179,0.01020408163265306,0.0728837456980824,0.03653676214167677,0.18436080339471883,0.04881058137402403,0.0037943896023322305,0.00968878040467375,-0.02796772656698534,-0.015316129339015305,-0.1068177377523902,0.01020408163265306,0.01020408163265306,-0.04659688276550015,0.01950945181337373,0.01020408163265306,-0.04068341687808413,0.01020408163265306,0.015986373360913173,0.01020408163265306,0.01020408163265306,0.012404435592477857,0.048034169663854306,0.09369774246837581,0.01020408163265306,-0.04690965471785463,0.01020408163265306,0.01020408163265306,-0.10662274883422927,0.06886146254860566,-0.01177411662551551,-0.04001495934537351,-0.00821437640724059,-0.08275585576720107,-0.07721041865206783,-0.04562540551866407,0.01020408163265306,0.01020408163265306,-0.09346127036390231,0.06584378685679264,0.01020408163265306,0.01020408163265306,-0.09477046303110973,0.01020408163265306,-0.02550856626327388,0.010148878161605288,0.03307572385294219,-0.09234160963024746,0.01020408163265306,0.009743750748668649,-0.028175359221290774,0.002260965600091097,-0.10414688409339076,0.01020408163265306,0.01020408163265306,0.01020408163265306,0.01020408163265306,0.08876211999541748,0.03657220440723221,0.01020408163265306,0.02246085097232862,0.01020408163265306,-0.11745193841792083,0.01020408163265306,0.038812961610588184,0.048581656503661884,0.025256089017692045,0.01020408163265306,-0.002478411427304877,0.01020408163265306,0.056486378686315654,0.09429211708890743,-0.1153301907750351,0.01020408163265306,0.0009470454443124346,0.01020408163265306,0.01020408163265306,0.01020408163265306,0.014889629228705282,0.03647681565149151,0.01020408163265306,0.07907981093017134,0.011395746774907702,0.10797009536501088,0.01020408163265306,0.30412622157335983,0.17323965713068049,-0.06733486595585231,-0.02079116592168359,0.1936458775961194,0.01020408163265306,0.31647761104347444,0.007648399497176972,-0.14665487532054022
2026-02-10,0.01020408163265306,0.0036444370148622125,0.01020408163265306,0.01020408163265306,-0.04143653964427745,0.01020408163265306,0.01020408163265306,0.01020408163265306,0.01020408163265306,0.01020408163265306,-0.0651835580813232,0.01020408163265306,0.003524900705804161,0.01020408163265306,-0.013488367653443573,0.01020408163265306,0.01020408163265306,-0.10198104386481066,0.01020408163265306,0.01020408163265306,0.01020408163265306,0.01020408163265306,0.01020408163265306,0.01020408163265306,0.01020408163265306,0.01020408163265306,0.01020408163265306,0.01020408163265306,0.01020408163265306,-0.009698171762665323,0.01020408163265306,0.01020408163265306,0.01020408163265306,0.01020408163265306,0.01020408163265306,0.01020408163265306,0.01020408163265306,0.01020408163265306,0.01020408163265306,0.01020408163265306,0.01020408163265306,0.01020408163265306,-0.015949917277340596,0.01020408163265306,0.01020408163265306,0.01020408163265306,-0.008992595395195669,0.01020408163265306,0.01020408163265306,0.01020408163265306,0.01020408163265306,0.01020408163265306,0.01020408163265306,0.01020408163265306,0.01020408163265306,0.01020408163265306,0.01020408163265306,0.01020408163265306,0.01020408163265306,0.01020408163265306,0.01020408163265306,0.01020408163265306,0.01020408163265306,0.01020408163265306,0.01020408163265306,0.01020408163265306,0.01020408163265306,0.01020408163265306,0.01020408163265306,0.01020408163265306,0.01020408163265306,0.01020408163265306,0.01020408163265306,0.01020408163265306,0.01020408163265306,0.01020408163265306,0.01020408163265306,0.01020408163265306,0.01020408163265306,0.01020408163265306,0.01020408163265306,0.01020408163265306,0.01020408163265306,0.01020408163265306,0.01020408163265306,0.01020408163265306,0.01020408163265306,0.01020408163265306,0.01020408163265306,0.043074560979000226,0.01020408163265306,0.01020408163265306,0.01020408163265306,0.21078444871928026,0.01020408163265306,0.2564745216622545,0.01020408163265306,-0.12811961417765508
2026-02-11,0.01020408163265306,0.0028824175443658622,0.01020408163265306,0.01020408163265306,-0.042303415030838634,0.01020408163265306,0.01020408163265306,0.01020408163265306,0.01020408163265306,0.01020408163265306,-0.0636423871334829,0.01020408163265306,0.0035631372312531365,0.01020408163265306,-0.01283134652741223,0.01020408163265306,0.01020408163265306,-0.10305026887634307,0.01020408163265306,0.01020408163265306,0.01020408163265306,0.01020408163265306,0.01020408163265306,0.01020408163265306,0.01020408163265306,0.01020408163265306,0.01020408163265306,0.01020408163265306,0.01020408163265306,-0.010162207572653138,0.01020408163265306,0.01020408163265306,0.01020408163265306,0.01020408163265306,0.01020408163265306,0.01020408163265306,0.01020408163265306,0.01020408163265306,0.01020408163265306,0.01020408163265306,0.01020408163265306,0.01020408163265306,-0.015059369977448318,0.01020408163265306,0.01020408163265306,0.01020408163265306,-0.008754885279292591,0.01020408163265306,0.01020408163265306,0.01020408163265306,0.01020408163265306,0.01020408163265306,0.01020408163265306,0.01020408163265306,0.01020408163265306,0.01020408163265306,0.01020408163265306,0.01020408163265306,0.01020408163265306,0.01020408163265306,0.01020408163265306,0.01020408163265306,0.01020408163265306,0.01020408163265306,0.01020408163265306,0.01020408163265306,0.01020408163265306,0.01020408163265306,0.01020408163265306,0.01020408163265306,0.01020408163265306,0.01020408163265306,0.01020408163265306,0.01020408163265306,0.01020408163265306,0.01020408163265306,0.01020408163265306,0.01020408163265306,0.01020408163265306,0.01020408163265306,0.01020408163265306,0.01020408163265306,0.01020408163265306,0.01020408163265306,0.01020408163265306,0.01020408163265306,0.01020408163265306,0.01020408163265306,0.01020408163265306,0.041747691853341734,0.01020408163265306,0.01020408163265306,0.01020408163265306,0.21271095342847246,0.01020408163265306,0.2556024476328797,0.01020408163265306,-0.1280497060683522
2026-02-12,0.01020408163265306,-0.002750415168048241,0.01020408163265306,0.01020408163265306,-0.03880130486261659,0.01020408163265306,0.01020408163265306,0.01020408163265306,0.01020408163265306,0.01020408163265306,-0.039823429668376265,0.01020408163265306,-0.003536061163826959,0.01020408163265306,-0.069777143967952,0.01020408163265306,0.01020408163265306,-0.0335558706854934,0.01020408163265306,0.01020408163265306,0.01020408163265306,0.01020408163265306,0.01020408163265306,0.01020408163265306,0.01020408163265306,0.01020408163265306,0.01020408163265306,0.01020408163265306,0.01020408163265306,-0.06746582145785339,0.01020408163265306,0.01020408163265306,0.01020408163265306,0.01020408163265306,-0.010554485761561498,0.01020408163265306,0.01020408163265306,0.01020408163265306,-0.0871409178775417,-0.024511042074857416,0.01020408163265306,0.01020408163265306,-0.06706295476066279,0.01020408163265306,0.01020408163265306,0.01020408163265306,-0.04820568913332234,0.01020408163265306,0.01020408163265306,0.01020408163265306,0.01020408163265306,0.01020408163265306,0.01020408163265306,0.01020408163265306,0.01020408163265306,0.01020408163265306,0.01020408163265306,0.01020408163265306,0.01020408163265306,0.01020408163265306,0.01020408163265306,0.01020408163265306,0.01020408163265306,0.01020408163265306,0.01020408163265306,0.01020408163265306,0.01020408163265306,0.01020408163265306,0.01020408163265306,0.01020408163265306,0.01020408163265306,0.01020408163265306,0.01020408163265306,0.01020408163265306,0.01020408163265306,0.01020408163265306,0.01020408163265306,0.01020408163265306,0.01020408163265306,0.01020408163265306,0.01020408163265306,0.01020408163265306,0.01020408163265306,0.01020408163265306,0.01020408163265306,0.03887038146525721,0.01020408163265306,0.01020408163265306,0.01020408163265306,0.19673533827827971,0.01020408163265306,0.01020408163265306,0.01020408163265306,0.25504483533353145,0.01020408163265306,0.29387985699513264,0.01020408163265306,-0.11787588773498643
2026-02-13,-0.11734668025014496,-0.15068832983237235,0.09588436483627634,0.06746295200375167,-0.10906044250135999,0.01020408163265306,0.08283328942329508,0.13094992759105373,0.1885525448826705,0.06954487834477611,-0.018681736252508845,-0.045941158927275086,-0.006698786155876607,-0.10181669686028591,-0.1493830151718315,0.1887760867883436,-0.16465947321229518,-0.25492751603431196,0.27204964685163485,-0.021379056294534807,-0.09555602483453624,-0.036712282590119445,0.12592717497546935,-0.003989624448914847,0.13144592169454292,0.051291259874818175,0.01020408163265306,0.11977822148823236,0.15327383775142583,-0.012751781136787549,0.011334077331095281,-0.05324470948409735,-0.022525137180955293,0.14039254514525787,0.011090728890862815,0.10722446948505214,-0.029265095606357504,-0.17948859169464884,-0.0035394687074695973,-0.10483452235438284,-0.037829344279985945,0.13384373130907062,-0.08376444508822176,-0.0008385560511633451,-0.2090550382706117,0.0943512831532019,-0.17886322796552648,-0.13713589188561942,-0.10738283759165115,0.0658566082762441,0.05988173118177494,-0.20090484864587368,-0.020563839802187657,-0.11194516234802317,-0.10938348174643955,-0.1730935237390172,-0.013126488251458708,-0.016511395804153756,-0.014050875593602357,0.14974040446766548,0.020308923043507,0.07133185551247961,0.3964593512241993,0.04465203329486755,0.06693503893639781,0.1404963409462365,-0.23263895785179772,0.18105612039231556,-0.02060896200806986,0.06559721698290542,0.3053752634724735,-0.4284731086242142,-0.12039113008255263,0.011029494739564872,0.23182381302711683,0.3146980749290764,-0.21918571365884165,-0.010765490937734401,0.012970071253099413,-0.11018968137208988,-0.1507172295454341,-0.04896113501826446,0.2763367639747227,0.14091798089358715,-0.016781394042990748,0.060818902417476534,0.05506850766782156,0.11592116853698169,-0.02525882832642839,0.5054426742342325,0.03697978082063627,-0.3125527073732905,0.018923653555865658,0.12791709472518273,0.037333212365534975,0.41164580558055686,-0.05166600539202855,-0.2768035607103205
2026-02-17,-0.11296016918010014,-0.15895690796041842,0.09699355704579125,0.06979171900581366,-0.10444784005017356,0.012280612017580737,0.07975433998506619,0.12990908173615834,0.16841995528844597,0.0804483364481353,-0.017408280926878378,-0.04143523282356938,-0.006642730903589916,-0.10155897865207236,-0.14773923211006437,0.17127514596037402,-0.15478913403511024,-0.2285115001750865,0.27775299369760714,-0.024242510048542214,-0.0997161535611183,-0.04050852797930086,0.12467276187182874,-0.00815015207042659,0.14492442269448882,0.05158481839318729,0.0061616691903863315,0.10484187463064369,0.14608194184504864,-0.010937167018758793,0.035069410773222856,-0.06834827406371076,-0.03880590877212328,0.13326863190778676,0.013760313409220251,0.14239866135844215,-0.035403959459172615,-0.18808416890206922,-0.005153024373865908,-0.09684072544198172,-0.05063768526910027,0.12873963292068732,-0.09405658747598201,0.00034160659404867434,-0.2055022493303423,0.07408416496075695,-0.1664226013219329,-0.1376196675414628,-0.08936144807129139,0.05476806082640533,0.06595309117743664,-0.20342509950307955,0.008251676409398546,-0.12584613974365058,-0.10830261375462799,-0.17782496763937233,-0.011860612750089402,-0.021364891237463157,-0.025060100274012682,0.14651719742201277,0.0224283497713242,0.08728597035187391,0.4131350252018257,0.041240413405772995,0.07260196611120054,0.13529110570023664,-0.24482635063296804,0.1782790620209228,-0.027373072538672404,0.07963667327637924,0.32144128965058455,-0.44361203798000365,-0.1335244188503911,-0.0021374995684600995,0.2111863659469361,0.3170686379462996,-0.2108737182902095,0.01020408163265306,0.013544826076595053,-0.11756967584894377,-0.12953222241885162,-0.05553902522128254,0.2775846301788635,0.14507657975120827,-0.003918024045460182,0.07518676466073547,0.01020408163265306,0.12675575561716734,-0.022450017329920677,0.4950570587734812,0.055647177801807016,-0.33525897396848925,0.01345541559429734,0.1318290474139168,0.020202590696784845,0.420480102511712,-0.032913305414250825,-0.27541506476676075
2026-02-18,-0.11696567586098534,-0.10338875181703683,0.07987591473406808,0.03420355051173585,-0.10615827512937735,0.01804437188783075,0.10840092394958487,0.07320058241930753,0.17256195323173681,0.06196750832860106,0.0019301748294564443,-0.010035580151004685,-0.02733063900200263,-0.054347436202866764,-0.1424096630357121,0.01902502135268555,0.01020408163265306,-0.08463389461473965,0.11722815764169892,0.01020408163265306,-0.06897773781503201,0.01020408163265306,0.07177636271997294,0.01020408163265306,0.01020408163265306,0.039200539996256764,0.031893507068669086,0.13889824877447826,0.01020408163265306,-0.017555708012930327,0.01020408163265306,-0.01081767857657318,-0.07026343635840032,0.11163020239320837,0.01020408163265306,0.009412808418986467,-0.005789241867439466,-0.12653152703376397,-0.06610565436244276,-0.08954025830513587,0.008155734263023543,0.05047053874159789,-0.1000648771534258,0.01020408163265306,-0.09028015483859048,0.031527498887508526,-0.1274576589308633,-0.06000560066913531,-0.1111697797703789,0.01020408163265306,0.06400770634952187,-0.12780796936471442,0.01020408163265306,-0.06738683490653553,-0.07956072647016912,-0.068455166872692,-0.08370383026624385,0.058647498032726814,0.01020408163265306,0.08540190844134815,0.01020408163265306,0.12234224490056549,0.26418200802082814,0.0132818612698968,0.03643621720465551,0.04479236019945223,-0.18869360138788144,0.048113823395447446,0.030603916989532583,0.061175944428644734,0.12039778522015178,-0.1639597816194961,-0.08694773358288616,0.01020408163265306,0.12154134612223669,0.17232893382596287,-0.1863546756165517,0.01020408163265306,0.01020408163265306,-0.009499383301734247,0.01020408163265306,-0.004627716357142528,0.15013905422239987,0.0915969668173667,0.01020408163265306,0.07358063448294933,0.030829703258265784,0.11645768208214934,-0.018240618277456405,0.3196909659807614,0.14751160220495638,-0.20533806818176198,-0.0022059303700442193,0.20125922375976132,0.01020408163265306,0.33668229317287285,-0.017381084624078717,-0.18429048084604446
2026-02-19,0.009387443265984133,-0.010117772558823677,0.01020408163265306,-0.00024156606488986467,-0.05731820004223892,0.01020408163265306,0.02904627714605914,0.01020408163265306,0.0249063734576557,0.024762457234870895,-0.020391642515370637,0.01020408163265306,0.003944168447782216,0.01020408163265306,-0.1275108940921633,0.01020408163265306,0.01020408163265306,0.01020408163265306,0.01020408163265306,0.01020408163265306,-0.022357593164856686,0.01020408163265306,0.01020408163265306,0.01020408163265306,0.01020408163265306,0.01020408163265306,0.01020408163265306,0.01020408163265306,-0.012456754852823637,-0.05911892370402612,0.01020408163265306,0.01020408163265306,0.006315348344877351,0.01020408163265306,0.008003217425455242,-0.02023009822923734,0.01020408163265306,-0.024330386316815236,-0.10043317304403,-0.010888964588582491,0.01020408163265306,0.01020408163265306,-0.06215213786330774,0.01020408163265306,0.01020408163265306,0.01020408163265306,-0.0720580606509731,0.01020408163265306,0.01020408163265306,0.01020408163265306,0.01020408163265306,-0.04254421039349644,0.01020408163265306,0.01020408163265306,0.01020408163265306,0.01020408163265306,0.01020408163265306,0.01020408163265306,0.01020408163265306,0.01020408163265306,0.01020408163265306,0.01020408163265306,0.01020408163265306,0.01020408163265306,0.01020408163265306,0.01020408163265306,0.003100321521531753,0.01020408163265306,0.01020408163265306,0.03594304814980335,0.01020408163265306,0.01020408163265306,0.01020408163265306,0.01020408163265306,0.01020408163265306,0.01020408163265306,-0.14136679727926893,0.01020408163265306,0.01020408163265306,0.01020408163265306,0.01020408163265306,0.01020408163265306,0.01020408163265306,0.01020408163265306,0.01020408163265306,0.05708907513678584,0.01020408163265306,0.01020408163265306,0.01020408163265306,0.3066286650969663,0.09549280531292702,0.01020408163265306,0.01020408163265306,0.2714960123666141,0.01020408163265306,0.3374986667129611,0.01020408163265306,-0.11377017364712506
2026-02-20,-0.14576767052413947,-0.14425028705779447,0.09211030091128358,0.08022205610175166,-0.1055684620002511,-0.0023808020363352903,0.11487459226919176,0.1356626843486123,0.18869887099204874,0.07409911152501879,0.0016249340451114681,-0.0011105487181434781,-0.02763902432170761,-0.07840505657044074,-0.11664702669206835,0.1055297073988423,-0.12800476530027058,-0.1684970022163463,0.2798119433587954,-0.03100977766809576,-0.05152048258542018,-0.008721358754983278,0.05215520946591603,-0.042768566490507025,0.03354461034485888,0.061952278403010055,0.07106130392401673,0.15876094163976107,0.006893078419882745,-0.04384460134358006,0.06428304451488012,-0.1157135638517265,0.037374584432559206,0.16505653279895596,0.03455384934202152,0.06259947372881956,0.01020408163265306,-0.1838707997149356,-0.08479257783518006,-0.03826071249270832,-0.08132121463004058,0.13347435600096477,-0.1679238521550213,-0.0027862602039128107,-0.16307739851565925,0.13697266786360757,-0.19736928005808307,-0.13911562923138032,-0.06118142399963976,0.041652280558502994,0.09010412025791592,-0.18784667216910686,0.06666993150897024,-0.09765328548948948,-0.10982965444717838,-0.15129667128220123,0.002242407080526681,0.061574693844056644,-0.06404717764108243,0.12318612804372048,0.013291886366277698,0.0989217215541963,0.33675618061429535,0.002481418326451118,0.01020408163265306,0.14812857987634084,-0.19247167592636497,0.07572595709476197,0.008642674332898745,0.06287460105120532,0.2765954925373756,-0.3553267287793353,-0.09173749827451047,-0.06323155035638003,0.21774884367300393,0.28521758797819413,-0.15984391248581814,0.0361888202851756,-0.018980760288234158,-0.14036038005667859,-0.1704958947973108,-0.050404294589433386,0.1767868149902124,0.19387211903241258,-0.031452862252604866,0.1702196279206241,0.0013209367313925385,0.07413555975383947,-0.04871952032024553,0.39241754847457944,0.13599626419628733,-0.1681203267778516,-0.05576578353234238,0.1623157606274684,0.01865288132694576,0.3224826814228278,-0.011805683729014268,-0.20698933639212153
2026-02-23,-0.15994521631990935,-0.1575971952146394,0.10944256795443452,0.06688443254206465,-0.10973586591680796,-0.005572054336763518,0.10378132535343523,0.1625399713584669,0.20747901552639839,0.08610363129333247,0.0007049373600904983,-0.015942103071796485,-0.023937995356202467,-0.09621375512200787,-0.13019011234682584,0.10826104250317108,-0.16363080396697718,-0.17550247819052425,0.25936957651296266,-0.0469770328133403,-0.058940979471243604,0.0029557675394532787,0.09355972766820164,-0.054317976144229216,0.07680168211377865,0.06830478100977798,0.08411512334269977,0.14225263091478677,0.010759939467805409,-0.04321994624193133,0.047264637111829766,-0.12406593030318362,0.055100859826402226,0.156865659163976,0.08430824567919042,0.07492569728373048,-0.012852151601745401,-0.15351819974026917,-0.04712999114568654,-0.022661762160848704,-0.07846045115660953,0.14569885197216986,-0.16144926128193068,0.013838286360040183,-0.21772403413319114,0.1857031916686732,-0.20922023406111262,-0.16669457166685914,-0.06677712447894722,0.05517365139534295,0.07804630523476427,-0.20950468811396197,0.10448897368842662,-0.10716157360591091,-0.10689699746130371,-0.13733409269665187,-0.010462004693411865,0.060032607127974265,-0.08765008239918015,0.17337152007848455,0.0019370147115206383,0.08843455485161214,0.30239655937153825,0.01775954045102479,-0.018458456393162195,0.16310894651302604,-0.2055533425327996,0.11031966897373198,-0.024909131678855827,0.06804092877280846,0.3152620615992401,-0.4193717380077916,-0.11531187208342587,-0.07559845608731901,0.26951794160872317,0.2994508872719305,-0.19136139829968252,0.033794514847329295,-0.030862130902278177,-0.1590092996778749,-0.220835544479367,-0.02018363634669744,0.20305927806719937,0.22836893256007534,-0.04733621422533364,0.1824793960969868,-0.003182787271623454,0.09772143463180157,-0.06344901000532027,0.4191926301578854,0.10736128986226263,-0.1723244347814871,-0.042811295238562565,0.15756681912780304,0.007659239902826045,0.3356988598543972,-0.035915080060273635,-0.21950464499972927
2026-02-24,-0.05205629407447146,-0.0352526292014157,0.06170303470549434,0.0030909138422343533,-0.09840522075792528,0.01020408163265306,0.07663539934876609,0.01020408163265306,0.16368187557969038,0.02314892954685039,0.005205947626790582,0.01020408163265306,-0.02560399554571257,0.01020408163265306,-0.11761160265430763,0.01020408163265306,0.01020408163265306,0.0009615810728441261,0.01020408163265306,0.01020408163265306,-0.02299841204455049,0.01020408163265306,0.01020408163265306,0.01020408163265306,0.01020408163265306,0.01020408163265306,0.01020408163265306,0.08792843636142209,0.0005649556254533183,-0.06618464189101651,0.01020408163265306,-0.02331755657825224,-0.009064076585469495,0.05928110903621555,0.01020408163265306,-0.06889635731167942,0.01020408163265306,-0.13780052414381194,-0.09950078353883754,-0.030968526740234904,0.01020408163265306,0.01020408163265306,-0.1213913030574361,0.01020408163265306,0.01020408163265306,0.01020408163265306,-0.12202950333280956,0.01020408163265306,0.0025545803364024847,0.01020408163265306,0.01020408163265306,-0.08649488689141994,0.01020408163265306,0.01020408163265306,0.01020408163265306,0.01020408163265306,0.01020408163265306,0.01020408163265306,0.01020408163265306,0.01937807538330805,0.023829700817752607,0.07064476806423212,0.01020408163265306,0.01020408163265306,0.04605107776816468,0.01020408163265306,-0.07205853091604107,0.01020408163265306,0.01020408163265306,0.04997998205873546,0.01020408163265306,0.01020408163265306,0.01020408163265306,0.01020408163265306,0.03484492544024412,0.1300880473120389,-0.17621691101314196,0.01020408163265306,0.008582559010228533,0.01020408163265306,0.01020408163265306,0.01020408163265306,0.07833032418236244,0.04039875303658272,0.01020408163265306,0.0487805452350114,0.01020408163265306,0.06304378784394907,0.01020408163265306,0.23969376668900555,0.1682910504452316,-0.0635771096700265,-0.013755549301966591,0.25575678357677656,0.01020408163265306,0.33589848338064354,0.01020408163265306,-0.1653690597085573
2026-02-25,-0.14940554171232961,-0.16653466886594362,0.1179018099015498,0.06080432858252999,-0.11616211621489216,0.005052815703458697,0.08655538818329017,0.16035144480348412,0.2165811343678622,0.06831715926450425,0.0038344365939339126,-0.02521323749658133,-0.032715619641806935,-0.11726364366903978,-0.10451730321873469,0.03610954472843559,-0.12278544210577079,-0.20721083546898184,0.23458542644800207,-0.01939357350295484,-0.03539377531316129,0.059397548985284286,0.13427642101511872,-0.02869048406898405,0.02062564827015496,0.0524053125149949,0.118741946791397,0.17597002908220413,0.01020408163265306,-0.05093466425756939,0.015170264038349111,-0.10748899523632667,0.055801164711546385,0.16346929687855155,0.10343990421527302,0.01020408163265306,0.004069255987805613,-0.19436656082143186,-0.04508465084028284,-0.00933885179622884,0.03748267766255291,0.09536466212788461,-0.15843243627779988,-0.04509285008745645,-0.21711520986975252,0.25035306937169927,-0.2337400843259363,-0.19189596863910657,-0.12856174719819824,0.03365070711089823,0.022855608381890963,-0.17968327602397655,0.060358096218465794,-0.10577849293211292,-0.07153516548909337,-0.08571543853787175,-0.007282616748386718,0.09622993243001357,-0.021984124781906762,0.1617381433996625,-0.008262973280026587,0.05303218911060289,0.2280428414090275,0.01020408163265306,-0.02761682081626654,0.1231464178223396,-0.08610624556803555,0.06552718431686255,-0.030754112827748557,0.05505484012736835,0.23654133728812327,-0.36210746969174157,-0.15805385852413442,0.0019409594003137118,0.28286715012967795,0.2935943985859856,-0.21077903108717214,0.027470957635971502,-0.053695841202425584,-0.11698054727125447,-0.22366378667862286,0.04776399166681316,0.2535337695153702,0.2284533304994793,-0.046140833036641224,0.11186938491374003,0.11454553696402,0.04854095573939299,-0.10114810838197036,0.3799494997751766,0.0931363607525327,-0.1479827306616847,-0.03348328571964741,0.1700517680032418,0.0355042338057991,0.3330598852174043,-0.0872187552530251,-0.19242064020498495
2026-02-26,-0.11659040574073908,-0.13833592606492548,0.10559314050386628,0.02349603061763361,-0.1107516878836009,0.01020408163265306,0.07618509733533049,0.13699935139825717,0.18367451316757935,0.06011654357736162,0.01020408163265306,-0.00492853260265028,-0.038199791786240424,-0.08063104985231173,-0.10267318271139149,0.029350976123511674,-0.05506589585622333,-0.1444762439465375,0.20483772261664104,-0.01900566900259857,-0.004940915913175525,0.03950949388572684,0.10609913689523619,-0.023431086416569477,0.01020408163265306,0.05998393415707177,0.07857693303975359,0.1523565999018058,0.01020408163265306,-0.043689998629930976,0.017274757951101484,-0.07505022108626705,0.01020408163265306,0.13172119016084488,0.04224114309524111,0.003578526515605785,0.0055600397564630425,-0.24097530703949194,-0.102564155915383,-0.03741991057300453,0.0264471122700237,0.08322150985719687,-0.1653569578880963,-0.04522005816422551,-0.1269760468180502,0.163245032970165,-0.19427439899494423,-0.12183575473340565,-0.09983940924711657,0.03463614748821104,0.04836270956749173,-0.14775068347754866,0.01020408163265306,-0.08247206265586683,-0.04452921457834853,-0.07076271003941696,-0.006347416041528943,0.09369533667878423,0.01020408163265306,0.12673915551587372,0.0035922396486907345,0.054801155087109525,0.2419678762685505,0.01020408163265306,0.004987789222812157,0.096929403174107,-0.0808538442369385,0.03949693186341442,0.01020408163265306,0.06800343160408201,0.16356665137456952,-0.2640642468523198,-0.1090347180564168,0.01020408163265306,0.23756630825840386,0.2189002356001849,-0.203421791777443,0.04189230543395904,-0.033987899314213,-0.07606812577343952,-0.076435629291708,0.01020408163265306,0.21742654015463364,0.14280998366086983,0.001399659979014931,0.1265332974041215,0.027681169539595846,0.016540592291810853,-0.0761367555200619,0.2592742489843951,0.15428842448052005,-0.16033735280148143,-0.04556317037312905,0.20503644393681014,0.02527443481420015,0.34207154741211493,-0.06774962846791188,-0.19803984707527977
2026-02-27,0.01020408163265306,-0.011775737226252749,0.012498596513349796,-0.0428353645390773,-0.05609322099251188,0.01020408163265306,0.020933041927459976,0.01020408163265306,0.035330162945086147,0.0268103435255463,-0.020076498540729168,0.01020408163265306,-0.0032279855871056376,0.01020408163265306,-0.0800888590857605,0.01020408163265306,0.01020408163265306,0.01020408163265306,0.01020408163265306,0.01020408163265306,0.01020408163265306,0.01020408163265306,0.01020408163265306,0.01020408163265306,0.01020408163265306,0.01020408163265306,0.01020408163265306,0.01020408163265306,0.01020408163265306,-0.05839458952486844,0.01020408163265306,0.01020408163265306,0.01020408163265306,0.01020408163265306,0.01020408163265306,-0.004209725081859832,0.01020408163265306,-0.08316335485949736,-0.1116093690361847,-0.017476541000528638,0.01020408163265306,0.01020408163265306,-0.06957182614602457,0.01020408163265306,0.01020408163265306,0.01020408163265306,-0.07270707363846246,0.01020408163265306,0.01020408163265306,0.01020408163265306,0.01020408163265306,-0.0410262089062157,0.01020408163265306,0.01020408163265306,0.01020408163265306,0.01020408163265306,0.01020408163265306,0.01020408163265306,0.01020408163265306,0.01020408163265306,0.01020408163265306,0.01020408163265306,0.01020408163265306,0.01020408163265306,0.01020408163265306,0.01020408163265306,0.01020408163265306,0.01020408163265306,0.01020408163265306,0.049072239256738016,0.01020408163265306,0.01020408163265306,0.01020408163265306,0.01020408163265306,0.01020408163265306,0.01020408163265306,-0.15130607144829597,0.01020408163265306,0.01020408163265306,0.01020408163265306,0.01020408163265306,0.01020408163265306,0.01020408163265306,0.01020408163265306,0.01020408163265306,0.07220159780475034,0.01020408163265306,0.01020408163265306,0.01020408163265306,0.24805893352169478,0.10676608226589963,0.01020408163265306,0.01020408163265306,0.30240813791722987,0.01020408163265306,0.33639927532648933,0.01020408163265306,-0.1216098629418897
2026-03-02,-0.09638353895032667,-0.15981978049726622,0.12008161354841503,0.015103801686731458,-0.0952578944647581,-0.012018295935581754,0.07124793724952533,0.13541397755892023,0.1762968651870145,0.06133171537210574,0.011316028531524936,-0.005609908264534535,-0.033642743388477045,-0.08044233873832718,-0.12528224921295228,0.013814455004840194,-0.03522527576098464,-0.18047781397607765,0.2791166087045921,-0.06755163981356115,-0.00732123790449323,0.04819203844151673,0.12193522658470302,-0.05552904670410205,0.055177251611566384,0.06791908861822576,0.07794500367641183,0.1333784227833084,0.008802758822693548,-0.055552999727299185,0.047015739030128914,-0.10270485799109634,0.01020408163265306,0.1271103415697834,0.14004385199124234,0.01020408163265306,0.01020408163265306,-0.27221922533068543,-0.10085443014256662,0.004443299188012644,0.010768222177046654,0.1176974643359338,-0.22916200455952254,-0.0968051336175335,-0.11195974357392982,0.22574897696823568,-0.1937667471116565,-0.14007724725325005,-0.11736909238794214,0.06880919626473024,0.08123614492973126,-0.16656991537943158,0.06768652841296825,-0.10692267940426708,-0.055831583203242205,-0.08134822032245444,0.009338189117137822,0.056989359158619884,0.01020408163265306,0.15989184569513526,0.01351719046044346,0.050101164222575816,0.2237706058013115,0.03833787528377197,-0.030256630300546747,0.08838403396780109,-0.08181554560107551,0.02500162575758921,-0.04943488684076595,0.08105587238242797,0.23474953355702213,-0.3351943816879778,-0.11942326737779567,0.01020408163265306,0.23869865203342772,0.2598331927320354,-0.2058260900846092,0.07733897352464413,-0.05640698133118907,-0.11038653368483092,-0.07955262987527978,0.01020408163265306,0.21257156398429466,0.14438627895247833,-0.020800338835520404,0.1567499855824854,0.019980197793725098,0.01020408163265306,-0.10978021842308563,0.23325738397850174,0.13875431913563008,-0.20594833543416932,0.013490352821848031,0.24462727123115904,0.027700984865318905,0.31898315599751065,-0.04588671869400828,-0.19015253592820094
2026-03-03,0.01020408163265306,-0.010244374907850998,0.01020408163265306,-0.011627236480449577,-0.04429113091195818,0.01020408163265306,0.01020408163265306,0.01020408163265306,0.01020408163265306,0.01020408163265306,-0.03881932344392134,0.01020408163265306,0.00569358440556616,0.01020408163265306,-0.06334335958623348,0.01020408163265306,0.01020408163265306,-0.0003545207794946291,0.01020408163265306,0.01020408163265306,0.01020408163265306,0.01020408163265306,0.01020408163265306,0.01020408163265306,0.01020408163265306,0.01020408163265306,0.01020408163265306,0.01020408163265306,0.01020408163265306,-0.06629578984791404,0.01020408163265306,0.01020408163265306,0.01020408163265306,0.01020408163265306,0.01020408163265306,0.01020408163265306,0.01020408163265306,-0.034088414219939356,-0.12123949549679518,0.007505418977293966,0.01020408163265306,0.01020408163265306,-0.05478515988923288,0.01020408163265306,0.01020408163265306,0.01020408163265306,-0.052575617859619214,0.01020408163265306,0.01020408163265306,0.01020408163265306,0.01020408163265306,-0.004200774465058461,0.01020408163265306,0.01020408163265306,0.01020408163265306,0.01020408163265306,0.01020408163265306,0.01020408163265306,0.01020408163265306,0.01020408163265306,0.01020408163265306,0.01020408163265306,0.01020408163265306,0.01020408163265306,0.01020408163265306,0.01020408163265306,0.01020408163265306,0.01020408163265306,0.01020408163265306,0.023874044529734947,0.01020408163265306,0.01020408163265306,0.01020408163265306,0.01020408163265306,0.01020408163265306,0.01020408163265306,-0.08895503862075008,0.01020408163265306,0.01020408163265306,0.01020408163265306,0.01020408163265306,0.01020408163265306,0.01020408163265306,0.01020408163265306,0.01020408163265306,0.06322582719985599,0.01020408163265306,0.01020408163265306,0.01020408163265306,0.20318756484371955,0.01020408163265306,0.01020408163265306,0.01020408163265306,0.27697190188612947,0.01020408163265306,0.336241731530011,0.01020408163265306,-0.11159412257737945
2026-03-04,0.01020408163265306,-0.012421761994120513,0.01020408163265306,0.01020408163265306,-0.047796835468344664,0.01020408163265306,0.01020408163265306,0.01020408163265306,0.01020408163265306,0.01020408163265306,-0.06312804569147625,0.01020408163265306,0.008245853246275999,0.01020408163265306,-0.01883399598864987,0.01020408163265306,0.01020408163265306,-0.031590743522421146,0.01020408163265306,0.01020408163265306,0.01020408163265306,0.01020408163265306,0.01020408163265306,0.01020408163265306,0.01020408163265306,0.01020408163265306,0.01020408163265306,0.01020408163265306,0.01020408163265306,-0.05777036500689012,0.01020408163265306,0.01020408163265306,0.01020408163265306,0.01020408163265306,0.01020408163265306,0.01020408163265306,0.01020408163265306,0.01020408163265306,-0.06530098381858314,0.01020408163265306,0.01020408163265306,0.01020408163265306,0.01020408163265306,0.01020408163265306,0.01020408163265306,0.01020408163265306,-0.04069570165517792,0.01020408163265306,0.01020408163265306,0.01020408163265306,0.01020408163265306,0.01020408163265306,0.01020408163265306,0.01020408163265306,0.01020408163265306,0.01020408163265306,0.01020408163265306,0.01020408163265306,0.01020408163265306,0.01020408163265306,0.01020408163265306,0.01020408163265306,0.01020408163265306,0.01020408163265306,0.01020408163265306,0.01020408163265306,0.01020408163265306,0.01020408163265306,0.01020408163265306,0.01020408163265306,0.01020408163265306,0.01020408163265306,0.01020408163265306,0.01020408163265306,0.01020408163265306,0.01020408163265306,0.01020408163265306,0.01020408163265306,0.01020408163265306,0.01020408163265306,0.01020408163265306,0.01020408163265306,0.01020408163265306,0.01020408163265306,0.01020408163265306,0.01708242540045274,0.01020408163265306,0.01020408163265306,0.01020408163265306,0.05784372062793273,0.01020408163265306,0.01020408163265306,0.01020408163265306,0.2338379710674257,0.01020408163265306,0.2973569173131043,0.01020408163265306,-0.13397131165238502
2026-03-05,-0.0004393019900868003,-0.20092971898113032,0.13132093409040554,-0.0012550577784508337,-0.10639234666164935,-0.03571270199770842,0.06899284911946274,0.1146557311636234,0.10987188506122407,0.09533200383811687,0.00016294333531050031,-0.04137556315668474,0.0016254095946124335,-0.07792228915144771,-0.1669178891084585,0.016655300403962358,-0.00803438265009499,-0.18440805216491066,0.27367922586866844,-0.10616746795297169,-0.0719096272359627,0.024495968385390116,0.14578496831992227,-0.05004110199691862,0.14175423783238866,0.08037155780982087,-0.020417288559178265,0.13668224691581682,0.13770488776734519,-0.043528385877197213,0.04536267691255502,-0.07555669964176509,0.0021415141497031064,0.11127885277889898,0.16784254408056196,0.03609361530673153,0.009011224343019323,-0.23820916985378068,-0.04086104524291949,-0.046518263022775674,0.02449902963304148,0.14678371368501447,-0.1518308367210665,-0.13334741560045824,-0.12148413728620204,0.22146237472706343,-0.21803904175096694,-0.1342416786801453,-0.15294876243494857,0.08325612511820636,0.03590370110295976,-0.17160777543887565,0.016440424871005527,-0.11396817929617874,-0.048926725892173034,-0.07180189510629227,0.05255868404435509,0.004552481777027036,-0.03969289344203216,0.1630956873712125,0.001391820135323357,0.04747478222068618,0.20381421183858964,0.053931382337516924,0.012827825272574894,0.13751221389558785,-0.0875366325939666,0.07355485246549391,-0.07014746161421903,0.06409866480429861,0.2621130355509992,-0.31122860703924876,-0.1627312228935794,0.10708548776400419,0.20629181870441113,0.27489448425381335,-0.3199933309380584,0.05393562513201495,-0.04534570764805874,-0.11655050707564883,-0.12471229060483115,0.03401215432850679,0.2642890329659133,0.14550920515325025,-0.07923890820391605,0.09169807187125575,0.14798189757637353,0.012966581159481778,-0.11206537603508245,0.39689740337767543,-0.029624140775916942,-0.3045006788909471,0.01020408163265306,0.22767573731233817,0.032156635653102304,0.43460461976472886,-0.033321119388568125,-0.2248127462025463
2026-03-06,0.0018415520591160486,-0.2059231252319373,0.1372093438360603,0.006657407111992328,-0.1053363431938291,-0.05149348123173385,0.053695566337477976,0.12821144082265584,0.09965921332705782,0.10560635049812372,0.00465729113099449,-0.048865049686952905,0.004957864760847468,-0.08132459862900566,-0.17078909843996487,0.022212102679163577,0.0015155082840691576,-0.19871203334928136,0.276894494958501,-0.11270253278684099,-0.08457527595403914,0.01770476962785649,0.15755173534936825,-0.05405468728329377,0.16268636620344976,0.08577885409279458,-0.024625263729253187,0.109432061158653,0.16022094688847502,-0.03301654625282934,0.056805590550320285,-0.07114380241660404,-0.013218076432497268,0.13431297114922444,0.17908172265372882,0.04432322219159146,0.009343488059152326,-0.21893432315237202,-0.04140461559199445,-0.07622050076949385,0.008243427554836936,0.14933858278797607,-0.12735218076309252,-0.1446353918219902,-0.11356846197857089,0.1940121447156366,-0.216760912697728,-0.14625107512501992,-0.14125114041176118,0.07786074070515153,0.018737018492638063,-0.1772343364887776,0.008794297056765127,-0.118347896175456,-0.05165385479163122,-0.07548522328373093,0.06069035635702449,-0.007334958049585649,-0.07388538957532433,0.1949219434495531,-0.0033423704400667147,0.04073052113389026,0.25587278586367523,0.04262885560967899,0.02482039954391012,0.13169319595591414,-0.10129797884139634,0.10094726985029907,-0.07041298004427309,0.06593275075072792,0.2711461906908312,-0.3252271587292826,-0.17647692395895173,0.1405731674699348,0.20622536175769787,0.3041852988642014,-0.3175839978698794,0.07156188411348727,-0.049138808220527665,-0.12213258835928768,-0.10712411632154688,0.04119081351520261,0.24904949845580301,0.1571199968210536,-0.11126096755901112,0.07746358771023971,0.16578111909893545,0.011557551050576717,-0.11898132871927423,0.42586884490991583,-0.07857701550985013,-0.32996188740083027,0.01020408163265306,0.2133960072667294,0.01830614146964514,0.4640130052093155,-0.03055668880618668,-0.235051717519618
2026-03-09,0.01020408163265306,-0.08539712344583944,0.0710108490784849,-0.038386405505195786,-0.08912492226224786,0.01020408163265306,0.07293284330782052,0.01020408163265306,0.10494333620214154,0.06570067830239144,0.0011879412036547004,-0.022448128186626663,0.008495384035050398,0.01020408163265306,-0.16331073538823612,-0.01649137545453009,0.01020408163265306,0.01020408163265306,0.01020408163265306,-0.013890336709196495,-0.026774847954931874,0.008048058505407702,0.05061516233931269,0.006425544071256135,0.01020408163265306,0.06733556910009289,0.01020408163265306,0.09641367108499391,0.01020408163265306,-0.06151111261437686,0.01020408163265306,0.01020408163265306,-0.01583000271825246,0.046985856832852606,0.01020408163265306,-0.0657037099834589,0.01020408163265306,-0.15942126532110887,-0.1281634438582223,-0.02135113050015624,0.010418866810686942,0.04092320602269593,-0.11799043587742343,0.01020408163265306,0.01020408163265306,0.04675293826220077,-0.13923591404273333,0.01020408163265306,0.01020408163265306,0.0502868305122302,0.01020408163265306,-0.07727916729188891,0.01020408163265306,-0.011226797207457334,0.01020408163265306,0.01020408163265306,0.01020408163265306,0.01020408163265306,0.01020408163265306,0.01020408163265306,0.054971875261285656,0.04417872281345521,0.0904977868694898,0.01020408163265306,0.01020408163265306,0.01020408163265306,-0.021587784674837837,0.01020408163265306,0.02394200435941615,0.05088740148130274,0.05747987407706312,0.01020408163265306,0.01020408163265306,0.024641475756299932,0.01020408163265306,0.11749119195596394,-0.25582032807006666,0.04434622626552032,-0.05437649354247409,0.01020408163265306,0.07719881561848811,0.01020408163265306,0.05005773319140337,0.01020408163265306,0.01020408163265306,0.03101568785660392,0.02121488976788727,0.01020408163265306,0.01020408163265306,0.22043677098027845,0.07365378677795392,-0.13217665543251478,-0.027939346247862817,0.2880014114369054,0.01020408163265306,0.45788581849722787,0.01020408163265306,-0.14930809328695482
2026-03-10,0.01020408163265306,-0.01802648439825954,0.020644885708553752,-0.05020803857651649,-0.03506884140245466,0.01020408163265306,0.011064997154329145,0.01020408163265306,0.01020408163265306,0.0439656426777383,-0.019656473290895378,0.01020408163265306,0.01020408163265306,0.01020408163265306,-0.1050943954271523,0.01020408163265306,0.01020408163265306,0.01020408163265306,0.01020408163265306,0.01020408163265306,-0.005671672310390811,0.01020408163265306,0.01020408163265306,0.01020408163265306,0.01020408163265306,0.01020408163265306,0.01020408163265306,0.01020408163265306,0.01020408163265306,-0.0836213723214897,0.01020408163265306,0.01020408163265306,0.01020408163265306,0.01020408163265306,-0.031029920009744305,0.006325079116445853,0.01020408163265306,-0.04177812221186959,-0.08643681780066778,0.01020408163265306,0.01020408163265306,0.01020408163265306,-0.05734632914622724,0.01020408163265306,0.01020408163265306,0.01020408163265306,-0.07783373462652617,0.01020408163265306,0.01020408163265306,0.01020408163265306,0.01020408163265306,-0.021432308189295625,0.01020408163265306,0.01020408163265306,0.01020408163265306,0.01020408163265306,0.01020408163265306,0.01020408163265306,0.01020408163265306,0.01020408163265306,0.049426817275235506,0.01020408163265306,0.01020408163265306,0.01020408163265306,0.01020408163265306,0.01020408163265306,0.01020408163265306,0.01020408163265306,0.01020408163265306,0.02428752472756762,0.01020408163265306,0.01020408163265306,0.01020408163265306,0.01020408163265306,0.01020408163265306,0.01020408163265306,-0.20510482164215874,0.01020408163265306,-0.010204323421584035,0.01020408163265306,0.01020408163265306,0.01020408163265306,0.01020408163265306,0.01020408163265306,0.01020408163265306,0.06527768112101295,0.01020408163265306,0.01020408163265306,0.01020408163265306,0.2678185248496322,0.040371265993256,0.01020408163265306,0.01020408163265306,0.28779351857200325,0.01020408163265306,0.4037735479516131,0.01020408163265306,-0.09672562629052263
2026-03-11,0.01020408163265306,-0.00914140137508757,0.01020408163265306,-0.03844412394797801,-0.02573120410895613,0.01020408163265306,0.01020408163265306,0.01020408163265306,0.01020408163265306,0.01020408163265306,-0.02006644389033889,0.01020408163265306,0.01020408163265306,0.01020408163265306,-0.0810012445383313,0.01020408163265306,0.01020408163265306,0.01020408163265306,0.01020408163265306,0.01020408163265306,-2.1492903074701517e-05,0.01020408163265306,0.01020408163265306,0.01020408163265306,0.01020408163265306,0.01020408163265306,0.01020408163265306,0.01020408163265306,0.01020408163265306,-0.0885349565659475,0.01020408163265306,0.01020408163265306,0.01020408163265306,0.01020408163265306,-0.060392546037356706,0.01020408163265306,0.01020408163265306,-0.021569355681550217,-0.0648373496361612,0.01020408163265306,0.01020408163265306,0.01020408163265306,-0.0410741064725507,0.01020408163265306,0.01020408163265306,0.01020408163265306,-0.07184331444755732,0.01020408163265306,0.01020408163265306,0.01020408163265306,0.01020408163265306,-0.010203456052751738,0.01020408163265306,0.01020408163265306,0.01020408163265306,0.01020408163265306,0.01020408163265306,0.01020408163265306,0.01020408163265306,0.01020408163265306,0.014431643349186542,0.01020408163265306,0.01020408163265306,0.01020408163265306,0.01020408163265306,0.01020408163265306,0.01020408163265306,0.01020408163265306,0.01020408163265306,0.019941050426616355,0.01020408163265306,0.01020408163265306,0.01020408163265306,0.01020408163265306,0.01020408163265306,0.01020408163265306,-0.18421477852921603,0.01020408163265306,0.006378062820969308,0.01020408163265306,0.01020408163265306,0.01020408163265306,0.01020408163265306,0.01020408163265306,0.01020408163265306,0.05823151265878716,0.01020408163265306,0.01020408163265306,0.01020408163265306,0.25196354174925073,0.019143476310969743,0.01020408163265306,0.01020408163265306,0.27620634112267145,0.01020408163265306,0.41021293674063364,0.01020408163265306,-0.10473891344120646
2026-03-12,-0.028841476802779778,-0.24040544427440086,0.1290113393808378,0.03825615188148191,-0.08973158818941744,-0.0028377399718752284,0.007849595004370286,0.0867040958077482,0.027816745005115558,0.31917024857428544,0.02786815840463163,-0.028917425571151144,-0.048891937583478505,-0.08163661884026766,-0.21331978477612407,0.0063510637952041565,0.02224747190134282,-0.037002487870517776,0.26043452216764884,-0.209199057539654,-0.09118324230948596,4.313661067894582e-05,0.13585601913516612,-0.06566521164882425,0.06943214357590063,0.11175551195163479,0.09362884791214089,0.13906530966065506,0.10144058400155764,-0.033716069229115915,0.03393021442101858,-0.09854217143654045,-0.04232683764947872,0.12929472339167777,0.1551723386458411,0.060403183961075954,0.02210034041959799,-0.17848302164717272,-0.03931887721238516,-0.2139542307582967,0.01843719968194668,0.1453444397413727,-0.12906146614123737,0.0461377120272271,-0.09732816338838372,0.021240405015247023,-0.2196246753623941,0.007832234640830313,-0.17881078367952755,0.03696831926728455,-0.02636501020803539,-0.07726510897778444,-0.009649036696429412,-0.1718738054265512,-0.05073784266183487,-0.003701755528939192,0.06301082100905261,-0.1066763057878663,-0.106947517923198,0.2102085296954978,0.06694221862791928,0.01352827326014983,0.32946950215185533,-0.0049860312060348334,0.03356313319478713,0.10211969713119619,-0.1354183144180543,0.19514079103804988,0.025371937576475698,0.07337422395928318,0.29823251101590686,-0.22340350685590468,-0.11504868958662672,0.1459623653900158,0.1259109710054242,0.24252789820059534,-0.23592942419873802,0.11101438125472143,-0.10601444328383285,-0.16290693212275859,-0.019868616270653776,-0.0328603890437695,0.12825959360874742,0.16932100433509348,-0.10698727165704955,0.02950258193893155,-0.09794015275747547,0.0872838861522716,-0.1735454564099992,0.2859022488914493,0.04661489634729966,-0.3129577978760996,0.036058434638351476,0.24777499801156402,-0.03697041206593872,0.547703781186838,-0.02228889101391198,-0.15944971174500167
2026-03-13,0.01020408163265306,0.00034440270216335757,0.01020408163265306,-0.009550308679564355,-0.0301362203437772,0.01020408163265306,0.01020408163265306,0.01020408163265306,0.01020408163265306,0.01020408163265306,-0.05400791273112565,0.01020408163265306,0.004768886665128387,0.01020408163265306,-0.015760441388877444,0.01020408163265306,0.01020408163265306,0.0032246714003818623,0.01020408163265306,0.01020408163265306,0.01020408163265306,0.01020408163265306,0.01020408163265306,0.01020408163265306,0.01020408163265306,0.01020408163265306,0.01020408163265306,0.01020408163265306,0.01020408163265306,-0.08619983721188809,0.01020408163265306,0.01020408163265306,0.01020408163265306,0.01020408163265306,-0.05101251366144514,0.01020408163265306,0.01020408163265306,0.01020408163265306,-0.01888390555756507,0.01020408163265306,0.01020408163265306,0.01020408163265306,0.01020408163265306,0.01020408163265306,0.01020408163265306,0.01020408163265306,-0.06436116118812951,0.01020408163265306,0.01020408163265306,0.01020408163265306,0.01020408163265306,0.01020408163265306,0.01020408163265306,0.01020408163265306,0.01020408163265306,0.01020408163265306,0.01020408163265306,0.01020408163265306,0.01020408163265306,0.01020408163265306,0.01020408163265306,0.01020408163265306,0.01020408163265306,0.01020408163265306,0.01020408163265306,0.01020408163265306,0.01020408163265306,0.01020408163265306,0.01020408163265306,0.01020408163265306,0.01020408163265306,0.01020408163265306,0.01020408163265306,0.01020408163265306,0.01020408163265306,0.01020408163265306,0.01020408163265306,0.01020408163265306,0.01020408163265306,0.01020408163265306,0.01020408163265306,0.01020408163265306,0.01020408163265306,0.01020408163265306,0.01020408163265306,0.01020408163265306,0.01020408163265306,0.01020408163265306,0.01020408163265306,0.0427012039755849,0.01020408163265306,0.01020408163265306,0.01020408163265306,0.22759438354203623,0.01020408163265306,0.35942716448714995,0.01020408163265306,-0.15508718752027628
2026-03-16,0.01020408163265306,-0.01039501497861241,0.0363980780976728,-0.07306269489030409,-0.040364240977701714,0.01020408163265306,0.02323607031510153,0.01020408163265306,0.10119129345889676,0.017601585090016972,-0.02423153406865399,0.01020408163265306,0.0006117121122322985,0.01020408163265306,-0.10993349168791831,0.006019041171875107,0.01020408163265306,0.01020408163265306,0.01020408163265306,0.01020408163265306,0.01020408163265306,0.008731407734143286,0.01020408163265306,0.01020408163265306,0.01020408163265306,0.01020408163265306,0.01020408163265306,0.01020408163265306,0.01020408163265306,-0.06508407416331285,0.01020408163265306,0.01020408163265306,0.009901970449507462,0.01020408163265306,-0.07036781821677733,-0.017844328706368304,0.01020408163265306,-0.04529436669128986,-0.05466663337109992,0.004716990661737114,0.01020408163265306,0.01020408163265306,-0.0616874486292054,0.01020408163265306,0.01020408163265306,0.01020408163265306,-0.09838997145705713,0.01020408163265306,0.01020408163265306,0.01020408163265306,0.01020408163265306,-0.01548558705841892,0.01020408163265306,0.01020408163265306,0.01020408163265306,0.01020408163265306,0.01020408163265306,0.01020408163265306,0.01020408163265306,0.01020408163265306,0.03818056674767343,0.01020408163265306,0.01020408163265306,0.01020408163265306,0.01020408163265306,0.01020408163265306,-0.04274819107269933,0.01020408163265306,0.01020408163265306,0.03190900658014448,0.01020408163265306,0.01020408163265306,0.01020408163265306,0.01020408163265306,0.01020408163265306,0.01020408163265306,-0.19480074451183135,0.017614164379144495,-0.06798154705918519,0.01020408163265306,0.01020408163265306,0.01020408163265306,0.01020408163265306,0.01020408163265306,0.01020408163265306,0.07781857252248883,0.033693461149959164,0.01020408163265306,0.01020408163265306,0.22863062349312704,0.09182835093112136,0.01020408163265306,0.01020408163265306,0.2625929653705772,0.01020408163265306,0.4658013015548658,0.01020408163265306,-0.10699661713699195
2026-03-17,0.013700830393199304,-0.19299873081082297,0.10396480664044908,0.02707811445915676,-0.07277974262582702,0.016318688470294544,0.01020408163265306,0.04803295280995258,-0.005981070153991462,0.31094130226524536,-0.0058413289439279235,-0.0049651612940864835,-0.04611010102752763,-0.10036514479749187,-0.25936216070295737,-0.018387859870932603,0.10035441952315266,0.04784992641967611,0.4132984187960278,-0.12179515295072431,-0.05161160997155045,-0.04641580340397557,0.04978522052576822,-0.06734005226788839,-0.005079640126629814,0.09559847132273756,0.13444616295595752,0.10366738287662323,-0.021475180538293157,-0.1568767512068023,-0.005964029544714209,-0.05278893496539527,0.0032899959570142252,0.17061401243585425,0.07674380671363074,0.10789343986366527,0.10190675094222403,-0.228793397818564,-0.08355649009504784,-0.15071323778807802,0.00993780773892554,0.14834962855144154,-0.1456580261142189,0.010013070155324672,-0.11244760683963603,-0.08109418869185439,-0.22728510570001406,-0.04621472489182369,-0.06325486100205202,0.0926867793165418,0.018753179926561316,-0.1106521397062776,0.08130555621131427,-0.2394574486744243,0.0352757180568986,-0.1361449392528257,0.13784534541272683,-0.05895832730694274,-0.09047496243270259,0.10009734691763623,0.110106310800444,0.10104940043796908,0.3702255755648652,-0.10662402087834844,0.03225190002020968,0.15263760075015387,-0.16830871021513846,0.15389109260269038,0.006462162753958181,0.07894388590071202,0.3989702289617562,-0.3422022428737411,-0.07964819033677875,0.025197440818989822,0.14348670971532412,0.2580090746702794,-0.1437985190790115,0.08033554415899284,-0.12908889465706996,-0.1985086192337713,0.028254827921991257,-0.12537867990280424,0.12903752534195742,0.29160072943708254,-0.1656638455840362,0.06260084761852457,-0.13244502368618247,0.07201011472840427,-0.11851306828294846,0.16384341146637438,0.07496574347904636,-0.24603297804697927,-0.009194958682613818,0.26992469315537476,0.011746332889013179,0.5579771439033199,0.013260625069318362,-0.18049047647997996
2026-03-18,0.01020408163265306,-0.007571144723741605,0.028678448917578356,-0.06431670195080694,-0.02005035326275121,0.01020408163265306,0.01020408163265306,0.01020408163265306,0.024354914428573696,0.01020408163265306,-0.01938006487232473,0.01020408163265306,0.009797681912586828,0.01020408163265306,-0.0728000906748913,0.001250160072860898,0.01020408163265306,0.01020408163265306,0.01020408163265306,0.01020408163265306,0.01020408163265306,0.01020408163265306,0.01020408163265306,0.01020408163265306,0.01020408163265306,0.01020408163265306,0.01020408163265306,0.01020408163265306,0.01020408163265306,-0.02121445039928789,0.01020408163265306,0.01020408163265306,0.01020408163265306,0.01020408163265306,-0.07806731862600838,-0.0044838035424569,0.01020408163265306,-0.03894194099873113,-0.0564135402535961,0.005080511418670945,0.01020408163265306,0.01020408163265306,-0.05039007392980164,0.01020408163265306,0.01020408163265306,0.01020408163265306,-0.09512209709771653,0.01020408163265306,0.01020408163265306,0.01020408163265306,0.01020408163265306,-0.01607053671310304,0.01020408163265306,0.01020408163265306,0.01020408163265306,0.01020408163265306,0.01020408163265306,0.01020408163265306,0.01020408163265306,0.01020408163265306,0.0133949849441775,0.01020408163265306,0.01020408163265306,0.01020408163265306,0.01020408163265306,0.01020408163265306,-0.007523758867910695,0.01020408163265306,0.01020408163265306,0.019040578939294152,0.01020408163265306,0.01020408163265306,0.01020408163265306,0.01020408163265306,0.01020408163265306,0.01020408163265306,-0.20544421764777523,0.01020408163265306,-0.04662397722352419,0.01020408163265306,0.01020408163265306,0.01020408163265306,0.01020408163265306,0.01020408163265306,0.01020408163265306,0.0643325103434658,0.02112424389968101,0.01020408163265306,0.01020408163265306,0.2435841604364043,0.05269977037967015,0.01020408163265306,0.01020408163265306,0.2622077526083981,0.01020408163265306,0.48155183437939525,0.01020408163265306,-0.1165610329167376
2026-03-19,0.01020408163265306,-0.03183884048956836,0.051621114965619566,-0.07299234772655393,-0.04237731639771173,0.01020408163265306,0.01020408163265306,0.01020408163265306,0.11168675345224545,0.01020408163265306,-0.019142392711081778,0.01020408163265306,0.004546956694465254,0.01020408163265306,-0.09940091128162447,0.0006072526174125369,0.01020408163265306,0.01020408163265306,0.01020408163265306,0.01020408163265306,0.01020408163265306,0.01020408163265306,0.01020408163265306,0.01020408163265306,0.01020408163265306,0.01020408163265306,0.01020408163265306,0.023018056224013282,0.01020408163265306,-0.04009299078021524,0.01020408163265306,0.01020408163265306,0.01020408163265306,0.01020408163265306,-0.059868463437145414,-0.03897065424163357,0.01020408163265306,-0.03728529671734187,-0.06598362547369141,0.0016971728754615646,0.01020408163265306,0.01020408163265306,-0.06390798239890695,0.01020408163265306,0.01020408163265306,0.01020408163265306,-0.10943060406969257,0.01020408163265306,0.01020408163265306,0.01020408163265306,0.01020408163265306,-0.004829581041589696,0.01020408163265306,0.01020408163265306,0.01020408163265306,0.01020408163265306,0.01020408163265306,0.01020408163265306,0.01020408163265306,0.01020408163265306,0.03501939051872441,0.011981344932446663,0.01020408163265306,0.01020408163265306,0.01020408163265306,0.01020408163265306,-0.03813125986478739,0.01020408163265306,0.01020408163265306,0.03650203509068713,0.01020408163265306,0.01020408163265306,0.01020408163265306,0.01020408163265306,0.01020408163265306,0.01020408163265306,-0.20453954090177678,0.01020408163265306,-0.08790168278139485,0.01020408163265306,0.01020408163265306,0.01020408163265306,0.01020408163265306,0.01020408163265306,0.01020408163265306,0.07989323227276642,0.05043177850930634,0.01020408163265306,0.01020408163265306,0.2509101688343801,0.0609885896890222,0.01020408163265306,0.01020408163265306,0.26554476887716466,0.01020408163265306,0.47179259624303277,0.01020408163265306,-0.11301710923713428
2026-03-20,0.01020408163265306,-0.02919689254029971,0.01020408163265306,-0.014572183011970238,-0.02932531769180191,0.01020408163265306,0.01020408163265306,0.01020408163265306,0.01020408163265306,0.01020408163265306,-0.039374517642785815,0.01020408163265306,0.01020408163265306,0.01020408163265306,0.0064292026973114015,0.01020408163265306,0.01020408163265306,-0.0009321041972892956,0.01020408163265306,0.01020408163265306,0.01020408163265306,0.01020408163265306,0.01020408163265306,0.01020408163265306,0.01020408163265306,0.01020408163265306,0.01020408163265306,0.01020408163265306,0.01020408163265306,0.01020408163265306,0.01020408163265306,0.01020408163265306,0.01020408163265306,0.01020408163265306,-0.023831956523653587,0.01020408163265306,0.01020408163265306,0.01020408163265306,-0.08451101271562816,0.01020408163265306,0.01020408163265306,0.01020408163265306,0.010091750149618146,0.01020408163265306,0.01020408163265306,0.01020408163265306,-0.08763765429766882,0.01020408163265306,0.01020408163265306,0.01020408163265306,0.01020408163265306,0.01020408163265306,0.01020408163265306,0.01020408163265306,0.01020408163265306,0.01020408163265306,0.01020408163265306,0.01020408163265306,0.01020408163265306,0.01020408163265306,0.01020408163265306,0.01020408163265306,0.01020408163265306,0.01020408163265306,0.01020408163265306,0.01020408163265306,0.01020408163265306,0.01020408163265306,0.01020408163265306,0.01020408163265306,0.01020408163265306,0.01020408163265306,0.01020408163265306,0.01020408163265306,0.01020408163265306,0.01020408163265306,0.01020408163265306,0.01020408163265306,0.01020408163265306,0.01020408163265306,0.01020408163265306,0.01020408163265306,0.01020408163265306,0.01020408163265306,0.01020408163265306,0.01020408163265306,0.01020408163265306,0.01020408163265306,0.01020408163265306,0.03922843988292382,0.01020408163265306,0.01020408163265306,0.01020408163265306,0.23933006838238807,0.01020408163265306,0.32997728100605345,0.01020408163265306,-0.17281796064005445
2026-03-23,-0.044877390054373315,-0.1310550664619864,0.09003603630171515,-0.030292913561894758,-0.07706693042825585,-0.008066797978924877,-0.003022770922246853,0.06209166918360805,0.15258993917359506,0.21232625106903283,-0.007379273004159562,-0.02915421080921444,-0.08835805517124322,-0.03488883675895278,-0.12673511899334491,-0.0611279451233851,0.03808529170487185,-0.011381584265550715,0.17140574993342056,-0.034899633853537226,-0.012279006834422167,-0.017799301000604756,0.04375204753510146,-0.0298605021303086,-0.018557900500408925,0.09103895120742632,0.01020408163265306,0.20655086107595455,0.01020408163265306,-0.004323317366869176,-0.02810882575346401,-0.007027951736164656,0.013340688320902606,0.05841212870718295,0.0770023124982035,-0.09699913419435952,0.0601319080771065,-0.19720095813766814,-0.012979650288362043,-0.22661515460518888,0.08271366080608414,0.12166398770132408,-0.09992731134066793,0.11279321984888238,-0.10661315177060479,0.048876925805445635,-0.23371460863358234,0.07094130849608697,-0.265486894774417,-0.004516407859318089,-0.02904604869601571,-0.03344681064817627,0.01020408163265306,-0.07105184601805016,-0.08112675801574197,0.036835970121069005,0.02469080213386859,-0.013668092990564611,0.03463654124337731,0.2406714188732682,0.01020408163265306,0.032884586426817304,0.1445937984279008,0.060887317790112104,0.01020408163265306,0.01020408163265306,-0.15403346871857249,0.21181276321222584,0.05156636731645423,0.04528035412695146,0.1848003787156156,-0.08031510658510209,-0.1389746974516004,0.1907356274590973,0.08383477399262733,0.05633989155425826,-0.2813987163201044,0.04257489986216398,-0.16001941885299972,-0.10398573514508035,0.01020408163265306,-0.014538226021219467,0.1744654254128726,0.07143188043889917,-0.13197627652637003,0.04171229946316581,0.01020408163265306,0.014969489934266767,-0.16660321751218565,0.11025256295845327,0.15407300412416006,-0.17510163618269786,0.11423866130971638,0.28902767694281556,0.05147145902872294,0.5940197603536271,-0.0005581484951688951,-0.16703249323654512
2026-03-24,0.01020408163265306,-0.01048052217018663,0.01020408163265306,-0.04807779788088879,-0.019458882945454677,0.01020408163265306,0.01020408163265306,0.01020408163265306,0.01020408163265306,0.01020408163265306,-0.026203402709831125,0.01020408163265306,0.01020408163265306,0.01020408163265306,-0.05728601016711918,0.008412117159551572,0.01020408163265306,0.01020408163265306,0.01020408163265306,0.01020408163265306,0.01020408163265306,0.01020408163265306,0.01020408163265306,0.01020408163265306,0.01020408163265306,0.01020408163265306,0.01020408163265306,0.01020408163265306,0.01020408163265306,0.01020408163265306,0.01020408163265306,0.01020408163265306,0.01020408163265306,0.01020408163265306,-0.04214029546750053,-0.011386234155618168,0.01020408163265306,-0.03669929286395154,-0.07916875225315585,0.01020408163265306,0.01020408163265306,0.01020408163265306,-0.03538781531319732,0.01020408163265306,0.01020408163265306,0.01020408163265306,-0.10064283098265624,0.01020408163265306,0.01020408163265306,0.01020408163265306,0.01020408163265306,-0.010236401434820743,0.01020408163265306,0.01020408163265306,0.01020408163265306,0.01020408163265306,0.01020408163265306,0.01020408163265306,0.01020408163265306,0.01020408163265306,0.01020408163265306,0.01020408163265306,0.01020408163265306,0.01020408163265306,0.01020408163265306,0.01020408163265306,0.01020408163265306,0.01020408163265306,0.01020408163265306,0.01020408163265306,0.01020408163265306,0.01020408163265306,0.01020408163265306,0.01020408163265306,0.01020408163265306,0.01020408163265306,-0.14312862863486012,0.01020408163265306,0.01020408163265306,0.01020408163265306,0.01020408163265306,0.01020408163265306,0.01020408163265306,0.01020408163265306,0.01020408163265306,0.02161478895811346,0.01020408163265306,0.01020408163265306,0.01020408163265306,0.21053411791481055,0.01020408163265306,0.01020408163265306,0.01020408163265306,0.2679561118688143,0.01020408163265306,0.4356902861285283,0.01020408163265306,-0.13003300403016904
2026-03-25,0.01020408163265306,-0.020591534761681227,0.03476354718837872,-0.06411672321193163,-0.03154635712648544,0.01020408163265306,0.01020408163265306,0.01020408163265306,0.04714270703768753,0.01020408163265306,-0.019810916604633244,0.00951135879321791,0.006527539346924653,0.01020408163265306,-0.08291108734703521,-0.0049836287622539045,0.01020408163265306,0.01020408163265306,0.01020408163265306,0.01020408163265306,0.01020408163265306,0.01020408163265306,0.01020408163265306,0.01020408163265306,0.01020408163265306,0.01020408163265306,0.01020408163265306,0.01020408163265306,0.01020408163265306,-0.007664287015097913,0.01020408163265306,0.01020408163265306,0.01020408163265306,0.01020408163265306,-0.027119854312560712,-0.037901549859643655,0.01020408163265306,-0.06946047392781969,-0.056940065535901516,0.00862467712269327,0.01020408163265306,0.01020408163265306,-0.05037668948383526,0.01020408163265306,0.01020408163265306,0.01020408163265306,-0.09999475846573437,0.01020408163265306,0.01020408163265306,0.01020408163265306,0.01020408163265306,-0.019790569086606438,0.01020408163265306,0.01020408163265306,0.01020408163265306,0.01020408163265306,0.01020408163265306,0.01020408163265306,0.01020408163265306,0.01020408163265306,0.011044412533387159,0.01020408163265306,0.01020408163265306,0.01020408163265306,0.01020408163265306,0.01020408163265306,-0.01568690908983915,0.01020408163265306,0.01020408163265306,0.020355773775273485,0.01020408163265306,0.01020408163265306,0.01020408163265306,0.01020408163265306,0.01020408163265306,0.01020408163265306,-0.20648749536399566,0.01020408163265306,-0.047951024037093094,0.01020408163265306,0.01020408163265306,0.01020408163265306,0.01020408163265306,0.01020408163265306,0.01020408163265306,0.05779870471403707,0.024798729501216317,0.01020408163265306,0.01020408163265306,0.2672162292101891,0.026579151126031923,0.01020408163265306,0.01020408163265306,0.26556725450680113,0.01020408163265306,0.5010560080707182,0.01020408163265306,-0.10132563832216336
2026-03-26,0.01020408163265306,-0.029371440413915886,0.01020408163265306,-0.01597009203507395,-0.018019865194281004,0.01020408163265306,0.01020408163265306,0.01020408163265306,0.01020408163265306,0.01020408163265306,-0.04345574354815634,0.01020408163265306,0.007461362204860987,0.01020408163265306,0.00032336084589345247,0.01020408163265306,0.01020408163265306,-0.006964315805975724,0.01020408163265306,0.01020408163265306,0.01020408163265306,0.01020408163265306,0.01020408163265306,0.01020408163265306,0.01020408163265306,0.01020408163265306,0.01020408163265306,0.01020408163265306,0.01020408163265306,0.01020408163265306,0.01020408163265306,0.01020408163265306,0.01020408163265306,0.01020408163265306,-0.021414597059807944,0.01020408163265306,0.01020408163265306,0.01020408163265306,-0.08127396414213854,0.01020408163265306,0.01020408163265306,0.01020408163265306,0.01020408163265306,0.01020408163265306,0.01020408163265306,0.01020408163265306,-0.09500090410063107,0.01020408163265306,0.01020408163265306,0.01020408163265306,0.01020408163265306,0.01020408163265306,0.01020408163265306,0.01020408163265306,0.01020408163265306,0.01020408163265306,0.01020408163265306,0.01020408163265306,0.01020408163265306,0.01020408163265306,0.01020408163265306,0.01020408163265306,0.01020408163265306,0.01020408163265306,0.01020408163265306,0.01020408163265306,0.01020408163265306,0.01020408163265306,0.01020408163265306,0.01020408163265306,0.01020408163265306,0.01020408163265306,0.01020408163265306,0.01020408163265306,0.01020408163265306,0.01020408163265306,0.01020408163265306,0.01020408163265306,0.01020408163265306,0.01020408163265306,0.01020408163265306,0.01020408163265306,0.01020408163265306,0.01020408163265306,0.01020408163265306,0.01020408163265306,0.01020408163265306,0.01020408163265306,0.01020408163265306,0.03058814658782468,0.01020408163265306,0.01020408163265306,0.01020408163265306,0.2343702061085726,0.01020408163265306,0.3446836607055142,0.01020408163265306,-0.16309867129554256
2026-03-27,0.01020408163265306,-0.028885578169484095,0.01020408163265306,-0.015470258290117856,-0.018263924847604966,0.01020408163265306,0.01020408163265306,0.01020408163265306,0.01020408163265306,0.01020408163265306,-0.04392662711554414,0.01020408163265306,0.007483903337830928,0.01020408163265306,0.00020543027558230995,0.01020408163265306,0.01020408163265306,-0.0041355320960097496,0.01020408163265306,0.01020408163265306,0.01020408163265306,0.01020408163265306,0.01020408163265306,0.01020408163265306,0.01020408163265306,0.01020408163265306,0.01020408163265306,0.01020408163265306,0.01020408163265306,0.01020408163265306,0.01020408163265306,0.01020408163265306,0.01020408163265306,0.01020408163265306,-0.02254368840040264,0.01020408163265306,0.01020408163265306,0.01020408163265306,-0.0799176760554667,0.01020408163265306,0.01020408163265306,0.01020408163265306,0.01020408163265306,0.01020408163265306,0.01020408163265306,0.01020408163265306,-0.09734094086841452,0.01020408163265306,0.01020408163265306,0.01020408163265306,0.01020408163265306,0.01020408163265306,0.01020408163265306,0.01020408163265306,0.01020408163265306,0.01020408163265306,0.01020408163265306,0.01020408163265306,0.01020408163265306,0.01020408163265306,0.01020408163265306,0.01020408163265306,0.01020408163265306,0.01020408163265306,0.01020408163265306,0.01020408163265306,0.01020408163265306,0.01020408163265306,0.01020408163265306,0.01020408163265306,0.01020408163265306,0.01020408163265306,0.01020408163265306,0.01020408163265306,0.01020408163265306,0.01020408163265306,0.01020408163265306,0.01020408163265306,0.01020408163265306,0.01020408163265306,0.01020408163265306,0.01020408163265306,0.01020408163265306,0.01020408163265306,0.01020408163265306,0.01020408163265306,0.01020408163265306,0.01020408163265306,0.01020408163265306,0.030091282188827784,0.01020408163265306,0.01020408163265306,0.01020408163265306,0.23606632170419672,0.01020408163265306,0.34332302865202363,0.01020408163265306,-0.16382859745827388
2026-03-30,0.01020408163265306,-0.0113211758963576,0.01020408163265306,-0.0328219273832787,-0.016733197182374357,0.01020408163265306,0.01020408163265306,0.01020408163265306,0.01020408163265306,0.01020408163265306,-0.05212926111919766,0.01020408163265306,0.0027054449606690933,0.01020408163265306,0.01020408163265306,0.01020408163265306,0.01020408163265306,0.01020408163265306,0.01020408163265306,0.01020408163265306,0.01020408163265306,0.01020408163265306,0.01020408163265306,0.01020408163265306,0.01020408163265306,0.01020408163265306,0.01020408163265306,0.01020408163265306,0.01020408163265306,0.01020408163265306,0.01020408163265306,0.01020408163265306,0.01020408163265306,0.01020408163265306,-0.02840337983300302,0.01020408163265306,0.01020408163265306,0.01020408163265306,-0.08173674881348164,0.01020408163265306,0.01020408163265306,0.01020408163265306,0.01020408163265306,0.01020408163265306,0.01020408163265306,0.01020408163265306,-0.10524921585611505,0.01020408163265306,0.01020408163265306,0.01020408163265306,0.01020408163265306,0.01020408163265306,0.01020408163265306,0.01020408163265306,0.01020408163265306,0.01020408163265306,0.01020408163265306,0.01020408163265306,0.01020408163265306,0.01020408163265306,0.01020408163265306,0.01020408163265306,0.01020408163265306,0.01020408163265306,0.01020408163265306,0.01020408163265306,0.01020408163265306,0.01020408163265306,0.01020408163265306,0.01020408163265306,0.01020408163265306,0.01020408163265306,0.01020408163265306,0.01020408163265306,0.01020408163265306,0.01020408163265306,0.01020408163265306,0.01020408163265306,0.01020408163265306,0.01020408163265306,0.01020408163265306,0.01020408163265306,0.01020408163265306,0.01020408163265306,0.01020408163265306,0.01020408163265306,0.01020408163265306,0.01020408163265306,0.01020408163265306,0.028821578904706442,0.01020408163265306,0.01020408163265306,0.01020408163265306,0.23905727266138893,0.01020408163265306,0.3412106628891605,0.01020408163265306,-0.16095107374028017
2026-03-31,0.01020408163265306,0.0047562297021633655,0.020596459401524533,-0.0738139712957046,-0.012971332567282544,0.01020408163265306,0.01020408163265306,0.01020408163265306,0.01020408163265306,0.01020408163265306,-0.027250789016512005,0.01020408163265306,0.006638920377401582,0.01020408163265306,-0.05550810989676566,0.01020408163265306,0.01020408163265306,0.01020408163265306,0.01020408163265306,0.01020408163265306,0.01020408163265306,0.007057787323287064,0.01020408163265306,0.01020408163265306,0.01020408163265306,0.01020408163265306,0.01020408163265306,0.01020408163265306,0.01020408163265306,0.01020408163265306,0.01020408163265306,0.01020408163265306,0.01020408163265306,0.01020408163265306,-0.05233384510765168,-0.04073079108899832,0.01020408163265306,-0.03539301783097502,-0.07086884509992573,0.01020408163265306,0.01020408163265306,0.01020408163265306,-0.05370350337874649,0.01020408163265306,0.01020408163265306,0.01020408163265306,-0.1047683235078226,0.01020408163265306,0.01020408163265306,0.01020408163265306,0.01020408163265306,-0.0031167633954560167,0.01020408163265306,0.01020408163265306,0.01020408163265306,0.01020408163265306,0.01020408163265306,0.01020408163265306,0.01020408163265306,0.01020408163265306,0.01020408163265306,0.01020408163265306,0.01020408163265306,0.01020408163265306,0.01020408163265306,0.01020408163265306,0.01020408163265306,0.01020408163265306,0.01020408163265306,0.01020408163265306,0.01020408163265306,0.01020408163265306,0.01020408163265306,0.01020408163265306,0.01020408163265306,0.01020408163265306,-0.18279447424914058,0.01020408163265306,-0.02614647855534718,0.01020408163265306,0.01020408163265306,0.01020408163265306,0.01020408163265306,0.01020408163265306,0.01020408163265306,0.07859324509747177,0.01020408163265306,0.01020408163265306,0.01020408163265306,0.2352477239144,0.01020408163265306,0.01020408163265306,0.01020408163265306,0.2613813232700727,0.01020408163265306,0.45790630181524816,0.01020408163265306,-0.1082879499928734
2026-04-01,0.001125856442748473,-0.039339699350565985,0.0822490624647221,-0.08316295392950926,-0.028703839966442005,0.013244899708990128,0.01020408163265306,0.023337904829569635,0.16777293065961502,0.053348893442997355,-0.025005013200270966,-0.032540883909317704,-0.0445197348408773,0.01020408163265306,-0.05121026312887393,-0.08823590142375624,0.01020408163265306,0.01020408163265306,0.07818018358966534,0.01020408163265306,0.003379557966752946,0.01020408163265306,0.01020408163265306,0.01020408163265306,0.01020408163265306,0.02991153715999139,0.01020408163265306,0.1172784071736949,-0.04235536809923099,0.01020408163265306,-0.02489779042421294,0.013485754705046551,0.023336704517183955,0.07163076271070594,-0.06858296208513803,-0.09817714689480253,0.01020408163265306,-0.13278970397803075,-0.06103481798265793,-0.08958145298870823,0.01020408163265306,0.01020408163265306,-0.13145036639800994,0.07991777640097089,0.01020408163265306,0.01020408163265306,-0.12425949897954681,0.01020408163265306,-0.05373109753746419,0.01775102865574265,0.000824667028142682,-0.013525607411677373,0.01020408163265306,0.009525568847646054,0.01020408163265306,0.01276030182269583,0.01020408163265306,0.01020408163265306,0.01020408163265306,0.16610473384667518,0.03387377126417943,0.03257773331664381,0.01020408163265306,0.01913745913753272,0.03764281789590918,0.01020408163265306,-0.1360678114764671,0.01101649274861674,0.01890777069410684,0.03647158604665187,0.01020408163265306,0.01020408163265306,0.01020408163265306,0.08764848538258259,0.01020408163265306,0.01020408163265306,-0.2582485014790274,0.01020408163265306,-0.10515173796314581,-0.014073604120369334,0.0726210347475123,0.01020408163265306,0.1449491916606227,0.01020408163265306,-0.005168838956722443,0.07824762285518556,0.02815866788794437,0.054032819372044696,-0.02937639634827969,0.07896082903774956,0.10702685424151467,-0.0008149243259514688,0.006577102773397344,0.2599221091305141,0.01020408163265306,0.5001973592231405,0.019656405271819572,-0.14752142133972038
2026-04-02,-0.05763092969851692,-0.08181858938386441,0.09112606908919131,-0.03411960405878664,-0.014590506727617835,0.0586380560805599,-0.05730698514653981,0.08585232032806685,0.1475668915497978,0.17478665601580018,-0.04808805827724845,-0.046382813532471215,-0.0757999515615129,-0.0321637291793582,-0.0824796749632364,-0.16071006450619485,0.01861813802795221,0.035357497994131744,0.26009761363435774,-0.07812240268945149,-0.0416150016717023,-0.034693366574140336,0.01020408163265306,-0.034232607509118704,-0.030794076712905988,0.07406479931269996,0.014148169510873575,0.154062527539303,-0.10228449201030018,0.017691310755904528,-0.07118054974567772,-0.026502633642239384,0.16066772638218435,0.17155335369884359,0.08370202368596574,-0.13436505494401038,0.09781700388532961,-0.18017679759191546,0.038666012217453735,-0.21168953229235266,0.04503797463867777,0.11452710601965699,-0.16489367048250322,0.22904671253153483,-0.018194045977317955,0.01020408163265306,-0.18088840632429573,0.05890070965962155,-0.3034095124259766,0.01020408163265306,-0.06585744397456739,-0.07295092539952489,0.10967171012821353,-0.03613968505617226,-0.07542385756208016,-0.04609095975876808,0.01020408163265306,-0.10759123321906476,-0.024844515955453665,0.29544320218687714,0.04836685295094914,0.04616859703732648,0.21149798650178986,0.01020408163265306,0.004292240148565153,-0.04864208775152035,-0.27702335211487145,0.304524146838189,0.01020408163265306,0.032674772573548026,0.27255539501634823,-0.37506932736991944,0.032027363321781604,0.2219522041949796,0.053250217940115196,0.16401835692801384,-0.25695243015543373,-0.002938068539142979,-0.15213589261223417,-0.17235695776664298,0.011800529181689199,0.01020408163265306,0.14913305411540886,0.12031386237514688,-0.20974180660406008,0.01020408163265306,0.01020408163265306,0.17281652999493763,-0.11980746281333136,0.0661954945156418,0.01020408163265306,-0.12014108801133479,0.11863196060394604,0.2870110500650232,0.07213009820550301,0.5756757256609031,0.051351737585852,-0.18763242466180766
2026-04-06,-0.0553777692700102,-0.07796835822475487,0.10480463119210078,-0.03260894006878777,-0.006167399389595067,0.05953482960585714,-0.10703004283122207,0.08231658292507878,0.13192762616363585,0.1523250888685052,-0.05541422677039734,-0.021853059035849727,-0.08109960220328698,-0.01582077339688625,-0.04821732801737556,-0.1577624520912204,-0.0030927203731306568,0.006912867060716411,0.3310287122155837,-0.06208970628992283,-0.04760421013263587,0.013402084800175608,0.0053791137764859125,-0.06088646998042331,-0.09198422830267879,0.07287217481582292,-0.032471134386960934,0.15389528258899832,-0.14285403371678929,0.018984906387887142,-0.06723614445812923,-0.04573341637073295,0.18173912538759232,0.2455935351030998,0.09664295692549837,-0.17131243533801468,0.11604137976519566,-0.15108384171334516,0.046315796436451936,-0.23415731953607216,0.024170020972566313,0.1529578693514096,-0.17053393893447008,0.3135039561331078,0.01020408163265306,0.01020408163265306,-0.15631921934661397,0.04673021629082966,-0.3313449808371942,-0.01185043744309035,-0.04538534326975527,-0.09617317027843898,0.17843484909623925,-0.01506653457950363,-0.10020794919166327,-0.11265660360577479,0.02982036992619652,-0.1179169915684339,-0.10293162662203956,0.34173985391368883,0.028601552884135684,0.08234497569394206,0.19599528970008293,-0.046262252384626015,-0.10099918471238586,-0.11023460067661071,-0.3527288560784744,0.37277482656623034,0.02554700964655314,0.03052563816009045,0.3466075240060964,-0.41009446952687095,0.050949053359893054,0.27114412709050895,0.012174038756235284,0.19481693375617645,-0.2554662682120725,-0.05774385572598363,-0.16248401782843128,-0.1928684783566691,-0.023084936396177307,0.02810815648405393,0.13134612806518237,0.15466190382358763,-0.1765201452853163,0.029092560630397425,0.09959166464921292,0.23254175872646463,-0.1512211666680654,-0.0026128558423264697,0.01020408163265306,-0.1602425431318204,0.18031033169364288,0.29704363659776173,0.05764001584586078,0.5937904377554489,0.07898131356198161,-0.19949891365319156
2026-04-07,-0.05051803595782854,-0.10030026129488163,0.09109526133941744,-0.02351572734265265,-0.03521418231496211,0.06303737985623169,-0.052126273992800426,0.011788297516228431,0.14599675355814987,0.2050855472603377,-0.044231941907309294,-0.05427827807293503,-0.06292185753325773,-0.0368535113470977,-0.10057491188435691,-0.1098146277317944,-0.0017010455375273403,0.03426205062963109,0.22905348246352883,0.0076195003618044765,-0.051502873961195246,-0.008262166261628468,0.017003027196003488,0.0009752043443441126,-0.04356928306031558,0.04211481042841154,-0.0287832082407875,0.15682235005855236,-0.05975001905204021,0.01020408163265306,-0.0825835289499468,-0.06808315752786352,0.1476497014735031,0.18646534297135767,0.07830072065797085,-0.10106298302108975,0.06954334201776988,-0.1396019864120507,0.00838330230396585,-0.2367424289689318,0.05069402239649172,0.14439730199579728,-0.14794992769383417,0.2622892624490489,-0.06162044163890919,-0.004315432530419928,-0.13920565635626522,0.06211587433863865,-0.30185060830056826,-0.0014103590906006797,-0.03940543501359914,-0.10084286084890708,0.10422184707704676,-0.025069352593261943,-0.03950798002709291,-0.050412646982607494,0.01020408163265306,-0.08611760514647075,-0.06905981283107249,0.28448209407935376,0.03015544014389083,0.06106137378722341,0.1846640393400344,0.00598994525186355,-0.04337510366294501,-0.11516659492058291,-0.29909660925627285,0.3414940987452864,0.038307553661858194,0.01780346754916382,0.326518400899721,-0.2935549265454459,0.019313613515252494,0.12053600384472431,0.026959668133629495,0.14986192621359049,-0.2723024668532502,-0.05729859747388023,-0.1195112193954568,-0.16056088609518462,0.01020408163265306,0.01020408163265306,0.19015565663292172,0.12775168527584016,-0.1814889998549942,0.050578645936597465,0.08416559881988622,0.22586924832118926,-0.11465700646642084,0.08772877450671072,0.01020408163265306,-0.17531304060119424,0.05254201134577081,0.2775865555133203,0.06136489103004259,0.6168615039662146,0.04855214264798448,-0.20915326946707727
2026-04-08,-0.015253737710493332,-0.0733085821164988,0.09289865149262634,-0.042729563511327215,-0.048260454608945354,0.01020408163265306,0.01020408163265306,0.01020408163265306,0.1802663846925,0.13241259979849707,-0.02935032130620472,-0.046418602354440064,-0.05919914136803374,-0.0038657384721224996,-0.09260376304240454,-0.09070287598859238,0.01020408163265306,0.01020408163265306,0.1358541427551017,0.01020408163265306,-0.040168611230987805,0.01020408163265306,0.007529890748505649,0.02827196820983171,0.009956153325191312,0.0534800886815677,0.01020408163265306,0.13001074768284998,-0.011650438785448287,0.01020408163265306,-0.03324795135589419,0.01020408163265306,0.04553832791518608,0.10992428976853348,0.007886303534613386,-0.08607809566661173,0.01020408163265306,-0.13878145230679065,-0.04741134748719091,-0.16718177899358208,0.022067123598510964,0.044503662280156654,-0.1190753876993604,0.13740530524479794,-0.011056579845963,0.01020408163265306,-0.12769274263201094,0.01020408163265306,-0.18267100900571265,0.01894951382316293,-0.0053334928661748285,-0.06635346698421091,0.01020408163265306,0.0037340606921163573,0.0013512299391620162,0.01020408163265306,0.01020408163265306,0.01020408163265306,0.00728442573505683,0.21011298856266655,0.01020408163265306,0.022964575385789665,0.10117692714051275,0.017261331308749312,0.01020408163265306,-0.02973064427761902,-0.22544664839471001,0.1385745491188763,0.06486372754465848,0.018556769723711265,0.11041864740906356,-0.1255744729111983,0.01020408163265306,0.07753967007526376,0.07961571779704794,0.01190915745262181,-0.25756623288317476,0.008386120327620743,-0.10333450627265982,-0.08509885418195948,0.044576061708028705,0.01020408163265306,0.21226587180937628,0.014747571501526398,-0.13747678653955053,0.1326188455451068,0.03602753373859448,0.0953007802786092,-0.04478346987580504,0.17910257672371885,0.016611825966314744,-0.12383396222269565,0.007218460014188084,0.2313557684908746,0.04997723106318115,0.5587015343083717,0.016473127583579644,-0.1687272418833614
2026-04-09,-0.025905057783623446,-0.0786993646135015,0.08670292177714035,-0.036976607968157944,-0.05185695021020791,0.013374409852586198,-0.002215941082407939,0.008741688217666547,0.16789538739318863,0.17217350149213023,-0.034640809530070246,-0.036407300367454196,-0.06313773051912881,-0.010779749726701588,-0.09163875738301593,-0.08916363727498887,0.049132418582910856,0.01020408163265306,0.12909095441090682,0.01020408163265306,-0.04639184200565751,-0.0069871501444536705,-0.0028480409325314527,0.021391829357949074,0.0015985283430719182,0.051485113653502675,0.01020408163265306,0.1370390556181363,-0.00029319199064185494,0.01020408163265306,-0.035249492244368325,7.456169475659503e-05,0.054510098197919264,0.11567081532146234,0.01020408163265306,-0.08402107616460257,0.01020408163265306,-0.12417410896088797,-0.052156654278605837,-0.17709765308914802,0.030302303483037335,0.058976332816410175,-0.1213814239150365,0.17679895847602595,-0.01926174656246795,0.01020408163265306,-0.13522212507040504,0.01020408163265306,-0.17677678056664034,0.01749525126157244,-0.012464201117447051,-0.07549887220694,0.01020408163265306,-0.00665412827050643,-0.017845890215482565,0.0028326021104880354,0.01020408163265306,0.01020408163265306,-0.028734950531905307,0.24399659701496462,0.01020408163265306,0.036841298182650625,0.14743536960456377,0.01020408163265306,0.002511770502150096,-0.047749246594127374,-0.24098259505446518,0.15622302682636527,0.05422409897660898,0.025461819237764367,0.13917043234298845,-0.15413351897595176,0.01020408163265306,0.09904702250335268,0.10204804521622993,0.036273592531538175,-0.2611240427859468,-0.012557798097442249,-0.09503845317103088,-0.1055818138167714,0.010668005525357975,0.005666165012651615,0.252185370881654,0.027749117521462877,-0.18283051674270923,0.11915182278447073,0.028173866931826476,0.11075628294663255,-0.044726365363774896,0.1784688788470088,0.012937959200508697,-0.13370442405216376,-0.008022934573083737,0.21847199941723766,0.054039903360329704,0.5754005394462426,0.028226439569383664,-0.17234035534749462
2026-04-10,-0.05674508685537202,-0.09156696408834622,0.08756262704908815,-0.03150701470209437,-0.050834600721328824,0.03507437064050681,-0.056933051328164674,0.01020408163265306,0.16855360304215192,0.2476476968878148,-0.04516452647633877,-0.01821423848706591,-0.07060084048249247,-0.01711005771169706,-0.11226703689776002,-0.06879245416986669,0.04720708106044332,0.019163130662930395,0.16635417307140657,0.01020408163265306,-0.06216337677294466,-0.03329385985704459,-0.015891647890113762,0.01020408163265306,0.0024171886648867227,0.02415535276274805,0.01020408163265306,0.11501757805623347,-0.03912546115126837,-0.019777345816604917,-0.07255383255866955,-0.033597876323341526,0.06726633825741071,0.1206080881463891,0.08363798034481845,-0.07768027321187274,0.01944057437227991,-0.09190480673594385,-0.02401197508900193,-0.22550237311461344,0.06225964191574031,0.14509548716678144,-0.13200907650688115,0.2891649275438864,-0.020310424506999623,0.01020408163265306,-0.11575185343373846,0.01020408163265306,-0.20317349155933515,0.0327121437546592,0.0011652282360922629,-0.12374706258384126,0.08200317567750304,-0.0336753877032741,-0.009257554637097752,-0.10549315613683258,-0.0018021517603910905,-0.02340794778392987,-0.11332324214993356,0.29854001623753923,0.003898024549340868,0.08052689441483832,0.2259548548571015,-0.031902084038604166,-0.05824797844303177,-0.14029219186513595,-0.35891610794424517,0.33678945509557356,0.03061563624469267,0.03738019953668391,0.3238638451709568,-0.26953991734133187,0.01020408163265306,0.11116993669147796,0.09270849698712162,0.07485527540062646,-0.27410444200929823,-0.03027639618678079,-0.08829882097190944,-0.16157030221737745,-0.019951885463997433,-0.009512213361491514,0.2259166579484101,0.11491487808005993,-0.22645550643365078,0.14078624332599923,0.01020408163265306,0.22831867166789677,-0.051326513897476465,0.09197338510305274,0.03179556963862434,-0.15727276470411938,-0.015102030136017493,0.209521257712177,0.08555582077995412,0.6068648980699494,0.04562864445571349,-0.20575849812411678
2026-04-13,0.01020408163265306,-0.04566147582934833,0.067636947638393,-0.08081822589573973,-0.007286055961158054,0.01020408163265306,0.01020408163265306,0.01020408163265306,0.11974428105691359,0.06176829759716487,-0.039963165724488776,-0.02077095385943723,-0.015379082696456903,0.01020408163265306,-0.04750685902191806,-0.04945515652522579,0.01020408163265306,0.01020408163265306,0.015679562923447667,0.01020408163265306,-8.650957151190575e-05,0.01020408163265306,0.01020408163265306,0.01020408163265306,0.01020408163265306,0.01020408163265306,0.01020408163265306,0.040986113327562065,0.01020408163265306,0.01020408163265306,-0.014327082376483521,0.01020408163265306,0.01020408163265306,0.0781174460093575,-0.09143787264197492,-0.03790248130296442,0.01020408163265306,-0.07774106491525497,-0.09254192073503813,-0.06623117134432127,0.01020408163265306,0.01020408163265306,-0.10378727692561404,0.02436584820284308,0.01020408163265306,0.01020408163265306,-0.0722385738149267,0.01020408163265306,0.01020408163265306,0.02735387568099741,0.01020408163265306,-0.008829136377321719,0.01020408163265306,0.01020408163265306,0.01020408163265306,0.01020408163265306,0.01020408163265306,0.01020408163265306,0.00379091194407592,0.11078744701072375,0.040749858897244896,0.01020408163265306,0.01020408163265306,0.01020408163265306,0.050079537612699974,0.01020408163265306,-0.13996854752274554,0.01020408163265306,0.01020408163265306,0.05596030303128083,0.01020408163265306,0.01020408163265306,0.01020408163265306,0.01020408163265306,0.01020408163265306,0.01020408163265306,-0.2248879205473657,0.01020408163265306,-0.09349237223280255,-0.016483528421566654,0.04578981489738853,0.01020408163265306,0.1272429579746614,0.01020408163265306,0.01020408163265306,0.10752574754110392,0.040491469010877544,0.01020408163265306,0.01020408163265306,0.12508586534430496,0.038800189147890525,0.01020408163265306,0.01020408163265306,0.2160413005564352,0.01020408163265306,0.5297787171117485,0.019106996742342966,-0.1409033815464055
2026-04-14,0.01020408163265306,-0.008881259266973624,0.026174712333341565,-0.06696804339715133,0.001413626890423422,0.01020408163265306,0.01020408163265306,0.01020408163265306,0.01020408163265306,0.01020408163265306,-0.04071253911913807,0.01020408163265306,0.008682087542843393,0.01020408163265306,-0.02059672507734972,0.004244743462639431,0.01020408163265306,0.01020408163265306,0.01020408163265306,0.01020408163265306,0.01020408163265306,0.01020408163265306,0.01020408163265306,0.01020408163265306,0.01020408163265306,0.01020408163265306,0.01020408163265306,0.01020408163265306,0.01020408163265306,0.01020408163265306,-0.015385834658218729,0.01020408163265306,0.01020408163265306,0.01020408163265306,-0.06833402824088412,-0.01907620315540335,0.01020408163265306,-0.014639832688053,-0.10817837137492861,0.01020408163265306,0.01020408163265306,0.01020408163265306,-0.0706512606407884,0.01020408163265306,0.01020408163265306,0.01020408163265306,-0.06233372342139408,0.01020408163265306,0.01020408163265306,0.01020408163265306,0.01020408163265306,0.0037369844342120062,0.01020408163265306,0.01020408163265306,0.01020408163265306,0.01020408163265306,0.01020408163265306,0.01020408163265306,0.01020408163265306,0.01020408163265306,0.01020408163265306,0.01020408163265306,0.01020408163265306,0.01020408163265306,0.01020408163265306,0.01020408163265306,-0.06692706823412994,0.01020408163265306,0.01020408163265306,0.02281043697473332,0.01020408163265306,0.01020408163265306,0.01020408163265306,0.01020408163265306,0.01020408163265306,0.01020408163265306,-0.13896382960145173,0.01020408163265306,-0.01050415063830725,0.01020408163265306,0.01020408163265306,0.01020408163265306,0.01020408163265306,0.01020408163265306,0.01020408163265306,0.11800555635652826,0.01020408163265306,0.01020408163265306,0.01020408163265306,0.17463620656085208,0.01020408163265306,0.01020408163265306,0.01020408163265306,0.22829852210716686,0.01020408163265306,0.5097919841769567,0.01020408163265306,-0.13053995050919842
2026-04-15,-0.04413265615042642,-0.08196703933292718,0.071860051644976,-0.018762020073703013,-0.021946316123637177,0.005080319200146977,0.006849913386210336,0.01020408163265306,0.1663338025583537,0.22067282648755035,-0.06659601842755894,-0.06518697734882795,-0.06945653274709117,-0.04508274176782161,-0.13071471412508864,-0.08193069785249134,0.01020408163265306,0.010954474057334294,0.16279520230226052,0.08734922528658955,-0.014012463616732999,-0.02008273569350618,-0.0034106654813141606,0.01763347595874552,-0.06774413777083099,0.035885903307218046,0.09380708550137919,0.10653463369117092,-0.03686794633165203,-0.06299407618248501,-0.07281684209452802,0.01020408163265306,0.08445615992211443,0.13307451352284413,0.007095793105577279,-0.07733483520639703,0.04383333782197971,-0.12082503256263259,-0.0004063593133883433,-0.19486361593516036,0.05462293656309405,0.14205895041533217,-0.07929723325235175,0.1803493696863969,-0.12003846916024884,0.01020408163265306,-0.09355625940184632,-0.01056856903642669,-0.2165755151711835,0.08789864894117128,0.014945917147851123,-0.12095646121263896,0.09861286230220863,-0.03329797983165206,0.04111722726417225,-0.08610092109461981,0.01020408163265306,-0.04246623839072702,-0.1181086488836064,0.2455420889248074,0.008342954352890092,0.029935237800649626,0.1888237596775229,0.005413255105319458,-0.049927356862694214,-0.15847753876666934,-0.30435043100516607,0.29362132893049026,0.08148577874755644,0.032142368020025056,0.23817033913524052,-0.23450462253426874,0.03271574264843175,0.08615125605379356,0.04737550772260931,0.016540610307389316,-0.2035942637360723,-0.04350872091368564,-0.13890963258955144,-0.13877763605632967,-0.026644059844678436,0.0318511916516174,0.28068857435547173,0.1309800335113781,-0.23920533924922233,0.1590994052277474,0.08205216920211775,0.18823376050029697,-0.05746298912402076,0.07896305586483793,0.0712618167006634,-0.12156967629550954,-0.04981633987042801,0.21394475712479566,0.04693399766873644,0.6302288692561278,0.023444608569721193,-0.18393617887638092
2026-04-16,-0.013542089089958508,-0.07157922892305749,0.07619510686029536,-0.03135875089692934,-0.02308630085437057,0.01020408163265306,0.01020408163265306,0.01020408163265306,0.15754892097506037,0.14388293905001334,-0.07007653940447914,-0.0658199656324259,-0.05387118963149959,-0.028787233093773644,-0.06892919509973716,-0.10945998512905152,0.01020408163265306,0.01020408163265306,0.15027204606430122,0.07063219684270713,-0.007305147352333138,0.007090255330826084,-0.004340056231882985,0.01020408163265306,-0.0433097207298058,0.05775097166258379,0.045697285791631626,0.10149843791437194,0.01020408163265306,-0.024823717163535118,-0.028589612099394646,0.01020408163265306,0.0632095406551761,0.1278915363352758,-0.053221580937591995,-0.05313269633396005,0.01020408163265306,-0.16177710062930595,-0.02355866000740609,-0.1347735871364115,0.01020408163265306,0.07387953205297587,-0.07643005612318605,0.09931031490818157,-0.09051778290169021,0.01020408163265306,-0.08683003226754696,-0.005565015422542766,-0.16747800433042162,0.0752445075068672,0.009100590340144904,-0.06925485411489136,0.06141844025922146,-0.0030683079848588275,0.01020408163265306,-0.019251420078601048,0.01020408163265306,-0.004961702501495427,-0.08354817739526599,0.1961782442748929,0.011831397269028904,0.012302765410366102,0.10316440043700907,0.05291805009212377,0.01020408163265306,-0.04073215065993147,-0.21679172815405878,0.11209574095598726,0.08638933379355056,0.03728905972517352,0.10539479371204034,-0.15562225108277153,0.01020408163265306,0.09570309931976011,0.03206652541130601,0.01020408163265306,-0.21209804105705296,-0.0006878295967433102,-0.13539030810927943,-0.0968080012777385,0.01020408163265306,0.01728435301297442,0.324353488653488,0.06459050256801155,-0.2039359852339162,0.14087254254728676,0.09813283466979109,0.059436736159195216,-0.038291999459990185,0.1132773283381605,0.08170256878188337,-0.085407211775724,-0.06073987570119389,0.20249537083195102,0.01084283481484284,0.6102462554092054,0.026088915582625938,-0.1639960604695797
2026-04-17,-0.005235967899894991,-0.048842409063048084,0.07263067497656937,-0.029507067342783272,-0.02301569396019206,0.01020408163265306,0.01020408163265306,0.01020408163265306,0.15066599586582902,0.08276675144039608,-0.06621713777317996,-0.057798586176514344,-0.05700262473854417,-0.010337316527782825,-0.02429975246250564,-0.10765568746582233,0.01020408163265306,0.01020408163265306,0.13443495444515724,0.04531182348495053,-0.011520717533617586,0.01020408163265306,-0.012860169794323148,0.01020408163265306,-0.026469709224719522,0.0582446925544501,0.01020408163265306,0.11356965659305987,0.01020408163265306,0.003249884027842936,-0.011001338318947214,0.02190494561036292,0.04240776305526498,0.14322446672518016,-0.10417281961392663,-0.06536331852369875,0.01020408163265306,-0.1750801002327165,-0.031734304357677656,-0.13113624683179886,0.01020408163265306,0.018311900550894506,-0.07182904755165945,0.04533735727403681,-0.036929899782549784,0.01020408163265306,-0.08137203167278934,-0.0015567340787886203,-0.13722040313513525,0.05792472495261003,0.005568701882392803,-0.025243456820346198,0.02040759483648266,0.01020408163265306,0.01020408163265306,0.008591986724727343,0.01020408163265306,0.01020408163265306,-0.05268314647364959,0.18930482751116132,0.01020408163265306,0.01020408163265306,0.05895924072424991,0.03723483227357856,0.028928569317021716,0.01020408163265306,-0.19906115381732886,0.01020408163265306,0.0821030332972313,0.03742347706341942,0.01020408163265306,-0.036906508348260696,0.01020408163265306,0.1318398176439258,0.012965405689487444,0.01020408163265306,-0.19892324655603888,0.01020408163265306,-0.1535897439639847,-0.04727678584981903,0.01020408163265306,0.01020408163265306,0.29083377437276253,0.025137957251490716,-0.15196675216589547,0.09907084608281957,0.13165460579274008,0.01020408163265306,-0.04840406682938128,0.08660848181329012,0.10443215198317078,-0.021323586247343804,-0.03247987944261324,0.1904212319809178,0.01020408163265306,0.5779930623781451,0.029413392215869534,-0.12857545752849694
2026-04-20,-0.006462299202191197,-0.05126107518949375,0.07988456432077752,-0.033573376604805215,-0.014979161398414287,0.01020408163265306,0.01020408163265306,0.01020408163265306,0.1645299487771109,0.051560906861359626,-0.06341669143063167,-0.044696224349579816,-0.04393122573956876,-0.001614731028342642,-0.014473957083205336,-0.11282268949707269,0.01020408163265306,0.01020408163265306,0.1278594664103122,0.01020408163265306,-0.01409995833544689,0.01020408163265306,-0.030415702055126607,0.01020408163265306,-0.001869338592814877,0.03752894089135873,0.01020408163265306,0.08508417689742363,0.01020408163265306,0.01020408163265306,-0.01492659771473597,0.02299395677934194,0.026103506149018164,0.1240238770641567,-0.11375145195162488,-0.07251896720160383,0.01020408163265306,-0.13821811694435363,-0.028321425867503906,-0.11656562632693908,0.01020408163265306,0.01020408163265306,-0.06789904625267229,0.01020408163265306,-0.0397885932917826,0.01020408163265306,-0.0690981783970683,-0.006035290507238304,-0.08511886668534985,0.057452494795648804,0.01020408163265306,0.007313968127255779,0.01020408163265306,0.01020408163265306,0.01020408163265306,0.01020408163265306,0.01020408163265306,0.01020408163265306,-0.02296598500065941,0.20480924496372419,0.01020408163265306,0.01020408163265306,0.022436746765497836,0.01020408163265306,0.04690316993435395,0.01020408163265306,-0.19011186195708027,0.01020408163265306,0.033250327482079935,0.046345410421149376,0.01020408163265306,0.0012848038767558287,0.01020408163265306,0.14224669447015417,0.01020408163265306,0.01020408163265306,-0.21455203869287645,0.01020408163265306,-0.15548624547683054,-0.024362235404612978,0.012435240546267051,0.01020408163265306,0.23461782356557753,0.01020408163265306,-0.09736632329304074,0.09652651402407852,0.08847070757700434,0.01020408163265306,-0.03844499282157497,0.07988127284404635,0.0961283134382244,0.01020408163265306,0.00030951117339892385,0.1966871257757659,0.01020408163265306,0.5677433890239303,0.012161676713441136,-0.1251806074157883
2026-04-21,-0.011692625586732524,-0.06300621240212215,0.08351125656611891,-0.023437877842463754,-0.01434652724150409,0.01020408163265306,0.01020408163265306,0.01020408163265306,0.1708380546007574,0.06638783514944058,-0.06801475387846002,-0.05189888527307785,-0.05431445824824947,-0.011890268544623243,-0.012171077514156635,-0.1384724919947099,0.01020408163265306,0.01020408163265306,0.1704455332218701,0.024706235655425134,-0.01557207037970239,0.01020408163265306,-0.036713339869118136,0.01020408163265306,-0.020856070435177627,0.05425232240740918,0.01020408163265306,0.10630042399242898,0.01020408163265306,0.0024741701796395206,-0.009717594120477588,0.037964450555008133,0.04078437482955622,0.14742339302095803,-0.11707688054703337,-0.07451916590758415,0.01020408163265306,-0.15415148429351577,-0.014371078093252757,-0.12376631779684001,0.01020408163265306,0.01020408163265306,-0.06850316232512509,0.01020408163265306,-0.06276999791308663,0.01020408163265306,-0.08289765213311633,-0.01885096503258297,-0.12681021956338423,0.05658588146336409,0.01020408163265306,0.0022754401261196842,0.01020408163265306,0.0076095967773835115,0.01020408163265306,0.01020408163265306,0.01020408163265306,0.002942179592867325,-0.03542829285070381,0.21566142767563423,0.01020408163265306,0.01020408163265306,0.07240866959440732,0.02303350733434452,0.03582797734886898,0.01020408163265306,-0.1928578772319509,0.01020408163265306,0.055941090927414346,0.046987976067487704,0.01020408163265306,-0.05122043571736184,0.01020408163265306,0.17241038665629174,0.014548014949456328,0.01020408163265306,-0.2192613889308091,0.01020408163265306,-0.1692911998885008,-0.050164121845704554,0.010538405891487215,0.01020408163265306,0.27168850097728564,0.023548752161938316,-0.12281312470418045,0.10160780124516208,0.09543073554273834,0.01020408163265306,-0.04481473232276229,0.08534038172087419,0.08461843524546292,-0.00028446172097815886,0.0003390181855651188,0.1953181416519563,0.01020408163265306,0.5816312917189914,0.02082190700586864,-0.12636920687012546
2026-04-22,-0.08717470681039831,-0.07037324895256722,0.05760575401719293,-0.0057978432271135905,-0.02369941181334096,-0.07390650683599914,0.044370595701352926,0.08796063504241446,0.18769313706179502,0.23787635476229566,-0.08919254883509908,-0.06425651481099538,-0.05712458222663186,-0.05561638810040384,-0.17007176026211135,-0.12205592975644207,0.21141969047593842,0.007161224390140747,0.1307676923066684,0.019981852294198656,-0.09273716762998721,-0.04214487155713122,-0.037206132740754655,-0.049286483906741375,-0.1314710240797278,0.03276253471717621,0.09171143734693675,0.11156859765857606,0.14480163002447194,-0.09324180706820123,-0.03055873254411371,0.11210934386326048,0.03248065834825303,0.219562064656773,0.15700846011123556,-0.10341802642097805,0.021169113942885363,-0.06510110172223159,0.06304148297556857,-0.16700303973879052,0.04296979806853449,0.1358414570242322,-0.03778903776697359,0.058671276637371664,-0.1518344522613875,0.12376288673599734,-0.1529473969860139,-0.23089407649870192,-0.23697139402632572,0.1405441808892817,0.09112487709370458,-0.20915215800199502,0.3548612213909893,0.0713792161118094,0.028109406122584224,-0.10220871532092375,-0.11660922928637317,-0.08017174201709035,-0.15321778709599057,0.36680098959601304,-0.11202774777466162,0.06472666479155903,0.18525347372729103,-0.12525295684097223,-0.1265688951616676,-0.21358754315955944,-0.4205157673895488,0.35221882349225203,0.01093547526942101,0.0033179726275100003,0.3122251884744017,-0.5080766250537148,-0.03342058542735981,0.15770096626690777,0.26735830626080415,0.1689279874100357,-0.1357371118611819,-0.13010994321103023,-0.2351356944597692,-0.18455081393951697,-0.2125497211961918,0.06508398769426048,0.47838549199577257,0.15686045248381422,-0.45573998049721853,0.2639538330314043,0.15482051283236276,0.23083278545168728,-0.06543080001850625,0.3828266249595134,-0.17036217777172796,-0.269602180057058,0.17143269158854357,0.16596052260830785,0.15613778478180307,0.574216466742981,-0.05381753282267228,-0.1525736869143915
2026-04-23,-0.01333940072860114,-0.04572823475526298,0.038607474966598325,-0.001585188380011612,-0.01676811421664636,-0.006547152364779938,0.039634087376920715,0.08036585167389047,0.17494820991090454,0.10942685260536841,-0.0845380259942717,-0.05439138100808273,-0.09455356007615039,-0.017713786883253223,-0.08167864896019056,-0.044659656344743406,0.049562792931320904,0.00980414556385614,0.2425892833088011,0.021306791395305454,-0.029368051907770802,0.01792399136471038,-0.060998876756712894,-0.04552161246593503,-0.09739692197311604,0.01069163802236431,0.03839361012899749,0.11391937821928595,-0.04292609298615553,-0.08199021753247296,0.008947639112298561,0.08882588686117956,0.06970790911214428,0.24030114778399717,0.08120684085033895,-0.16060977651340685,0.06004240844220986,-0.07986523454306262,-0.00440223017275084,-0.18227977648195756,0.005526611936872187,0.03575360953816422,-0.09132002873418854,0.07101257589711067,-0.08876786830539234,0.0361544480807484,-0.1070938312487017,-0.14646347064768964,-0.26401307101868776,0.14916861127791858,-0.0017108811569112436,-0.11956186225344063,0.16002830770704288,-0.007353540762377106,0.07479751892450337,-0.14668832330393317,-0.029014389741514393,-0.03160286841199025,-0.13112371609805606,0.2522646316650148,-0.1018380161986561,0.01020408163265306,0.24738238350077726,-0.06122726052329025,-0.11114325049449465,-0.2547230997317853,-0.3416329379195657,0.25298756575955894,0.048615444642707936,0.013882677370772298,0.2104004082559816,-0.2642808877634215,0.06767658733340577,0.2823714729050463,0.1142370295941971,0.03621882772497315,-0.1511638506848472,-0.039727906325213884,-0.18057327888118993,-0.15306899916682498,-0.102323297502452,0.07293202466965683,0.34483204215990226,0.12016912894201201,-0.30945237347557464,0.16276440648342733,0.27665031284620845,0.28861440395341315,-0.1036733762594047,0.14691373459412374,0.01020408163265306,-0.056750062582232516,-0.036087081431376254,0.13872537910256685,0.1434206639516223,0.4560851086919668,0.01020408163265306,-0.057162630369599135
2026-04-24,0.01020408163265306,-0.0015637206498346368,0.01020408163265306,-0.031052752532722112,0.005049490843595667,0.01020408163265306,0.01020408163265306,0.01020408163265306,0.01020408163265306,0.01020408163265306,-0.055179222177331885,0.01020408163265306,-0.008053342979885936,0.01020408163265306,0.01020408163265306,0.01020408163265306,0.01020408163265306,0.01020408163265306,0.01020408163265306,0.01020408163265306,0.01020408163265306,0.01020408163265306,0.01020408163265306,0.01020408163265306,0.01020408163265306,0.01020408163265306,0.01020408163265306,0.01020408163265306,0.01020408163265306,0.01020408163265306,-0.050068869160746245,0.01020408163265306,0.01020408163265306,0.01020408163265306,0.005150920454621045,0.01020408163265306,0.01020408163265306,0.01020408163265306,-0.007754930214505287,0.01020408163265306,0.01020408163265306,0.01020408163265306,0.01020408163265306,0.01020408163265306,0.01020408163265306,0.01020408163265306,-0.10857759792079676,0.01020408163265306,0.01020408163265306,0.01020408163265306,0.01020408163265306,0.003605711400239295,0.01020408163265306,0.01020408163265306,0.01020408163265306,0.01020408163265306,0.01020408163265306,0.01020408163265306,0.01020408163265306,0.01020408163265306,0.01020408163265306,0.01020408163265306,0.01020408163265306,0.01020408163265306,0.01020408163265306,0.01020408163265306,0.01020408163265306,0.01020408163265306,0.01020408163265306,0.01020408163265306,0.01020408163265306,0.01020408163265306,0.01020408163265306,0.01020408163265306,0.01020408163265306,0.01020408163265306,0.01020408163265306,0.01020408163265306,0.01020408163265306,0.01020408163265306,0.01020408163265306,0.01020408163265306,0.01020408163265306,0.01020408163265306,0.01020408163265306,0.01020408163265306,0.01020408163265306,0.01020408163265306,0.01020408163265306,0.01020408163265306,0.01020408163265306,0.01020408163265306,0.01020408163265306,0.23679501869841194,0.01020408163265306,0.30179042337046097,0.01020408163265306,-0.1574880679070163
2026-04-27,0.003981171307606701,-0.007390316421786952,0.023345357481441432,0.0039023806251024234,-0.03470330126361741,-0.0006759201948426993,0.03756824131153363,0.07456121605996852,0.21827052234846822,0.13720924668930465,-0.09840494428465037,-0.026473327829414244,-0.08390285451490093,-0.026274977276890703,-0.08937534087024701,-0.0026192381191703137,-0.024605967770202873,0.023880343569207534,0.28645698099659456,0.03843882039752754,-0.025307436259202086,0.06397282600155503,-0.01779759226878068,-0.07617198399116125,-0.13226492184104124,-0.02607487092425645,0.1324406068961388,0.04821227295943081,-0.10720364059428489,-0.10737179513625925,-0.011816688406235632,0.0736811665021269,0.07509792619870048,0.20670031430231087,0.08854713141520486,-0.10939267076135302,0.013663378617650872,0.018565103426364103,-0.040314618655812096,-0.12967129538660702,0.04052849903355313,-0.026074613435194474,-0.1252126358816047,0.10297084771942469,-0.01663031949832533,-0.07057794551701073,-0.06842034668177466,-0.19461479942782675,-0.32854816252449937,0.14782374725250685,-0.027298328287765565,-0.12836921236274534,0.2865939932535863,-0.019716490408183143,0.0944200490512946,-0.16630217594343305,-0.04164892443858058,0.012874843821505114,-0.158087318619051,0.13688553586425886,-0.10164482548587342,0.01020408163265306,0.2769485986470694,-0.11806350706081088,-0.11375159384010988,-0.3486513111211662,-0.3502886551201756,0.24983664816335632,0.0782531002590639,0.016724120623978458,0.28482736641280226,-0.33527138667612577,0.12658056043263846,0.23969399897674346,0.10072012072979528,0.029422159357228646,-0.10861640454429271,-0.053462704134213224,-0.13410960064715735,-0.14872884845363654,0.006946379505166226,0.10930797820046093,0.23976766681298275,0.0956792116278453,-0.40128388206045834,0.16256153369727763,0.4169300089217632,0.3835832952605623,-0.09928261016436045,0.11831945806646502,0.03792555751397639,-0.05008919757720783,-0.13984486409415844,0.15133857355449487,0.154815703681989,0.3639524391814392,0.008313975848999778,-0.0008406934346607692
2026-04-28,0.01020408163265306,-0.030357813925531704,0.02800016385559121,-0.009975121312363904,-0.02730140570812368,0.01020408163265306,0.03155911080928517,0.07039896172334491,0.19024663785965065,0.13994259932939118,-0.08243852855653554,-0.03043287318625891,-0.08215790257232015,-0.05328167523733428,-0.043416879446069215,-0.04788440444310013,0.00249200145425654,0.01020408163265306,0.28790361232577866,0.03352380567791206,-0.013577960658584179,0.05731997411669425,0.004292178525346293,-0.06341694468095009,-0.09602932149708523,0.011558999356912595,0.06873304715837546,0.06727237428062087,-0.07223232323969839,-0.07684369920975191,0.005717007640794298,0.04612840903296137,0.10921605394595217,0.20954742667656326,-0.029072940249264545,-0.0828075699187665,0.01020408163265306,-0.047628370261962386,-0.04243359961835177,-0.09751965128047206,0.03786391466945352,-0.04850915628444782,-0.15235573356188398,0.06656614600402667,-0.034533077920365696,-0.06957835609596276,-0.07783944727649589,-0.13725758876622687,-0.27857699097843586,0.0810151644986059,-0.06781228883079186,-0.08404202668461772,0.23060276986740658,-0.01989987681091685,0.01020408163265306,-0.11067442820657716,0.01020408163265306,0.018353560159038974,-0.09959881831461725,0.09735490586155543,-0.03009718605927393,0.01020408163265306,0.23331710526628796,-0.022106043885988115,0.005980461205438639,-0.24187872877064953,-0.21490390892358616,0.037254185368337855,0.09676124473326744,0.03552794494612338,0.1390202807739085,-0.2375999278547165,0.087905729748405,0.16472113947199604,0.084862470450729,0.01020408163265306,-0.15956797716379084,-0.04949910115038443,-0.0933702303435262,-0.09180651568902445,0.036520325410457306,0.044193162072777896,0.3022295105927314,0.06776460550098645,-0.3094981282782484,0.09668093725034385,0.38007624707302723,0.27286837299742106,-0.07030328984282265,0.13800413417319676,0.061017441396186416,0.01020408163265306,-0.14819132568680068,0.16984116786624537,0.0963708083113961,0.3145496050409019,0.0307639546305059,-0.005367255421391012
2026-04-29,0.0002155040967363308,-0.013633608891141692,0.020878895484619957,-0.012845385084065878,-0.038763033844713024,-0.00755420807621335,0.03599689942941859,0.08400182548371357,0.2097519326851509,0.1662729327957643,-0.08682599518889436,-0.011764546218471094,-0.0816246998383233,-0.05124644043022004,-0.06451457791757396,-0.04600386521659407,0.01020408163265306,0.01020408163265306,0.2987625211571274,0.02268902732185226,-0.03209530302222333,0.06236430457211519,0.009849523095808723,-0.06856666395185099,-0.10024154643270686,-0.007557152628781439,0.10062318224172742,0.039948172954875766,-0.03151232551752953,-0.08646468569000551,0.0032415252767113148,0.059737988868314267,0.0794996159009273,0.1912162173093197,0.01020408163265306,-0.05850042152353574,0.0029725194047304964,-0.0009681683746052168,-0.06357423099356918,-0.07873821103885531,0.057887584467560226,-0.06140938637661657,-0.15658942648167426,0.07935329828114873,-0.031186293270629703,-0.10490604766441732,-0.07365663589451761,-0.17523780544861234,-0.29512233358093093,0.10280857479521761,-0.05104257111612713,-0.11042554450266742,0.26896260611660844,-0.019608563570795587,0.01020408163265306,-0.10080357313716114,-0.013024610095706319,0.051032319446884945,-0.1319457917627962,0.11767049979841601,-0.04745234760958312,0.006579361522114137,0.2746207122187327,-0.06584565871361527,-0.013386039276092993,-0.303658768977426,-0.2731032219176135,0.07220300472530244,0.09116494772247886,0.029574985251934575,0.19311046578625884,-0.28378295453646313,0.1140812399175534,0.15349678162217822,0.11883442594015027,0.015824799623056586,-0.1570024632908756,-0.060990765444310494,-0.09376872517421751,-0.10145894217550838,0.01020408163265306,0.04979933551149049,0.3373219435883309,0.05637950894484368,-0.38171246581150853,0.1261550182589726,0.3935363340324875,0.30764223278098884,-0.04726519853495056,0.17210673635263501,0.03033517845624477,-0.00547600557544768,-0.15207876616266952,0.1657206414394135,0.09742967177640105,0.3185933576905703,0.012808915114789288,0.0008584985578661362
2026-04-30,-0.021529737893990666,-0.04367475588852705,-0.013362900625646363,-0.017751547992766292,-0.07790919400612711,-0.010321600863908957,0.08705604371497898,0.061273497754517146,0.23415077056438946,0.25293004162593763,-0.08598476427218353,-0.041237186881721434,-0.03934698400777233,-0.056988328428201895,-0.07323160541891796,-0.04690934746676439,-0.022264750928010293,-0.07803553635860065,0.3087273788946632,0.007153542633292188,-0.09882957680491057,0.07704593373448188,0.02155982544346026,-0.017216050357250934,-0.08678225231407656,-0.03498498635512167,0.12291430396547474,-0.008999136928900838,0.015265592003717687,-0.06974377845051853,-0.03245344486077856,0.04510166900129479,0.12879048681378052,0.20537460858292408,0.08701879688362468,-0.03070126118351329,-0.09136848130389504,0.06081262801617795,0.0022538718544093846,-0.101013449903091,0.05612858392632827,-0.05241630743744659,-0.07574904164140554,0.10133114934339094,0.026044854358894018,-0.08305571437781976,-0.06599560661684833,-0.25758489668579887,-0.3061966002852865,0.13767820193028943,0.01020408163265306,-0.19805668966155668,0.2876528520347876,0.0769111521291881,-0.03442847950325164,-0.07736584685775043,-0.04848249384406537,0.056147461493377814,-0.1307893430344953,0.15427972221420605,-0.07060663516180686,-0.039249538355622275,0.24909502359743182,-0.0537444330344483,-0.07425509604807244,-0.2852922597099338,-0.3047091595855401,0.07899654674175279,0.0374141136949532,-2.4281264233479843e-06,0.24501371709259384,-0.4462429038964876,0.1653193439876221,0.11238119214833112,0.19564432763673842,0.026102057035850577,-0.17211300380360955,-0.13661404797689924,-0.09077233453883311,-0.09082448610504186,0.03678443719616861,0.058790938572787915,0.4089324847215868,0.07263008512715272,-0.6017307812189349,0.17814442862345697,0.4993131164659727,0.3232550150109376,-0.02031469280162239,0.3057178934666341,-0.0461545886488229,-0.13113933987629697,-0.04137199964548414,0.13619637268968046,0.1638538337340532,0.2621421469022032,-0.05362476691511883,0.009990049893771837
2026-05-01,0.01020408163265306,-0.044334253543124015,0.023690190759022577,-0.030976214954140067,-0.05563003019517021,0.01789071625060217,0.0638866398541751,0.03223099810118593,0.19138526620553808,0.11983984307093713,-0.055374559508430274,-0.05232319098165118,-0.038757581518891276,-0.02267255430804775,-0.06437975677096375,-0.04376101353681946,0.009156075735027807,0.01020408163265306,0.19477970173195103,0.01020408163265306,-0.04707842297524748,0.01937094224415175,-0.02271266147880857,0.01020408163265306,-0.02139231042515325,0.01020408163265306,0.01020408163265306,0.01020408163265306,-0.02438432151881005,-0.006215713061019307,-0.014945664192881509,0.01630645979684363,0.058933657576316884,0.11432589664634815,0.01020408163265306,-0.012106648879146089,0.01020408163265306,-0.08874452628001236,-0.037087460151812544,-0.12514805360089065,0.01020408163265306,0.01020408163265306,-0.05900502165867817,0.06139285949262495,0.01020408163265306,-0.038797891690971587,-0.07885021743280013,-0.11902853564396147,-0.18719740352766068,0.06565811111169731,-0.06663394634165015,-0.05948278844976318,0.10902381429739381,0.0024276049413637247,0.01020408163265306,-0.02226816256134851,0.01020408163265306,0.01020408163265306,0.01020408163265306,0.11826437040405868,0.00612174225816438,0.003923009788685814,0.09733005729250185,0.023093450755829963,0.01020408163265306,-0.11592119738608471,-0.14678343919085352,0.01020408163265306,0.038760618787644696,0.011147915730153687,0.051323219913896836,-0.14365453006085827,0.07412157349091009,0.06332641377647301,0.06493567272977392,0.01020408163265306,-0.21228702489613752,0.01020408163265306,-0.10913391501949792,-0.019528647318726354,0.12494149088406815,0.01020408163265306,0.17352773787108244,0.01020408163265306,-0.27136703270949136,0.07824742384658108,0.2792348207069664,0.202524960084345,-0.05979308213039786,0.23081902541675575,0.01020408163265306,-0.042360833524662786,-0.02230877727752946,0.18652394081134202,0.07790595551318383,0.37976884714608117,0.01020408163265306,-0.04861159950525869
2026-05-04,0.01020408163265306,-0.053297880590327015,0.03566564216217377,-0.031897169963764044,-0.047433643099358914,0.01020408163265306,0.01020408163265306,0.01020408163265306,0.16517825944881637,0.0906503750013425,-0.04049054403698258,-0.04097785995231446,-0.022832400486417506,0.01020408163265306,-0.036510686121432774,-0.03310219554852343,0.01020408163265306,0.01020408163265306,0.01020408163265306,0.01020408163265306,-0.010919139829306616,0.01020408163265306,0.001430772376317245,0.01020408163265306,0.006743597237281908,0.01020408163265306,0.01020408163265306,0.01020408163265306,0.01020408163265306,0.01020408163265306,-0.027654090172656923,0.01020408163265306,0.01020408163265306,0.01020408163265306,-0.03042781504343859,0.01020408163265306,0.01020408163265306,-0.034580106324946416,-0.01181105587883899,-0.12886281952470913,0.01020408163265306,0.01020408163265306,-0.06571584041325279,0.01020408163265306,0.01020408163265306,0.01020408163265306,-0.08634270853254762,-0.03595111528796029,-0.012572229210499575,0.021519017428032493,0.01020408163265306,0.010085401356232529,0.01020408163265306,0.01020408163265306,0.006684841837521523,-0.0088466854564436,0.01020408163265306,0.01020408163265306,0.01020408163265306,0.09610695362833713,0.01020408163265306,0.01020408163265306,0.01020408163265306,0.01020408163265306,0.04258904909528583,-0.037405969238069936,-0.08020754671539454,0.01020408163265306,0.01020408163265306,0.03819011692225077,0.01020408163265306,-0.024803095351559466,0.01020408163265306,0.0710330917472967,0.01020408163265306,0.01020408163265306,-0.24242149688574138,0.01020408163265306,-0.09480156654483766,0.01020408163265306,0.12114865767397553,0.01020408163265306,0.01020408163265306,0.01020408163265306,-0.02037807058194052,0.08970984320436597,0.1533070913274849,0.10772251865674698,-0.0545733298106172,0.1959203007553501,0.01020408163265306,0.01020408163265306,0.01020408163265306,0.1770572108398982,0.01020408163265306,0.44770073460376547,0.01020408163265306,-0.09423865959855306
2026-05-05,0.01020408163265306,-0.07199621053006908,0.010515393051619899,-0.019586969133864283,-0.0624409437672508,0.011453385535113249,0.07876340207160187,0.05994957168526268,0.20512816047814386,0.17720233092882268,-0.06349550355771363,-0.05017909376359753,-0.0537222804853187,-0.04772893237940542,-0.0675285005889645,-0.049881603524380196,-0.03482125884567972,-0.003780224896241099,0.24977946695471337,0.017640994208621575,-0.05768006957864165,0.05461846196787836,0.01020408163265306,0.015951167134223985,-0.05367396249900032,0.010428064203297529,0.026553235610792196,0.026049341042413264,-0.017493727812504203,-0.03513547721902837,-0.004747377695383619,0.04409338577200405,0.1183514401446584,0.16689076162023853,0.01020408163265306,-0.06497561026274089,-0.017308896985510157,-0.06858816508139377,0.01020408163265306,-0.14162582305780322,0.010130028403717564,-0.035500973903500384,-0.06914599223019924,0.056340337518307276,-0.019991015809438212,-0.01750776717925189,-0.07820896019726545,-0.14034738097016208,-0.26748010488706875,0.10066982046619459,-0.03551126518046129,-0.08995409481678672,0.14549270870743472,0.036687721572553164,0.01020408163265306,-0.10064876887184512,0.01020408163265306,0.01020408163265306,0.01020408163265306,0.09785613772596895,-0.03269659263008613,-0.04538930165262809,0.14625238637602825,0.01020408163265306,0.01020408163265306,-0.19696398467840373,-0.163237320198397,0.01020408163265306,0.0478693281721105,0.0028999851740355662,0.0876906461077387,-0.27183435540934053,0.13014100119253255,0.07993316180512766,0.09084052188819619,-0.02830302488815195,-0.2145390799307468,-0.08390187266548453,-0.09072590292770352,-0.015155537087853813,0.12200654949698334,0.01020408163265306,0.32317163762147594,0.016256804292608923,-0.3566726739325133,0.10854712000893389,0.3699402186462468,0.2856496100535773,-0.06150930425212184,0.275066307596926,-0.04531780625204659,0.01020408163265306,-0.06739042100809545,0.17918957915936026,0.11349844996839716,0.292849811658537,0.01020408163265306,-0.02088144565549717
2026-05-06,0.01020408163265306,-0.07086213609060019,0.03268269083116658,-0.02129676238663903,-0.05199080974009021,0.017412257475084715,0.04650133265311841,0.031187655151421474,0.17791424028253974,0.10882599506491651,-0.05840740645676824,-0.04843347316315022,-0.03262501326054346,-0.006601719222525912,-0.040029885958688685,-0.06913162715080763,0.01020408163265306,0.01020408163265306,0.1313656953031012,0.01020408163265306,-0.029499957559241605,0.02130496272396587,-0.02111390331764213,0.01020408163265306,-0.010371355602816509,0.01020408163265306,0.01020408163265306,0.022694001515721908,-0.01977919434148588,0.01020408163265306,-0.015580182425611528,0.015470115714457909,0.034795448744724296,0.07036165614196457,-0.02202367141218379,-0.02879208897133042,0.01020408163265306,-0.09310125108261505,0.007564295958797457,-0.14040556452705538,0.01020408163265306,0.01020408163265306,-0.04227904584240335,0.040050667849204455,0.01020408163265306,0.01020408163265306,-0.08169627288585564,-0.07416322217110005,-0.11585297928594253,0.042185463669133734,-0.005988033910989959,0.01020408163265306,0.0478098137176271,0.01020408163265306,0.01020408163265306,-0.05843496179219004,0.01020408163265306,0.01020408163265306,0.01020408163265306,0.1029162780318398,0.01020408163265306,0.01020408163265306,0.01020408163265306,0.01020408163265306,0.03546654126506333,-0.06400531365398823,-0.08145926520749779,0.01020408163265306,0.03557607067807863,0.014145608905768308,0.01020408163265306,-0.12060255307683083,0.029378838530899745,0.12180247876420167,0.01020408163265306,0.01020408163265306,-0.24610713080732904,0.01020408163265306,-0.11153189484595398,0.01020408163265306,0.13196091329517798,0.01020408163265306,0.11308600411433008,0.01020408163265306,-0.14302776406142356,0.06229327941554103,0.22562278621524717,0.1577409194421316,-0.07673264485428109,0.20606580481331369,0.01020408163265306,0.01020408163265306,0.0027188342566410433,0.16750540190366414,0.050074945202761054,0.4339171041830846,0.01020408163265306,-0.0834097922593119
2026-05-07,0.064173871675982,-0.07649196770818002,-0.019267599149326207,0.0004355686598603876,-0.07226771495519835,-0.049440183783920615,0.10754415428088125,0.08984131586822469,0.2511028536787606,0.2053297496840877,-0.06319320971481464,-0.08754754087903335,-0.056274800982042614,-0.059954072689969176,-0.15483438112362627,-0.004618080087236506,-0.0672216120020619,-0.0268497987593371,0.2834241334051559,0.06474915044994628,-0.06457468597221408,0.1000035547223341,0.009941094408981636,0.09366493687466353,-0.046724287821837594,0.007535911201481166,0.25040714639583667,0.01020408163265306,-0.053217975012678526,-0.10998538337148252,0.0017749111483531012,0.08305567429480987,0.13131085289708838,0.10721054990727878,0.06814304608735956,0.006888367351982755,-0.13835234925287626,-0.0629756322996664,-0.034325436662392426,-0.17618427084817667,-0.008584731003226912,-0.03023933840673451,-0.08693746325284092,-0.04843105909092414,0.01020408163265306,-0.09064468332596753,-0.023517824393360705,-0.1815075194720481,-0.33198578021816655,0.19332717379807668,-0.011169268996952307,-0.25215231361194324,0.12941797777928146,0.041271561391808424,-0.02749092024955268,-0.16227660636514896,0.06748681485708787,0.07519848376876076,0.08635510600339626,0.13818544629847665,-0.11572045099896462,-0.12774840946266142,0.25648222970818213,0.002515499033844665,-0.013120687371297882,-0.3223260708716638,-0.2815320217508004,0.01020408163265306,0.02259180329835487,-0.03143028926782726,0.1538107599998405,-0.2854953307935604,0.24080283378241013,0.08624809469668872,0.2951708744515558,0.0013508952770277995,-0.12080889441147806,-0.09022666968846747,-0.0660055827118907,-0.05924660538103181,0.133738080179209,0.08140370041881438,0.41621999268578935,0.0027064271955458182,-0.6073726506613218,0.17514645735156797,0.4422484128492462,0.39361707230883425,-0.029581061084590507,0.2665486035457085,-0.0874489138603689,-0.08130983825284877,-0.14472106198250606,0.14149421427825074,0.14835236230741364,0.23170142619859443,-0.023918578769138776,-0.01328978257143784
2026-05-08,0.011355429630571597,-0.09858797813961077,0.01020408163265306,-0.007202632402605871,-0.055526969342022975,0.01020408163265306,0.06253954046743937,0.06365482466879306,0.21060864718073222,0.2041169386266968,-0.06079669324495293,-0.06467542722450818,-0.046013326905192664,-0.05700555925008721,-0.09129370346176972,-0.06492380680057604,-0.04100956773828148,0.01020408163265306,0.23167229290833813,0.01020408163265306,-0.037616424888964675,0.023166831268252017,0.01020408163265306,0.01020408163265306,-0.03919997432094636,0.01020408163265306,0.11541499729336062,0.012939795251343218,-0.048961330470336885,-0.05277948530226967,-0.005371070513292626,0.05932507623677921,0.08892449135086164,0.1038674912178414,0.01020408163265306,0.01020408163265306,-0.048207658098733785,-0.011343818796370796,-0.0031947563944745537,-0.14176133136333538,0.01020408163265306,-0.010276507306669189,-0.06222394059137508,0.01020408163265306,-0.027870461634186924,0.01020408163265306,-0.09531326066009882,-0.15023370462298527,-0.15850518837541902,0.07510814606930742,-0.012562885115466453,-0.07676809233743576,0.08452879919704036,0.01020408163265306,0.01020408163265306,-0.0758457775912485,0.01020408163265306,0.01020408163265306,0.01020408163265306,0.11733564936546721,-0.0012583825926614414,-0.03817769250612268,0.14259426699335875,0.01020408163265306,0.01020408163265306,-0.1679229327318662,-0.14564770630401677,0.0032629782799681976,0.06671915187150144,0.028969683712814866,0.06923278793857196,-0.2518050640847515,0.11158416190940162,0.028129460931722375,0.11898820935611866,0.01020408163265306,-0.22062495757713765,-0.08412323631886365,-0.10546160224504951,-0.03415214332192567,0.13230375709293254,0.01020408163265306,0.29278437833753107,0.04052148102078208,-0.32982280291196353,0.13449083569401613,0.23047861984528256,0.25573908970981185,-0.043908115725977796,0.28689209124219084,-0.046578011830731736,-0.018648583829921177,-0.05815714921410994,0.18631782451046494,0.10727392278972563,0.3342593622211427,0.01020408163265306,-0.06823109602021286
2026-05-11,0.024115453060128224,-0.07054515949427068,0.041908347216641925,-0.01710562646632177,-0.04987241919454901,0.01020408163265306,0.02200842545077761,0.036471907705463526,0.16238849458242846,0.09145261125776154,-0.06281187962245625,-0.0209550291968622,-0.04279228464572795,0.01020408163265306,-0.03288320834878254,-0.06565936237956788,-0.024470954106918665,0.01020408163265306,0.11056274842546826,0.01020408163265306,0.01020408163265306,0.01020408163265306,-0.02492731998592556,0.01020408163265306,-0.015384994435041476,0.01020408163265306,0.03903986343700972,0.01020408163265306,-0.06276016674145611,0.01020408163265306,-0.03143251488580013,0.01020408163265306,0.01020408163265306,0.01590321952950516,0.01020408163265306,0.01020408163265306,0.01020408163265306,-0.05371239866846096,-0.027700491377137565,-0.12331033723727496,0.01020408163265306,0.01020408163265306,-0.03592850093590683,0.01020408163265306,0.01020408163265306,0.01020408163265306,-0.06489522741644252,-0.0677754926165645,-0.02274591839834033,0.031165753562706226,0.01020408163265306,0.01020408163265306,0.01020408163265306,0.01020408163265306,0.01020408163265306,-0.015230174168621527,0.01020408163265306,0.01020408163265306,0.01020408163265306,0.10578451839378032,0.01020408163265306,0.01020408163265306,0.01020408163265306,0.01020408163265306,0.01609247623109002,-0.05250436112578001,-0.10213527060428144,0.01020408163265306,0.050279563342657395,0.03521261126503186,0.01020408163265306,-0.038799595867347166,0.01020408163265306,0.10746635834085033,0.01020408163265306,0.01020408163265306,-0.2202452043938998,0.01020408163265306,-0.12642060181290943,0.009014273366836679,0.1123376043955655,0.017454118278799433,0.041031140137661674,0.02100395780456824,-0.10257068434042314,0.10901039351743719,0.11148468354214941,0.11579554926026894,-0.06377154925120716,0.1708476378706403,0.01020408163265306,0.01020408163265306,0.01020408163265306,0.1814678342927097,0.05043791199308457,0.4742397380219243,0.01020408163265306,-0.09320189513609768
2026-05-12,0.01020408163265306,-0.009506455225551323,0.01020408163265306,0.01020408163265306,0.01020408163265306,0.01020408163265306,0.01020408163265306,0.01020408163265306,0.01020408163265306,0.01020408163265306,-0.08611972762421054,0.01020408163265306,-0.00011872931165089404,0.01020408163265306,0.01020408163265306,0.01020408163265306,0.01020408163265306,0.01020408163265306,0.01020408163265306,0.01020408163265306,0.01020408163265306,0.01020408163265306,0.01020408163265306,0.01020408163265306,0.01020408163265306,0.01020408163265306,0.01020408163265306,0.01020408163265306,0.01020408163265306,0.01020408163265306,0.01020408163265306,0.01020408163265306,0.01020408163265306,0.01020408163265306,0.01020408163265306,0.01020408163265306,0.01020408163265306,0.01020408163265306,0.01020408163265306,0.01020408163265306,0.01020408163265306,0.01020408163265306,0.01020408163265306,0.01020408163265306,0.01020408163265306,0.01020408163265306,-0.015010176852706137,0.01020408163265306,0.01020408163265306,0.01020408163265306,0.01020408163265306,0.01020408163265306,0.01020408163265306,0.01020408163265306,0.01020408163265306,0.01020408163265306,0.01020408163265306,0.01020408163265306,0.01020408163265306,0.01020408163265306,0.01020408163265306,0.01020408163265306,0.01020408163265306,0.01020408163265306,0.01020408163265306,0.01020408163265306,0.01020408163265306,0.01020408163265306,0.01020408163265306,0.01020408163265306,0.01020408163265306,0.01020408163265306,0.01020408163265306,0.01020408163265306,0.01020408163265306,0.01020408163265306,0.01020408163265306,0.01020408163265306,0.01020408163265306,0.01020408163265306,0.01020408163265306,0.01020408163265306,0.01020408163265306,0.01020408163265306,0.01020408163265306,0.01020408163265306,0.01020408163265306,0.01020408163265306,0.01020408163265306,0.01020408163265306,0.01020408163265306,0.01020408163265306,0.01020408163265306,0.07629516113446429,0.01020408163265306,0.26638998664648983,0.01020408163265306,-0.1605014873382638
2026-05-13,0.01020408163265306,-0.008652993200281034,0.01020408163265306,0.01020408163265306,0.01020408163265306,0.01020408163265306,0.01020408163265306,0.01020408163265306,0.01020408163265306,0.01020408163265306,-0.08345656600203438,0.01020408163265306,-0.00626680719924236,0.01020408163265306,0.01020408163265306,0.01020408163265306,0.01020408163265306,0.01020408163265306,0.01020408163265306,0.01020408163265306,0.01020408163265306,0.01020408163265306,0.01020408163265306,0.01020408163265306,0.01020408163265306,0.01020408163265306,0.01020408163265306,0.01020408163265306,0.01020408163265306,0.01020408163265306,0.01020408163265306,0.01020408163265306,0.01020408163265306,0.01020408163265306,0.01020408163265306,0.01020408163265306,0.01020408163265306,0.01020408163265306,0.01020408163265306,0.01020408163265306,0.01020408163265306,0.01020408163265306,0.01020408163265306,0.01020408163265306,0.01020408163265306,0.01020408163265306,-0.017612816521468747,0.01020408163265306,0.01020408163265306,0.01020408163265306,0.01020408163265306,0.01020408163265306,0.01020408163265306,0.01020408163265306,0.01020408163265306,0.01020408163265306,0.01020408163265306,0.01020408163265306,0.01020408163265306,0.01020408163265306,0.01020408163265306,0.01020408163265306,0.01020408163265306,0.01020408163265306,0.01020408163265306,0.01020408163265306,0.01020408163265306,0.01020408163265306,0.01020408163265306,0.01020408163265306,0.01020408163265306,0.01020408163265306,0.01020408163265306,0.01020408163265306,0.01020408163265306,0.01020408163265306,0.01020408163265306,0.01020408163265306,0.01020408163265306,0.01020408163265306,0.01020408163265306,0.01020408163265306,0.01020408163265306,0.01020408163265306,0.01020408163265306,0.01020408163265306,0.01020408163265306,0.01020408163265306,0.01020408163265306,0.01020408163265306,0.01020408163265306,0.01020408163265306,0.01020408163265306,0.07899417813084776,0.01020408163265306,0.26461276833990555,0.01020408163265306,-0.15618919211915533
2026-05-14,0.04990236883526982,-0.08029831787155711,0.06807703828162479,0.02816847302914406,-0.058418349547185736,-0.00626156992141654,0.062260914663349855,0.05289289525683687,0.22009888684141923,0.20406025637031688,-0.056796845102721163,-0.11399229773475612,-0.05936801641774901,-0.024113585695577734,-0.20398930284354616,-0.07190126443095902,-0.1371285841074969,-0.016310791323127218,0.47971619675879723,-0.019588047654034643,0.0287644556234833,-0.011854299353430317,0.018799499723259797,-0.04359156941179913,-0.06730612701851522,0.014746132882187705,0.3049414900847271,0.03620406214613413,-0.147573809548181,-0.09796358411299154,-0.018565083351085872,0.1380781374634012,0.08269624703124018,0.15610685188510032,0.11012400312758197,-0.0921485806623362,0.05312484938364224,-0.03879775611338671,-0.238109008611806,-0.09688833403614944,0.01020408163265306,-0.05982852739352705,-0.04340517557963489,0.03539645017043315,-0.24084142807653153,-0.04700926181286346,-0.08933015236665316,-0.044292872034475045,-0.3150785514376206,0.16936111620373948,-0.02366925432794551,-0.07496957570673501,0.06991476421786613,-0.13761255792823185,0.08011830656189572,-0.06914539717475003,0.01020408163265306,0.0413464990396482,0.12072426955483617,0.030525586917571616,-0.04078503214576281,-0.03524521778723619,0.16695597235699428,-0.01572018706945201,0.02020930891441313,-0.2752447819296427,-0.12559351707668534,0.009425510751961286,0.13905918577237825,-0.03667264015597946,0.057149410095139914,-0.15227711534904756,0.3606040168792383,0.012781625271349531,0.11468908972875691,0.08267623511260563,-0.2099441287641704,-0.052692289873441336,-0.16465210760702773,-0.08780654731978678,0.3455036646939334,0.04481480995178154,0.20365428250841094,0.016071800340393967,-0.30681266191535744,0.06804007233571471,0.39331474293006513,0.3120025971265776,-0.1300570231329008,0.01020408163265306,-0.035156923268282375,-0.0837359897805534,-0.12855424440725957,0.21810307016509092,0.12086541871668047,0.36440391778401554,0.01869390529698789,-0.028682347392592372
2026-05-15,0.01514244101283532,-0.0531796368860311,0.038102213898676754,-0.014698172847693857,-0.06197501548719936,0.01020408163265306,0.02955039796557484,0.01228902275123948,0.1579944677777564,0.13267737113218805,-0.06516167675715599,-0.044491939457777595,-0.02744593107425792,0.01020408163265306,-0.06268070091776079,-0.03898604788550389,0.01020408163265306,0.01020408163265306,0.0752737549319832,0.01020408163265306,0.01337767947587917,0.004437337098182741,0.01020408163265306,0.01020408163265306,-0.04791618937410714,0.01020408163265306,0.03947309744892904,0.01020408163265306,-0.07722371127159822,-0.006919445162991604,-0.061772780048438294,0.01020408163265306,0.01020408163265306,0.05234952314136503,0.01020408163265306,0.01020408163265306,0.01020408163265306,0.01020408163265306,-0.048296733693049064,-0.08208852529430136,0.01020408163265306,0.01020408163265306,-0.014173422932285596,0.01020408163265306,0.01020408163265306,0.01020408163265306,-0.08662451962514907,-0.0683051798177389,-0.03863859094964481,0.03511162211578769,0.01020408163265306,0.01020408163265306,0.01020408163265306,-0.033868689665850805,0.01020408163265306,0.010069295223937288,0.01020408163265306,0.01020408163265306,0.01020408163265306,0.06534389269543253,0.01020408163265306,0.01020408163265306,0.01020408163265306,0.01020408163265306,0.01020408163265306,-0.0798650735000876,-0.09011139986842732,0.01020408163265306,0.06666003735036952,0.04780979414760279,0.01020408163265306,-0.0393937078813995,0.01020408163265306,0.153552821393888,0.02485401894395259,0.01020408163265306,-0.1752679115249036,0.01020408163265306,-0.1480290125383277,0.0025375216661607984,0.10834546348155998,0.03787805251617505,0.01020408163265306,0.017417286657093353,-0.08940903949547026,0.05253704051284279,0.09378692457312875,0.06032204399313797,-0.06486449134639091,0.13260708621790715,0.010245592744814458,0.01020408163265306,0.01020408163265306,0.21880589671134407,0.07456729580912873,0.4810403105125798,0.01020408163265306,-0.06113910553668679
2026-05-18,0.016595025484710806,-0.04650365639679376,0.018565850938586863,-0.000537861447087732,-0.04557760325845114,0.01020408163265306,0.01020408163265306,0.01020408163265306,0.09151253493082884,0.09540344190060034,-0.05916125567556156,-0.02825929709027173,-0.01629174263131395,0.01020408163265306,-0.04400798525430384,-0.0153019654489036,0.01020408163265306,0.01020408163265306,0.01020408163265306,0.01020408163265306,0.01020408163265306,0.0019829071121310778,0.01020408163265306,0.01020408163265306,-0.03276454959817232,0.01020408163265306,0.01020408163265306,0.01020408163265306,0.00017728398353987138,0.01020408163265306,-0.057799553663076764,0.01020408163265306,0.01020408163265306,0.01020408163265306,0.01020408163265306,0.010019252669160563,0.01020408163265306,0.00051987531709447,-0.07180477587176202,-0.06355701792314597,0.01020408163265306,0.01020408163265306,-0.00867654011918806,0.01020408163265306,0.01020408163265306,0.01020408163265306,-0.10097700505952398,-0.019072180934348218,0.01020408163265306,0.01020408163265306,0.01020408163265306,0.001168540919978112,0.01020408163265306,-0.025995135020891527,0.01020408163265306,0.01020408163265306,0.01020408163265306,0.01020408163265306,0.01020408163265306,0.05981014187115846,0.025347881286758828,0.01020408163265306,0.01020408163265306,0.01020408163265306,0.01419729179206157,-0.023755525290052308,-0.08500240258331405,0.01020408163265306,0.01020408163265306,0.0676050678161156,0.01020408163265306,0.01020408163265306,0.01020408163265306,0.07318893619553186,0.01020408163265306,0.01020408163265306,-0.12421767530788937,0.01020408163265306,-0.13039684912799526,0.01020408163265306,0.02062690742335685,0.01020408163265306,0.01020408163265306,0.01020408163265306,0.01020408163265306,0.057116686512057806,0.01020408163265306,0.01020408163265306,-0.023822531985503777,0.20028743823786166,0.01020408163265306,0.01020408163265306,0.01020408163265306,0.2066395218653356,0.0631342431851344,0.4825134822780272,0.01020408163265306,-0.0543577734610511
2026-05-19,0.01020408163265306,-0.009848890308498197,0.01020408163265306,-0.0003901489811908507,0.01020408163265306,0.01020408163265306,0.01020408163265306,0.01020408163265306,0.01020408163265306,0.01020408163265306,-0.08229610095367616,0.01020408163265306,-0.014623951315972725,0.01020408163265306,0.01020408163265306,0.01020408163265306,0.01020408163265306,0.01020408163265306,0.01020408163265306,0.01020408163265306,0.01020408163265306,0.01020408163265306,0.01020408163265306,0.01020408163265306,0.01020408163265306,0.01020408163265306,0.01020408163265306,0.01020408163265306,0.01020408163265306,0.01020408163265306,0.004311453499708879,0.01020408163265306,0.01020408163265306,0.01020408163265306,0.01020408163265306,0.006854852529448112,0.01020408163265306,0.01020408163265306,0.01020408163265306,0.01020408163265306,0.01020408163265306,0.01020408163265306,0.01020408163265306,0.01020408163265306,0.01020408163265306,0.01020408163265306,-0.13067518051905933,0.01020408163265306,0.01020408163265306,0.01020408163265306,0.01020408163265306,0.01020408163265306,0.01020408163265306,0.01020408163265306,0.01020408163265306,0.01020408163265306,0.01020408163265306,0.01020408163265306,0.01020408163265306,0.01020408163265306,0.01020408163265306,0.01020408163265306,0.01020408163265306,0.01020408163265306,0.01020408163265306,0.01020408163265306,0.01020408163265306,0.01020408163265306,0.01020408163265306,0.01020408163265306,0.01020408163265306,0.01020408163265306,0.01020408163265306,0.01020408163265306,0.01020408163265306,0.01020408163265306,0.01020408163265306,0.01020408163265306,0.01020408163265306,0.01020408163265306,0.01020408163265306,0.01020408163265306,0.01020408163265306,0.01020408163265306,0.01020408163265306,0.01020408163265306,0.01020408163265306,0.01020408163265306,0.01020408163265306,0.010413312410035257,0.01020408163265306,0.01020408163265306,0.01020408163265306,0.2135293072205102,0.01020408163265306,0.2973816774874976,0.01020408163265306,-0.1824114331096191
2026-05-20,0.021871202341314178,-0.11618115689604992,0.032609819141190356,0.0003523884461933864,-0.04167326480048035,0.03436959758889233,0.04773912278902766,0.06254330023750497,0.24534886220890417,0.2628390245756244,-0.08018824590270067,-0.11406236534947273,-0.048235257829099557,-0.03936685022127346,-0.19762614952527174,-0.13585935518110195,-0.06382493610062241,0.018838662167256638,0.4465821815730942,-0.016405202138216703,0.04655994886130636,0.01020408163265306,0.022941830325665984,-0.11843541828289288,-0.05052759920761344,0.0491370914744493,0.27406710608637513,0.038047375601598765,-0.2142022296227109,-0.12231224217409901,-0.0014929583468589,0.11330099841132787,0.12164164549873614,0.16795725530238056,0.09830142591261927,-0.07984114392105772,0.06034683182113248,0.009505659423932441,-0.14015915327393957,-0.009693830980693789,0.027883159001290632,-0.023640490086288497,-0.027903908563598194,0.06365930116785387,-0.2507922729636345,-0.07277694666302575,-0.1501211890113854,-0.03324271180457947,-0.3759857899104718,0.1105047182679502,-0.09968987621188576,-0.04242697258039486,0.08113804560168249,-0.1821327068785321,0.01020408163265306,-0.022640029679329314,-0.03321080964794463,-0.009032482544976019,0.09463035767417462,0.1306673279553144,-0.01157713898068854,-0.017425362109359507,0.19267333544460033,0.01020408163265306,0.045056503998581555,-0.251374570384515,-0.05846929947851348,0.01020408163265306,0.09399197099345477,-0.008261250344085676,0.04506374413013076,-0.21039819940225485,0.310428648885038,0.1061394812803074,0.13586874895742845,0.06366181125258413,-0.19145884673799005,-0.13403881199649118,-0.2139158448373069,-0.0818484186066393,0.2448482888452432,0.050970474133458316,0.17763781628433978,0.05296474766171839,-0.2054101033580238,-0.05357449289771554,0.26898357069610124,0.28837278795123766,-0.1098922408727922,0.01020408163265306,0.01020408163265306,-0.08272802804663316,-0.07940493305772821,0.34311908978217903,0.11470718528227096,0.3871313817291141,0.01020408163265306,-0.05297131078221275
2026-05-21,0.01797406635281972,-0.041611574188274325,0.02645438902971141,-0.009513665026260746,-0.06082079409924415,0.01020408163265306,0.021875968050201516,0.012846461384096147,0.15248315533644907,0.13210519267471657,-0.07330630386770182,-0.03196013831449339,-0.02809940670127025,0.01020408163265306,-0.05972734781049502,-0.022856328653968742,0.01020408163265306,0.01020408163265306,0.04091248248701726,0.01020408163265306,0.016061546911000094,0.009273931712514028,0.01020408163265306,0.01020408163265306,-0.0699046398975172,0.031678159847863194,0.03240875161629387,0.01020408163265306,-0.05061741090620134,-0.0007797727224818571,-0.06986407993298457,0.01020408163265306,0.01020408163265306,0.03658765351809286,0.01020408163265306,0.01020408163265306,0.01020408163265306,0.01020408163265306,-0.0525648823299026,-0.069273166827137,0.01020408163265306,0.01020408163265306,0.0009233602392193403,0.01020408163265306,0.01020408163265306,0.01020408163265306,-0.08920965323020022,-0.11181931080773536,-0.012035867746768741,0.022021721451243387,0.01020408163265306,0.01020408163265306,0.01020408163265306,-0.06062332344956675,0.01020408163265306,0.01020408163265306,0.01020408163265306,0.01020408163265306,0.01020408163265306,0.09177238492307016,0.011791470833848697,0.01020408163265306,0.01020408163265306,0.01020408163265306,0.01020408163265306,-0.048954522329527045,-0.09427568492001638,-0.006500469559502236,0.05708889095458922,0.05486641694079339,0.01020408163265306,-0.02190330762539352,0.01020408163265306,0.18721357265778477,0.01020408163265306,0.01020408163265306,-0.1651754990813894,0.01020408163265306,-0.14487654266898348,0.0028051762114618033,0.10007467157191781,0.02747640459981803,0.01020408163265306,0.033034575510983835,-0.1163594816420158,0.030459687298793815,0.08932363686699965,0.04038400670143198,-0.06674456182599331,0.1341252045094358,0.01020408163265306,0.01020408163265306,0.008628227049099626,0.24753943664439335,0.05621676787231093,0.4947885079467344,0.01020408163265306,-0.049981408845802724
2026-05-22,0.01020408163265306,-0.026474088393453735,0.01020408163265306,0.01020408163265306,0.01020408163265306,0.01020408163265306,0.01020408163265306,0.01020408163265306,0.01020408163265306,0.01020408163265306,-0.07260815305585343,0.01020408163265306,-0.01275231058654412,0.01020408163265306,0.01020408163265306,0.01020408163265306,0.01020408163265306,0.01020408163265306,0.01020408163265306,0.01020408163265306,0.01020408163265306,0.01020408163265306,0.01020408163265306,0.01020408163265306,0.01020408163265306,0.01020408163265306,0.01020408163265306,0.01020408163265306,0.01020408163265306,0.01020408163265306,0.01020408163265306,0.01020408163265306,0.01020408163265306,0.01020408163265306,0.01020408163265306,0.01020408163265306,0.01020408163265306,0.01020408163265306,0.01020408163265306,0.01020408163265306,0.01020408163265306,0.01020408163265306,0.01020408163265306,0.01020408163265306,0.01020408163265306,0.01020408163265306,-0.08396992160917108,0.01020408163265306,0.01020408163265306,0.01020408163265306,0.01020408163265306,0.01020408163265306,0.01020408163265306,0.01020408163265306,0.01020408163265306,0.01020408163265306,0.01020408163265306,0.01020408163265306,0.01020408163265306,0.01020408163265306,0.01020408163265306,0.01020408163265306,0.01020408163265306,0.01020408163265306,0.01020408163265306,0.01020408163265306,0.01020408163265306,0.01020408163265306,0.01020408163265306,0.01020408163265306,0.01020408163265306,0.01020408163265306,0.01020408163265306,0.01020408163265306,0.01020408163265306,0.01020408163265306,0.01020408163265306,0.01020408163265306,0.01020408163265306,0.01020408163265306,0.01020408163265306,0.01020408163265306,0.01020408163265306,0.01020408163265306,0.01020408163265306,0.01020408163265306,0.01020408163265306,0.01020408163265306,0.01020408163265306,0.01020408163265306,0.01020408163265306,0.01020408163265306,0.01020408163265306,0.1625678673299418,0.01020408163265306,0.2783174948626964,0.01020408163265306,-0.17365231711904444
2026-05-26,0.02232896052997609,-0.05282994980726449,0.01020408163265306,0.0005901626199431523,-0.039309739803357086,0.013373151647495533,0.01020408163265306,0.01020408163265306,0.08947963389653858,0.07703788744216028,-0.04785687376965321,-0.004162199900587521,-0.01566536450865085,0.01020408163265306,-0.035850422723585594,0.00899504520491663,0.01020408163265306,0.01020408163265306,0.01020408163265306,0.01020408163265306,0.01020408163265306,-0.010340759965649237,0.01020408163265306,0.01020408163265306,-0.05801732023268773,0.01020408163265306,0.01020408163265306,0.01020408163265306,-0.02525262382953193,0.01020408163265306,-0.061283081687542734,0.01020408163265306,0.01020408163265306,0.021196311629404323,0.00228220785901833,-0.03402847453718031,0.01020408163265306,0.01020408163265306,0.01020408163265306,-0.06351670955940762,-2.099815414793524e-05,0.01020408163265306,0.008863186533194296,0.01020408163265306,0.01020408163265306,0.01020408163265306,-0.07493056506677977,-0.04995180465048346,0.01020408163265306,0.01020408163265306,0.01020408163265306,0.01020408163265306,0.01020408163265306,-0.04037100632371902,0.01020408163265306,0.01020408163265306,0.01020408163265306,0.01020408163265306,0.01020408163265306,0.03585531853849045,0.019266269182708212,0.01020408163265306,0.01020408163265306,0.01020408163265306,0.01020408163265306,-0.05227873298939125,-0.11661301560625127,-0.01669205357835353,0.01020408163265306,0.08879974073796211,0.01020408163265306,0.01020408163265306,0.01020408163265306,0.11342318723959273,0.01020408163265306,0.01020408163265306,-0.08889886257267157,0.01020408163265306,-0.1174919598205106,0.01020408163265306,0.01020408163265306,0.01020408163265306,0.01020408163265306,0.01020408163265306,0.01020408163265306,0.028125397465400645,0.01020408163265306,0.01020408163265306,-0.02562661613293396,0.17225795777925756,0.01020408163265306,0.01020408163265306,0.01020408163265306,0.2638190405952806,0.08857658827128505,0.44147037309723736,0.01020408163265306,-0.04638393811074572
2026-05-27,0.01020408163265306,-0.02920446532669657,0.01020408163265306,0.01020408163265306,0.01020408163265306,0.01020408163265306,0.01020408163265306,0.01020408163265306,0.01020408163265306,0.01020408163265306,-0.06466967501895382,0.01020408163265306,-0.01700355538293937,0.01020408163265306,0.01020408163265306,0.01020408163265306,0.01020408163265306,0.01020408163265306,0.01020408163265306,0.01020408163265306,0.01020408163265306,0.01020408163265306,0.01020408163265306,0.01020408163265306,0.01020408163265306,0.01020408163265306,0.01020408163265306,0.01020408163265306,0.01020408163265306,0.01020408163265306,0.01020408163265306,0.01020408163265306,0.01020408163265306,0.01020408163265306,0.01020408163265306,0.01020408163265306,0.01020408163265306,0.01020408163265306,0.01020408163265306,0.01020408163265306,0.01020408163265306,0.01020408163265306,0.01020408163265306,0.01020408163265306,0.01020408163265306,0.01020408163265306,-0.07600206036635301,0.01020408163265306,0.01020408163265306,0.01020408163265306,0.01020408163265306,0.01020408163265306,0.01020408163265306,0.01020408163265306,0.01020408163265306,0.01020408163265306,0.01020408163265306,0.01020408163265306,0.01020408163265306,0.01020408163265306,0.01020408163265306,0.01020408163265306,0.01020408163265306,0.01020408163265306,0.01020408163265306,0.01020408163265306,0.01020408163265306,0.01020408163265306,0.01020408163265306,0.01020408163265306,0.01020408163265306,0.01020408163265306,0.01020408163265306,0.01020408163265306,0.01020408163265306,0.01020408163265306,0.01020408163265306,0.01020408163265306,0.01020408163265306,0.01020408163265306,0.01020408163265306,0.01020408163265306,0.01020408163265306,0.01020408163265306,0.01020408163265306,0.01020408163265306,0.01020408163265306,0.01020408163265306,0.01020408163265306,0.01020408163265306,0.01020408163265306,0.01020408163265306,0.01020408163265306,0.15543003850022294,0.01020408163265306,0.288172277604569,0.01020408163265306,-0.1852939885812777
2026-05-28,0.035445889057932695,-0.05073721477758946,0.01020408163265306,-0.009901572759074695,-0.04334696359380783,0.03396458979942989,0.01450878255778976,0.033381596000498726,0.11139993283146174,0.0800302752488631,-0.06123660045977901,-0.01907300308259434,-0.02603969431714484,0.017963918065693713,-0.04026112463781873,0.010126569249554329,0.01020408163265306,0.01020408163265306,0.057371837793681955,0.01020408163265306,0.01020408163265306,-0.023808056349811396,0.01020408163265306,0.01020408163265306,-0.09864368856705373,0.01020408163265306,0.01020408163265306,0.018877502029626216,-0.0029057238908171256,0.01020408163265306,-0.05134490257835805,0.01020408163265306,0.050390331272049275,0.04408737027110142,-0.012225640361292681,0.01020408163265306,0.01020408163265306,0.01020408163265306,-0.018959742102968087,-0.05912312093173189,-0.0548628572938535,0.01020408163265306,0.01020408163265306,0.01020408163265306,0.005543810609662084,0.01020408163265306,-0.08181027171183923,-0.1533417101855623,0.01020408163265306,0.01020408163265306,0.01020408163265306,0.01020408163265306,0.01020408163265306,-0.03533397189162225,0.01020408163265306,0.01020408163265306,0.01020408163265306,0.01020408163265306,0.01020408163265306,0.047790197959014555,0.043950051148781165,0.01020408163265306,0.01020408163265306,0.01020408163265306,0.01020408163265306,-0.11052216852020219,-0.12841357692909128,0.0005615886321206024,0.07490991525214116,0.09378262977160198,0.01020408163265306,0.01020408163265306,0.01020408163265306,0.1820291595411023,0.01020408163265306,0.01020408163265306,-0.18177126104967473,0.01020408163265306,-0.12498222129179813,0.01020408163265306,0.025069632459335085,0.016750029867515222,0.03669840482169941,0.06001130844668989,-0.10998753160239308,0.041168841412317976,0.06576561091111124,0.043239315667612674,-0.07526528548593021,0.16541514489133682,0.02097021453065613,0.01020408163265306,0.01020408163265306,0.2013166042640738,0.13831295175443695,0.42752608963717986,0.01020408163265306,-0.05303361995569157
2026-05-29,0.03558203604014871,-0.05217200698022696,0.01020408163265306,-0.0031257639928857495,-0.03304545166524549,0.010619078347260866,0.01020408163265306,0.021251952422231477,0.0920558193339198,0.055521928550319365,-0.041631665613861835,0.0018020396525313034,-0.01439560019698848,0.013501038682160533,-0.026583398410363168,0.01020408163265306,0.01020408163265306,0.01020408163265306,0.01020408163265306,0.01020408163265306,0.01020408163265306,-0.013353085251640548,0.01020408163265306,0.01020408163265306,-0.07601135141387565,0.01020408163265306,0.01020408163265306,0.01020408163265306,0.01020408163265306,0.01020408163265306,-0.055911827053175656,0.01020408163265306,0.01020408163265306,0.01020408163265306,-0.03499231874025092,-0.016908926136086244,0.01020408163265306,0.01020408163265306,0.009004043806892265,-0.04492805149795706,-0.03191725625704896,0.01020408163265306,0.01020408163265306,0.01020408163265306,0.01020408163265306,0.01020408163265306,-0.0758689312083597,-0.08195650388979324,0.01020408163265306,0.01020408163265306,0.01020408163265306,0.01020408163265306,0.01020408163265306,-0.005045474782429945,0.01020408163265306,0.01020408163265306,0.01020408163265306,0.01020408163265306,0.01020408163265306,0.014317410803024592,0.03656423211504028,0.01020408163265306,0.01020408163265306,0.01020408163265306,0.01020408163265306,-0.06532005809546619,-0.10410229168710661,0.004704496375216117,0.024042131406054705,0.09934270624162443,0.01020408163265306,0.01020408163265306,0.01020408163265306,0.10982051097115145,0.01020408163265306,0.01020408163265306,-0.10516309524427869,0.01020408163265306,-0.11563302762110851,0.01020408163265306,0.01020408163265306,0.01020408163265306,0.01020408163265306,0.01020408163265306,0.01020408163265306,0.032820826498484175,0.01020408163265306,0.01020408163265306,-0.01836879663347985,0.1680514494391003,0.01020408163265306,0.01020408163265306,0.01020408163265306,0.21634447506299184,0.11216413897102741,0.4368237679030242,0.01020408163265306,-0.0595318533117989
2026-06-01,0.03896384661731159,-0.0547879152742804,0.01020408163265306,-0.019234390736637824,-0.03866169408302472,0.013620067541811161,0.015483390014614988,0.02848490858038106,0.10754619761189615,0.07946935898733179,-0.050410014327578405,-0.005010039519909611,-0.02248959019955373,0.017530107767689186,-0.034599588265344636,0.006081040752460131,0.01020408163265306,0.01020408163265306,0.01148605514653377,0.01020408163265306,0.01020408163265306,-0.018871478993311035,0.01020408163265306,0.01020408163265306,-0.10527032501318312,0.01020408163265306,0.01020408163265306,0.01020408163265306,0.01020408163265306,0.01020408163265306,-0.052962497174614875,0.01020408163265306,0.02940831724526423,0.027958858182568713,-0.00977499001152518,0.0007966486653867618,0.01020408163265306,0.01020408163265306,0.01020408163265306,-0.03743319198055261,-0.028887854404757322,0.01020408163265306,0.01020408163265306,0.01020408163265306,0.01020408163265306,0.01020408163265306,-0.07015521873510494,-0.115316819105428,0.01020408163265306,0.01020408163265306,0.01020408163265306,0.01020408163265306,0.01020408163265306,-0.018918776172928996,0.01020408163265306,0.01020408163265306,0.01020408163265306,0.01020408163265306,0.01020408163265306,0.025058920247816998,0.04164155243914035,0.01020408163265306,0.0009199676569626603,0.01020408163265306,0.01020408163265306,-0.08768724417503064,-0.12370900689356563,0.01020408163265306,0.05960068057812274,0.09424525287803844,0.01020408163265306,0.01020408163265306,0.01020408163265306,0.16182618254925737,0.01020408163265306,0.01020408163265306,-0.12194390656132052,0.01020408163265306,-0.12953800556287248,0.01020408163265306,0.01020408163265306,0.01020408163265306,0.01020408163265306,0.01707848108135293,-0.03575939961342908,0.040429838753938296,0.017620559246160877,0.01020408163265306,-0.048705095556901355,0.15923775660318087,0.026299435370734613,0.01020408163265306,0.01020408163265306,0.21850369557975174,0.09767153566697491,0.45478283313858997,0.01020408163265306,-0.06161844654241701
2026-06-02,0.01020408163265306,0.003445836760278081,0.01020408163265306,-0.005739397994912512,-0.02418510153947536,0.01020408163265306,0.01020408163265306,0.01020408163265306,0.01020408163265306,0.01020408163265306,-0.06168184709734453,0.01020408163265306,-0.018166713873649314,0.01020408163265306,0.01020408163265306,0.01020408163265306,0.01020408163265306,0.01020408163265306,0.01020408163265306,0.01020408163265306,0.01020408163265306,0.01020408163265306,0.01020408163265306,0.01020408163265306,0.01020408163265306,0.01020408163265306,0.01020408163265306,0.01020408163265306,0.01020408163265306,0.01020408163265306,0.01020408163265306,0.01020408163265306,0.01020408163265306,0.01020408163265306,0.01020408163265306,0.01020408163265306,0.01020408163265306,0.01020408163265306,0.01020408163265306,0.01020408163265306,0.01020408163265306,0.01020408163265306,0.01020408163265306,0.01020408163265306,0.01020408163265306,0.01020408163265306,-0.11182349311027387,0.01020408163265306,0.01020408163265306,0.01020408163265306,0.01020408163265306,0.01020408163265306,0.01020408163265306,0.01020408163265306,0.01020408163265306,0.01020408163265306,0.01020408163265306,0.01020408163265306,0.01020408163265306,0.01020408163265306,0.01020408163265306,0.01020408163265306,0.01020408163265306,0.01020408163265306,0.01020408163265306,0.01020408163265306,0.01020408163265306,0.01020408163265306,0.01020408163265306,0.01020408163265306,0.01020408163265306,0.01020408163265306,0.01020408163265306,0.01020408163265306,0.01020408163265306,0.01020408163265306,0.01020408163265306,0.01020408163265306,0.01020408163265306,0.01020408163265306,0.01020408163265306,0.01020408163265306,0.01020408163265306,0.01020408163265306,0.01020408163265306,0.01020408163265306,0.01020408163265306,0.01020408163265306,0.01020408163265306,0.01020408163265306,0.01020408163265306,0.01020408163265306,0.01020408163265306,0.1888090368913249,0.01020408163265306,0.2967068878524106,0.01020408163265306,-0.1755284731944804
2026-06-03,0.045094845933213425,-0.014702866433464636,0.01020408163265306,-0.011636132832646936,-0.04374479583475572,0.01020408163265306,0.01020408163265306,0.01020408163265306,0.07585112452550996,0.05499785811004828,-0.05064158395534854,0.0011800674921851866,-0.021183829421514422,0.01020408163265306,-0.009779070119167997,0.002405554506937777,0.01020408163265306,0.01020408163265306,0.01020408163265306,0.01020408163265306,0.008066450476325239,-0.013784457517261149,0.01020408163265306,0.01020408163265306,-0.10705394564287227,0.01020408163265306,0.01020408163265306,0.01020408163265306,0.01020408163265306,0.01020408163265306,-0.05132063575473372,0.01020408163265306,0.01020408163265306,0.01020408163265306,-0.004435761017300378,-0.03099114037246134,0.01020408163265306,0.01020408163265306,0.007904130985649623,-0.03438711104600146,-0.016172030301599583,0.01020408163265306,0.01020408163265306,0.01020408163265306,0.01020408163265306,0.01020408163265306,-0.06971747416679443,-0.0666685297645111,0.01020408163265306,0.01020408163265306,0.01020408163265306,0.01020408163265306,0.01020408163265306,0.0032517729079814036,0.01020408163265306,0.01020408163265306,0.01020408163265306,0.01020408163265306,0.01020408163265306,0.01020408163265306,0.024444351370898197,0.01020408163265306,-0.04067769200034359,0.01020408163265306,0.01020408163265306,-0.05580468659824654,-0.11137238198966208,0.003754501279459781,0.010568642182081547,0.09682586580949745,0.01020408163265306,0.01020408163265306,0.01020408163265306,0.13508625522693501,0.01020408163265306,0.01020408163265306,-0.06783374688120236,0.01020408163265306,-0.12581394953020375,0.01020408163265306,0.01020408163265306,0.01020408163265306,0.01020408163265306,0.01020408163265306,0.01020408163265306,0.020471709912798147,0.01020408163265306,0.01020408163265306,-0.01594226566579167,0.1488988075989503,0.03799302290255387,0.01020408163265306,0.01020408163265306,0.20412968534882103,0.08343186518338716,0.46049269213370864,0.01020408163265306,-0.04281777010228295
2026-06-04,0.050863849857245874,-0.03129527985934438,0.01020408163265306,-0.018979290691249123,-0.03394725673345252,0.01020408163265306,0.01697141786828491,0.01020408163265306,0.11525116919496067,0.08667145247753678,-0.05949309473891734,-0.010176941804950866,-0.025314040090742854,0.021917859734497717,-0.03194831257593213,0.0004848178661033299,0.01020408163265306,0.01020408163265306,0.01020408163265306,0.01020408163265306,0.01020408163265306,-0.017355030552531743,0.01020408163265306,0.01020408163265306,-0.09971695950619557,0.006638594900058085,0.01020408163265306,0.01020408163265306,0.01020408163265306,0.01020408163265306,-0.052199407525432596,0.01020408163265306,0.019754617642081307,0.017771638498875628,0.004974432185735057,-0.004115343975850387,0.01020408163265306,0.01020408163265306,-0.02079570259259278,-0.021753242187840242,-0.04211965991166052,0.01020408163265306,0.01020408163265306,0.01020408163265306,-0.022341748423836703,0.01020408163265306,-0.06958607572188079,-0.10700580504368663,0.01020408163265306,0.01020408163265306,0.01020408163265306,0.01020408163265306,0.01020408163265306,-0.00402870278257993,0.01020408163265306,0.01020408163265306,0.01020408163265306,0.01020408163265306,0.01020408163265306,0.01576031376074984,0.03324667993378085,0.01020408163265306,-0.008932648571537532,0.01020408163265306,0.01020408163265306,-0.06775923571478587,-0.11688828921600365,-0.02364937809613553,0.02904440188032726,0.10004041734130006,0.01020408163265306,0.01020408163265306,0.01020408163265306,0.1537730743079428,0.01020408163265306,0.01020408163265306,-0.07991464099813686,0.01020408163265306,-0.13819957151959145,-0.008702294726753367,0.01020408163265306,0.01020408163265306,0.01020408163265306,0.011657434355769181,0.00911412168985268,0.038563364060471034,0.02747305380846104,0.01764678489145117,-0.022754019508424067,0.1531921978165141,0.015178339857389818,0.01020408163265306,0.01020408163265306,0.22483125423222852,0.08235691368823156,0.4492983131976239,0.01020408163265306,-0.03289229707946874
2026-06-05,0.05429013228587672,-0.0447538305632032,0.01020408163265306,-0.014171545164566672,-0.044004294866170565,0.01020408163265306,0.02192569414545291,0.023285397068156737,0.13272405778882912,0.12465513867836994,-0.06786803058782974,-0.00801872863805869,-0.024821585858501534,0.015852311547590002,-0.051152912169582364,-0.015015191372774924,0.01020408163265306,0.02638045624989907,0.02360264566883809,0.01020408163265306,0.01020408163265306,-0.023035574066659133,-0.008399823869824187,0.01020408163265306,-0.08441158988859973,0.006408262137863582,0.01020408163265306,0.01020408163265306,-0.017985113679703638,0.01020408163265306,-0.04190513366079452,0.01020408163265306,0.0473448669012552,0.016850700249105253,0.01020408163265306,0.01020408163265306,0.01020408163265306,0.01020408163265306,-0.062062264362735126,-0.03371834170699277,-0.0598180517433376,0.01020408163265306,0.01020408163265306,0.01020408163265306,-0.03960315169978433,0.01020408163265306,-0.0779225873081585,-0.08119313919831916,0.01020408163265306,0.01020408163265306,0.01020408163265306,0.01020408163265306,0.01020408163265306,-0.041883716044593164,0.01020408163265306,0.01020408163265306,0.01020408163265306,0.01020408163265306,0.01020408163265306,0.04638326486644055,0.03789541778450329,0.01020408163265306,0.01020408163265306,0.01020408163265306,0.01020408163265306,-0.06070290962435736,-0.10184275977047738,-0.01055824944823616,0.04804456609214561,0.10979588072900887,0.01020408163265306,0.01020408163265306,0.01020408163265306,0.15680347585862509,0.031524988740668974,0.01020408163265306,-0.15529280158775044,0.01020408163265306,-0.13627467532107884,-0.018442619767567732,0.01020408163265306,0.06730678694306153,0.01020408163265306,0.048044328546839404,-0.042992032042890316,0.024660730614835858,0.04972930540748489,0.05222185444457716,-0.04959101113287386,0.137785443189418,0.010721929520717582,0.01020408163265306,-0.020687070976496406,0.189220151769757,0.1094695491665729,0.45322041474414715,0.01020408163265306,-0.04638636195689806
2026-06-08,0.1425568633111602,-0.15694813816840933,-0.05430992816705797,0.00481650461741069,-0.02766507882006794,0.05154697430499523,0.052432216765044885,0.1321507151737789,0.13201701348325498,0.07651535250733683,-0.032737812558761674,-0.09271481978367242,-0.11198566090604882,0.0403643625627797,-0.11723288120598717,-0.1277554286459003,0.012061291148250372,-0.013619057541664497,0.5789916493121618,-0.02253305481956666,0.01660924134853097,0.023754844262230283,-0.08837578451718091,0.017906995631955195,0.025664953605721463,-0.049109459318923465,-0.051079661156151326,-0.01195286059655344,-0.06905755476299358,0.03218731202868637,0.11868039760901625,0.13694339717415413,0.10193506898243783,0.16499877867467438,0.111738143858185,0.03446028460834012,-0.04654630190388441,-0.09037809165398902,-0.2162070238141191,0.008719832742004557,-0.201402949330839,0.015400131602058137,0.0008230954485501478,-0.018273291847675996,-0.38231702621703567,-0.03815134503894723,-0.14736086509100554,-0.020216774050190046,-0.014218210774590631,0.001107807373539946,-0.09260994583271465,-0.03114874987846733,0.20304342716725873,-0.17480665918557364,0.05585747733016017,0.09279016631743424,0.05000000567104413,0.07466853635689301,-0.10895874880899338,0.11110533398886685,0.10476822099112754,-0.1369615169671943,0.0009825770399008067,0.11482353176843287,-0.11609952022552471,-0.09703238795921802,-0.09837273102033461,-0.18749659679642483,0.062166268142745666,0.13581240724887764,-0.1862939073702431,0.01020408163265306,0.06425271564177383,0.01020408163265306,0.2240415704507574,0.2515883454275954,-0.23892338297462332,-0.05367809805741476,-0.13189312917775986,-0.08283193902084675,0.06811546867105785,0.39689282454227354,0.2643093766237971,0.08669139106039271,-0.05062756359064182,0.1363885134239688,-0.0197111095357064,0.30572376525060724,-0.05026181071597285,0.06761881166958005,0.026938314439186713,-0.28107749048002084,-0.1572915516677897,0.13957029424002532,0.19564274491411943,0.2543561897535454,0.0011577445482412012,-0.045871514124547354
2026-06-09,0.01020408163265306,0.01020408163265306,0.01020408163265306,0.006659658325958212,-0.01116984700478828,0.01020408163265306,0.01020408163265306,0.01020408163265306,0.01020408163265306,0.01020408163265306,-0.08358480053454748,0.01020408163265306,0.01020408163265306,0.01020408163265306,0.01020408163265306,0.01020408163265306,0.01020408163265306,0.01020408163265306,0.01020408163265306,0.01020408163265306,0.01020408163265306,0.01020408163265306,0.01020408163265306,0.01020408163265306,0.01020408163265306,0.01020408163265306,0.01020408163265306,0.01020408163265306,0.01020408163265306,0.01020408163265306,0.01020408163265306,0.01020408163265306,0.01020408163265306,0.01020408163265306,0.01020408163265306,0.01020408163265306,0.01020408163265306,0.01020408163265306,0.01020408163265306,0.01020408163265306,0.01020408163265306,0.01020408163265306,0.01020408163265306,0.01020408163265306,0.01020408163265306,0.01020408163265306,-0.09221439018311507,0.01020408163265306,0.01020408163265306,0.01020408163265306,0.01020408163265306,0.01020408163265306,0.01020408163265306,0.01020408163265306,0.01020408163265306,0.01020408163265306,0.01020408163265306,0.01020408163265306,0.01020408163265306,0.01020408163265306,0.01020408163265306,0.01020408163265306,0.01020408163265306,0.01020408163265306,0.01020408163265306,0.01020408163265306,0.01020408163265306,0.01020408163265306,0.01020408163265306,0.01020408163265306,0.01020408163265306,0.01020408163265306,0.01020408163265306,0.01020408163265306,0.01020408163265306,0.01020408163265306,0.01020408163265306,0.01020408163265306,0.01020408163265306,0.01020408163265306,0.01020408163265306,0.01020408163265306,0.01020408163265306,0.01020408163265306,0.01020408163265306,0.01020408163265306,0.01020408163265306,0.01020408163265306,0.01020408163265306,0.01020408163265306,0.01020408163265306,0.01020408163265306,0.01020408163265306,0.1727130567450074,0.01020408163265306,0.24850586833796834,0.01020408163265306,-0.16948097425791164
2026-06-10,0.049080462931776134,-0.008902146174963493,0.01020408163265306,0.009846637640831876,-0.04762710025216091,0.01020408163265306,0.01020408163265306,0.01020408163265306,0.0503057197580093,0.042781640764336624,-0.061276241901831355,0.01020408163265306,0.01020408163265306,0.01020408163265306,-0.009453943150122922,-0.005854391183028917,0.01020408163265306,0.01020408163265306,0.01020408163265306,0.01020408163265306,0.009553481854506725,-0.021279006244568778,0.01020408163265306,0.01020408163265306,-0.0754060795728207,-0.00031187858165270324,0.01020408163265306,0.01020408163265306,0.01020408163265306,0.01020408163265306,-0.053257628033342344,0.01020408163265306,0.01020408163265306,0.01020408163265306,0.01020408163265306,-0.06676905104327721,0.01020408163265306,0.01020408163265306,-0.03824751564492467,-0.05275024733993641,0.01020408163265306,0.01020408163265306,0.01020408163265306,0.01020408163265306,0.01020408163265306,0.01020408163265306,-0.10452579917651403,0.009072835525735496,0.01020408163265306,0.01020408163265306,0.01020408163265306,0.01020408163265306,0.01020408163265306,0.0020447804020830747,0.01020408163265306,0.01020408163265306,0.01020408163265306,0.01020408163265306,0.01020408163265306,0.01020408163265306,0.017799520398290872,0.01020408163265306,0.01020408163265306,0.01020408163265306,0.01020408163265306,0.01020408163265306,-0.052353462011037966,-0.0225803455705422,0.01020408163265306,0.0931187497401295,0.01020408163265306,0.01020408163265306,0.01020408163265306,0.034810317440108984,0.01020408163265306,0.01020408163265306,-0.05817837866780727,0.01020408163265306,-0.10526242350330031,0.005073325116269003,0.01020408163265306,0.01020408163265306,0.01020408163265306,0.01020408163265306,0.01020408163265306,0.03024254642835455,0.01020408163265306,0.01020408163265306,0.01020408163265306,0.1313642227368195,0.01020408163265306,0.01020408163265306,0.01020408163265306,0.2036411935775344,0.08039642845316294,0.4165331581632611,0.01020408163265306,-0.05469060736917376
2026-06-11,0.11039030290791389,-0.1229808495294346,-0.029635694273206385,0.02060656711538813,-0.03664141375498763,0.030852232576621536,0.05604667856222334,0.10194818092443808,0.12679673537923064,0.07784652671934833,-0.0353902014255192,-0.08324841190634512,-0.09502339611304034,0.04624001084662717,-0.135347636748058,-0.11312061475607975,0.011485069130574625,0.0030753771385883177,0.4812208248343768,-0.026232127583250033,0.006297637055071598,-0.018793575267875257,-0.05846935896564538,0.01020408163265306,0.009973924673612803,-0.032795792069806255,-0.006487242687060054,0.0010886489268287954,-0.056054592167159675,0.012225901765425512,0.049554899076811064,0.11067426782024559,0.13282223535445126,0.15742523349579599,0.09836259804315928,0.0008134543777497671,-0.02891213601066421,-0.05445873581346922,-0.153997622301583,-0.030914507912279482,-0.1554608435909042,0.04148923455177252,-0.0027357844218153793,-0.04957097267155902,-0.32394590892609626,-0.03943612839397986,-0.14207259169970127,0.009419962942691259,-0.04642131886894871,0.01020408163265306,-0.056227881039612015,-0.01819538848051034,0.14543572973813026,-0.1706781227732642,0.04980181846508085,0.08624885955541918,0.108078236673168,0.01020408163265306,-0.04197756790175459,0.07596877194726645,0.10495184471936676,-0.1072398341782284,0.01020408163265306,0.0788351124481116,-0.04992193315677591,-0.11792674178965622,-0.07672621915269269,-0.13013782901829646,0.06807438775923165,0.11282051519430866,-0.1362686554229502,0.01020408163265306,0.07873534864644523,0.02275033177344748,0.17668568309256352,0.1747031513118629,-0.2374393620508163,-0.026720045236300408,-0.14935537466500998,-0.0718787477853498,0.04287322378232747,0.28460771551605285,0.21089390705205863,0.06905878951102494,-0.11404732436805423,0.09529827991916172,0.010570771177568699,0.29441071929831475,-0.052716709039435455,0.14125638993414702,0.01020408163265306,-0.22957687875944355,-0.08480819902950334,0.16435183835290532,0.15293798981227236,0.2868219297412004,0.01020408163265306,-0.0542661493628316
2026-06-12,0.033607883702009345,-0.039660471793524575,0.01020408163265306,0.0065634565798778285,-0.04835834088810137,0.01020408163265306,0.01742302626173422,0.01020408163265306,0.11546153545679633,0.1349082724486095,-0.06196966886358926,-0.012952628355500434,-0.015336583757340492,0.016452256695884907,-0.07638759229688931,-0.007584923214122687,0.01020408163265306,0.028255906899511095,0.01020408163265306,0.01020408163265306,0.01020408163265306,-0.03857041785986346,-0.018924815816760705,0.01020408163265306,-0.0817581137285151,0.01020408163265306,0.01020408163265306,0.01020408163265306,-0.022789969257530907,0.01020408163265306,-0.06855827664699143,0.01020408163265306,0.059987003089138444,0.05064575274320572,0.01020408163265306,0.01020408163265306,0.01020408163265306,0.01020408163265306,0.0023762469767905775,-0.07096160942538925,-0.029523143129441883,0.01020408163265306,0.01020408163265306,0.01020408163265306,-0.0037533655018662983,0.01020408163265306,-0.07523258817685657,-0.0649890107354483,0.01020408163265306,0.01020408163265306,0.01020408163265306,0.01020408163265306,0.01020408163265306,-0.044317384996452554,0.01020408163265306,0.01020408163265306,0.03877188413999945,0.01020408163265306,0.01020408163265306,0.02403217564861524,0.04798022255118702,0.01020408163265306,0.01020408163265306,0.01020408163265306,0.01020408163265306,-0.09209575348256636,-0.11232637983674991,0.007321912950386497,0.049519154928655246,0.09965416489860136,0.01020408163265306,0.01020408163265306,0.01020408163265306,0.10038900449554355,0.04841557536811035,0.01020408163265306,-0.17818253616326113,0.01020408163265306,-0.13924074065584222,-0.016654912986335084,0.01020408163265306,0.024572177384733412,0.01020408163265306,0.032438916445389585,-0.04799756377712581,0.05143762515932913,0.04010173027363928,0.07743199554516689,-0.05506613098572799,0.1571563329850289,0.01020408163265306,0.01020408163265306,0.01020408163265306,0.19540180494581044,0.09056469177400324,0.46114054092206214,0.01020408163265306,-0.04800200240741427
2026-06-15,0.14503428815298106,-0.09947005838630069,-0.018009271917888696,0.02252003854037933,-0.057542582678363874,-0.018069540466704573,0.03905020248440788,0.11029895099116815,0.14450985557433474,0.11085692886640303,-0.03967160210581596,-0.096508730992841,-0.09914330156692346,0.05014393647117196,-0.11881925701935249,-0.11065435954043347,0.01020408163265306,-0.03140449763546753,0.5183472046081524,0.0013950641843057977,-0.009452175014584221,0.01020408163265306,-0.057967919097033596,0.03892313598791936,-0.01783867509850879,-0.0450564351307703,0.01020408163265306,0.010443601832743834,-0.10427993102573323,0.01020408163265306,0.0593810755047181,0.12504407149713895,0.11730788461267794,0.13574882635395366,0.03330624045943932,0.01020408163265306,-0.020953817514990918,-0.04564341959890798,-0.2676541305793638,-0.04309678291010032,-0.16856652030457053,0.03193546145270373,-0.0023045874520494346,-0.019766701858306708,-0.36316293795809085,0.005188477643961756,-0.14164588914812107,-0.06692574605298725,0.01020408163265306,0.018388311081464888,-0.048576324686797456,-0.03080039537423125,0.13372948139708496,-0.16086667968765225,0.05536104982129914,0.10772521878544863,0.14703014010599386,0.056658368682773456,0.01020408163265306,0.10118033260744815,0.06751449661638162,-0.11715855085519751,0.004756894916087907,0.04258466792242883,-0.13609146224210836,-0.10163628580130953,-0.02964628937821391,-0.1309652651544659,0.10620461645348012,0.10552323692986978,-0.0845298663416008,0.01020408163265306,0.03963988696365873,0.01020408163265306,0.21542036833774578,0.20135669126871064,-0.19138439621209807,-0.03514196548942486,-0.1661772247857297,-0.09802978897663989,0.048157787290659775,0.35995607238802385,0.15242067015760385,0.021082299405330473,-0.054960840851248485,0.1687083904880216,0.013631801210776156,0.22275653282894517,-0.03905483085886627,0.07267875291150715,0.019339818228165093,-0.2509455876338774,-0.06838372102748286,0.13447736626240053,0.13485624804369276,0.31450946976095506,0.01020408163265306,-0.0591666859998944
2026-06-16,0.138353895789441,-0.11358971599943828,-0.014122327120026897,0.017910047365024974,-0.03769519088372467,-0.03494459417489561,0.030490627473086028,0.09999247957709356,0.1555508654324214,0.10634968243031276,-0.03931537537735148,-0.09972095014674003,-0.10991713616728177,0.05121574133085297,-0.12914877846800182,-0.10415667895219353,0.022154420368595988,-0.02862717262347353,0.4819937882815708,0.0013325612842028291,-0.009676344347365322,0.015890650038370105,-0.06641684713945102,0.01020408163265306,-0.01041140266448889,-0.045657195342977984,0.01020408163265306,0.03174809360411086,-0.11399585138964506,0.02049356467006208,0.05005095025896696,0.11767549549968849,0.14067930818180976,0.1443472503595744,0.025574474328879042,-0.006949404234533671,-0.02414628485987915,-0.014515561071079446,-0.2204667532962451,-0.06422641725725499,-0.14917130286897504,0.04322868694769258,0.009457926585543208,-0.013231335453899174,-0.34540229482182216,-0.004160717248014811,-0.15142063783889914,-0.03612175663004463,0.008259774288388996,0.01963972012205787,-0.03734329212181515,-0.004494135228772785,0.10899423777897349,-0.17317554444870867,0.055909228593920494,0.12550541046834798,0.13015121071389596,0.028170044246615643,0.01020408163265306,0.10192268258045893,0.09117296963902109,-0.14131684298897057,-0.021280627072755146,0.030707181672738275,-0.12783445568051108,-0.11657513521973974,-0.01018509275326832,-0.10588983599689732,0.11226451538949699,0.10845165615023677,-0.057901760133854674,0.01020408163265306,0.05530019628367874,0.01020408163265306,0.21021934849031554,0.16380032127276933,-0.20058276911758907,-0.06131058059610309,-0.17563056693376547,-0.08798960155834906,0.012055700809745048,0.32637492081479375,0.15523945503583944,0.020361560600716557,-0.06744828975621045,0.10329139717694984,0.02563754842405607,0.24880639894431367,-0.031174180878143727,0.08693324695947355,0.08103194277258026,-0.2525778658779266,-0.038765107232323265,0.1543598645014665,0.13511780983157998,0.32889972042079973,0.020266929596151888,-0.10567220157654007
2026-06-17,0.08380614536262955,-0.09948679421089092,0.0027067722534969635,0.010378075441745066,-0.037600379053026,0.01020408163265306,0.02149687551096848,0.06695690311532128,0.14769119487412793,0.14098639467075066,-0.06891601760041796,-0.048054226013175175,-0.06562822374773691,0.02073259106054546,-0.11886946071241465,-0.05743906312680665,0.01020408163265306,0.01020408163265306,0.28829681139561214,0.01020408163265306,0.01020408163265306,0.008142121595813932,-0.052145211159349475,0.01020408163265306,-0.03615678732586735,-0.0033646040247997666,0.01020408163265306,0.02305919901507633,-0.09422180383734502,0.01020408163265306,0.00015717976253026324,0.05736312285209135,0.09209651123745245,0.09906754552966777,0.01020408163265306,0.01020408163265306,0.01020408163265306,0.01020408163265306,-0.13008683663359724,-0.08844350089461749,-0.08621032119652317,0.011515454315933317,0.01020408163265306,-0.001508835717645117,-0.2059292550734309,0.0074277227942797066,-0.1212280384142717,-0.05537736367712741,0.01020408163265306,0.01020408163265306,-0.004461055615464754,0.01020408163265306,0.0676794250053458,-0.14514895579330375,0.01020408163265306,0.02188195393620525,0.10445833649093397,0.01020408163265306,0.01020408163265306,0.10219924295913245,0.06792482425280064,-0.07744131124141931,0.01020408163265306,0.01154139305317652,-0.014744778713976897,-0.1276091599705668,-0.029186010762928337,-0.028232946833841928,0.08677663341783784,0.09967464557257383,0.01020408163265306,0.01020408163265306,0.017063820529865707,0.05364893507740263,0.15983950143208522,0.07830230651271146,-0.24875813930836177,-0.026719338914518657,-0.14852743530857884,-0.0623334574941857,0.01020408163265306,0.17919779236769456,0.12876900246912637,0.06290194510972959,-0.05205136516525474,0.07370807184433222,0.01020408163265306,0.17791482502046374,-0.04513960412085736,0.11232542620394771,0.02828701910298867,-0.11943637181797533,-0.06986098015795739,0.18380589058241065,0.13456526878790012,0.3682391915377418,0.03313639451894287,-0.11030279211883119
2026-06-18,0.12037406718247803,-0.1035816327508688,0.005152105510186548,0.016751514960053872,-0.035429136035776514,-0.006721943913687958,0.048614742307700846,0.07749359751715516,0.17184180814474556,0.10010443255218444,-0.04943375900764457,-0.11023855148099822,-0.05459306956876023,0.03235935432574576,-0.19146706054446852,-0.08227541778303502,0.08047292387670801,0.06939113811124996,0.33271014864078163,0.004522428832722703,-0.020558820287513706,0.01020408163265306,-0.07176896057890274,0.05888041278211371,-0.0626830596581667,0.0021022051101350324,0.01020408163265306,0.05711251993443771,-0.0496308193969725,0.02697572091495576,0.033388420754275505,0.07961747396087096,0.1043632348923112,0.09291788898650118,0.01020408163265306,0.01020408163265306,-0.027197795269177746,-0.07732653516098095,-0.23923448057095037,-0.09873647920249538,-0.14721286763498206,0.054356608450468795,0.01020408163265306,0.01020408163265306,-0.24785000816207076,0.01020408163265306,-0.15370847283255828,-0.06684187114546322,-0.027238952287961936,0.035543909587370935,-0.03128112198497218,-0.03881354890951898,0.10313660109542398,-0.11806448676985497,0.01020408163265306,0.08580399949075111,0.09061156145109742,0.01020408163265306,0.04461107423632335,0.09198481407739906,0.09706932627264822,-0.13467608357272615,-0.004761850838186189,0.0035298221270332374,-0.10023159236892216,-0.11239177374706795,0.01020408163265306,-0.04080360601123291,0.05468708608696285,0.08976419010080464,-0.029274421044189522,0.01020408163265306,0.08225814974316618,0.01020408163265306,0.18668783177645745,0.14126504785044,-0.18078787486282213,-0.008336138113370204,-0.16527570070412664,-0.03391565740388502,0.019693062354799853,0.2871377733914635,0.09782894864563814,0.03609995644989712,-0.10521163942424809,0.07684759976711335,0.02417233580219138,0.204518439601582,-0.03840562852889706,0.1395074572034866,0.039179366377409056,-0.2449689130195225,-0.05960195732520279,0.1644312746177061,0.18013346522512386,0.378195470832058,0.03930529441161624,-0.11542389801340085
2026-06-22,0.03716764893639306,-0.06128974153508934,0.008509358662985413,0.004910462499527217,-0.02601198151888201,0.01020408163265306,0.02867210307548628,0.012176855230846613,0.14423373921246727,0.13449252616598725,-0.07842684643562574,-0.01654662459567885,0.006278732573942803,0.02047971573259922,-0.08957454591218468,0.01020408163265306,0.01020408163265306,0.07610006523370111,0.01020408163265306,0.008931912635151546,0.003952683669750658,-0.016036296822333596,-0.03675695349994773,0.01020408163265306,-0.13443024053537647,-0.005250245749790015,0.01020408163265306,0.027597119659525493,0.01020408163265306,0.01020408163265306,-0.07079400633808206,0.01020408163265306,0.03706067624530122,0.08185242604866333,0.01020408163265306,-0.009121089970054798,0.01020408163265306,0.01020408163265306,-0.04300522071422111,-0.06978984691483814,0.005476914891987027,0.018329511716262643,0.01020408163265306,0.01020408163265306,-5.434937218899358e-05,0.01020408163265306,-0.10142236113866522,-0.12336299352802847,0.01020408163265306,0.01020408163265306,0.01020408163265306,0.01020408163265306,0.01020408163265306,-0.012502368069817723,0.01020408163265306,0.01020408163265306,0.026490766092299604,-0.011384257092736922,0.01020408163265306,0.04439335072938947,0.08412682959669111,-0.011534716682676522,0.01020408163265306,0.01020408163265306,0.01020408163265306,-0.08382448622173841,-0.020265310275448728,-0.02270898170703394,0.03536481369043659,0.06683689345381483,0.01020408163265306,0.01020408163265306,0.01020408163265306,0.09172521722087738,0.0499109220391958,0.01020408163265306,-0.19952952786862785,0.01020408163265306,-0.12080023212940653,0.002976085712889911,0.01020408163265306,0.021543709016468585,0.026512453418151706,0.08046031906737444,-0.09996415493424245,0.023934066808807636,0.11193415383323595,0.07212970121754261,-0.05684240282350719,0.15949062346154622,0.01020408163265306,-0.03105099593647704,-0.06018531087057946,0.1989000398064543,0.18444626088905944,0.404499435373407,0.02913445805448449,-0.09530115635697652
2026-06-23,0.09114386132421809,-0.08152355920099791,-0.00013295807795937753,0.025104810440221968,-0.05007077803745508,-0.02899538207197811,0.10084300032171757,0.036047593781326354,0.14322219890662433,0.07228322213351697,-0.02233459248952504,-0.10965214328386388,-0.036369689977425027,0.06006013222392275,-0.15231192085678139,-0.09044574446390342,-0.012573979707087722,0.08300688759842689,0.349542542440872,-0.08124178266461252,-0.07663953045189019,-0.04070615199820503,-0.0850016695540868,0.0882420588481084,-0.09115663127273525,-0.07329330695307461,0.01020408163265306,0.0453701806813581,0.01020408163265306,0.033638802008224,0.02375904510257666,0.15273997786155794,0.14157418679824163,0.10169741158907394,0.195871906597059,-0.1426438246282609,-0.11817952632098992,-0.026759080120880033,-0.17227671504970477,-0.03449993474849629,-0.1453236156364968,0.12733796231003822,0.01820510714104419,0.010217808247377442,-0.22806590822355569,0.01020408163265306,-0.1493826825966021,-0.06944194296318072,0.008307462846498718,0.05165850948040747,-0.05043179888079284,-0.01466955115335153,0.16747739961258218,-0.09985823702091501,0.07312902475487154,0.09967059713657567,0.09311527930816121,-0.03500949338993563,0.062153469596748515,0.01020408163265306,0.12784667186764317,-0.14503070707743787,-0.09190984761798543,0.01020408163265306,-0.16428832603907736,-0.09451737222935794,0.009553003939820424,-0.14983280581079025,0.016519796285973325,0.08583544596194806,-0.07946323485093383,0.01020408163265306,0.06755107201985854,0.02063931406619759,0.19727713518044623,0.1296030696049272,-0.1741692139075682,0.0008286273503817238,-0.17446471437409333,0.01020408163265306,0.07553762672668837,0.33241293117093423,0.05676325604982678,0.019307140039522587,-0.28320805868143145,0.03745425140650463,0.09340302176841055,0.29298654205953745,-0.025715486710716474,0.15263958151603507,0.1404992331799663,-0.3383027935395091,-0.004219673336522416,0.1523759193951109,0.1885472928150437,0.39121565817662246,0.012021040219529548,-0.08355227535068468
2026-06-24,0.0536938461210011,-0.07685516220843254,0.003422633273626386,0.016501752052303233,-0.03523690497555775,0.008578635503050283,0.07775207277739139,0.030157826164867244,0.1472681077312414,0.09056899159738134,-0.051936236252158235,-0.06885368491581342,-0.030108228269880175,0.038520691426783,-0.13645769152726378,-0.07386269661158687,0.01020408163265306,0.0890773121002626,0.20609109013954444,-0.06108676211237456,-0.04687710263673779,-0.04118429844037548,-0.08831137627426093,0.04316184587520494,-0.10211688657440518,-0.02811980915325077,0.01020408163265306,0.04026092555655373,0.01020408163265306,0.01163364809813864,-0.0030157136213766634,0.10388178776465756,0.11191027765665354,0.0937737319802336,0.13055960984230475,-0.09336197968402364,-0.039551866216038734,0.01020408163265306,-0.08218841168815147,-0.04202200099158622,-0.08504030556509395,0.10975154104215686,0.01020408163265306,0.01020408163265306,-0.15277259491596823,0.01020408163265306,-0.13628592361023759,-0.08849313740794965,0.01020408163265306,0.028116563349035652,-0.028834282418802135,-0.001473692313276282,0.14162375037611927,-0.09569841939060214,0.050520833256103966,0.03690315279434482,0.06264854113633117,-0.043596355245623525,0.03807421659391001,0.013601414804552167,0.11355011627168889,-0.085124935361558,-0.04127108097842843,0.01020408163265306,-0.06401879655047524,-0.11426629966167512,-0.021959497197984665,-0.0954363257622207,0.048433697979828036,0.08847446635778075,-0.03900842152886322,0.01020408163265306,0.01020408163265306,0.042408037337095965,0.14274250084190573,0.07418852593104548,-0.20198616213526907,0.01012243588010054,-0.1791623907304586,0.006414666514090341,0.037532357137203404,0.19629540342438348,0.04502370371493586,0.05826177776503639,-0.22024941443523532,0.028082149277979453,0.054911368780807226,0.2463203521370375,-0.040492907361639,0.17514886903489754,0.10123937960884823,-0.2427062493542267,0.0075141899261559515,0.19599098678186713,0.16384037812058852,0.4224907229373259,0.027101852400881067,-0.0973636310555583
2026-06-25,0.06299597623388337,-0.09237626324747428,-0.0002387485326763132,0.014537741097433055,-0.03198977759721148,0.01020408163265306,0.07958521725729398,0.0407753359411972,0.14601333691631382,0.09999901317780278,-0.055433031971985805,-0.07308144521678331,-0.029614414015352863,0.03649573315673536,-0.1373458643465856,-0.07436805931838937,0.01020408163265306,0.08472176470818288,0.2167979992977862,-0.07060380028874477,-0.04493143367387266,-0.01506436862538118,-0.0994803897513281,0.04256839681648615,-0.09914306532462283,-0.024889095005994566,0.01020408163265306,0.044322393025278774,0.01020408163265306,0.023135462174849578,0.004599438067048183,0.08819095035583091,0.10611285822087067,0.1042150484210888,0.11865037365496593,-0.07896384302880938,-0.03191805554594374,-0.0027554196174601597,-0.1025089614504316,-0.045417390160552365,-0.08541133459174967,0.1038670615719016,0.01020408163265306,0.01020408163265306,-0.1493506021943672,0.01020408163265306,-0.13349868034615445,-0.08681623028177497,0.01020408163265306,0.03481092547125791,-0.02997028355785985,0.009603217981755053,0.14983358373641756,-0.08697500791864272,0.033184221275557466,0.02707293361328203,0.04773515246354066,-0.03615215988787492,0.027417979167258,0.01020408163265306,0.11554250515210696,-0.11355348224377222,-0.05280158318751796,0.01020408163265306,-0.049095420333823046,-0.12951625079394857,-0.026216497962232105,-0.0808156052697571,0.040016544749036445,0.09443048017246641,-0.02075670922783021,0.01020408163265306,0.01020408163265306,0.04992476189456259,0.14843552537574214,0.07763850317324188,-0.16745112283898334,0.01020408163265306,-0.17878021829525656,0.002007490399535513,0.021889426540567573,0.2104184932013304,0.03855142796648723,0.06423239272211466,-0.17576139462321158,0.03965351438111406,0.03165381900443977,0.22764925126843874,-0.03379269430307148,0.15950993117780196,0.11123621923355621,-0.25275283814547134,-0.019329690782468094,0.1944180893095293,0.1720914617797672,0.4116048567300476,0.02813914759602902,-0.10001778335105567
2026-06-26,0.08272756631615708,-0.08423356011340616,-0.01391902472485384,0.0219967442704542,-0.0550940042053884,0.0004283986151060702,0.11857259843793998,0.013240232319137407,0.11908690650930154,0.0883579014324569,-0.023449710033306974,-0.10320711495259464,-0.028913159287322424,0.05356620821624186,-0.13886612840238466,-0.07793633541422601,-0.05381336965354201,0.09623638956848928,0.3044004586404297,-0.10411172967539636,-0.07410996154324524,-0.025442111518445776,-0.10619569182518507,0.10571463710381336,-0.10516784797371201,-0.05083228098854798,-0.034340632768670595,0.050597372849648346,0.013907793093852431,0.05809211089040822,0.01962804783311336,0.13854926997425457,0.13236127026900738,0.11484038847351975,0.26539172607966777,-0.17586787370181647,-0.1020459262075381,-0.03591916787044474,-0.12308169214284291,-0.03492996242046731,-0.12670983186178666,0.10326948071725607,0.018079842300773398,0.052342361935963075,-0.20505738052770228,0.01020408163265306,-0.14405473197267887,-0.10809735453500503,0.032665680119035694,0.05892395018079672,-0.057532557686403335,-0.027478592659147268,0.2159420573920278,-0.10247902745236709,0.07986703716550263,0.0902590410348496,0.046767116439697304,-0.028467236096300412,0.050156159042847516,-0.020790280224810907,0.13043200190392165,-0.16892844744980376,-0.1301384530385984,0.04896655854544293,-0.15123741330790777,-0.10775148836086978,-0.038307217784820234,-0.15658040158480235,0.01020408163265306,0.09750632315503427,-0.09303655253060816,0.01020408163265306,0.026149851200318604,0.04304774875851648,0.19513664682571485,0.15924828987989162,-0.16597350293545723,0.01020408163265306,-0.16397658785423355,0.0040680870102547265,0.07135809894741042,0.33257543300632636,0.05882956476008128,0.07414730337386895,-0.29303440133180886,0.04187387439038732,0.10065509904601871,0.3039033416015085,-0.0379328788795765,0.14389189052459025,0.15664691663316194,-0.3431831028000239,-0.03246420903105463,0.1578266746768124,0.19025880533019165,0.38173334758480393,0.025306557494766603,-0.07565855307227977
2026-06-29,0.08413508315316266,-0.07749384846684546,-0.005378529131364617,0.021665745584721258,-0.04828627966073972,-0.01817830910272651,0.10504649406946025,0.015196564807420916,0.12778755769805658,0.07239789534997074,-0.03559328557787381,-0.0747575274915282,-0.016254796861752983,0.052674586166757624,-0.11591591312229994,-0.06716500505034259,-0.058883606579490974,0.11148319131369983,0.24034270694539667,-0.07774293009129775,-0.06673172458462225,-0.008430458250761672,-0.0980977833475551,0.09145602664667252,-0.13514160067630854,-0.026859889485992328,-0.058981111872105266,0.04392481147450346,0.01020408163265306,0.06629988086060871,0.010507688919156918,0.115310153844765,0.10526034722574666,0.0976343426538296,0.22494045613763608,-0.15554971577091525,-0.06876525567074905,-0.0013626137716668246,-0.10173278676537818,-0.03335430425653738,-0.11178648237981856,0.10810268546110957,0.017812908521252314,0.031453545131396324,-0.19952773304022137,0.01020408163265306,-0.13903282721306623,-0.13485487759950418,0.024523554006325922,0.032093490279658174,-0.03339818425698234,-0.024236478820150745,0.23287933867948554,-0.10771338903793867,0.07092596832114316,0.07634387530120319,0.03921858326721946,-0.01841151337479755,0.05919545664459943,0.01020408163265306,0.11871817940934783,-0.14619529230258893,-0.12812589117599663,0.04181395156976441,-0.1514480480872038,-0.11611184849671306,-0.06281484286863463,-0.11514757080255474,0.01020408163265306,0.09857222716806205,-0.08246709960267835,0.01020408163265306,0.01020408163265306,0.0667969671662296,0.15694538821307022,0.14328179066861527,-0.19145444047300697,0.01020408163265306,-0.16633765776373982,-0.008417933465627312,0.06617791855975184,0.30337325567847984,0.07538866861757954,0.08965403773596127,-0.27851760112420365,0.039265802610002905,0.1366333640198847,0.27321503891497617,-0.03801854688168248,0.14588678661650015,0.13429067624692798,-0.3335449718488745,0.003800288325855157,0.17356734646476313,0.17932994177071332,0.40443027987069974,0.02873133940131191,-0.09169425271718783
2026-06-30,0.06728903838201175,-0.08979073935224095,0.0005526032507965992,0.020384525763276352,-0.04370036199157817,-0.008900949031610846,0.10428889368945522,0.01020408163265306,0.13386086651935908,0.08973834228277627,-0.038337615615329106,-0.05364850433325451,-0.0025471360350291083,0.0538290220499951,-0.12692522180950708,-0.06732762442516749,-0.020112616938990954,0.11724198842842325,0.19178563027400783,-0.06508557141963527,-0.05947211967293395,-0.041823013295361144,-0.09584997504627364,0.07028471957211922,-0.1584268243853355,-0.00814463503067474,-0.029369526958994266,0.04054182093541081,0.01656803315309418,0.039406412731485006,0.01020408163265306,0.11900493456335041,0.08328288055465276,0.07386928466245735,0.20593780209419607,-0.13838862100856933,-0.0514453292398515,-0.002862193873569025,-0.11402348916822408,-0.02830237950795908,-0.09812133082214756,0.10885718904081595,0.01020408163265306,0.04191480244895036,-0.17831491129363583,0.01020408163265306,-0.12112487061995923,-0.12975890894291933,0.030349312974287793,0.013591716975422656,-0.008669179854157256,-0.013649632477922181,0.21134602805483435,-0.12145622316978592,0.06060275216513242,0.0349548597005291,0.06072620674370181,-0.027885248006587794,0.06787182359522284,0.01020408163265306,0.11401041698562392,-0.10688708825396577,-0.11902027849793066,0.04773723890786826,-0.08534915077530832,-0.11424067234931026,-0.09297410596747939,-0.1216470184961392,0.02533806527640264,0.1009782465304449,-0.08117508235661453,0.01020408163265306,0.01020408163265306,0.06164205118364996,0.14495368086926586,0.1464912943929301,-0.18013578350437318,0.01020408163265306,-0.16247169635158856,-0.015302841737819916,0.038427471798267235,0.2402407322077654,0.08509071778725504,0.09447180907227541,-0.23456749326622145,0.038614171955741954,0.12043717703022754,0.2608387154125052,-0.03923717972265238,0.14801012942909836,0.10641025363332147,-0.28298843943821905,-0.020690019926387464,0.18461007082485692,0.15454754594796116,0.4050282241327624,0.040111375743168844,-0.09755192881716673
2026-07-01,0.036586156669692914,-0.056687275157398576,0.01020408163265306,0.010677641016620474,-0.024450328687102882,0.01020408163265306,0.054387825925780224,0.011504473713700898,0.1514061416357001,0.08023741359578078,-0.07411328707232745,-0.0174464242714644,0.005123711000911429,0.029903565045761554,-0.1114279272761544,-0.04112621663500202,0.01020408163265306,0.10323675486739767,0.08359590635635566,-0.041213645403933574,-0.0253380411948725,-0.02206728837152625,-0.09216887604809616,0.01020408163265306,-0.1356746892590062,0.01020408163265306,0.01020408163265306,0.04224520723736693,0.01020408163265306,0.015713360335752696,-0.035490446056695504,0.05702297683272993,0.04831494104886282,0.08246464365633875,0.06171056607907093,-0.07143837012181173,0.01020408163265306,0.01020408163265306,-0.0223235377522329,-0.03159589585115816,0.002035519902605301,0.06731681038773435,0.01020408163265306,0.01020408163265306,-0.08655831147886606,0.01020408163265306,-0.11951899348472265,-0.15810529292240127,0.01020408163265306,0.01020408163265306,0.01020408163265306,-0.014543923469756278,0.13556419569574943,-0.034543252222051575,0.015803588477502992,0.01020408163265306,0.01020408163265306,-0.04180367937674456,0.015282096808860036,0.01020408163265306,0.10575440238639994,-0.03557204519144511,-0.0035324815090656096,0.014769086354491492,0.01020408163265306,-0.15832715506514183,-0.07841953838106053,-0.008809616955807129,0.04994175483701585,0.08372269460194037,-0.04978966767664833,-0.039683633122940334,0.01020408163265306,0.12465115487911925,0.06447264589015968,0.04612181220361706,-0.20123944043030836,0.01020408163265306,-0.1540079399937366,-0.01613883602247941,0.01020408163265306,0.12037210181703349,0.0414315224238177,0.13053620722134085,-0.19427334172574898,0.034019315820662796,0.1373634006812869,0.18275224707293727,-0.04560951242983678,0.21209602800404243,0.061443380135877725,-0.2041524872615889,-0.0033030139817890464,0.2095024955640036,0.15452868106218182,0.42546585408682536,0.03074446073861789,-0.11381812612909248
2026-07-02,0.14178397494624131,-0.13411562637520816,0.019374305407107186,0.03076318477707546,-0.07448747259123067,-0.01806252470446127,0.09218073573522273,0.05554965216081297,0.12105480199301,0.06802377185925407,-0.0037208931262446236,-0.03305221563599978,-0.04293474870996038,0.028125952516327234,-0.09392391719031612,-0.05341122645614463,-0.14961573920974577,0.10013193484262733,0.3491549280534116,-0.03092562668845076,-0.07487804290632881,0.0002810526198970629,-0.12293480726068466,0.10940110332657127,-0.2866847970424953,0.0019219261658309401,-0.09683120025531963,0.048398904580019456,0.04511161731743429,0.0047835441861979935,0.0757087044191847,0.17241205144093186,0.029822883334375168,0.1252788557192269,0.19469616818266935,-0.2132459545687946,-0.2173939282792277,-0.013370488949698481,-0.26557847981638816,0.07342373361592873,-0.10217217026332134,0.15463152914211323,0.024117343394438613,0.19624147315378174,-0.27081819320363926,0.1598423641006472,-0.1042816617986962,-0.256326297650197,0.0831741792333814,0.03700226959149376,-0.0011237693518370492,-0.08595392813083194,0.38203371279696896,-0.11144545940202365,0.08374634926599442,0.023095403352375473,0.1161953836841888,0.031161826481193367,0.056824758027968394,-0.0340703392203173,0.1189312759161425,-0.050023800305082355,-0.17782463145317062,0.10351511816678997,-0.27125691945258745,-0.18359285352667992,-0.07027642424996529,-0.21027117083968735,0.1204801814423286,0.1210583252648938,-0.19580952722650308,-0.11460075754910476,0.036411003600621245,0.0342527561152628,0.24316452435614877,0.2020242844162531,-0.08083881842515749,-6.035190638726401e-05,-0.1550509947361126,-0.08531556722151555,0.01651082577571702,0.291502673047175,0.11293136337048267,0.07469913967295223,-0.19678405472421526,0.21045108922442435,0.0959187390268121,0.24084014509118498,0.04607468075667562,0.15303245703171386,0.23852230921891376,-0.47345296757277644,-0.10592167230323123,0.10972189019399008,0.09357316307111795,0.40738809790566954,0.0712688642896892,-0.11528326609912216
2026-07-06,0.07587497811239263,-0.0667339925742658,-0.008878349595322856,0.013088243862806036,-0.04125944502198407,-0.030352691024519575,0.07770365517686778,0.06348134823649586,0.12273011774966068,0.09340601695365951,-0.05608313213191604,-0.019607487433387798,-0.023875921263685033,0.03509617659840448,-0.09487862780088224,-0.057460821904664755,0.01020408163265306,0.07472128823884636,0.14205200896361256,-0.038302142847707804,-0.037262942217597385,0.01020408163265306,-0.10836077731137357,0.01020408163265306,-0.1888510985027366,-0.010270185389278335,-0.0015353184270451153,0.03976097167556339,0.01020408163265306,0.031161605287516617,0.01020408163265306,0.08124579370396254,0.01020408163265306,0.11892524150564343,0.12083521974353534,-0.07514740790963964,-0.04231972486070566,-0.022131723379462037,-0.13564580327168446,-0.003523719878598121,0.01020408163265306,0.06501719300135578,0.01020408163265306,0.10062278172211579,-0.1096052318293265,0.01020408163265306,-0.10800768023995526,-0.1590372877647906,0.01020408163265306,0.01020408163265306,0.01020408163265306,-0.024342636081646288,0.17971348906646156,-0.008127005899178199,0.01020408163265306,0.01020408163265306,0.05530793222506443,0.01020408163265306,0.01020408163265306,0.0030408007271014777,0.10845696607038743,-0.02283853639498224,-0.08915862336916545,0.014483307439926514,-0.07296159348422158,-0.1570357812206187,-0.036311742174274256,-0.06663917973690356,0.08071527701484056,0.0695556093441016,-0.1246065083017625,-0.11336383824202467,0.03622831869629378,0.08880596186377673,0.10459696204134963,0.11613020821103281,-0.15658405547338888,0.01020408163265306,-0.15294237177764067,-0.0386761996463277,0.04024113924694237,0.20856344635010102,0.031944449214236226,0.11351120552259035,-0.16061450132698232,0.10774434773679023,0.17388659749019703,0.145992014347116,-0.03635108178998067,0.15921070633840248,0.13207497470594198,-0.31765805274825437,-0.02252902175178221,0.12936858818606053,0.1361912832188171,0.441858968188515,0.03746475763208106,-0.10440709716600523
2026-07-07,0.051414365032987,0.005992570929144542,0.01020408163265306,0.00952320497811889,-0.018467590176883736,0.01020408163265306,0.01020408163265306,0.01020408163265306,0.01020408163265306,0.01020408163265306,-0.0800952724590413,0.01020408163265306,0.01020408163265306,0.01020408163265306,0.01020408163265306,0.01020408163265306,0.01020408163265306,0.01020408163265306,0.01020408163265306,0.01020408163265306,-0.008116695580333727,0.0007770282942818948,0.01020408163265306,0.01020408163265306,-0.07551491428732225,-0.003154138903648877,0.01020408163265306,0.01020408163265306,0.01020408163265306,0.01020408163265306,-0.051135381045928636,0.01020408163265306,0.01020408163265306,0.01020408163265306,0.01020408163265306,-0.06989029719072895,0.01020408163265306,0.01020408163265306,-0.014179460360544934,0.004797263736397849,0.01020408163265306,0.01020408163265306,0.01020408163265306,0.01020408163265306,0.01020408163265306,0.01020408163265306,-0.12705425348364136,-0.0173994957147355,0.01020408163265306,0.01020408163265306,0.01020408163265306,0.01020408163265306,0.01020408163265306,0.01020408163265306,0.01020408163265306,0.01020408163265306,0.01020408163265306,0.01020408163265306,0.01020408163265306,0.01020408163265306,0.021636914734350927,0.01020408163265306,0.01020408163265306,0.01020408163265306,0.01020408163265306,0.01020408163265306,0.01020408163265306,-0.020329474221439783,0.01020408163265306,0.04696728260043178,0.01020408163265306,0.01020408163265306,0.01020408163265306,0.01020408163265306,0.01020408163265306,0.01020408163265306,-0.004945180385669929,0.01020408163265306,-0.08442851666258493,0.0025567520606790684,0.01020408163265306,0.01020408163265306,0.01020408163265306,0.01020408163265306,0.01020408163265306,0.011568710515687735,0.01020408163265306,0.01020408163265306,0.01020408163265306,0.10204719977816631,0.01020408163265306,0.01020408163265306,0.01020408163265306,0.20163966321189045,0.12238336741087953,0.3655974644850871,0.01020408163265306,-0.09668091321396645
2026-07-08,0.08285277849610438,-0.06149809169832948,-0.005462494396863445,0.01020408163265306,-0.024077635923651385,0.0015541369136457314,0.08847062263591068,0.04695647822996265,0.1109324096582225,0.05148766200950331,-0.06680030856128481,-0.014957567740069221,-0.016245000190029606,0.03869689444559166,-0.09966699323830056,-0.030914209472839002,0.01020408163265306,0.09357481231807253,0.021973697285330586,-0.01212053141784882,-0.021660730771606768,0.01020408163265306,-0.12212861692938272,-0.002087091453882252,-0.16163756117295464,0.01020408163265306,0.003068457818497179,0.050721702484043896,0.01020408163265306,0.041397445775501626,-0.00918380378736869,0.056734172070418504,0.01020408163265306,0.07072765652408619,0.060347359170708714,-0.02235840599249786,0.01020408163265306,-0.00695104455056394,-0.1189791343396137,-0.000986669116880624,-0.0016566445661288995,0.01020408163265306,0.010482742786425112,0.03854346556546045,-0.11750698595051469,0.01020408163265306,-0.10412340702962265,-0.11858385821889712,0.01020408163265306,0.01020408163265306,0.01020408163265306,0.01020408163265306,0.12025600247243004,0.01020408163265306,0.01020408163265306,0.01020408163265306,0.035978945731262334,0.01020408163265306,0.032645607651778756,0.004542386876858219,0.11478127328661034,0.01020408163265306,-0.10365976847601152,0.01020408163265306,0.01020408163265306,-0.11970805590188939,0.01020408163265306,-0.07468426077244912,0.044463038180601044,0.07323114983149363,-0.1117453236325232,-0.09294405140173093,0.0665109919856141,0.08068418303115628,0.04488120419776077,0.08731792037205431,-0.15737674038386823,0.01020408163265306,-0.14591438400104395,-0.016144994405943983,0.07048603429145345,0.13218768753653895,0.03386176405190764,0.09967565549108937,-0.1287125637165606,0.10346962351672911,0.14425035462223867,0.0799398106591361,-0.05972510501889708,0.17735231690599643,0.07953961934508039,-0.24380123720460323,-0.03832790574941933,0.13170721486640743,0.17657629122542143,0.4468581452515554,0.05484452223213736,-0.09672285653509323
2026-07-09,0.09316588171395869,-0.08813570409054862,-0.003983117280713421,0.011142356462838955,-0.02740848292770534,0.01020408163265306,0.10612296375473176,0.04683875810460577,0.1037028967808492,0.057631984176111095,-0.05411700356262378,-0.00684930556694874,-0.024529770467142824,0.05041700886203761,-0.10643480475668575,-0.027696853163925846,0.01020408163265306,0.10274231196031645,0.06249438155115063,-0.03291228103611213,-0.029818019878398987,0.01020408163265306,-0.1323816171473437,-0.017654897562312748,-0.17170304161440245,0.01020408163265306,-0.01228921876007272,0.058585237019764425,0.01020408163265306,0.05612124693138605,0.003936905359087467,0.0733405334899105,0.006805785365487168,0.06747464372808859,0.11263290408822907,-0.03763954439014669,-0.02987414300171677,-0.015183922777456388,-0.1780676398408495,-0.006112665354090505,-0.034939435485287454,0.022725403555487696,0.01020408163265306,0.08704449409982631,-0.17388959890481642,0.042998145827424596,-0.0947408952886272,-0.1507408392758045,0.01020408163265306,0.01020408163265306,0.01020408163265306,0.01020408163265306,0.14711956778071103,0.01020408163265306,0.01020408163265306,0.01020408163265306,0.07236642430488642,0.01020408163265306,0.061082335763063045,-0.009922909490709191,0.11931539387979376,0.01020408163265306,-0.12325143564931128,0.01020408163265306,-0.027722970465560798,-0.11376426800530161,0.01020408163265306,-0.11896034256175884,0.04854265096934515,0.08224384312134089,-0.11245834580629487,-0.12938671056094642,0.07617116835213504,0.06573027475822132,0.06351198029339043,0.09675480830871683,-0.1364672693843293,-0.008293452144963466,-0.1485496325660152,-0.029765229865121375,0.05391491839825055,0.17995656056788628,0.06809908260735917,0.08613988149413734,-0.13084467706861141,0.10223679607437451,0.1888842346899101,0.08608940033944347,-0.037559993627660895,0.18836881178568676,0.0923620113462943,-0.27801010274203514,-0.05826893701687719,0.10506814308914832,0.1689219838287136,0.4629749482859714,0.0578566927670862,-0.0927760643030305
2026-07-10,0.1415147324458444,-0.14425624547228258,0.006330132394427878,0.025858273558848587,-0.07788946306193134,-0.016216554269477608,0.12735415289079732,0.036281070546456885,0.09401177717763236,0.12579849256233983,-0.017538769682491774,0.016991026863024464,-0.031342718154915135,0.06740551933848343,-0.09422903466555015,-0.015099244665534766,-0.1038171976679872,0.1422467451812846,0.15974547745298281,-0.05204916647830132,-0.0570808558700399,0.014458693209662346,-0.18741206985170308,0.031422473216771885,-0.28545943674032315,0.022904120188058864,-0.08749453364691769,0.07311592462751891,-0.02249187540310668,0.052953343617948595,0.06445412024759035,0.15287199005054725,-0.026520150949760103,0.0658837154520411,0.20404474750483273,-0.1543753010954913,-0.22342386639712197,-0.0650321140133661,-0.2928324319597282,0.060378334371682336,-0.08897499532235072,0.05019031313103559,0.008956445346030913,0.24295109883062227,-0.23104886124101792,0.21587666701335548,-0.06199771223961069,-0.22567000954744465,0.18038533401338808,0.062405295152976076,0.01020408163265306,-0.008833632029931286,0.34494140354932357,0.00368045729523391,0.01020408163265306,0.01350675375889113,0.1759172647969437,0.01020408163265306,0.08495799614944766,-0.08918096934484203,0.11334878570664174,0.03917869494639341,-0.3062539771027835,0.03675376538427621,-0.18925818552708756,-0.17105982600310535,0.01020408163265306,-0.26719764483260294,0.09829360480580891,0.10121737659382031,-0.13951220856793917,-0.3086615891398848,0.07099468547799856,0.02411275419571636,0.19931350111620064,0.20528246579930712,-0.07525032437741389,0.003212227660710174,-0.14039375149069008,-0.05682791052388615,0.08820886291447431,0.29107286036431623,0.10482578528903966,0.07904166711362319,-0.18083389179367942,0.20035366237699462,0.17437783109757574,0.15246491300260454,0.03881862855305796,0.17811588433262454,0.18644726416588558,-0.4152109722106491,-0.15619811775493317,0.028755511352723355,0.10092701032280438,0.4780873402987849,0.07655910932158627,-0.1134488015637232
2026-07-13,0.062001828065550234,-0.04612290054601994,0.01020408163265306,0.004476218066535294,-0.005957566455631192,0.01020408163265306,0.028878020773804462,0.03782216664771255,0.11189118754978969,0.017628984338364257,-0.05353458965373585,-0.0284525327983758,0.01020408163265306,0.01020408163265306,-0.06876575362862458,0.01020408163265306,0.01020408163265306,0.01020408163265306,0.01020408163265306,0.01020408163265306,0.00447676224766052,0.01020408163265306,-0.02975162129405283,0.01020408163265306,-0.11437503591546731,0.01020408163265306,0.01020408163265306,0.01020408163265306,0.01020408163265306,0.01020408163265306,-0.06378550713140728,0.01020408163265306,0.01020408163265306,0.02821725314839066,0.01020408163265306,0.01020408163265306,0.01020408163265306,0.01020408163265306,-0.05308372800155137,-0.01704089675708491,-0.033130287688820224,0.01020408163265306,0.01020408163265306,0.01020408163265306,-0.010449111688274669,0.01020408163265306,-0.09821110684924553,-0.11113906155156689,0.01020408163265306,0.01020408163265306,0.01020408163265306,0.01020408163265306,0.01020408163265306,0.01020408163265306,0.01020408163265306,0.01020408163265306,0.01020408163265306,0.01020408163265306,0.01020408163265306,0.01020408163265306,0.08555809412227049,0.01020408163265306,0.01020408163265306,0.01020408163265306,0.01020408163265306,-0.012986850106152909,0.01020408163265306,-0.05539652837758323,0.01020408163265306,0.0681082325597561,-0.05170444207329155,0.01020408163265306,0.01020408163265306,0.08746986072587859,0.01020408163265306,0.01020408163265306,-0.09067379841998406,0.01020408163265306,-0.11141659471283263,-0.026322991056170822,0.01020408163265306,0.01020408163265306,0.01020408163265306,0.01020408163265306,0.01020408163265306,0.05752658039276753,0.11268310268993564,0.01020408163265306,-0.026877627326262143,0.16226559204391156,0.015354518391547608,-0.039128704027873204,0.01020408163265306,0.16528716528142112,0.20880516298288476,0.3708267773352343,0.011416185211760932,-0.06381502794373888
2026-07-14,0.01020408163265306,0.01020408163265306,0.01020408163265306,0.007052249220303823,-0.007061789157708194,0.01020408163265306,0.01020408163265306,0.01020408163265306,0.01020408163265306,0.01020408163265306,-0.07198311839396127,0.01020408163265306,0.01020408163265306,0.01020408163265306,0.01020408163265306,0.01020408163265306,0.01020408163265306,0.01020408163265306,0.01020408163265306,0.01020408163265306,-0.02282705529413874,0.01020408163265306,0.01020408163265306,0.01020408163265306,0.009869840212282599,-0.01518727989218799,0.01020408163265306,0.01020408163265306,0.01020408163265306,0.01020408163265306,-0.0013838562287048373,0.01020408163265306,0.01020408163265306,0.01020408163265306,0.01020408163265306,0.01020408163265306,0.01020408163265306,0.01020408163265306,0.01020408163265306,0.01020408163265306,0.01020408163265306,0.01020408163265306,0.01020408163265306,0.01020408163265306,0.01020408163265306,0.01020408163265306,-0.13332193723024272,0.01020408163265306,0.01020408163265306,0.01020408163265306,0.01020408163265306,0.01020408163265306,0.01020408163265306,0.01020408163265306,0.01020408163265306,0.01020408163265306,0.01020408163265306,0.01020408163265306,0.01020408163265306,0.01020408163265306,0.01020408163265306,0.01020408163265306,0.01020408163265306,0.01020408163265306,0.01020408163265306,0.01020408163265306,0.01020408163265306,0.01020408163265306,0.01020408163265306,0.01020408163265306,0.01020408163265306,0.01020408163265306,0.01020408163265306,0.01020408163265306,0.01020408163265306,0.01020408163265306,0.01020408163265306,0.01020408163265306,0.01020408163265306,0.01020408163265306,0.01020408163265306,0.01020408163265306,0.01020408163265306,0.01020408163265306,0.01020408163265306,0.034527596586090815,0.01020408163265306,0.01020408163265306,0.01020408163265306,0.01020408163265306,0.01020408163265306,0.01020408163265306,0.01020408163265306,0.1666998322622711,0.13367515863816004,0.19337810343861025,0.01020408163265306,-0.16078468293628506
2026-07-15,0.13074411383627632,-0.07291916781005182,0.01020408163265306,0.014049804821781307,0.0008447073727157386,-0.05631930663581615,0.0796162083440994,0.045152461850697996,0.140281703716007,0.043415666283497564,-0.02133408018048901,0.01020408163265306,-0.0042737567009865675,0.0638204491489956,-0.17964141585286225,-0.02221460518437912,0.005634197348027944,0.10452570341051272,0.01020408163265306,0.01020408163265306,0.005213011675643614,2.5526207403061413e-05,-0.11580333102570105,0.01020408163265306,-0.18079110018619848,0.002347361052573981,0.01020408163265306,0.0801263088713093,0.01020408163265306,0.10278113380012699,0.0016086670320203979,0.01020408163265306,0.01020408163265306,0.10579427683094586,0.01020408163265306,-0.0317343415113515,-0.03467624052070209,-0.06706916351207091,-0.20315526578115115,-0.038679081706383386,-0.0895519046655571,0.01020408163265306,0.03146129660341407,0.021613858314754285,-0.08092730101684452,0.01020408163265306,-0.07201071383723123,-0.09123368649750072,0.01020408163265306,-0.052961680085735124,0.01020408163265306,0.01020408163265306,0.01817424962614233,0.03203866304327854,0.01020408163265306,0.0018449643202670379,0.14337456296088444,-0.040704715608963736,0.15446743154831372,-0.08249344159564619,0.16062419043194265,0.01020408163265306,-0.03610052641176685,0.016800514698106703,-0.03855112732126033,-0.007455220452468924,0.01020408163265306,-0.1335538284236247,0.1247415199541064,0.1130398639379369,-0.21167381151562895,-0.05290745554410957,0.023164148371300285,0.031003186048586893,0.01020408163265306,0.01020408163265306,-0.10700441731071296,0.01020408163265306,-0.13469518733577907,-0.012410547883957535,0.01020408163265306,0.22495152741398283,0.015116459497648237,0.058718955837792304,0.008880985796978812,0.2143364382700987,0.152038867844921,0.02309692195529405,-0.00652460393964417,0.1652131664024771,0.09722527915614448,-0.1967544326305979,-0.04100989740446763,0.01020408163265306,0.10109849822971083,0.43051976158375804,0.11311510667172181,-0.12020024158357719
2026-07-16,0.28905347095198897,-0.13665385988461448,0.01020408163265306,0.03227132960073508,-0.0312923893476438,-0.21656550555048942,0.07551238814728625,0.051971522259721695,0.14765100845909682,0.13104977946708168,0.00971401914590602,0.0022127946532441746,-0.07452291327459627,0.10003201283420035,-0.165849741437618,-0.023753338189714833,-0.10145532279774849,0.15377075718079636,0.1081329591290041,0.10562278966586133,-0.0021898226825913247,0.03732748231264458,-0.17200891054924183,0.04147800355660481,-0.34446240606519296,0.04592024335756815,-0.15046459499840512,0.16152025357048197,0.08517654366857134,0.09148682098857437,0.07764523162659813,0.027260158991013368,0.014183342038759657,0.231543795478672,0.06606055795458629,-0.06964477354238295,-0.2832425414879836,-0.20434075648034558,-0.40121419793133983,0.07006109948670551,-0.1733841937787742,0.0684823613151476,0.027505040423526965,0.05569858365657544,-0.25086647387146405,0.20949061065511984,0.006013526451010584,-0.2257099182047412,0.15724567190718997,-0.07189758516653198,-0.043139156286090094,0.024336984102737415,0.2040991711066767,0.046911728662400724,0.018038369798031428,0.03544642833152806,0.24689796598324787,0.007317232385511501,0.20638406992644437,-0.24104998260896215,0.21935806073697114,0.031134714608638626,-0.3203058810646735,0.16878560289645875,-0.28495420606221394,-0.030709575480999486,0.01736110125911133,-0.3636068110079314,0.28124302605693335,0.15768404878057546,-0.365958351767076,-0.03388749551014218,-0.00822617106751949,-0.0893005362819152,-0.04684564718655746,0.14246830777811756,0.09369102500587438,0.054683207824900784,-0.20328091415963978,-0.02681524050046677,-0.08441532000513323,0.43568048917752555,0.15980462897161032,0.03892016062382267,0.04760280525086539,0.503938124070079,-0.007190538485452232,0.09770081795851628,0.06611156064206011,0.2745428225000611,0.05378691438288807,-0.4391989177613329,-0.06791637966841614,-0.10109501847824795,-0.0750375071038161,0.5548953330312854,0.22194158568999706,-0.1696116323817904
2026-07-17,0.01020408163265306,0.01020408163265306,0.01020408163265306,0.007413526188931744,0.0023194646688835825,0.01020408163265306,0.01020408163265306,0.01020408163265306,0.01020408163265306,0.01020408163265306,-0.07152096268184806,0.01020408163265306,0.002306525737393759,0.01020408163265306,0.01020408163265306,0.01020408163265306,0.01020408163265306,0.01020408163265306,0.01020408163265306,0.01020408163265306,-0.017949184178633185,0.01020408163265306,0.01020408163265306,0.01020408163265306,-0.007657198045998322,-0.03195920954326056,0.01020408163265306,0.01020408163265306,0.01020408163265306,0.01020408163265306,0.01020408163265306,0.01020408163265306,0.01020408163265306,0.01020408163265306,0.01020408163265306,0.01020408163265306,0.01020408163265306,0.01020408163265306,0.01020408163265306,0.01020408163265306,0.01020408163265306,0.01020408163265306,0.01020408163265306,0.01020408163265306,0.01020408163265306,0.01020408163265306,-0.13583552907185356,0.01020408163265306,0.01020408163265306,0.01020408163265306,0.01020408163265306,0.01020408163265306,0.01020408163265306,0.01020408163265306,0.01020408163265306,0.01020408163265306,0.01020408163265306,0.01020408163265306,0.01020408163265306,0.01020408163265306,0.01020408163265306,0.01020408163265306,0.01020408163265306,0.01020408163265306,0.01020408163265306,0.01020408163265306,0.01020408163265306,0.01020408163265306,0.01020408163265306,0.01020408163265306,0.01020408163265306,0.01020408163265306,0.01020408163265306,0.01020408163265306,0.01020408163265306,0.01020408163265306,0.01020408163265306,0.01020408163265306,0.01020408163265306,0.01020408163265306,0.01020408163265306,0.01020408163265306,0.01020408163265306,0.01020408163265306,0.01020408163265306,0.03711596206675319,0.01020408163265306,0.01020408163265306,0.01020408163265306,0.01020408163265306,0.01020408163265306,0.01020408163265306,0.01020408163265306,0.11829868951364866,0.16601219245814933,0.1909074927357058,0.01020408163265306,-0.12679870862338258
2026-07-20,0.1695771916973192,-0.10261230543178533,0.01893842318975357,0.02055482297555706,0.00821751624667966,-0.07703041200341869,0.02887511415884316,0.030903751538014335,0.17854120971185658,0.038667543316968554,-0.013811152824723645,0.0009837327299863953,-0.027959144833622683,0.056838947953928444,-0.13278776336920933,-0.022263517709042766,-0.04839540017900893,0.1439648452816074,0.01020408163265306,0.0050973915706082895,0.005896127606238052,0.01020408163265306,-0.13700152005348712,0.01020408163265306,-0.19125455594671906,-0.012859983036530477,-0.022749102878217693,0.09624007413426836,0.01020408163265306,0.11699740621773494,0.01020408163265306,-0.0006265748542817924,0.010913802997035534,0.1714909020405071,0.021768901516137987,-0.044364876402868986,-0.11921152117776394,-0.02982909633045555,-0.1738208146996765,0.002173785703236895,-0.12808803652177947,0.03857277400502266,0.03194717927806707,0.07417470770454201,-0.17583062553439827,0.01020408163265306,-0.04655209230434293,-0.10902592379261364,0.01020408163265306,-0.012997310087171433,0.01020408163265306,0.01020408163265306,0.128393013847734,0.04087952221473497,-0.0012202176834608409,0.016421405421144397,0.08155320161781605,-0.021679543244196554,0.15363277126367608,-0.11274571124529645,0.1773256322519629,0.01020408163265306,0.01020408163265306,0.01818218400786207,-0.13891903707591238,-0.08159528759875101,-0.030394322079999828,-0.14443496266958866,0.16502765154798002,0.13107715833331446,-0.19206856433588756,-0.08166346686931766,0.01020408163265306,0.04611535467804924,0.01020408163265306,0.05338505032901181,-0.07493974129991843,0.01020408163265306,-0.15844950209691253,-0.005299590308526437,-0.02936466958819923,0.2789792806858929,0.02450465911157859,0.04552096366781613,0.01020408163265306,0.24416937870207,0.12460472976098501,0.01020408163265306,0.0005863135066924343,0.11450785886970825,0.1300892591202577,-0.21268319301307317,-0.060355553561398725,0.01020408163265306,0.09526413356653118,0.513660635220059,0.07575415352873356,-0.12955475794106872
2026-07-21,0.16788110832363057,-0.09707451598357525,0.011764585161395141,0.019876702414103553,0.008169791962690753,-0.07048226844663046,0.02788534487112672,0.028363615990007703,0.17660820303566738,0.044281421545885706,-0.015772270992018632,0.0013197443599700584,-0.02781302594920374,0.05430785933992717,-0.12867699657570844,-0.018309919898430692,-0.06196450668076438,0.14458329890967228,0.01020408163265306,0.002061527081318274,0.00843341284729644,0.01020408163265306,-0.13126764999625556,0.01020408163265306,-0.1880243683562575,-0.009854963382231753,-0.02055476616757431,0.09491867453609226,0.01020408163265306,0.11648696139695455,0.01020408163265306,-0.0027859865965318142,0.01020408163265306,0.17476288462497885,0.021216542490272265,-0.054332238305093844,-0.11702666414474892,-0.022990014882490056,-0.1630793804520363,-0.0049582318217715245,-0.131050994370196,0.035609744123979825,0.02911020193237484,0.07334490362153515,-0.15900989282349828,0.011008298872291952,-0.03954090925495704,-0.11072254006681896,0.01020408163265306,-0.011403860668198868,0.01020408163265306,0.01020408163265306,0.1354255711630323,0.043239564200243295,-0.0037641286449749383,0.014599853216543335,0.06476124149210355,-0.014548783062159997,0.13447366284999263,-0.10736571951793517,0.17127959130743758,0.01020408163265306,0.01020408163265306,0.01020408163265306,-0.13911729795658515,-0.09149384574113156,-0.036252567084557485,-0.13671303694343429,0.15629959851352374,0.13113084911366718,-0.1850036181423569,-0.08317972663119157,0.019923116105168226,0.06224402070486333,0.01020408163265306,0.05916704423810058,-0.07754394336700643,0.01020408163265306,-0.15761547776087736,-0.005543224233414386,-0.023911645650316928,0.2796404264723819,0.018755842335825657,0.05378101429908463,0.01020408163265306,0.23270529847388013,0.13099504584035013,0.01020408163265306,-0.0020689052171054666,0.11221114635927257,0.12037304593436755,-0.21918626892034276,-0.06590706981534143,0.01020408163265306,0.10368219424184859,0.5222570819420606,0.07138233846722022,-0.1278805379635172
2026-07-22,0.1990747193447272,-0.13063824807087715,0.025803971527546016,0.028356727409522164,-0.016929396886833536,-0.06702788222589777,0.01020408163265306,0.01020408163265306,0.2527379809386118,0.08509415387912012,-0.004547284293687556,0.01020408163265306,-0.041031450519049086,0.04667271729851631,-0.12198633998177484,-0.02745292661946988,-0.13288470459530358,0.1376574676834946,0.052812003183584186,-0.0497268490972462,-0.016792425562687938,-0.02581983623085881,-0.1585113693064239,0.012694622611724042,-0.23383411365618015,-0.00269572153475618,-0.08096222710377737,0.12098585349060265,0.057233429171539486,0.11925479369139999,0.033408404789532116,0.01020408163265306,0.05004895403757859,0.22981891130372178,0.07608207673494306,-0.10616182872659193,-0.23951187308181746,-0.04756496930196672,-0.2332791623617986,0.009624561679112307,-0.19923154477873653,0.05406788493545516,0.04701433970030104,0.19598270753289232,-0.19212344532387543,0.04953925592919466,0.007500629386051682,-0.1740204688334643,0.16234848846961658,0.01020408163265306,-0.01044576700301291,0.02851890990194437,0.26137137622575285,0.01681777617244283,-0.06431223973260383,0.06255909047381045,0.05083187131296278,-0.021406950659065005,0.11781463993659894,-0.1515387784261005,0.1673753118768919,0.031072552094017422,0.003500104054972501,0.01020408163265306,-0.209525529821344,-0.15219803423544673,-0.09856345375859527,-0.22091430372585424,0.19965977106859195,0.15301987624071367,-0.14946597018517432,-0.16284053725792566,0.006759027161419679,0.03017686742300934,0.01020408163265306,0.17278012950995714,-0.011897466999457275,0.01020408163265306,-0.16404539441811183,-8.68107598026354e-05,-0.04946945363864603,0.39669313544712503,0.03642005720036539,0.08903477544778553,0.003854263358507121,0.2965508053449668,0.1466330992039049,0.035450567656406855,0.01641872490991271,0.1079519935341256,0.15559844141669713,-0.3595884827789045,-0.11195090777690965,-0.05122932971711347,0.06635683127812178,0.5956924300269114,0.05436471656755761,-0.14651097364834256
2026-07-23,0.17916579737121627,-0.12989320932735987,0.03016984177082995,0.0289022595232767,-0.01703218827193774,-0.04951789105184436,0.00875647609089767,0.015148505954169049,0.2561127997177534,0.0839052841724093,-0.007231371856153418,0.003995568293246834,-0.033006197759944296,0.03986699787182654,-0.12348608704867532,-0.02144039434883606,-0.16108484722335806,0.1542330376016732,0.04652209864553039,-0.04536839496875794,-0.02569500431784464,-0.047441103700799306,-0.15864842971783544,0.024968151328404572,-0.22507242437377586,-0.012404592436148608,-0.09374042072754339,0.11251245442789107,0.054386128057287,0.1408318491989287,0.03293137960614168,0.00868852975311862,0.06960562158518013,0.21729502248439644,0.11926521308298813,-0.13281098267293326,-0.229290520934118,-0.046809802360404607,-0.24970725533828347,0.010102889409861957,-0.20228400220034884,0.027566092721808502,0.05967424846438754,0.20380884270209024,-0.16292298426137117,0.01020408163265306,-0.005820646619449961,-0.1558665231459026,0.2122588177305576,0.015426254779200517,-0.008383583733288411,0.0244479269569006,0.2649761853653591,0.01020408163265306,-0.05398702461773877,0.07458424704346722,0.047094928692350206,-0.04217493819198195,0.09853080225403146,-0.14337595127305824,0.1773321017494683,0.017494604380340933,0.01020408163265306,0.002876789860253857,-0.23612478533862508,-0.12017894609159317,-0.11072036038294478,-0.21079326793389705,0.18507409599251848,0.1432352538334043,-0.1446047177295603,-0.14892031334056471,0.01020408163265306,0.05003892483732615,0.017825561352637534,0.15130228373326274,-0.04154902810858384,0.01128103813183623,-0.15537238705695305,0.00836870560786319,-0.045040417462089984,0.4192208840115564,0.01654975136241494,0.09316558489487946,-0.026774730610433665,0.2891061317685948,0.1486739864644658,0.06503244347673884,0.01020408163265306,0.10815908871732999,0.15374036621261356,-0.3490579250119583,-0.08914450619149555,-0.0593882083168836,0.06221674245062458,0.583411935069192,0.051754239219499586,-0.15044880789199108
2026-07-24,0.01020408163265306,0.01020408163265306,0.01020408163265306,0.006534621018957068,0.01020408163265306,0.01020408163265306,0.01020408163265306,0.01020408163265306,0.01020408163265306,0.01020408163265306,-0.06615090990963521,0.01020408163265306,0.01020408163265306,0.01020408163265306,-0.010180415266321003,0.01020408163265306,0.01020408163265306,0.01020408163265306,0.01020408163265306,0.01020408163265306,-0.03865703459551993,-0.005411676840309356,0.01020408163265306,0.01020408163265306,-0.021135230891100622,-0.015258536092541174,0.01020408163265306,0.01020408163265306,0.01020408163265306,0.01020408163265306,0.006618234365887614,0.01020408163265306,0.01020408163265306,0.01020408163265306,0.01020408163265306,0.01020408163265306,0.01020408163265306,0.01020408163265306,0.01020408163265306,0.01020408163265306,0.01020408163265306,0.01020408163265306,0.01020408163265306,0.01020408163265306,0.01020408163265306,0.01020408163265306,-0.1346819077069005,0.01020408163265306,0.01020408163265306,0.01020408163265306,0.01020408163265306,-0.016015471292093637,0.01020408163265306,0.01020408163265306,0.01020408163265306,0.01020408163265306,0.01020408163265306,0.01020408163265306,0.01020408163265306,0.01020408163265306,0.01020408163265306,0.01020408163265306,0.01020408163265306,0.01020408163265306,0.01020408163265306,0.01020408163265306,0.01020408163265306,0.01020408163265306,0.01020408163265306,0.03860758379720549,0.01020408163265306,0.01020408163265306,0.01020408163265306,0.01020408163265306,0.01020408163265306,0.01020408163265306,0.01020408163265306,0.01020408163265306,0.01020408163265306,0.01020408163265306,0.01020408163265306,0.01020408163265306,0.01020408163265306,0.01020408163265306,0.01020408163265306,0.05319377578456839,0.01020408163265306,0.01020408163265306,0.01020408163265306,0.01020408163265306,0.01020408163265306,0.01020408163265306,0.01020408163265306,0.09836318210466272,0.24033627001243116,0.15468412940755827,0.01020408163265306,-0.12758130777440024
2026-07-27,0.13833036761037554,-0.11164807109383827,0.017754253569808115,0.020379832775506316,0.006553786246674973,-0.01597408739540776,0.014939565335571649,0.06727218822396697,0.20669820593186436,0.034490255238886346,-0.034739219043724,0.0035400883123572254,-0.02804050798592906,0.03914861899329794,-0.12531367526414464,-0.0025278078787126738,-0.09298453209242194,0.12311920538796088,0.036367796877622115,-0.004869244517519071,-0.01635984377175185,-0.01618495548256347,-0.14520261470726903,0.005169760209244492,-0.18309132412342266,-0.013716753922005354,-0.0501816623488117,0.07105387939090146,0.01020408163265306,0.0998240008457107,0.011599634147080371,0.006710490647819293,0.044202110721662885,0.16480370743505796,0.07208909526716747,-0.061531915499120904,-0.12372466301400702,0.01020408163265306,-0.13196724875392823,0.01020408163265306,-0.127494770738111,0.017798217682832542,0.021882419488465754,0.09069537907467815,-0.16874963299088735,0.01020408163265306,-0.02157961546873302,-0.0680929052155659,0.030985708927877262,0.01020408163265306,0.01020408163265306,0.01020408163265306,0.1817216738548293,0.02472998769262621,0.01020408163265306,0.028424964193532354,0.04914797202172619,-0.03990008445837979,0.07373796689299418,-0.09264974878560582,0.1623687860254027,0.01020408163265306,0.01020408163265306,-0.0029125372148155297,-0.12230330458461998,-0.14501625752730818,-0.05735341200171404,-0.12921402418179934,0.14210170344474718,0.11220372775827017,-0.14917323513442152,-0.0925189751887311,0.01020408163265306,0.05505079846067311,0.01020408163265306,0.11872547383124783,-0.10597936590145952,0.01020408163265306,-0.14491654908817903,-0.003666568187700371,-0.0001358175466407846,0.2813188974140952,0.01020408163265306,0.08119792887396637,0.01020408163265306,0.1936710058072535,0.16079578434496428,0.01020408163265306,-0.02788662567832191,0.10663539581749037,0.1271300631063886,-0.24341195681446798,-0.05807031138824299,0.01020408163265306,0.15829190412870286,0.47487792276636653,0.015236475338168472,-0.10716256288065504
2026-07-28,0.15988815705352594,-0.11571460706650628,0.0009357056171686133,0.020497786326014615,-0.006650274047972313,-0.012218243744982206,0.03130504011198797,0.06080957057898875,0.21989835261434304,0.031537087736474234,-0.022086190437463758,-0.0030355180212301713,-0.036314745247780056,0.05506388348262152,-0.1349605918901657,-0.013594607508198969,-0.07668289628164822,0.11746847290520904,0.09777535969473754,-0.03711752463765355,-0.03046054769869999,-0.02257320884296494,-0.1723759125581074,0.019026813319152104,-0.19171793860942773,-0.02628952040152794,-0.07302896539536191,0.07263729827548013,0.01020408163265306,0.11191503609041546,0.027018305011225652,0.00032434788680933864,0.05462639315624856,0.17779761220788298,0.1105575733552641,-0.09711169455103182,-0.1590103540489847,-0.014559405584566755,-0.15030379269313382,0.0061928983056921925,-0.1432256648894367,0.01020408163265306,0.04398982864664356,0.1780084460268298,-0.17553467445548962,0.01020408163265306,-0.001621370331649918,-0.08340628023713764,0.06552298736334863,0.007405562753664012,0.01020408163265306,0.014351751115693975,0.2201624148282965,0.01020408163265306,-0.012251984287219754,0.05149023082265064,0.028100454416115687,-0.040582008774017686,0.06784907128487411,-0.1147938802902454,0.17884938321549837,0.004495111663685468,0.01020408163265306,-0.005091304614594207,-0.15540369026042802,-0.13404236420969776,-0.07362443271085875,-0.1757393605704845,0.16820873155746013,0.14013379325538688,-0.14877444216371624,-0.15222124558952982,0.01020408163265306,0.045135779358250604,0.01020408163265306,0.17975354503175026,-0.060897593622212295,0.015833274648841295,-0.15318744473417784,-0.015348471475479577,-0.012408676254807847,0.37450912576963685,0.017777286962843343,0.0972121124966693,-0.05551920137247915,0.2291444181033352,0.12465920973851251,0.01020408163265306,-0.0019986298657457373,0.10338070293514923,0.1295384003777398,-0.3376783512746108,-0.09290249197757648,-0.013055992127688583,0.15398913034888653,0.5215705534179499,0.042041404189733074,-0.11510904339587212
2026-07-29,0.15643940469706338,-0.118424295135602,0.000952842115503302,0.0198981114638832,-0.005223473683114295,-0.0022194552751127316,0.029892112896371496,0.06156482081421407,0.22232501168537902,0.02294607407687141,-0.02313474380799984,0.0016783830074881233,-0.039479215370224745,0.05497222665419204,-0.13222390838435455,-0.008087648864745568,-0.06725983118196661,0.11371065940145572,0.1011490557051661,-0.03643548077301334,-0.03353291932764764,-0.03150294583654729,-0.17203819736384354,0.01020408163265306,-0.1835837671589622,-0.02560385379585002,-0.07219908528938852,0.0718883320521967,0.01020408163265306,0.11243388945264106,0.030996169844692292,0.01020408163265306,0.05534499274721642,0.17102051590151068,0.10753832725025357,-0.0927334166869617,-0.15811905491866368,-0.006711715941232951,-0.1475539456605565,0.006694984590794871,-0.14945269808636816,0.01020408163265306,0.041543117860022044,0.17169941913547598,-0.18631846937384544,-0.0001446451986117231,-0.0053075623808500096,-0.09257054682485705,0.06945160597686825,0.004673433196152586,0.01020408163265306,0.01899611117473239,0.21536143742459135,0.01020408163265306,-0.0011523497352062834,0.04981747912239422,0.02879074518913345,-0.03409329889312099,0.0652901640626933,-0.10634950727752558,0.17776545798132723,0.004276856230194473,0.01020408163265306,-0.00920995655603288,-0.14735344968806827,-0.13296258304117028,-0.06617124030442391,-0.17785447875073246,0.1671040147607289,0.13984277601079956,-0.14416116306636612,-0.14304372490810902,0.01020408163265306,0.039220294711430494,0.01020408163265306,0.1877893296377212,-0.07694112609723072,0.01020408163265306,-0.15170940852614792,-0.01590291643469796,-0.00560942390804312,0.35955880206292984,0.03104398498651776,0.0931632828327085,-0.05387855155864693,0.21215429738778624,0.13252876969104363,0.015102799663628926,-0.007819787009656748,0.09411637809335288,0.12886781677254394,-0.31957010662799307,-0.09193155506077312,-0.008655762671037614,0.16006716047886127,0.515034351937285,0.03373525065590954,-0.1162506012849538
2026-07-30,0.2113206840350553,-0.02963812159307254,-0.020276192365789994,0.024344234008539148,0.006808009104254909,-0.13039775100068393,0.01713677532139303,0.05194300584945145,0.2730108954919092,-0.10146438347517965,-0.023689852034443543,0.017983725942598235,0.03769093718912194,0.09191335999289571,-0.1546380936527335,0.030620137962736486,-0.11095257439828737,0.2774254361968085,0.01020408163265306,-0.10421203208378224,-0.04714862586620779,-0.005629786335067987,-0.20839119949759746,0.0994035416404076,-0.15023613386510093,-0.07351592195459476,-0.10703969050719295,0.0487797138351162,-0.0809086881547553,0.30116685423077366,0.022368338260262043,-0.10708888441754574,0.14023325688074448,0.2153729025128191,0.07291627863265454,-0.2428602091640446,-0.1233408060303652,0.053786089205208505,-0.11889883827887625,-0.09888305736466886,-0.22956257542267147,-0.05565026545697663,0.11496971935509771,0.31974060821463757,-0.06597155091090394,-0.1981909826472634,0.024600392877583817,0.026688926473756452,0.11748070432568501,0.01020408163265306,0.037056546162988264,-0.0009270090511843618,0.2606631810919811,0.01020408163265306,-0.05198622409917013,0.2656948133454756,-0.18012056672361076,-0.07904277948070891,-0.043563049920492244,-0.1365158955858527,0.28615122909935664,-0.0690212262447855,0.21240205039766877,-0.09538999599985375,-0.33625829795568263,-0.128588898555286,-0.20623416543606268,-0.05707069755524069,0.09881573068832834,0.18190596271368767,-0.127266120055215,-0.10057368515865557,0.049039966319048015,0.17272284801469645,0.08608975951815843,0.01020408163265306,-0.06639228315171271,0.03675573218784696,-0.06701134603640467,-0.013934373033597213,-0.18368484037643895,0.5432441829549755,0.01020408163265306,0.12800793670069482,-0.39012829819790457,0.23592232846658645,0.28816712798705524,0.01020408163265306,0.0619767578356711,0.19894952422074924,0.05080902401914079,-0.47829338267322213,-0.10096610652185606,-0.20361373649146133,0.3003645433224607,0.6528626228422291,0.07173580126317117,-0.17309749170519456
2026-07-31,0.13115555667056106,-0.03951607138060501,0.0015131313610575077,0.01020408163265306,0.01020408163265306,-0.0846190948469444,-0.0062470298542653385,0.01020408163265306,0.2430546695714451,0.01020408163265306,-0.0435333552045623,-0.008764902198460689,-0.024976504162776164,0.08453127615205447,-0.1444471218514438,0.01020408163265306,0.0024058487734066212,0.12152174871776289,-0.0013215369724199379,0.01020408163265306,-0.008236908516603266,0.01020408163265306,-0.14385635778129513,0.01020408163265306,-0.08981255277094113,0.01000111227367499,0.01020408163265306,0.07366827991936917,-0.05355352790710123,0.13787415538734799,0.0024921402399834753,-0.012999350892281216,0.023831102261492924,0.1706064192920515,0.01020408163265306,-0.06470927603722727,-0.035241577371514635,0.010199265961953965,-0.07991144232425666,-0.13493776849731104,-0.12890874743478256,0.00744548156114822,0.037853285812378255,0.037542304248232815,-0.10948001149902885,-0.03074751456649724,-0.01851332638391872,-0.05035520474022671,0.01020408163265306,0.0007399910454148478,0.04124449258415888,0.01020408163265306,0.06397805388915907,0.06848008847461065,-0.09346612952755785,0.042722847476239584,0.01020408163265306,-0.017525257015608968,0.06969757709106938,-0.09252079975664321,0.17517152172278067,-0.10604715913213891,0.0321494551556303,-0.037323060676736186,-0.0799324645407306,-0.13031796504647936,-0.03516071883318487,-0.07936679302013412,0.11809535026028162,0.1322050300857489,-0.09164508233612398,-0.03248822800437693,0.06436193174269471,0.1064038638915145,0.01020408163265306,0.01020408163265306,-0.04974189417382724,-0.026221458736396745,-0.1439690111087163,-0.002666279746932501,0.0030778607244915865,0.262399965264185,0.01020408163265306,0.07367110258755136,-0.05585300319341985,0.12207706605961165,0.26755207414714893,0.01020408163265306,-0.00849027328734561,0.11400443888293758,0.06788254895535224,-0.22894947657983877,0.0041621928966893715,-0.013537135642789648,0.18082630430259639,0.48451731870597625,0.01020408163265306,-0.1348789499840744
