date,SMALL LoBM,ME1 BM2,ME1 BM3,ME1 BM4,ME1 BM5,ME1 BM6,ME1 BM7,ME1 BM8,ME1 BM9,SMALL HiBM,ME2 BM1,ME2 BM2,ME2 BM3,ME2 BM4,ME2 BM5,ME2 BM6,ME2 BM7,ME2 BM8,ME2 BM9,ME2 BM10,ME3 BM1,ME3 BM2,ME3 BM3,ME3 BM4,ME3 BM5,ME3 BM6,ME3 BM7,ME3 BM8,ME3 BM9,ME3 BM10,ME4 BM1,ME4 BM2,ME4 BM3,ME4 BM4,ME4 BM5,ME4 BM6,ME4 BM7,ME4 BM8,ME4 BM9,ME4 BM10,ME5 BM1,ME5 BM2,ME5 BM3,ME5 BM4,ME5 BM5,ME5 BM6,ME5 BM7,ME5 BM8,ME5 BM9,ME5 BM10,ME6 BM1,ME6 BM2,ME6 BM3,ME6 BM4,ME6 BM5,ME6 BM6,ME6 BM7,ME6 BM8,ME6 BM9,ME6 BM10,ME7 BM1,ME7 BM2,ME7 BM3,ME7 BM4,ME7 BM5,ME7 BM6,ME7 BM7,ME7 BM8,ME7 BM9,ME7 BM10,ME8 BM1,ME8 BM2,ME8 BM3,ME8 BM4,ME8 BM5,ME8 BM6,ME8 BM7,ME8 BM8,ME8 BM9,ME8 BM10,ME9 BM1,ME9 BM2,ME9 BM3,ME9 BM4,ME9 BM5,ME9 BM6,ME9 BM7,ME9 BM8,ME9 BM9,BIG LoBM,ME10 BM2,ME10 BM3,ME10 BM4,ME10 BM5,ME10 BM6,ME10 BM7,ME10 BM8,ME10 BM9
2026-01-02,0.01020408163265306,-0.04498157760058787,0.01020408163265306,-0.0003453094069104292,0.01020408163265306,0.023778845504960122,0.01020408163265306,0.01020408163265306,0.05904316330053687,0.14997539888320713,-0.013583930965064364,-0.014424371151148406,-0.025286657947074548,-0.02605023950106413,0.01020408163265306,0.01020408163265306,0.01020408163265306,0.01020408163265306,0.01020408163265306,0.01020408163265306,0.01020408163265306,0.01020408163265306,-0.09807649764779093,0.01020408163265306,0.01020408163265306,-0.005590779795447929,0.01020408163265306,0.01020408163265306,0.01020408163265306,-0.11101359500782053,0.01020408163265306,0.01020408163265306,0.01020408163265306,0.01020408163265306,-0.13562303119118543,0.01020408163265306,0.01020408163265306,0.01020408163265306,0.01020408163265306,-0.09726150423483645,0.01020408163265306,-0.0803310994580083,-0.03135138359599457,0.01020408163265306,0.01020408163265306,0.01020408163265306,0.01020408163265306,0.01020408163265306,0.01020408163265306,0.01020408163265306,0.01020408163265306,-0.11111630047306917,0.01020408163265306,0.01020408163265306,0.01020408163265306,0.01020408163265306,0.01020408163265306,0.01020408163265306,0.01020408163265306,-0.16636859760615494,0.01020408163265306,0.01020408163265306,0.01020408163265306,0.01020408163265306,0.01020408163265306,-0.006955251942426603,0.01020408163265306,0.01020408163265306,0.01020408163265306,0.21536821270170328,0.01020408163265306,0.01020408163265306,0.01020408163265306,0.01020408163265306,0.01020408163265306,0.01020408163265306,0.01020408163265306,-0.00964005909083313,0.01020408163265306,-0.09803883891310236,0.01020408163265306,0.01020408163265306,0.01020408163265306,0.2885463622323991,0.01020408163265306,0.01020408163265306,0.09116005631113928,0.01020408163265306,0.01020408163265306,0.01020408163265306,0.18958618918874687,0.01020408163265306,0.01020408163265306,0.010993674723511558,0.01020408163265306,0.4335556991874845,0.01020408163265306,-0.10025429079088281
2026-01-05,0.01020408163265306,-0.05440525166419041,0.01020408163265306,-0.014903379333991563,0.01020408163265306,0.02897358446480531,0.01020408163265306,0.01020408163265306,0.11147154007804028,0.14728930192468595,-0.013432286586602843,-0.011826296615907365,-0.03193786641061513,-0.03248978688055197,0.01020408163265306,0.01020408163265306,0.01020408163265306,0.01020408163265306,0.050672786755660996,0.01020408163265306,0.01742844030652755,0.01020408163265306,-0.10248833861958406,0.01020408163265306,0.01020408163265306,-0.015966751865361464,0.01020408163265306,0.01020408163265306,0.01020408163265306,-0.12255080911798948,0.01020408163265306,0.01020408163265306,0.01020408163265306,0.01020408163265306,-0.1540284313649613,0.01020408163265306,0.01020408163265306,0.01020408163265306,0.01020408163265306,-0.09056843591582867,0.0029145883756431816,-0.08299448266490543,-0.02940289967546353,0.01020408163265306,0.01020408163265306,0.01020408163265306,-0.015994310167280465,0.01791656916067164,0.01020408163265306,0.01020408163265306,0.01020408163265306,-0.12192450998084815,-0.017946127600200132,0.01020408163265306,0.01020408163265306,0.01020408163265306,0.01020408163265306,0.01020408163265306,0.01020408163265306,-0.15556814731010227,0.01020408163265306,0.01020408163265306,0.01020408163265306,0.01020408163265306,0.01020408163265306,-0.030460676409951225,0.01020408163265306,0.01020408163265306,0.01020408163265306,0.21534000721495808,0.01020408163265306,0.01020408163265306,0.01020408163265306,0.01020408163265306,0.013612934514113563,0.01020408163265306,0.01020408163265306,-0.040102649147095014,0.01020408163265306,-0.11476142852209129,0.01020408163265306,0.01020408163265306,0.01020408163265306,0.31841526771910533,0.01020408163265306,0.01020408163265306,0.08319202436871918,0.01020408163265306,0.01020408163265306,0.0498508915244018,0.23629659579544304,0.01020408163265306,0.01020408163265306,0.03905366724560621,0.01020408163265306,0.40548698573223524,0.01020408163265306,-0.11681538055158515
2026-01-06,0.01020408163265306,-0.055849442901118,0.01020408163265306,-0.01115926373601108,0.010141386079822817,0.02343894467157925,0.01020408163265306,0.01020408163265306,0.11385981605762359,0.14710497020924,-0.016704376800024325,-0.010159218599023025,-0.02980473637305829,-0.03077595974303597,0.01020408163265306,0.01020408163265306,0.01020408163265306,0.01020408163265306,0.05603045610490697,0.01020408163265306,0.01511869417468675,0.01020408163265306,-0.10177250773516233,0.01020408163265306,0.01020408163265306,-0.02034344673634856,0.01020408163265306,0.01020408163265306,0.01020408163265306,-0.12731671633171568,0.01020408163265306,0.01020408163265306,0.01020408163265306,0.01020408163265306,-0.16425918715043253,0.01020408163265306,0.01020408163265306,0.01020408163265306,0.01020408163265306,-0.08414530052023557,0.00210332389123654,-0.08903521309142982,-0.022396253420105726,0.01020408163265306,0.01020408163265306,0.01020408163265306,-0.015319171222727116,0.034439235206940526,0.01020408163265306,0.01020408163265306,0.009695864058351081,-0.12198195372459435,-0.021808663297228137,0.01020408163265306,0.01020408163265306,0.01020408163265306,0.01020408163265306,0.01020408163265306,0.01020408163265306,-0.1580977025488689,0.01020408163265306,0.01020408163265306,0.01020408163265306,0.01020408163265306,0.01020408163265306,-0.03625464350607116,0.01020408163265306,0.01020408163265306,0.01020408163265306,0.21574474194572515,0.01020408163265306,0.01020408163265306,0.01020408163265306,0.01020408163265306,0.011093465757795174,0.01020408163265306,0.01020408163265306,-0.0364955592977092,0.01020408163265306,-0.11353663359907464,0.01020408163265306,0.01020408163265306,0.01020408163265306,0.3392900399516062,0.01020408163265306,0.01020408163265306,0.06677413709896961,0.01020408163265306,0.01020408163265306,0.04950051444114392,0.23420643998290513,0.01020408163265306,0.01020408163265306,0.04244915040107706,0.01020408163265306,0.4012870842732792,0.01020408163265306,-0.11730721193209824
2026-01-07,0.01020408163265306,-0.06039350439682627,0.01020408163265306,-0.010491138616963278,-0.010044128887168957,0.03390211941722342,0.01020408163265306,0.01020408163265306,0.13829363342811532,0.14829303250700426,-0.018984839040143933,-0.00900304996099057,-0.033799514668934515,-0.03339612982606766,0.01020408163265306,0.008171697754124477,0.01020408163265306,0.01020408163265306,0.0791655492187218,0.01020408163265306,0.03295919795720412,0.01020408163265306,-0.12483671800317948,0.022888241703028455,0.01020408163265306,-0.032585311474245836,0.012904217544226338,0.017880649742089173,0.0258735405912556,-0.13817421901889285,0.04373160418953016,0.01020408163265306,0.01020408163265306,0.01020408163265306,-0.17066033482683052,0.01020408163265306,0.01020408163265306,0.01020408163265306,0.01020408163265306,-0.08648090374234266,-0.030056783612650927,-0.09362017589551189,-0.014565761841932133,0.01020408163265306,0.01020408163265306,0.01020408163265306,-0.0513803264428758,0.08609826645419899,0.01020408163265306,0.01020408163265306,-0.0292478946743557,-0.11451209449023442,-0.03502184084396273,0.0015996350155103103,0.01020408163265306,0.01020408163265306,0.01020408163265306,0.01020408163265306,0.01020408163265306,-0.1515428851117983,0.01020408163265306,0.01020408163265306,0.01020408163265306,0.01020408163265306,0.01020408163265306,-0.04255767313566633,0.01020408163265306,0.01020408163265306,0.008243738672735083,0.2111780164455374,0.01020408163265306,0.00851015551133362,0.01020408163265306,0.01020408163265306,0.05148169488771857,0.01020408163265306,-0.0074329044925757915,-0.07177008483986395,0.01020408163265306,-0.1254455000019402,0.01020408163265306,0.01020408163265306,0.01020408163265306,0.36364465203967855,0.01020408163265306,0.01020408163265306,0.06080544549326465,0.01020408163265306,0.01020408163265306,0.08589921248491478,0.25342515742464117,0.01020408163265306,0.01020408163265306,0.06648760288645317,-0.02145153601051035,0.375479028423864,0.01020408163265306,-0.11946083593590827
2026-01-08,0.01020408163265306,-0.04916552536688223,0.01020408163265306,0.0031548221512090226,0.01020408163265306,0.02139442388928823,0.01020408163265306,0.01020408163265306,0.08583710142439495,0.14311727846810746,-0.021000786660452103,-0.008219184884909204,-0.02335844261944016,-0.018983403704203296,0.01020408163265306,0.01020408163265306,0.01020408163265306,0.01020408163265306,0.01020408163265306,0.01020408163265306,0.01020408163265306,0.01020408163265306,-0.09154474848318069,0.01020408163265306,0.01020408163265306,-0.012210375742957873,0.01020408163265306,0.01020408163265306,0.01020408163265306,-0.12075571342684009,0.01020408163265306,0.01020408163265306,0.01020408163265306,0.01020408163265306,-0.1476091941890045,0.01020408163265306,0.01020408163265306,0.01020408163265306,0.01020408163265306,-0.0969841315747602,0.01020408163265306,-0.08889134251336792,-0.02162966619596908,0.01020408163265306,0.01020408163265306,0.01020408163265306,0.01020408163265306,0.01020408163265306,0.01020408163265306,0.01020408163265306,0.01020408163265306,-0.11967632117127806,0.01011756223264005,0.01020408163265306,0.01020408163265306,0.01020408163265306,0.01020408163265306,0.01020408163265306,0.01020408163265306,-0.1678982169224019,0.01020408163265306,0.01020408163265306,0.01020408163265306,0.01020408163265306,0.01020408163265306,-0.018534951699619648,0.01020408163265306,0.01020408163265306,0.01020408163265306,0.21659579530308362,0.01020408163265306,0.01020408163265306,0.01020408163265306,0.01020408163265306,0.01020408163265306,0.01020408163265306,0.01020408163265306,0.006480006089628584,0.01020408163265306,-0.09388144578885346,0.01020408163265306,0.01020408163265306,0.01020408163265306,0.28582625254010635,0.01020408163265306,0.01020408163265306,0.08207336113981183,0.01020408163265306,0.01020408163265306,0.019769960824035707,0.1956510579851344,0.01020408163265306,0.01020408163265306,0.024152878666425463,0.01020408163265306,0.4158182840353036,0.01020408163265306,-0.10352288482545689
2026-01-09,0.01020408163265306,-0.05868507942911741,0.01020408163265306,-0.011281923303602047,0.01020408163265306,0.031217969456603094,0.01020408163265306,0.01020408163265306,0.14235124669955015,0.14087617072786313,-0.019536070406860798,-0.005212567906071969,-0.02727490848658596,-0.04081764588888409,0.01020408163265306,0.01020408163265306,0.01020408163265306,0.01020408163265306,0.06069028763638571,0.01020408163265306,0.011739553531443693,0.01020408163265306,-0.09442831218930377,0.01020408163265306,0.01020408163265306,-0.02229618533722979,0.01020408163265306,0.01020408163265306,0.01020408163265306,-0.13504406617326012,0.01020408163265306,0.01020408163265306,0.01020408163265306,0.01020408163265306,-0.16749434962450224,0.01020408163265306,0.01020408163265306,0.01020408163265306,0.01020408163265306,-0.08877478242747527,0.004082115445975721,-0.0928928433224614,-0.019689335592243208,0.01020408163265306,0.01020408163265306,0.01020408163265306,-0.018960738954053126,0.01020408163265306,0.01020408163265306,0.01020408163265306,0.01020408163265306,-0.12348041419222643,-0.016709819752920727,0.01020408163265306,0.01020408163265306,0.01020408163265306,0.01020408163265306,0.01020408163265306,0.01020408163265306,-0.1563204338209847,0.01020408163265306,0.01020408163265306,0.01020408163265306,0.01020408163265306,0.01020408163265306,-0.03301718993260179,0.01020408163265306,0.01020408163265306,0.004446325800325872,0.21419849439061323,0.01020408163265306,0.01020408163265306,0.01020408163265306,0.01020408163265306,0.022744778847080482,0.01020408163265306,0.01020408163265306,-0.02512320276560455,0.01020408163265306,-0.1097458394453544,0.01020408163265306,0.01020408163265306,0.01020408163265306,0.3088268996648291,0.01020408163265306,0.01020408163265306,0.08188968908708884,0.01020408163265306,0.01020408163265306,0.06021107371251673,0.23186487252071938,0.01020408163265306,0.01020408163265306,0.05455464171698856,0.01020408163265306,0.3876206810314154,0.01020408163265306,-0.12318215254254501
2026-01-12,0.01020408163265306,-0.05963068272822529,0.01020408163265306,-0.010037292230256777,0.01020408163265306,0.0326956461945881,0.01020408163265306,0.01020408163265306,0.14543228692941784,0.13972816219044495,-0.019066100043243044,-0.010904589542409278,-0.027652408263579648,-0.03882138201474043,0.01020408163265306,0.01020408163265306,0.01020408163265306,0.01020408163265306,0.058797393620259715,0.01020408163265306,0.013179606179256733,0.01020408163265306,-0.09326742878882349,0.01020408163265306,0.01020408163265306,-0.02161731280020459,0.01020408163265306,0.01020408163265306,0.01020408163265306,-0.13397818739863424,0.01020408163265306,0.01020408163265306,0.01020408163265306,0.01020408163265306,-0.16632529880993013,0.01020408163265306,0.01020408163265306,0.01020408163265306,0.01020408163265306,-0.09243422227311802,0.008329157028110974,-0.09185101411364122,-0.021244889174704927,0.01020408163265306,0.01020408163265306,0.01020408163265306,-0.02751507829587927,0.01020408163265306,0.01020408163265306,0.01020408163265306,0.01020408163265306,-0.12358934539018519,-0.0200722884109876,0.01020408163265306,0.01020408163265306,0.01020408163265306,0.01020408163265306,0.01020408163265306,0.01020408163265306,-0.15387796109794422,0.01020408163265306,0.01020408163265306,0.01020408163265306,0.01020408163265306,0.01020408163265306,-0.030492940412688442,0.01020408163265306,0.01020408163265306,0.006602304576196433,0.2122462146184909,0.01020408163265306,0.01020408163265306,0.01020408163265306,0.01020408163265306,0.03452309597594749,0.01020408163265306,0.01020408163265306,-0.025343488012876142,0.01020408163265306,-0.11081977488391838,0.01020408163265306,0.01020408163265306,0.01020408163265306,0.30521353945575674,0.01020408163265306,0.01020408163265306,0.0857556902179064,0.01020408163265306,0.01020408163265306,0.049630597775049495,0.235492528341582,0.01020408163265306,0.01020408163265306,0.05493513176126675,0.01020408163265306,0.38710182497852125,0.01020408163265306,-0.12377455638129513
2026-01-13,0.01020408163265306,-0.05739551627258206,0.01020408163265306,-0.009577709211098599,-0.006269409378116335,0.04624250316227386,0.01020408163265306,0.01020408163265306,0.1621612497653752,0.1402932408656602,-0.022249660530319466,-0.008230782346382469,-0.031916387619797676,-0.03949868976308023,0.01020408163265306,0.005047853137979288,0.01020408163265306,0.01020408163265306,0.0897877303085276,0.01020408163265306,0.03628813237972375,0.01020408163265306,-0.11263328411580631,0.011239353992043575,0.01020408163265306,-0.03765433902572923,0.01020408163265306,0.03584366915782773,0.024622847248459135,-0.15254986324882014,0.03662441893502185,0.01020408163265306,0.01020408163265306,0.01020408163265306,-0.18374474818537043,0.01020408163265306,0.01020408163265306,0.01020408163265306,0.01020408163265306,-0.09922310121392307,-0.028907486298231054,-0.09776166478696886,-0.012232246576905114,0.01020408163265306,0.01020408163265306,0.01020408163265306,-0.06770832849895077,0.0626766896717772,0.01020408163265306,0.01020408163265306,-0.006862038559008339,-0.11334892866791782,-0.025512422583257637,-0.010856531644908731,0.01020408163265306,0.01020408163265306,0.01733346083166252,0.01020408163265306,0.01020408163265306,-0.13767686673842786,0.01020408163265306,0.01020408163265306,0.01020408163265306,0.030541870047432626,0.01020408163265306,-0.04090180318278504,0.01020408163265306,0.01020408163265306,-0.0066739541343182485,0.2121496539898991,0.01020408163265306,-0.007655936377513118,0.01020408163265306,0.01020408163265306,0.06837707981709723,0.01020408163265306,-0.01057643144238961,-0.05911609417004239,0.01020408163265306,-0.11911539983136625,0.01020408163265306,0.01020408163265306,0.01020408163265306,0.32298184637868205,0.01020408163265306,0.01020408163265306,0.08309542365344971,0.01020408163265306,0.01020408163265306,0.07831077661034982,0.25767743702852947,0.01020408163265306,0.01020408163265306,0.07982767738465958,-0.01519089726642302,0.35879114893481734,0.01020408163265306,-0.1286694599981557
2026-01-14,0.01020408163265306,-0.056632702101091836,0.01020408163265306,-0.007370074569952109,0.01020408163265306,0.035273444185968596,0.01020408163265306,0.01020408163265306,0.13105145560318882,0.1430117330562093,-0.021192260819567925,-0.011025703195129152,-0.02607009926335517,-0.03330609190893318,0.01020408163265306,0.01020408163265306,0.01020408163265306,0.01020408163265306,0.06385224525425512,0.01020408163265306,0.01741454476380092,0.01020408163265306,-0.0922255308291638,0.01020408163265306,0.01020408163265306,-0.025847029031850294,0.01020408163265306,0.01020408163265306,0.01020408163265306,-0.1390633772551576,0.01020408163265306,0.01020408163265306,0.01020408163265306,0.01020408163265306,-0.16419928871878686,0.01020408163265306,0.01020408163265306,0.01020408163265306,0.01020408163265306,-0.09773880991340139,0.005013828520293083,-0.08744653365236457,-0.023614347557049872,0.01020408163265306,0.01020408163265306,0.01020408163265306,-0.028915609672021676,0.014856983671301643,0.01020408163265306,0.01020408163265306,0.01020408163265306,-0.121827180038713,-0.013594218190380506,0.01020408163265306,0.01020408163265306,0.01020408163265306,0.01020408163265306,0.01020408163265306,0.01020408163265306,-0.14416049187403532,0.01020408163265306,0.01020408163265306,0.01020408163265306,0.01020408163265306,0.01020408163265306,-0.04082218127938156,0.01020408163265306,0.01020408163265306,-0.0021885652752919905,0.2127521133048919,0.01020408163265306,0.01020408163265306,0.01020408163265306,0.01020408163265306,0.0304413762429517,0.01020408163265306,0.01020408163265306,-0.022599595338004652,0.01020408163265306,-0.10764549229002406,0.01020408163265306,0.01020408163265306,0.01020408163265306,0.30106670651390316,0.01020408163265306,0.01020408163265306,0.1005251270898845,0.01020408163265306,0.01020408163265306,0.04127931943702808,0.240002023203322,0.01020408163265306,0.01020408163265306,0.052750658558471025,0.01020408163265306,0.37849667176668667,0.01020408163265306,-0.12275202799033665
2026-01-15,0.01020408163265306,-0.05562782642572418,0.01020408163265306,-0.0152217302476079,0.01020408163265306,0.03409087993544462,0.01020408163265306,0.01020408163265306,0.1284669587115431,0.14608872285005498,-0.017858166352753564,-0.007432964926163526,-0.027921342457639657,-0.03630040887915354,0.01020408163265306,0.01020408163265306,0.01020408163265306,0.01020408163265306,0.062450845821554496,0.01020408163265306,0.019994619274640864,0.01020408163265306,-0.09513240294922196,0.01020408163265306,0.01020408163265306,-0.018269485105921232,0.01020408163265306,0.01020408163265306,0.01020408163265306,-0.13915106552107626,0.01020408163265306,0.01020408163265306,0.01020408163265306,0.01020408163265306,-0.16647235964169846,0.01020408163265306,0.01020408163265306,0.01020408163265306,0.01020408163265306,-0.1021173519417325,0.0031831616523638733,-0.09342858220181027,-0.03293054227337308,0.01020408163265306,0.01020408163265306,0.01020408163265306,-0.02606020690873182,0.016256821072247428,0.01020408163265306,0.01020408163265306,0.01020408163265306,-0.12383503550867807,-0.006115201500977508,0.01020408163265306,0.01020408163265306,0.01020408163265306,0.01020408163265306,0.01020408163265306,0.01020408163265306,-0.14086609576353984,0.01020408163265306,0.01020408163265306,0.01020408163265306,0.01020408163265306,0.01020408163265306,-0.03332374342382031,0.01020408163265306,0.01020408163265306,-0.0014906289118146523,0.21334669096025524,0.01020408163265306,0.01020408163265306,0.01020408163265306,0.01020408163265306,0.04226366173024146,0.01020408163265306,0.007938882702362857,-0.022834746117052385,0.01020408163265306,-0.10923802243968549,0.01020408163265306,0.01020408163265306,0.01020408163265306,0.29339402307844303,0.01020408163265306,0.01020408163265306,0.09333121935413047,0.01020408163265306,0.01020408163265306,0.04799441105085204,0.24484359819797377,0.01020408163265306,0.01020408163265306,0.049843390569575166,0.01020408163265306,0.37433650681921293,0.01020408163265306,-0.11844138224190386
2026-01-16,0.006730833194300645,-0.06305469904310625,0.01020408163265306,-0.02330444881473348,-0.019799964827200228,0.05478701584961144,0.01020408163265306,0.03324294369156928,0.1504095084113648,0.14727230592928103,-0.007866105168901788,0.0032584600337454556,-0.036221633666632405,-0.04600942265473226,0.01020408163265306,-0.017621156745078748,0.01020408163265306,-0.023568079259243313,0.10265033536154815,0.025112566407778425,0.06656281444337053,0.01020408163265306,-0.12601332652953054,0.04862114383530377,-0.05986687350526708,-0.047350219639216776,0.05205344688490358,0.08863880145639084,0.10385496627547545,-0.16828305094314863,0.07933204062653415,0.01020408163265306,0.01020408163265306,0.01020408163265306,-0.1986920390413873,0.026042132547100832,0.01020408163265306,0.01020408163265306,0.01020408163265306,-0.1256864461348914,-0.08217334049096421,-0.11780479455492628,0.01020408163265306,-0.007007319639571812,0.01020408163265306,0.01020408163265306,-0.1091985075524791,0.07966657878795382,0.01020408163265306,0.01020408163265306,-0.07928522544557981,-0.08874935420926447,-0.03364963634296476,-0.06718030942426305,0.01020408163265306,0.01020408163265306,0.07856155547873535,0.019090374926044366,0.01020408163265306,-0.1253182863472874,0.01020408163265306,0.0584086155992218,0.01020408163265306,0.11865070947988295,0.01020408163265306,-0.04645914548929435,0.01020408163265306,0.01020408163265306,-0.0346573525040639,0.20689040551182059,0.01020408163265306,-0.08276615287993266,0.0009230808727903814,0.01020408163265306,0.12741037067108948,0.01020408163265306,-0.06864786159693119,-0.07341885966759827,0.01020408163265306,-0.12117278625824472,0.02924039522824918,0.01020408163265306,0.01020408163265306,0.33131208262714146,-0.09868796622664569,0.022793407119018172,0.09807162538687457,0.01020408163265306,0.01020408163265306,0.1360155259801074,0.3096681753598509,0.01020408163265306,-0.029499089588574397,0.12098802139292868,-0.11136511930939695,0.37852039652556885,0.01020408163265306,-0.11134083790470732
2026-01-20,0.01020408163265306,-0.055906308509690306,0.01020408163265306,-0.016068594662937863,0.01020408163265306,0.03229714888561825,0.01020408163265306,0.01020408163265306,0.12139641968352433,0.1451993583691442,-0.014643223060416754,-0.0015211972279183337,-0.02702515631824407,-0.03859180832228954,0.01020408163265306,0.01020408163265306,0.01020408163265306,0.01020408163265306,0.059547484631648114,0.01020408163265306,0.020000200385701144,0.01020408163265306,-0.09398642986511246,0.01020408163265306,0.01020408163265306,-0.017547168272472442,0.01020408163265306,0.01020408163265306,0.01020408163265306,-0.13834484624710322,0.01020408163265306,0.01020408163265306,0.01020408163265306,0.01020408163265306,-0.1590928838390253,0.01020408163265306,0.01020408163265306,0.01020408163265306,0.01020408163265306,-0.0984405720029129,0.01020408163265306,-0.09538859332870063,-0.03567640262469334,0.01020408163265306,0.01020408163265306,0.01020408163265306,-0.019783593668868497,0.01574445867730117,0.01020408163265306,0.01020408163265306,0.01020408163265306,-0.1247301419228354,-0.006008246409734923,0.01020408163265306,0.01020408163265306,0.01020408163265306,0.01020408163265306,0.01020408163265306,0.01020408163265306,-0.12974930970092724,0.01020408163265306,0.01020408163265306,0.01020408163265306,0.01020408163265306,0.01020408163265306,-0.044257486162793125,0.01020408163265306,0.01020408163265306,-0.007807764725330497,0.21619273573107275,0.01020408163265306,0.01020408163265306,0.01020408163265306,0.01020408163265306,0.03376019011769615,0.01020408163265306,-0.003033350405791318,-0.018191429149883212,0.01020408163265306,-0.11788788136317226,0.01020408163265306,0.01020408163265306,0.01020408163265306,0.2889904615546915,0.01020408163265306,0.01020408163265306,0.1016565484354715,0.01020408163265306,0.01020408163265306,0.05664380213497806,0.23204975919580206,0.01020408163265306,0.01020408163265306,0.04219618726265609,0.01020408163265306,0.3877501825121788,0.01020408163265306,-0.11219152937846734
2026-01-21,0.01020408163265306,-0.056375835410624464,0.01020408163265306,-0.018988428389913062,0.01020408163265306,0.036323868892527145,0.01020408163265306,0.01020408163265306,0.12623547635685226,0.14824912941050938,-0.017652728909556284,-0.010013155569149232,-0.02928821077451048,-0.03528959469007713,0.01020408163265306,0.01020408163265306,0.01020408163265306,0.01020408163265306,0.049007324353750575,0.01020408163265306,0.03351545766022563,0.01020408163265306,-0.09304538074359034,0.01020408163265306,0.01020408163265306,-0.01551242484848197,0.01020408163265306,0.020578367376959956,0.01020408163265306,-0.145826181604082,0.01020408163265306,0.01020408163265306,0.01020408163265306,0.01020408163265306,-0.17545610376673346,0.01020408163265306,0.01020408163265306,0.01020408163265306,0.01020408163265306,-0.10172301507821536,0.01020408163265306,-0.08659480278678104,-0.03266143095298811,0.01020408163265306,0.01020408163265306,0.01020408163265306,-0.01919146870161338,0.01764042449869345,0.01020408163265306,0.01020408163265306,0.01020408163265306,-0.11516019932298442,-0.009343992904664844,0.01020408163265306,0.01020408163265306,0.01020408163265306,0.01020408163265306,0.01020408163265306,0.01020408163265306,-0.1426562156172937,0.01020408163265306,0.01020408163265306,0.01020408163265306,0.01020408163265306,0.01020408163265306,-0.033385518543952886,0.01020408163265306,0.01020408163265306,-0.008101725621073858,0.20986699046739274,0.01020408163265306,0.01020408163265306,0.01020408163265306,0.01020408163265306,0.04283254551063219,0.01020408163265306,0.01020408163265306,-0.012146781397421836,0.01020408163265306,-0.12014881097915046,0.01020408163265306,0.01020408163265306,0.01020408163265306,0.27525058525121854,0.01020408163265306,0.01020408163265306,0.10556467505548478,0.01020408163265306,0.01020408163265306,0.02003782049778409,0.23347002384145707,0.01020408163265306,0.01020408163265306,0.04787322413683182,0.01020408163265306,0.409708327015685,0.01020408163265306,-0.1200412133049829
2026-01-22,0.01020408163265306,-0.053588277067613474,0.01020408163265306,-0.020492470744186246,0.01020408163265306,0.03598687801087385,0.01020408163265306,0.01020408163265306,0.12452499345263549,0.1501361079306806,-0.01719765007052007,-0.011525066411349255,-0.029632252695513193,-0.03304549830578484,0.01020408163265306,0.01020408163265306,0.01020408163265306,0.01020408163265306,0.048816901221716454,0.01020408163265306,0.03333755863212734,0.01020408163265306,-0.0962969227525997,0.01020408163265306,0.01020408163265306,-0.013841370085894271,0.01020408163265306,0.014452086479975618,0.01020408163265306,-0.14271255312784759,0.01020408163265306,0.01020408163265306,0.01020408163265306,0.01020408163265306,-0.17290310442154094,0.01020408163265306,0.01020408163265306,0.01020408163265306,0.01020408163265306,-0.10264885457354149,0.01020408163265306,-0.08188417656654783,-0.03365960845452319,0.01020408163265306,0.01020408163265306,0.01020408163265306,-0.023697107810842097,0.014150928098961362,0.01020408163265306,0.01020408163265306,0.01020408163265306,-0.11296603615414888,-0.009408251201850385,0.01020408163265306,0.01020408163265306,0.01020408163265306,0.01020408163265306,0.01020408163265306,0.01020408163265306,-0.1399901029305328,0.01020408163265306,0.01020408163265306,0.01020408163265306,0.01020408163265306,0.01020408163265306,-0.03219407469428865,0.01020408163265306,0.01020408163265306,-0.010962138822748256,0.21052352944371047,0.01020408163265306,0.01020408163265306,0.01020408163265306,0.01020408163265306,0.04561393267300539,0.01020408163265306,0.004611139909024045,-0.016136044864592684,0.01020408163265306,-0.12361177900234858,0.01020408163265306,0.01020408163265306,0.01020408163265306,0.27723641431318663,0.01020408163265306,0.01020408163265306,0.10346591534019647,0.01020408163265306,0.01020408163265306,0.023445338212717427,0.22808958465549697,0.01020408163265306,0.01020408163265306,0.04931661378569813,0.01020408163265306,0.4152375235499956,0.01020408163265306,-0.11279700291037119
2026-01-23,0.01020408163265306,-0.05685057527681024,0.01020408163265306,-0.024688689695486224,-0.01988903457232849,0.05728642065939774,0.01020408163265306,0.017152968700472813,0.13774945002059458,0.14894089097913554,-0.015597612724472744,-0.00716786095723035,-0.03961658991732016,-0.03853707305397771,0.01020408163265306,0.00412657897451888,0.01020408163265306,0.0015484118137053197,0.08347077046703712,0.01020408163265306,0.07079013087288734,0.01020408163265306,-0.1183087642866839,0.02282670375330023,-0.013807028811187382,-0.042016336675605975,0.015226271637146502,0.08148688106493834,0.06330115352459205,-0.1625809633497256,0.058912710384441284,0.01020408163265306,0.01020408163265306,0.01020408163265306,-0.2055263703503871,0.01020408163265306,0.01020408163265306,0.01020408163265306,0.01020408163265306,-0.12018569569852759,-0.03291223469447706,-0.10455567853431426,-0.0040389919047001815,0.01020408163265306,0.01020408163265306,0.01020408163265306,-0.08530343132051978,0.08298997610022528,0.01020408163265306,0.01020408163265306,-0.04673228035160346,-0.08639405277912243,-0.033974575030184244,-0.013723771193772044,0.01020408163265306,0.01020408163265306,0.05516543958464366,0.01020408163265306,0.01020408163265306,-0.12927378547085427,0.01020408163265306,0.01020408163265306,0.01020408163265306,0.07069794016666613,0.01020408163265306,-0.04014295523076772,0.01020408163265306,0.01020408163265306,-0.030836220146251432,0.20892105377358636,0.01020408163265306,-0.05928884726752651,0.01020408163265306,0.01020408163265306,0.11549075119951692,0.01020408163265306,-0.04285514151076561,-0.059206826916451225,0.01020408163265306,-0.13146022142159686,0.01020408163265306,0.01020408163265306,0.01020408163265306,0.3122102643942333,-0.05096437935095249,0.017336061026552503,0.10805960956202723,0.01020408163265306,0.01020408163265306,0.08184040066015529,0.2909276767076262,0.01020408163265306,-0.01489721760629543,0.09490177639876707,-0.08172136325270046,0.41210923242114356,0.01020408163265306,-0.11878230243348777
2026-01-26,0.01020408163265306,-0.055301985754526065,0.01020408163265306,-0.022424340415985802,0.01020408163265306,0.0375182985278308,0.01020408163265306,0.01020408163265306,0.12108760276653892,0.1516723787415398,-0.01731591984977151,-0.011392990673348648,-0.02861615696016629,-0.03449254081732855,0.01020408163265306,0.01020408163265306,0.01020408163265306,0.01020408163265306,0.04477256081988203,0.01020408163265306,0.036800891952374196,0.01020408163265306,-0.09335711301962836,0.01020408163265306,0.01020408163265306,-0.011741330013741518,0.01020408163265306,0.01610023654630316,0.01020408163265306,-0.13876397907769664,0.01020408163265306,0.01020408163265306,0.01020408163265306,0.01020408163265306,-0.18026445572744457,0.01020408163265306,0.01020408163265306,0.01020408163265306,0.01020408163265306,-0.10059592103380634,0.01020408163265306,-0.07599318389142755,-0.03156792427029321,0.01020408163265306,0.01020408163265306,0.01020408163265306,-0.023062454905753177,0.024199764799703146,0.01020408163265306,0.01020408163265306,0.01020408163265306,-0.1085140884925267,-0.01726064526266706,0.01020408163265306,0.01020408163265306,0.01020408163265306,0.01020408163265306,0.01020408163265306,0.01020408163265306,-0.13350922840969087,0.01020408163265306,0.01020408163265306,0.01020408163265306,0.01020408163265306,0.01020408163265306,-0.03329182372693962,0.01020408163265306,0.01020408163265306,-0.021940217106358545,0.20656122902482976,0.01020408163265306,0.01020408163265306,0.01020408163265306,0.01020408163265306,0.04221300643140191,0.01020408163265306,0.01020408163265306,-0.026402208806870137,0.01020408163265306,-0.1235912044350548,0.01020408163265306,0.01020408163265306,0.01020408163265306,0.2757085006570782,0.01020408163265306,0.01020408163265306,0.10409742694126341,0.01020408163265306,0.01020408163265306,0.01020408163265306,0.23021664409572792,0.01020408163265306,0.01020408163265306,0.05199800744615816,0.01020408163265306,0.43056189016617524,0.01020408163265306,-0.11676178749027051
2026-01-27,0.01020408163265306,-0.056011121998523344,0.01020408163265306,-0.01806103185129649,-0.007048589487946665,0.05028840093108608,0.01020408163265306,0.01020408163265306,0.13094699486373707,0.1505384217918669,-0.019019479069772076,-0.01151056096723529,-0.035051141976145145,-0.03428445568876201,0.01020408163265306,0.006260105789627285,0.01020408163265306,0.01020408163265306,0.07905342576546644,0.01020408163265306,0.05780362717291759,0.01020408163265306,-0.10961237782566557,0.01020408163265306,0.009363006987915033,-0.026541447186581114,0.01020408163265306,0.0591701996498169,0.01020408163265306,-0.15034436161181527,0.028315194418815436,0.01020408163265306,0.01020408163265306,0.01020408163265306,-0.2002911177119953,0.01020408163265306,0.01020408163265306,0.01020408163265306,0.01020408163265306,-0.10801532334422326,-0.002132800867722882,-0.08845125868108263,-0.019309078830783213,0.01020408163265306,0.01020408163265306,0.01020408163265306,-0.05627969990080546,0.06919740556028431,0.01020408163265306,0.01020408163265306,-0.01962931610913228,-0.10110484875337822,-0.02819289586456003,0.01020408163265306,0.01020408163265306,0.01020408163265306,0.019602487263131456,0.01020408163265306,0.01020408163265306,-0.12208877279731083,0.01020408163265306,0.01020408163265306,0.01020408163265306,0.01420211261867967,0.01020408163265306,-0.03555459858549574,0.01020408163265306,0.01020408163265306,-0.031453340758014106,0.2086958085323859,0.01020408163265306,-0.007314604340098953,0.01020408163265306,0.01020408163265306,0.07805305992550464,0.01020408163265306,-0.02128337293050893,-0.057231909244377765,0.01020408163265306,-0.1300658372754871,0.01020408163265306,0.01020408163265306,0.01020408163265306,0.30079859366532397,0.01020408163265306,0.01020408163265306,0.08611437487601925,0.01020408163265306,0.01020408163265306,0.02911519620230283,0.2536045346416946,0.01020408163265306,0.01020408163265306,0.07736905558317761,-0.024519496005753587,0.42874241970550486,0.01020408163265306,-0.12703566791343754
2026-01-28,0.01020408163265306,-0.050777268320277125,0.01020408163265306,-0.00035014155113870585,0.01020408163265306,0.02582667357984547,0.01020408163265306,0.01020408163265306,0.07470664414040762,0.15033994582416546,-0.015733499445738743,-0.005747349095549916,-0.019986395098579086,-0.017943843656881717,0.01020408163265306,0.01020408163265306,0.01020408163265306,0.01020408163265306,0.01020408163265306,0.01020408163265306,0.011152615423762141,0.01020408163265306,-0.08528978986673727,0.01020408163265306,0.01020408163265306,-0.011809582635471478,0.01020408163265306,0.01020408163265306,0.01020408163265306,-0.12217766073244603,0.01020408163265306,0.01020408163265306,0.01020408163265306,0.01020408163265306,-0.15916171755841996,0.01020408163265306,0.01020408163265306,0.01020408163265306,0.01020408163265306,-0.10355299633582758,0.01020408163265306,-0.07278867208807162,-0.03895148468792458,0.01020408163265306,0.01020408163265306,0.01020408163265306,0.009153207518424133,0.01020408163265306,0.01020408163265306,0.01020408163265306,0.01020408163265306,-0.1062703118480844,0.007254861161933484,0.01020408163265306,0.01020408163265306,0.01020408163265306,0.01020408163265306,0.01020408163265306,0.01020408163265306,-0.14823659147457355,0.01020408163265306,0.01020408163265306,0.01020408163265306,0.01020408163265306,0.01020408163265306,-0.012317514122883776,0.01020408163265306,0.01020408163265306,-0.003111698431544836,0.20333014046123846,0.01020408163265306,0.01020408163265306,0.01020408163265306,0.01020408163265306,0.01020408163265306,0.01020408163265306,0.01020408163265306,-0.0043344758527248586,0.01020408163265306,-0.10566103964920837,0.01020408163265306,0.01020408163265306,0.01020408163265306,0.2624988646609826,0.01020408163265306,0.01020408163265306,0.09291516395221404,0.01020408163265306,0.01020408163265306,0.01020408163265306,0.18540625928217147,0.01020408163265306,0.01020408163265306,0.03215183864426787,0.01020408163265306,0.45201570762609206,0.01020408163265306,-0.0960192775785232
2026-01-29,0.01020408163265306,-0.05651933034864645,0.01020408163265306,-0.014873767899858103,0.01020408163265306,0.036722583541184135,0.01020408163265306,0.01020408163265306,0.11405368653190805,0.14892438968567817,-0.014934874752053287,-0.008705510527060733,-0.03027511089376579,-0.028912382263363685,0.01020408163265306,0.01020408163265306,0.01020408163265306,0.01020408163265306,0.04518703120015683,0.01020408163265306,0.03775499855544716,0.01020408163265306,-0.09709978260399722,0.01020408163265306,0.01020408163265306,-0.019920990026882947,0.01020408163265306,0.021191342707176673,0.01020408163265306,-0.13786917553052203,0.01020408163265306,0.01020408163265306,0.01020408163265306,0.01020408163265306,-0.17219536832490973,0.01020408163265306,0.01020408163265306,0.01020408163265306,0.01020408163265306,-0.09929346851824263,0.01020408163265306,-0.07599239173097139,-0.03910580838490123,0.01020408163265306,0.01020408163265306,0.01020408163265306,-0.028022571382726916,0.030803628096287172,0.01020408163265306,0.01020408163265306,0.01020408163265306,-0.11061230669767814,-0.016758190762397762,0.01020408163265306,0.01020408163265306,0.01020408163265306,0.01020408163265306,0.01020408163265306,0.01020408163265306,-0.13091500998491942,0.01020408163265306,0.01020408163265306,0.01020408163265306,0.01020408163265306,0.01020408163265306,-0.03076667018397842,0.01020408163265306,0.01020408163265306,-0.02160944854421608,0.20681768450168825,0.01020408163265306,0.01020408163265306,0.01020408163265306,0.01020408163265306,0.03337251187988043,0.01020408163265306,0.005400014675964147,-0.03770734393366465,0.01020408163265306,-0.11935829544477215,0.01020408163265306,0.01020408163265306,0.01020408163265306,0.29027599519346897,0.01020408163265306,0.01020408163265306,0.08597562497619196,0.01020408163265306,0.01020408163265306,0.01020408163265306,0.2311184187995068,0.01020408163265306,0.01020408163265306,0.060068886091697346,0.01020408163265306,0.43403560714345474,0.01020408163265306,-0.11270358443199886
2026-01-30,0.01020408163265306,-0.05883254846622929,0.01020408163265306,-0.016899041671071327,0.01020408163265306,0.04011894598634227,0.01020408163265306,0.01020408163265306,0.12468737052064303,0.15004102015633425,-0.012782879257311522,-0.010397685687034858,-0.02973461545918283,-0.03421884059865363,0.01020408163265306,0.01020408163265306,0.01020408163265306,0.01020408163265306,0.04258554015467892,0.01020408163265306,0.03197456844673585,0.01020408163265306,-0.09645376150733412,0.01020408163265306,0.01020408163265306,-0.01922114205847847,0.01020408163265306,0.016326213967065524,0.01020408163265306,-0.14108189825026154,0.01020408163265306,0.01020408163265306,0.01020408163265306,0.01020408163265306,-0.16646281126022655,0.01020408163265306,0.01020408163265306,0.01020408163265306,0.01020408163265306,-0.08542900323231818,0.01020408163265306,-0.06566581112279149,-0.04792373570046021,0.01020408163265306,0.01020408163265306,0.01020408163265306,-0.02629589394092502,0.020329770199845804,0.01020408163265306,0.01020408163265306,0.01020408163265306,-0.11081749282060245,-0.01197800548163632,0.01020408163265306,0.01020408163265306,0.01020408163265306,0.01020408163265306,0.01020408163265306,0.01020408163265306,-0.13002868364895706,0.01020408163265306,0.01020408163265306,0.01020408163265306,0.01020408163265306,0.01020408163265306,-0.04346822251260673,0.01020408163265306,0.01020408163265306,-0.03682457114831851,0.2049986323111085,0.01020408163265306,0.01020408163265306,0.01020408163265306,0.01020408163265306,0.038152520243838174,0.01020408163265306,0.010099100735611674,-0.030681515878548685,0.01020408163265306,-0.11527059256357154,0.01020408163265306,0.01020408163265306,0.01020408163265306,0.29115513859173453,0.01020408163265306,0.01020408163265306,0.09981687809527465,0.01020408163265306,0.01020408163265306,0.010345495379275357,0.22050569990204394,0.01020408163265306,0.01020408163265306,0.07003340978751464,0.01020408163265306,0.4233616905521499,0.01020408163265306,-0.1163081407228604
2026-02-02,0.01020408163265306,-0.05890191664302134,0.01020408163265306,-0.019878707869974643,-0.0007494133418323931,0.04983024886619429,0.01020408163265306,0.01020408163265306,0.13463231619481814,0.15530581727763473,-0.015804319815485433,-0.008837156302071424,-0.03355325229790739,-0.03798939008737599,0.01020408163265306,0.00989824887284645,0.01020408163265306,0.01020408163265306,0.06860671689457677,0.01020408163265306,0.05004848903770764,0.01020408163265306,-0.11136792320307623,0.01020408163265306,0.006244170526517096,-0.02676779391741692,0.01020408163265306,0.042366166297620085,0.01020408163265306,-0.14868353508620882,0.030195559021762734,0.01020408163265306,0.01020408163265306,0.01020408163265306,-0.17775433486400447,0.01020408163265306,0.01020408163265306,0.01020408163265306,0.01020408163265306,-0.09035450570560163,-0.017703986378035816,-0.07392236132665654,-0.04414753343489038,0.01020408163265306,0.01020408163265306,0.01020408163265306,-0.054591072494517154,0.07370741096665916,0.01020408163265306,0.01020408163265306,-0.004935031132499226,-0.10166391915453475,-0.02403870155032367,0.008199751133773785,0.01020408163265306,0.01020408163265306,0.01020408163265306,0.01020408163265306,0.01020408163265306,-0.12519575658160959,0.01020408163265306,0.01020408163265306,0.01020408163265306,0.01020408163265306,0.01020408163265306,-0.049556066660013054,0.01020408163265306,0.01020408163265306,-0.03955549476697441,0.2025647260010922,0.01020408163265306,0.0051557557505502935,0.01020408163265306,0.01020408163265306,0.08017685554763794,0.01020408163265306,-0.01900747650848799,-0.06938732601746644,0.01020408163265306,-0.12635684774398706,0.01020408163265306,0.01020408163265306,0.01020408163265306,0.31056400114878996,0.01020408163265306,0.01020408163265306,0.1072213959592704,0.01020408163265306,0.01020408163265306,0.05141474466821948,0.24257023940208333,0.01020408163265306,-0.008401283571544087,0.10101171381998675,-0.02198669163370289,0.3892233267219002,0.01020408163265306,-0.11804993765307466
2026-02-03,0.01020408163265306,-0.05803390951620448,0.01020408163265306,-0.01666040870678772,0.01020408163265306,0.04109040824690898,0.01020408163265306,0.01020408163265306,0.12206585393030933,0.15478579262604314,-0.014763991481625749,-0.010483385757854421,-0.02823792212303699,-0.03531266857164648,0.01020408163265306,0.01020408163265306,0.01020408163265306,0.01020408163265306,0.03774084949095495,0.01020408163265306,0.027183275125756204,0.01020408163265306,-0.09658352764617507,0.01020408163265306,0.01020408163265306,-0.016251427580457757,0.01020408163265306,0.01020408163265306,0.01020408163265306,-0.13402559543640263,0.01020408163265306,0.01020408163265306,0.01020408163265306,0.01020408163265306,-0.16464140801738836,0.01020408163265306,0.01020408163265306,0.01020408163265306,0.01020408163265306,-0.08176514558930499,0.009153708985615974,-0.06356353616715539,-0.051667963894574884,0.01020408163265306,0.01020408163265306,0.01020408163265306,-0.024879245319029845,0.024474825051603748,0.01020408163265306,0.01020408163265306,0.01020408163265306,-0.1075781612162601,-0.012442091300463804,0.01020408163265306,0.01020408163265306,0.01020408163265306,0.01020408163265306,0.01020408163265306,0.01020408163265306,-0.13546918255636822,0.01020408163265306,0.01020408163265306,0.01020408163265306,0.01020408163265306,0.01020408163265306,-0.04152116382328534,0.01020408163265306,0.01020408163265306,-0.03679278321762617,0.20046676202090244,0.01020408163265306,0.01020408163265306,0.01020408163265306,0.01020408163265306,0.04375346606593555,0.01020408163265306,0.0062629204745983415,-0.03743661994594555,0.01020408163265306,-0.12128624384506918,0.01020408163265306,0.01020408163265306,0.01020408163265306,0.2873108836127809,0.01020408163265306,0.01020408163265306,0.11795474577618777,0.01020408163265306,0.01020408163265306,0.027490286667208395,0.21572813269305569,0.01020408163265306,0.01020408163265306,0.07697914656167625,0.01020408163265306,0.3970901153801936,0.01020408163265306,-0.11237968895625171
2026-02-04,0.01020408163265306,-0.061833809188494265,0.01020408163265306,-0.024327347425372292,-0.01405812586819615,0.062069072476731955,0.01020408163265306,0.01020408163265306,0.14429342502091047,0.15490032204787563,-0.010554929195485474,-0.010572337709159047,-0.03469780906180598,-0.04172892233717585,0.01020408163265306,-0.0024280360757289367,0.01020408163265306,-0.014920187406557506,0.09527605207130978,0.01020408163265306,0.06796033246987733,0.01020408163265306,-0.10513079161095612,0.019812807428566795,-0.024180889989759403,-0.02624794893938298,0.026632562562922187,0.07144492604278557,0.02657956412443599,-0.16090356364204778,0.04823630628543118,0.01020408163265306,0.01020408163265306,0.01020408163265306,-0.18528167062352233,0.01020408163265306,0.01020408163265306,0.01020408163265306,0.01020408163265306,-0.09837962663609127,-0.03858844332911208,-0.08196200079754568,-0.019842249052672324,0.01020408163265306,0.01020408163265306,0.01020408163265306,-0.07972029051734393,0.08339286275710099,0.01020408163265306,0.01020408163265306,-0.023028983108719876,-0.09366295125975439,-0.03210466514529736,-0.025135524918459363,0.01020408163265306,0.01020408163265306,0.056737468630663646,0.017900735280170298,0.01020408163265306,-0.11324219980204484,0.01020408163265306,0.01020408163265306,0.01020408163265306,0.07335365684744453,0.01020408163265306,-0.061826384082743144,0.01020408163265306,0.01020408163265306,-0.05785081160814293,0.2025238862896,0.01020408163265306,-0.04412256057927765,-0.0005508387426523837,0.01020408163265306,0.11248047692238161,0.01020408163265306,-0.02025797873925264,-0.08270528371927102,0.01020408163265306,-0.12781694019046574,0.01020408163265306,0.01020408163265306,0.01020408163265306,0.30704932190425904,-0.06765335395305053,0.020167242344490556,0.127853829232548,0.01020408163265306,0.01020408163265306,0.09499196898687065,0.262572820125003,0.01020408163265306,-0.02105994023760603,0.12793146278719858,-0.07569578187961745,0.3978626542357082,0.013945425487635337,-0.13185518866262588
2026-02-05,0.01020408163265306,-0.049308449104272456,0.01020408163265306,-0.0030743370217286067,0.01020408163265306,0.03443953573829497,0.01020408163265306,0.01020408163265306,0.07703371269828206,0.14977214682934797,-0.009378394911208681,-0.0043951970029767855,-0.01665540179791753,-0.018242156953637886,0.01020408163265306,0.005104000353821926,0.01020408163265306,0.01020408163265306,0.01020408163265306,0.01020408163265306,0.01020408163265306,0.01020408163265306,-0.07470641058807267,0.01020408163265306,0.01020408163265306,-0.0007999824711747584,0.01020408163265306,0.01020408163265306,0.01020408163265306,-0.12438027889657209,0.01020408163265306,0.01020408163265306,0.01020408163265306,0.01020408163265306,-0.15129171508066783,0.01020408163265306,0.01020408163265306,0.01020408163265306,0.01020408163265306,-0.09590592269057238,0.01020408163265306,-0.06034809572311575,-0.05359845932256194,0.01020408163265306,0.01020408163265306,0.01020408163265306,0.01020408163265306,0.01020408163265306,0.01020408163265306,0.01020408163265306,0.01020408163265306,-0.11084467092355733,0.009772882422613599,-0.009343849432975839,0.01020408163265306,0.01020408163265306,0.01020408163265306,0.01020408163265306,0.01020408163265306,-0.13720045081276122,0.01020408163265306,0.01020408163265306,0.01020408163265306,0.01020408163265306,0.01020408163265306,-0.025929096757825898,0.01020408163265306,0.01020408163265306,-0.021419015267326577,0.1915495532556703,0.01020408163265306,0.01020408163265306,0.01020408163265306,0.01020408163265306,0.01020408163265306,0.01020408163265306,0.01020408163265306,-0.03622789950483146,0.01020408163265306,-0.10257514043369105,0.01020408163265306,0.01020408163265306,0.01020408163265306,0.20284369421530152,0.01020408163265306,0.029012213609358455,0.12296724543885679,0.01020408163265306,0.01020408163265306,0.04268414891369827,0.21322348083898685,0.01020408163265306,0.01020408163265306,0.06224162623115541,0.01020408163265306,0.42473383504879186,0.01020408163265306,-0.11281437538652707
2026-02-06,0.01020408163265306,-0.05515273356946668,0.01020408163265306,-0.02085824374931458,0.01020408163265306,0.04672776488287141,0.01020408163265306,0.01020408163265306,0.11721683549865805,0.15311905694255676,-0.011690134008504506,-0.006224919004790755,-0.025429861299497515,-0.026138542919925824,0.01020408163265306,-0.0039429237146597195,0.01020408163265306,0.01020408163265306,0.01411698138867121,0.01020408163265306,0.015768835159599398,0.01020408163265306,-0.08219135855000419,0.01020408163265306,0.01020408163265306,0.0017949106214619794,0.01020408163265306,0.024889483818818527,0.01020408163265306,-0.12889685806817208,0.01020408163265306,0.01020408163265306,0.01020408163265306,0.01020408163265306,-0.16614032777387086,0.01020408163265306,0.01020408163265306,0.01020408163265306,0.01020408163265306,-0.0907224810739036,0.01020408163265306,-0.06732507092504443,-0.05897846014547485,0.01020408163265306,0.01020408163265306,0.01020408163265306,-0.009105044306081876,0.01020408163265306,0.01020408163265306,0.01020408163265306,0.01020408163265306,-0.10419347961268062,-0.006604396280093001,-0.023530022103505785,0.01020408163265306,0.01020408163265306,0.01020408163265306,0.01020408163265306,0.01020408163265306,-0.12933407331658592,0.01020408163265306,0.01020408163265306,0.01020408163265306,0.01020408163265306,0.01020408163265306,-0.02957822707733595,0.01020408163265306,0.01020408163265306,-0.037142948856397254,0.19623094558648957,0.01020408163265306,0.01020408163265306,0.01020408163265306,0.01020408163265306,0.047298243294977345,0.01020408163265306,-0.009841789231366692,-0.05401341305166489,0.01020408163265306,-0.11994134177888215,0.01020408163265306,0.01020408163265306,0.01020408163265306,0.2155557384239856,0.01020408163265306,0.028260274634981083,0.13418637226010577,0.01020408163265306,0.01020408163265306,0.042729284387919356,0.2611274318033747,0.01020408163265306,0.01020408163265306,0.09025588570165957,0.01020408163265306,0.3942629392738383,0.01020408163265306,-0.10840106795662242
2026-02-09,0.00028229318490474026,-0.06736018413009152,0.015495320603236126,-0.034940977691416394,-0.015235185733497,0.0630047953674239,0.01020408163265306,0.01790323165399155,0.16322791292424504,0.1709257204461626,-0.006948130462449667,-0.0007182409487669281,-0.03832527804141861,-0.035113174591548266,0.01020408163265306,-0.03216548818558822,0.01020408163265306,-0.037030431129866,0.0884361565505991,0.015209242343510456,0.04065292708861492,0.01828669432118283,-0.10078627622530763,0.0335977235984633,-0.06388801284268934,-0.01004968051052346,0.0926754342277606,0.09852915323207095,0.03195048820727895,-0.15928158448506208,0.07544137398741747,-0.0013401278427242133,0.01020408163265306,0.01020408163265306,-0.16984203718048424,0.012766009410654908,0.01020408163265306,0.01020408163265306,0.01020408163265306,-0.09289060505750407,-0.06324063507823283,-0.07241029170428481,-0.023393924658286096,0.01020408163265306,0.01020408163265306,0.01020408163265306,-0.09029609411739772,0.030409976084055552,0.01020408163265306,0.01020408163265306,-0.07742611271891536,-0.06556815407323556,-0.04897526857752867,-0.09961061609032316,0.01020408163265306,0.01020408163265306,0.06955097686393587,0.03399175987872447,0.012247000054378369,-0.10762734673246942,0.008669613682403496,0.0986505604793262,0.01020408163265306,0.10062269869191198,0.01020408163265306,-0.05374537736601809,0.016397249374406436,0.01020408163265306,-0.05803254773580144,0.1906037851102125,0.01020408163265306,-0.06267776270873363,-0.03699680335953274,0.01020408163265306,0.14346634578313375,0.01020408163265306,-0.06962124947855225,-0.11414174606365583,0.01020408163265306,-0.1406648504019776,0.040166997584467276,0.01020408163265306,0.01020408163265306,0.25294853326424016,-0.15258968376480325,0.09573418659099298,0.13158082231439722,0.01020408163265306,0.01020408163265306,0.10813509110038381,0.3161634901601433,0.042533358299107,-0.05368351935662151,0.1700463952271074,-0.10191165268340031,0.38288537138468487,0.01020408163265306,-0.10016984142845455
2026-02-10,0.01020408163265306,-0.0566653554107633,0.01020408163265306,-0.024278723644203658,0.01020408163265306,0.04129191386750296,0.01020408163265306,0.01020408163265306,0.1307424114873326,0.15340558008400587,-0.016814110122189037,-0.007178157466741187,-0.0281021355014104,-0.018672708870199985,0.01020408163265306,0.0055257055358503915,0.01020408163265306,0.01020408163265306,0.010270900195919525,0.01020408163265306,0.01020408163265306,0.01020408163265306,-0.0779218828614871,0.01020408163265306,0.01020408163265306,0.01020408163265306,0.01020408163265306,0.011051349366852443,0.01020408163265306,-0.12341696270420861,0.01020408163265306,0.01020408163265306,0.01020408163265306,0.01020408163265306,-0.16216086779015737,0.01020408163265306,0.01020408163265306,0.01020408163265306,0.01020408163265306,-0.08865114140508494,0.006308786066895772,-0.05649985753118103,-0.062272526201215414,0.01020408163265306,0.01020408163265306,0.01020408163265306,-0.017183682850040752,0.01020408163265306,0.01020408163265306,0.01020408163265306,0.01020408163265306,-0.09443390767436889,-0.027104327683537682,-0.017196483559950633,0.01020408163265306,0.01020408163265306,0.01020408163265306,0.01020408163265306,0.01020408163265306,-0.12433575835434697,0.01020408163265306,0.01020408163265306,0.01020408163265306,0.01020408163265306,0.01020408163265306,-0.04258682432165097,0.01020408163265306,0.01020408163265306,-0.03768602498286936,0.1909176906216057,0.01020408163265306,0.01020408163265306,0.01020408163265306,0.01020408163265306,0.040986726548484384,0.01020408163265306,-0.012626983444947623,-0.07166282670876908,0.01020408163265306,-0.12019671056876223,0.01020408163265306,0.01020408163265306,0.01020408163265306,0.20683257858902845,0.01020408163265306,0.05887040673187972,0.1264683250580372,0.01020408163265306,0.01020408163265306,0.03134510502498963,0.2805531551302926,0.01020408163265306,0.01020408163265306,0.0980653912369867,0.01020408163265306,0.3937060731476007,0.01020408163265306,-0.10073495536170902
2026-02-11,0.01020408163265306,-0.05636883601024312,0.01020408163265306,-0.020245866244946023,0.00043231885390092664,0.05025698229709062,0.01020408163265306,0.01020408163265306,0.12703990712305113,0.15738375102169666,-0.024868793728457732,-0.006980386045187229,-0.028444134986151552,-0.015411852118672202,0.01020408163265306,0.01020408163265306,0.01020408163265306,0.01020408163265306,0.01020408163265306,0.01020408163265306,0.01020408163265306,0.01020408163265306,-0.07650390896531062,0.01020408163265306,0.004872807512173256,0.01020408163265306,0.01020408163265306,0.02146971938386493,0.01020408163265306,-0.11241750679192097,0.01020408163265306,0.01020408163265306,0.01020408163265306,0.01020408163265306,-0.1796192281932319,0.01020408163265306,0.01020408163265306,0.01020408163265306,0.01020408163265306,-0.09369235753160424,0.01020408163265306,-0.06366222782723768,-0.06289658445667877,0.01020408163265306,0.01020408163265306,0.01020408163265306,0.007722084938075432,0.01020408163265306,0.01020408163265306,0.01020408163265306,0.01020408163265306,-0.09424101391292623,-0.02071241697934055,-0.0248365690776573,0.01020408163265306,0.01020408163265306,0.01020408163265306,0.01020408163265306,0.01020408163265306,-0.13372788073424963,0.01020408163265306,0.01020408163265306,0.01020408163265306,0.01020408163265306,0.01020408163265306,-0.04868205853332927,0.01020408163265306,0.01020408163265306,-0.034163417701380074,0.18856009879979763,0.01020408163265306,0.01020408163265306,0.01020408163265306,0.01020408163265306,0.028674689404065125,0.01020408163265306,-0.01390584362944453,-0.05460597478294592,0.01020408163265306,-0.12250709888473056,0.01020408163265306,0.01020408163265306,0.01020408163265306,0.19215137225961365,0.01020408163265306,0.0496207623593437,0.1326054875503449,0.01020408163265306,0.01020408163265306,0.028483948172052957,0.30258340178913706,0.01020408163265306,0.01020408163265306,0.10168798493649973,0.01020408163265306,0.3844795455884681,0.01020408163265306,-0.10177580281271327
2026-02-12,0.01020408163265306,-0.060838176858554166,0.01020408163265306,-0.0188615619549245,-0.0022764760233114738,0.04272339219022148,0.01020408163265306,0.01020408163265306,0.14014990340786365,0.15506761935098,-0.018579950813831667,-0.009536867739347745,-0.028729670009690983,-0.017053044181173878,0.01020408163265306,0.01020408163265306,0.01020408163265306,0.01020408163265306,0.01020408163265306,0.01020408163265306,0.01020408163265306,0.01020408163265306,-0.07905793771908667,0.01020408163265306,0.004788598828494192,0.01020408163265306,0.01020408163265306,0.017042350878858213,0.01020408163265306,-0.11439307339953189,0.01020408163265306,0.01020408163265306,0.01020408163265306,0.01020408163265306,-0.16939539171229814,0.01020408163265306,0.01020408163265306,0.01020408163265306,0.01020408163265306,-0.09165693026635782,0.01020408163265306,-0.05154789590053174,-0.04310536254611669,0.01020408163265306,0.01020408163265306,0.01020408163265306,-0.008679667615475997,0.01020408163265306,0.01020408163265306,0.01020408163265306,0.01020408163265306,-0.09870044120658648,-0.021281151717661963,-0.01926691311315866,0.01020408163265306,0.01020408163265306,0.01020408163265306,0.01020408163265306,0.01020408163265306,-0.1295397234727353,0.01020408163265306,0.01020408163265306,0.01020408163265306,0.01020408163265306,0.01020408163265306,-0.05356912085990123,0.01020408163265306,0.01020408163265306,-0.02681001559362292,0.1841784153828744,0.01020408163265306,0.01020408163265306,0.01020408163265306,0.01020408163265306,0.023603267775316728,0.01020408163265306,-0.040513453680612654,-0.0729803969995639,0.01020408163265306,-0.12705549900423613,0.01020408163265306,0.01020408163265306,0.01020408163265306,0.19772174607437334,0.01020408163265306,0.06111337673353547,0.14162929026557383,0.01020408163265306,0.01020408163265306,0.03361810729615909,0.2979882532728269,0.01020408163265306,0.01020408163265306,0.10596109998985667,0.01020408163265306,0.38426496248759323,0.01020408163265306,-0.09866655950539828
2026-02-13,0.01020408163265306,-0.057030304866406104,0.01020408163265306,-0.019912047277407724,-0.003368825477478646,0.04743580109408198,0.01020408163265306,0.01020408163265306,0.13563287416211653,0.15258110126482535,-0.020338404193337142,-0.009567778910851981,-0.030659828361778246,-0.01233341466260198,0.01020408163265306,0.01020408163265306,0.01020408163265306,0.01020408163265306,0.01339896884744811,0.01020408163265306,0.01020408163265306,0.01020408163265306,-0.0807135315163815,0.01020408163265306,-0.0016205189647233546,0.008551975071619072,0.01020408163265306,0.021314470442556868,0.01020408163265306,-0.11230087126572025,0.01020408163265306,0.01020408163265306,0.01020408163265306,0.01020408163265306,-0.1767996582555189,0.01020408163265306,0.01020408163265306,0.01020408163265306,0.01020408163265306,-0.09411397602341419,0.01020408163265306,-0.0562004717385535,-0.0388340869803168,0.01020408163265306,0.01020408163265306,0.01020408163265306,0.003058204515149836,0.01020408163265306,0.01020408163265306,0.01020408163265306,0.01020408163265306,-0.1027469368708247,-0.01630857415703986,-0.012942999915840114,0.01020408163265306,0.01020408163265306,0.01020408163265306,0.01020408163265306,0.01020408163265306,-0.1260114756870072,0.01020408163265306,0.01020408163265306,0.01020408163265306,0.01020408163265306,0.01020408163265306,-0.06097586849669659,0.01020408163265306,0.01020408163265306,-0.030340045224593305,0.18836358520334354,0.01020408163265306,0.01020408163265306,0.01020408163265306,0.01020408163265306,0.016996859642284347,0.01020408163265306,-0.04331375901589823,-0.07010280504372593,0.01020408163265306,-0.12784744984227323,0.01020408163265306,0.01020408163265306,0.01020408163265306,0.19331427857406058,0.01020408163265306,0.059545290600701614,0.14273895483171384,0.01020408163265306,0.01020408163265306,0.036421580262435464,0.2999211990225551,0.01020408163265306,0.01020408163265306,0.11419075959314984,0.01020408163265306,0.38200986767837086,0.01020408163265306,-0.102928872751901
2026-02-17,0.01020408163265306,-0.05839252947622443,0.01020408163265306,-0.02052133068822745,1.7558942767710237e-05,0.046840403076337175,0.01020408163265306,0.01020408163265306,0.1406140547862385,0.15014898373988186,-0.02097546475560888,-0.012424888034490543,-0.02707317664670892,-0.014634731159462957,0.01020408163265306,0.01020408163265306,0.01020408163265306,0.01020408163265306,0.018394518658462353,0.01020408163265306,0.01020408163265306,0.01020408163265306,-0.07574277094767992,0.01020408163265306,-0.002861913838149103,0.0017601096143967775,0.01020408163265306,0.012772585192427712,0.01020408163265306,-0.11342384128755982,0.01020408163265306,0.01020408163265306,0.01020408163265306,0.01020408163265306,-0.17721166732005617,0.01020408163265306,0.01020408163265306,0.01020408163265306,0.01020408163265306,-0.09404101826961665,0.01020408163265306,-0.061047514574986195,-0.038756939047898585,0.01020408163265306,0.01020408163265306,0.01020408163265306,-0.001767185966971039,0.01020408163265306,0.01020408163265306,0.01020408163265306,0.01020408163265306,-0.10230149771732214,-0.008538744846925362,0.008590840775954685,0.01020408163265306,0.01020408163265306,0.01020408163265306,0.01020408163265306,0.01020408163265306,-0.12847217724629295,0.01020408163265306,0.01020408163265306,0.01020408163265306,0.01020408163265306,0.01020408163265306,-0.05742927495537099,0.01020408163265306,0.01020408163265306,-0.03096445655684013,0.19185886415759268,0.01020408163265306,0.01020408163265306,0.01020408163265306,0.01020408163265306,0.01020408163265306,0.01020408163265306,-0.04883920623920658,-0.07302193591197215,0.01020408163265306,-0.11932561403376642,0.01020408163265306,0.01020408163265306,0.01020408163265306,0.18331548345212337,0.01020408163265306,0.05517087984670853,0.14185265661630042,0.01020408163265306,0.01020408163265306,0.03605571782589048,0.2969015682987443,0.01020408163265306,0.01020408163265306,0.11276548052875911,0.01020408163265306,0.3936676599586372,0.01020408163265306,-0.105000302276416
2026-02-18,0.01020408163265306,-0.06034833753503689,0.01020408163265306,-0.022327549843435726,-0.009018083901793617,0.049963882959146,0.01020408163265306,0.01020408163265306,0.1781807333561243,0.14720973846068366,-0.021445637882017983,-0.00430352694189313,-0.024730415524522084,-0.006802788440119457,0.01020408163265306,0.01020408163265306,0.01020408163265306,0.01020408163265306,0.04082349900507015,0.01020408163265306,0.01020408163265306,0.01020408163265306,-0.0908535716413201,0.01020408163265306,-0.040627753165706645,0.01020408163265306,0.01020408163265306,0.01020408163265306,0.01020408163265306,-0.12469029266818892,0.01020408163265306,0.01020408163265306,0.01020408163265306,0.01020408163265306,-0.20161487328512578,0.01020408163265306,0.01020408163265306,0.01020408163265306,0.01020408163265306,-0.09220012823720486,0.01020408163265306,-0.05340488072526536,-0.034509860234154886,0.01020408163265306,0.01020408163265306,0.01020408163265306,0.0007613155522170345,0.01020408163265306,0.01020408163265306,0.01020408163265306,-0.010592690227789124,-0.07457679172894628,0.0055210268407921035,0.01020408163265306,0.01020408163265306,0.01020408163265306,0.01020408163265306,0.01020408163265306,0.01020408163265306,-0.1638787477315384,0.01020408163265306,0.01020408163265306,0.01020408163265306,0.01020408163265306,0.01020408163265306,-0.04625798798352826,0.01020408163265306,0.01020408163265306,-0.032605829571337924,0.18873107823850216,0.01020408163265306,0.01020408163265306,0.01020408163265306,0.01020408163265306,0.01020408163265306,0.01020408163265306,-0.04857002155694596,-0.03489950659893961,0.01020408163265306,-0.11807314559566594,0.01020408163265306,0.01020408163265306,0.01020408163265306,0.15987411023210957,0.01020408163265306,0.05214830033636767,0.1513478947523679,0.01020408163265306,0.01020408163265306,0.026724292097453625,0.30374352560623974,0.01020408163265306,0.01020408163265306,0.11834632900983566,0.01020408163265306,0.3721169834511409,0.01020408163265306,-0.10160926846941028
2026-02-19,0.01020408163265306,-0.06098051452934132,0.01020408163265306,-0.023830008693493387,-0.01019735197724054,0.0490758950097257,0.01020408163265306,0.01020408163265306,0.18205830203946777,0.15413639687463382,-0.02117532286442326,-0.0032263866055128095,-0.025698163843767233,-0.006396302638057181,0.01020408163265306,0.008301604684717486,0.01020408163265306,0.01020408163265306,0.030242420635094205,0.01020408163265306,0.01020408163265306,0.01020408163265306,-0.09652205857769645,0.01020408163265306,-0.03009714498058158,0.01020408163265306,0.01020408163265306,0.01020408163265306,0.01020408163265306,-0.12393030470558371,0.01020408163265306,0.01020408163265306,0.01020408163265306,0.01020408163265306,-0.2085157729682342,0.01020408163265306,0.01020408163265306,0.01020408163265306,0.01020408163265306,-0.0958669677842325,0.01020408163265306,-0.05142389320747595,-0.04207338104657808,0.01020408163265306,0.01020408163265306,0.01020408163265306,0.007835418195255687,0.01020408163265306,0.01020408163265306,0.01020408163265306,-0.0017010538232187043,-0.07832187303775998,0.0026381946726597785,0.01020408163265306,0.01020408163265306,0.01020408163265306,0.01020408163265306,0.01020408163265306,0.01020408163265306,-0.17304124724165862,0.01020408163265306,0.01020408163265306,0.01020408163265306,0.01020408163265306,0.01020408163265306,-0.04143247830517609,0.01020408163265306,0.01020408163265306,-0.02561335438556612,0.18098369767875871,0.01020408163265306,0.01020408163265306,0.01020408163265306,0.01020408163265306,0.01020408163265306,0.01020408163265306,-0.042038948633998034,-0.02389864577950216,0.01020408163265306,-0.11497276227168247,0.01020408163265306,0.01020408163265306,0.01020408163265306,0.15719569954993218,0.01020408163265306,0.05067595793409538,0.15108389579235068,0.01020408163265306,0.01020408163265306,0.020119149270721736,0.3079350289269168,0.01020408163265306,0.01020408163265306,0.1194059090053836,0.01020408163265306,0.3650359575904171,0.01020408163265306,-0.09801448791853386
2026-02-20,0.01020408163265306,-0.06056209142522484,0.01020408163265306,-0.025827341592822274,-0.00962625664944281,0.050202829646130945,0.01020408163265306,0.01020408163265306,0.1796859043737631,0.15225162435228867,-0.02086081564818093,-0.0005373357356995394,-0.025491941365518217,-0.008104874414278146,0.01020408163265306,0.0075049517139249185,0.01020408163265306,0.01020408163265306,0.037285431038313326,0.01020408163265306,0.01020408163265306,0.01020408163265306,-0.09664916407259347,0.01020408163265306,-0.036850480882046684,0.005243958974829584,0.01020408163265306,0.01020408163265306,0.01020408163265306,-0.12554440892690027,0.01020408163265306,0.01020408163265306,0.01020408163265306,0.01020408163265306,-0.20628806713380307,0.01020408163265306,0.01020408163265306,0.01020408163265306,0.01020408163265306,-0.09265702753961753,0.01020408163265306,-0.04992509055643548,-0.04157855835977996,0.01020408163265306,0.01020408163265306,0.01020408163265306,0.006124371159410938,0.01020408163265306,0.01020408163265306,0.01020408163265306,-0.0005511605510144062,-0.07834176687475984,0.009458323379252035,0.01020408163265306,0.01020408163265306,0.01020408163265306,0.01020408163265306,0.01020408163265306,0.01020408163265306,-0.1682675425238847,0.01020408163265306,0.01020408163265306,0.01020408163265306,0.01020408163265306,0.01020408163265306,-0.04273116838071917,0.01020408163265306,0.01020408163265306,-0.029741082448052736,0.17872297204769327,0.01020408163265306,0.01020408163265306,0.01020408163265306,0.01020408163265306,0.01020408163265306,0.01020408163265306,-0.047434813825027435,-0.028961013312610112,0.01020408163265306,-0.1120346041207801,0.01020408163265306,0.01020408163265306,0.01020408163265306,0.16097865289793223,0.01020408163265306,0.052978372744574107,0.14913349760056702,0.01020408163265306,0.01020408163265306,0.018388204023228293,0.3114838598723838,0.01020408163265306,0.01020408163265306,0.12120868932701731,0.01020408163265306,0.3641572524202355,0.01020408163265306,-0.09828310555888393
2026-02-23,0.01020408163265306,-0.058179165239968036,0.01020408163265306,-0.02513195678806271,-0.009982151421493305,0.04647539205347538,0.01020408163265306,0.01020408163265306,0.18261282999608916,0.15218883041126297,-0.020635728748744954,0.0023371651810868734,-0.026075898202772424,-0.00969582369805381,0.01020408163265306,0.0061727797695410366,0.01020408163265306,0.01020408163265306,0.037505795288193554,0.01020408163265306,0.010868921534151595,0.01020408163265306,-0.0948830198089729,0.01020408163265306,-0.048092327502845124,0.008248365478584652,0.01020408163265306,0.01020408163265306,0.01020408163265306,-0.12409092227879352,0.01020408163265306,0.01020408163265306,0.01020408163265306,0.01020408163265306,-0.20443217206431738,0.01020408163265306,0.01020408163265306,0.01020408163265306,0.01020408163265306,-0.09690921781857763,0.01020408163265306,-0.054443082806051965,-0.04146997858210463,0.01020408163265306,0.01020408163265306,0.01020408163265306,0.00222454711563138,0.01020408163265306,0.01020408163265306,0.01020408163265306,0.0025537701976252316,-0.07564700932034421,0.01020408163265306,0.01020408163265306,0.01020408163265306,0.01020408163265306,0.01020408163265306,0.01020408163265306,0.01020408163265306,-0.16876007829457174,0.01020408163265306,0.01020408163265306,0.01020408163265306,0.01020408163265306,0.01020408163265306,-0.044958959543429475,0.01020408163265306,0.01020408163265306,-0.025570159888140286,0.17691060893129645,0.01020408163265306,0.01020408163265306,0.01020408163265306,0.01020408163265306,0.01020408163265306,0.01020408163265306,-0.04186308133525452,-0.03338369953307267,0.01020408163265306,-0.10730758511855601,0.01020408163265306,0.01020408163265306,0.01020408163265306,0.1576637326824681,0.01020408163265306,0.05101070391848614,0.14541978502278086,0.01020408163265306,0.01020408163265306,0.012617147539595556,0.3250617378214703,0.01020408163265306,0.01020408163265306,0.12588942336497008,0.01020408163265306,0.36427266470520897,0.01020408163265306,-0.10056299934432163
2026-02-24,0.009242860367093802,-0.057966610174743374,0.01020408163265306,-0.02564895249069253,-0.009549446973269876,0.0458804181968192,0.01020408163265306,0.01020408163265306,0.18463308559178307,0.15413901653828255,-0.021400397426887652,0.00037138514603644347,-0.024367475262612973,-0.014020595313229701,0.01020408163265306,0.002612392111888299,0.01020408163265306,0.01020408163265306,0.040084697780783905,0.01020408163265306,0.01020408163265306,0.01020408163265306,-0.09504725927334272,0.01020408163265306,-0.04432161711713472,0.008446912769025886,0.01020408163265306,0.01020408163265306,0.01020408163265306,-0.12696153389963724,0.01020408163265306,0.01020408163265306,0.01020408163265306,0.01020408163265306,-0.20291597976230408,0.01020408163265306,0.01020408163265306,0.01020408163265306,0.01020408163265306,-0.09691698032370434,0.01020408163265306,-0.05430969070793261,-0.03833164989354387,0.01020408163265306,0.01020408163265306,0.01020408163265306,0.0032492830613790524,0.01020408163265306,0.01020408163265306,0.01020408163265306,0.001303651951741338,-0.07473851631154883,0.01020408163265306,0.010118078548533874,0.01020408163265306,0.01020408163265306,0.01020408163265306,0.01020408163265306,0.01020408163265306,-0.17738214440287023,0.01020408163265306,0.01020408163265306,0.01020408163265306,0.01020408163265306,0.01020408163265306,-0.04270960252424345,0.01020408163265306,0.01020408163265306,-0.025483670568497124,0.1751042008786605,0.01020408163265306,0.01020408163265306,0.01020408163265306,0.01020408163265306,0.01020408163265306,0.01020408163265306,-0.04107709729902712,-0.03144370916397422,0.01020408163265306,-0.10270716794348295,0.01020408163265306,0.01020408163265306,0.01020408163265306,0.1544659875550957,0.01020408163265306,0.05000575904038424,0.14988965455602016,0.01020408163265306,0.01020408163265306,0.015772881316520975,0.3195263715153716,0.01020408163265306,0.01020408163265306,0.13091244201619162,0.01020408163265306,0.36038855760442473,0.01020408163265306,-0.10068427440723483
2026-02-25,0.01020408163265306,-0.062414197648672065,0.01020408163265306,-0.027283339671647137,-0.015581586595521278,0.050381658416830566,0.01020408163265306,0.01020408163265306,0.18865281043841586,0.15803879408488877,-0.026953812507018865,0.009515060617822726,-0.02258627388545968,-0.017179913762854306,0.01020408163265306,-0.004178091306191685,0.01020408163265306,0.01020408163265306,0.03786672768643013,0.01020408163265306,0.01020408163265306,0.01020408163265306,-0.07765977694002903,0.01020408163265306,-0.04771300340625821,0.01020408163265306,0.01020408163265306,0.012210695630125905,0.01020408163265306,-0.1278737821835536,0.01020408163265306,0.01020408163265306,0.01020408163265306,0.01020408163265306,-0.20845308458291661,0.01020408163265306,0.01020408163265306,0.01020408163265306,0.01020408163265306,-0.09801742941528224,0.007976432551379578,-0.051961223348580034,-0.041568919375467285,0.01020408163265306,0.01020408163265306,0.01020408163265306,0.003216095401442907,0.01020408163265306,0.01020408163265306,0.01020408163265306,0.005433598720540273,-0.06533283917969027,0.007352047596096541,0.009998706576213944,0.01020408163265306,0.01020408163265306,0.01020408163265306,0.01020408163265306,0.01020408163265306,-0.16852260205851552,0.01020408163265306,0.01020408163265306,0.01020408163265306,0.01020408163265306,0.01020408163265306,-0.049109845056629985,0.01020408163265306,0.01020408163265306,-0.02785684213628921,0.17236726521948964,0.01020408163265306,0.01020408163265306,0.01020408163265306,0.01020408163265306,0.01020408163265306,0.01020408163265306,-0.04144183847693039,-0.030035955405227473,0.01020408163265306,-0.10750257489754267,0.01020408163265306,0.01020408163265306,0.01020408163265306,0.161072358143352,0.01020408163265306,0.05054625775968387,0.14159703624551548,0.01020408163265306,0.01020408163265306,0.01020408163265306,0.312792921914061,0.01020408163265306,0.01020408163265306,0.1343392921750149,0.01020408163265306,0.362708065701672,0.01020408163265306,-0.098675627732576
2026-02-26,0.009590362118568892,-0.06279241087694254,0.01020408163265306,-0.027926013154343954,-0.016493965896670508,0.05031717233895309,0.01020408163265306,0.01020408163265306,0.19276367356949584,0.1554411533008493,-0.026435626061127523,0.01020408163265306,-0.022582432802427693,-0.016446566335225427,0.01020408163265306,-0.0020048774209270818,0.01020408163265306,0.01020408163265306,0.03910106487502356,0.01020408163265306,0.010732266216298216,0.01020408163265306,-0.07766296188998215,0.01020408163265306,-0.055541434419094135,0.01020408163265306,0.01020408163265306,0.010730765261960798,0.01020408163265306,-0.12758897721470833,0.01020408163265306,0.01020408163265306,0.01020408163265306,0.01020408163265306,-0.20868655312706613,0.01020408163265306,0.01020408163265306,0.01020408163265306,0.01020408163265306,-0.0986871435419325,0.01020408163265306,-0.05244747724250978,-0.04512428140166535,0.01020408163265306,0.01020408163265306,0.01020408163265306,0.002978801717233133,0.01020408163265306,0.01020408163265306,0.01020408163265306,0.006181446851405614,-0.06261976769389614,0.01020408163265306,0.01020408163265306,0.01020408163265306,0.01020408163265306,0.01020408163265306,0.01020408163265306,0.01020408163265306,-0.1681443199671298,0.01020408163265306,0.01020408163265306,0.01020408163265306,0.01020408163265306,0.01020408163265306,-0.0493655597430331,0.01020408163265306,0.01020408163265306,-0.026790004013258102,0.17363671485669518,0.01020408163265306,0.01020408163265306,0.01020408163265306,0.01020408163265306,0.01020408163265306,0.01020408163265306,-0.037616121824410674,-0.030755637579996206,0.01020408163265306,-0.1034439891641865,0.01020408163265306,0.01020408163265306,0.01020408163265306,0.15793074848270847,0.01020408163265306,0.05676318879928671,0.1345719894327769,0.01020408163265306,0.01020408163265306,0.01020408163265306,0.3113326713979171,0.01020408163265306,0.01020408163265306,0.13530115858903,0.01020408163265306,0.36163605283707184,0.01020408163265306,-0.10209800723392472
2026-02-27,0.01020408163265306,-0.06167000187275609,0.01020408163265306,-0.027688065750968514,-0.013198063662110565,0.04913195178439656,0.01020408163265306,0.01020408163265306,0.18613781810122496,0.16075265100230685,-0.02812616426040712,0.009894309185462398,-0.02259173241127113,-0.030121951218197655,0.01020408163265306,-0.0051902644882259544,0.01020408163265306,0.01020408163265306,0.037130484608146955,0.01020408163265306,0.010443933508477995,0.01020408163265306,-0.07853356553998259,0.01020408163265306,-0.0425086836700579,0.01020408163265306,0.01020408163265306,0.01020408163265306,0.01020408163265306,-0.1287853999786132,0.01020408163265306,0.01020408163265306,0.01020408163265306,0.01020408163265306,-0.19731389445338554,0.01020408163265306,0.01020408163265306,0.01020408163265306,0.01020408163265306,-0.09487446161843502,0.01020408163265306,-0.04235159656951276,-0.04210204715357542,0.01020408163265306,0.01020408163265306,0.01020408163265306,-0.0031545347874574713,0.01020408163265306,0.01020408163265306,0.01020408163265306,0.01020408163265306,-0.06000005561314983,0.005449752992014691,0.009236244292419128,0.01020408163265306,0.01020408163265306,0.01020408163265306,0.01020408163265306,0.01020408163265306,-0.1700604791640094,0.01020408163265306,0.01020408163265306,0.01020408163265306,0.01020408163265306,0.01020408163265306,-0.054273318492696676,0.01020408163265306,0.01020408163265306,-0.020479575792941615,0.16993843229293903,0.01020408163265306,0.01020408163265306,0.01020408163265306,0.01020408163265306,0.01020408163265306,0.01020408163265306,-0.04057041261098916,-0.03381359298318039,0.01020408163265306,-0.10617052918588606,0.01020408163265306,0.01020408163265306,0.01020408163265306,0.14900016890728496,0.01020408163265306,0.06552225939837203,0.12859948894630105,0.01020408163265306,0.01020408163265306,0.01020408163265306,0.2966247584234139,0.01020408163265306,0.01020408163265306,0.13186024310779088,0.01020408163265306,0.3839174760940669,0.01020408163265306,-0.10230647932599181
2026-03-02,0.01020408163265306,-0.06308908835482464,0.01020408163265306,-0.028007606805000917,-0.011551583893269561,0.05175142951495284,0.01020408163265306,0.01020408163265306,0.18519454590422593,0.16121882902325332,-0.029351623278003863,0.01020408163265306,-0.02132075384055477,-0.03180925575743188,0.01020408163265306,-0.01064917672601968,0.01020408163265306,0.01020408163265306,0.028909184499535834,0.01020408163265306,0.01020408163265306,0.01020408163265306,-0.07378173034151211,0.01020408163265306,-0.015984615830026007,0.01020408163265306,0.01020408163265306,0.01020408163265306,0.01020408163265306,-0.13338954568107622,0.01020408163265306,0.01020408163265306,0.01020408163265306,0.01020408163265306,-0.19994543107943552,0.01020408163265306,0.01020408163265306,0.01020408163265306,0.01020408163265306,-0.08326711345299412,0.01020408163265306,-0.04941377400358056,-0.06070814487493577,0.01020408163265306,0.01020408163265306,0.01020408163265306,0.002744303408840007,0.01020408163265306,0.01020408163265306,0.01020408163265306,0.01020408163265306,-0.05501060926560239,0.01020408163265306,0.01020408163265306,0.01020408163265306,0.01020408163265306,0.01020408163265306,0.01020408163265306,0.01020408163265306,-0.16354397648014127,0.01020408163265306,0.01020408163265306,0.01020408163265306,0.01020408163265306,0.01020408163265306,-0.06291506988205427,0.01020408163265306,0.01020408163265306,-0.03251036836346131,0.16840736357179842,0.01020408163265306,0.01020408163265306,0.01020408163265306,0.01020408163265306,0.01020408163265306,0.01020408163265306,-0.04420137092737639,-0.030739521497413325,0.01020408163265306,-0.10811726347908798,0.01020408163265306,0.01020408163265306,0.01020408163265306,0.13211085754568305,0.01020408163265306,0.06274039407136346,0.1495090913983496,0.01020408163265306,0.01020408163265306,0.01020408163265306,0.2933185815483404,0.01020408163265306,0.01020408163265306,0.1220884235727398,0.01020408163265306,0.38525857075466446,0.01020408163265306,-0.08700517548974047
2026-03-03,0.01020408163265306,-0.061834127950327736,0.01020408163265306,-0.02917593177858397,-0.013979710402476668,0.05188639763590485,0.01020408163265306,0.01020408163265306,0.1822238926754879,0.16326360952426508,-0.025253787109125063,0.005607053079481718,-0.02088143661843457,-0.030824246176887143,0.01020408163265306,-0.002054882930805489,0.01020408163265306,0.01020408163265306,0.02173935112009484,0.01020408163265306,0.01020408163265306,0.01020408163265306,-0.0748555255356008,0.01020408163265306,0.001828023835385965,0.01020408163265306,0.01020408163265306,0.013649175931624749,0.01020408163265306,-0.12336733156206657,0.01020408163265306,0.01020408163265306,0.01020408163265306,0.01020408163265306,-0.2190583964273277,0.01020408163265306,0.01020408163265306,0.01020408163265306,0.01020408163265306,-0.0920548854661494,0.01020408163265306,-0.04632621533264558,-0.062361887637019414,0.01020408163265306,0.01020408163265306,0.01020408163265306,0.004485465462632093,0.01020408163265306,0.01020408163265306,0.01020408163265306,0.01020408163265306,-0.05599243614538388,0.0044143763082533935,0.009810264944835455,0.01020408163265306,0.01020408163265306,0.01020408163265306,0.01020408163265306,0.01020408163265306,-0.16993157724673036,0.01020408163265306,0.01020408163265306,0.01020408163265306,0.01020408163265306,0.01020408163265306,-0.04780651811167544,0.01020408163265306,0.01020408163265306,-0.031055162744943243,0.16837248625492035,0.01020408163265306,0.01020408163265306,0.01020408163265306,0.01020408163265306,0.01020408163265306,0.01020408163265306,-0.05750989164100148,-0.03381291423694662,0.01020408163265306,-0.09466665893203978,0.01020408163265306,0.01020408163265306,0.01020408163265306,0.1381305549648669,0.01020408163265306,0.05994768096891215,0.15363161671105457,0.01020408163265306,0.01020408163265306,0.01020408163265306,0.2919389873868044,0.01020408163265306,0.01020408163265306,0.11027393546266558,0.01020408163265306,0.3927897639323834,0.01020408163265306,-0.0934340101725862
2026-03-04,0.01020408163265306,-0.05954827242613428,0.01020408163265306,-0.03220453808573682,-0.016552811256817714,0.05241494116890953,0.01020408163265306,0.01020408163265306,0.18703592347290285,0.16091874034802056,-0.02558587780116712,0.007806242027400699,-0.020689051283708786,-0.037221486867650394,0.01020408163265306,0.01020408163265306,0.01020408163265306,0.01020408163265306,0.014783140370982967,0.01020408163265306,0.01020408163265306,0.01020408163265306,-0.07761531143081579,0.01020408163265306,0.01020408163265306,0.01020408163265306,0.01020408163265306,0.01020408163265306,0.01020408163265306,-0.11255577058413674,0.01020408163265306,0.01020408163265306,0.01020408163265306,0.01020408163265306,-0.22934249127898756,0.01020408163265306,0.01020408163265306,0.01020408163265306,0.01020408163265306,-0.09267876278699048,0.01020408163265306,-0.052701802792688365,-0.05245645473488421,0.01020408163265306,0.01020408163265306,0.01020408163265306,-0.000867932491456393,0.01020408163265306,0.01020408163265306,0.01020408163265306,0.01020408163265306,-0.05026691436419813,0.0023683968174987163,0.006948209223221073,0.01020408163265306,0.01020408163265306,0.01020408163265306,0.01020408163265306,0.01020408163265306,-0.16691160196475371,0.01020408163265306,0.01020408163265306,0.01020408163265306,0.01020408163265306,0.01020408163265306,-0.04663707871878682,0.01020408163265306,0.01020408163265306,-0.04350146115343777,0.16679755528257367,0.01020408163265306,0.01020408163265306,0.01020408163265306,0.01020408163265306,0.01020408163265306,0.01020408163265306,-0.06389199568058407,-0.03429439160310119,0.01020408163265306,-0.09931875685951527,0.01020408163265306,0.01020408163265306,0.01020408163265306,0.12961441447677624,0.01020408163265306,0.06621671540710136,0.1640505595964154,0.01020408163265306,0.01020408163265306,0.01020408163265306,0.2903599183648766,0.01020408163265306,0.01020408163265306,0.10700467151288003,0.01020408163265306,0.3978502022891972,0.01020408163265306,-0.08218400905034819
2026-03-05,0.01020408163265306,-0.05897528957762824,0.01020408163265306,-0.03172754063403001,-0.013359670626881181,0.050577570428023425,0.01020408163265306,0.01020408163265306,0.1866857281538461,0.16462279091862228,-0.029735397247640606,0.00477630921606035,-0.016698352459950612,-0.03545800256193009,0.01020408163265306,0.01020408163265306,0.01020408163265306,0.01020408163265306,0.014138652058180958,0.01020408163265306,0.01020408163265306,0.01020408163265306,-0.07912837695396988,0.01020408163265306,0.01020408163265306,0.01020408163265306,0.01020408163265306,0.01020408163265306,0.01020408163265306,-0.10902429162822519,0.01020408163265306,0.01020408163265306,0.01020408163265306,0.01020408163265306,-0.2412809477267247,0.01020408163265306,0.01020408163265306,0.01020408163265306,0.01020408163265306,-0.09853729884144609,0.01020408163265306,-0.05166944099953852,-0.051931910487791354,0.01020408163265306,0.01020408163265306,0.01020408163265306,0.004070811488084351,0.01020408163265306,0.01020408163265306,0.01020408163265306,0.01020408163265306,-0.05054553931164413,0.01020408163265306,0.01020408163265306,0.01020408163265306,0.01020408163265306,0.01020408163265306,0.01020408163265306,0.01020408163265306,-0.1764411628761517,0.01020408163265306,0.01020408163265306,0.01020408163265306,0.01020408163265306,0.01020408163265306,-0.034779670334074454,0.01020408163265306,0.01020408163265306,-0.03636422134271796,0.16605267181264743,0.01020408163265306,0.01020408163265306,0.01020408163265306,0.01020408163265306,0.01020408163265306,0.01020408163265306,-0.08024581293871516,-0.02029525960930513,0.01020408163265306,-0.09836248851501822,0.01020408163265306,0.01020408163265306,0.01020408163265306,0.13298325173357778,0.01020408163265306,0.058832699339465104,0.16991389503019189,0.01020408163265306,0.01020408163265306,0.01020408163265306,0.2820457687470162,0.01020408163265306,0.01020408163265306,0.10462083113969489,0.01020408163265306,0.38943396789652523,0.01020408163265306,-0.07745957941100169
2026-03-06,0.01020408163265306,-0.05358005457513659,0.01020408163265306,-0.01606018493373889,0.01020408163265306,0.03149245634396314,0.01020408163265306,0.01020408163265306,0.10981462370255472,0.16885387097010626,-0.02492863301860554,-0.004184811677072034,-0.009752102086336754,-0.029654146893667348,0.01020408163265306,0.01020408163265306,0.01020408163265306,0.01020408163265306,0.01020408163265306,0.01020408163265306,0.01020408163265306,0.01020408163265306,-0.06502357378520023,0.01020408163265306,0.01020408163265306,0.01020408163265306,0.01020408163265306,0.01020408163265306,0.01020408163265306,-0.10537426483034006,0.01020408163265306,0.01020408163265306,0.01020408163265306,0.01020408163265306,-0.21904580239505933,0.01020408163265306,0.01020408163265306,0.01020408163265306,0.01020408163265306,-0.11235411440322705,0.01020408163265306,-0.04453888507298225,-0.04528519528370766,0.01020408163265306,0.01020408163265306,0.01020408163265306,0.01020408163265306,0.01020408163265306,0.01020408163265306,0.01020408163265306,0.01020408163265306,-0.055279851884228196,0.01020408163265306,0.01020408163265306,0.01020408163265306,0.01020408163265306,0.01020408163265306,0.01020408163265306,0.01020408163265306,-0.19062757205703848,0.01020408163265306,0.01020408163265306,0.01020408163265306,0.01020408163265306,0.01020408163265306,-0.02314921147101389,0.01020408163265306,0.01020408163265306,-0.0141209326174515,0.1603217250173909,0.01020408163265306,0.01020408163265306,0.01020408163265306,0.01020408163265306,0.01020408163265306,0.01020408163265306,-0.019245993094453025,0.0024650045905425582,0.01020408163265306,-0.0985520528179124,0.01020408163265306,0.01020408163265306,0.01020408163265306,0.10158512779213415,0.01020408163265306,0.044544496418768856,0.1501366700117677,0.01020408163265306,0.01020408163265306,0.01020408163265306,0.20721465210593754,0.01020408163265306,0.01020408163265306,0.0784954580205828,0.01020408163265306,0.44885108600950935,0.01020408163265306,-0.0668953391064948
2026-03-09,0.01020408163265306,-0.0627075631383296,0.01020408163265306,-0.03213753005365113,-0.009601756175837596,0.046566873502228406,0.01020408163265306,0.01020408163265306,0.16396229717408786,0.1733824679589945,-0.02309607109944447,-0.001540227617096504,-0.016063141284537126,-0.0388155193636273,0.01020408163265306,0.01020408163265306,0.01020408163265306,0.01020408163265306,0.01020408163265306,0.01020408163265306,0.01020408163265306,0.01020408163265306,-0.07010459160820093,0.01020408163265306,0.008963650316234365,0.01020408163265306,0.01020408163265306,0.01020408163265306,0.01020408163265306,-0.11062036884454544,0.01020408163265306,0.01020408163265306,0.01020408163265306,0.01020408163265306,-0.22792899752830087,0.01020408163265306,0.01020408163265306,0.01020408163265306,0.01020408163265306,-0.09736726933057153,0.01020408163265306,-0.04793813130554446,-0.039952826525531726,0.01020408163265306,0.01020408163265306,0.01020408163265306,0.005839045089003594,0.01020408163265306,0.01020408163265306,0.01020408163265306,0.01020408163265306,-0.06175463848474981,-0.006743858324849488,0.01020408163265306,0.01020408163265306,0.01020408163265306,0.01020408163265306,0.01020408163265306,0.01020408163265306,-0.16967615984543868,0.01020408163265306,0.01020408163265306,0.01020408163265306,0.01020408163265306,0.01020408163265306,-0.04413674385350769,0.01020408163265306,0.01020408163265306,-0.04133467963018962,0.16492934387394384,0.01020408163265306,0.01020408163265306,0.01020408163265306,0.01020408163265306,0.01020408163265306,0.01020408163265306,-0.050636977492941576,-0.023050503840943218,0.009456837094823483,-0.1102109488619966,0.01020408163265306,0.01020408163265306,0.01020408163265306,0.13985343015978874,0.01020408163265306,0.057131107901052094,0.15736668873165605,0.01020408163265306,0.01020408163265306,0.016185653513076614,0.25819801290828104,0.01020408163265306,0.01020408163265306,0.09492852767218359,0.01020408163265306,0.41665794775506343,0.01020408163265306,-0.060656440665071934
2026-03-10,0.01020408163265306,-0.05415717153975434,0.01020408163265306,-0.0132587424341412,0.01020408163265306,0.03226571540658407,0.01020408163265306,0.01020408163265306,0.10578848860184249,0.17247890139923228,-0.02965577052867082,-9.96438292462723e-06,-0.009251153443764657,-0.030133559390589218,0.01020408163265306,0.01020408163265306,0.01020408163265306,0.01020408163265306,0.01020408163265306,0.01020408163265306,0.01020408163265306,0.01020408163265306,-0.06391629668504542,0.01020408163265306,0.0009021558836488659,0.01020408163265306,0.01020408163265306,0.01020408163265306,0.01020408163265306,-0.10720804549522203,0.01020408163265306,0.01020408163265306,0.01020408163265306,0.01020408163265306,-0.22006374876912088,0.01020408163265306,0.01020408163265306,0.01020408163265306,0.01020408163265306,-0.11681511395805567,0.01020408163265306,-0.04363701134415272,-0.042612809413126666,0.01020408163265306,0.01020408163265306,0.01020408163265306,0.01020408163265306,0.01020408163265306,0.01020408163265306,0.01020408163265306,0.01020408163265306,-0.04762945886248467,0.01020408163265306,0.01020408163265306,0.01020408163265306,0.01020408163265306,0.01020408163265306,0.01020408163265306,0.01020408163265306,-0.18668743774433857,0.01020408163265306,0.01020408163265306,0.01020408163265306,0.01020408163265306,0.01020408163265306,-0.02791397440879983,0.01020408163265306,0.01020408163265306,-0.011009942101051098,0.15802479391490165,0.01020408163265306,0.01020408163265306,0.01020408163265306,0.01020408163265306,0.01020408163265306,0.01020408163265306,-0.012915218579384281,-0.0017994719081528034,0.01020408163265306,-0.09918067985560487,0.01020408163265306,0.01020408163265306,0.01020408163265306,0.11240725696213635,0.01020408163265306,0.05091013470150607,0.1398726403127389,0.01020408163265306,0.01020408163265306,0.01020408163265306,0.2112983821460608,0.01020408163265306,0.01020408163265306,0.07383436573351966,0.01020408163265306,0.4376675212122273,0.01020408163265306,-0.06126825481776911
2026-03-11,0.01020408163265306,-0.05569447331034627,0.01020408163265306,-0.012598536770519296,0.01020408163265306,0.03333405694477517,0.01020408163265306,0.01020408163265306,0.10587443875702156,0.17073170511206587,-0.027938578991661425,0.001104658892804469,-0.010119292721526263,-0.03296740607961695,0.01020408163265306,0.01020408163265306,0.01020408163265306,0.01020408163265306,0.01020408163265306,0.01020408163265306,0.01020408163265306,0.01020408163265306,-0.06358902894225421,0.01020408163265306,-0.0016231418238590277,0.01020408163265306,0.01020408163265306,0.01020408163265306,0.01020408163265306,-0.10818170927571305,0.01020408163265306,0.01020408163265306,0.01020408163265306,0.01020408163265306,-0.21836057259338185,0.01020408163265306,0.01020408163265306,0.01020408163265306,0.01020408163265306,-0.11396715412894044,0.01020408163265306,-0.04461355056789624,-0.050363392254364044,0.01020408163265306,0.01020408163265306,0.01020408163265306,0.01020408163265306,0.01020408163265306,0.01020408163265306,0.01020408163265306,0.01020408163265306,-0.04731160008680318,0.01020408163265306,0.01020408163265306,0.01020408163265306,0.01020408163265306,0.01020408163265306,0.01020408163265306,0.01020408163265306,-0.19138070635036766,0.01020408163265306,0.01020408163265306,0.01020408163265306,0.01020408163265306,0.01020408163265306,-0.015166691975540872,0.01020408163265306,0.01020408163265306,-0.01532516801398096,0.15589659804149927,0.01020408163265306,0.01020408163265306,0.01020408163265306,0.01020408163265306,0.01020408163265306,0.01020408163265306,-0.010705521408654843,-0.004884794662898187,0.01020408163265306,-0.094586975272865,0.01020408163265306,0.01020408163265306,0.01020408163265306,0.11198020640730603,0.01020408163265306,0.04853068583384817,0.1411956873452215,0.01020408163265306,0.01020408163265306,0.01020408163265306,0.21659581047323645,0.01020408163265306,0.01020408163265306,0.08304745446105259,0.01020408163265306,0.4301644085076164,0.01020408163265306,-0.06275088493301274
2026-03-12,0.01020408163265306,-0.05445531568361345,0.01020408163265306,-0.011089075333954654,0.01020408163265306,0.0315700671386061,0.01020408163265306,0.01020408163265306,0.11396473287773692,0.17191509799956778,-0.030861137359876493,6.30429968318854e-05,-0.010416259794848308,-0.032081276548278026,0.01020408163265306,0.01020408163265306,0.01020408163265306,0.01020408163265306,0.01020408163265306,0.01020408163265306,0.01020408163265306,0.01020408163265306,-0.06771921604141161,0.01020408163265306,0.002484362172458899,0.01020408163265306,0.01020408163265306,0.01020408163265306,0.01020408163265306,-0.10694084545104578,0.01020408163265306,0.01020408163265306,0.01020408163265306,0.01020408163265306,-0.22453644528534628,0.01020408163265306,0.01020408163265306,0.01020408163265306,0.01020408163265306,-0.11178565132241981,0.01020408163265306,-0.04400794828773225,-0.05044701573725003,0.01020408163265306,0.01020408163265306,0.01020408163265306,0.01020408163265306,0.01020408163265306,0.01020408163265306,0.01020408163265306,0.01020408163265306,-0.04328343273238012,0.01020408163265306,0.01020408163265306,0.01020408163265306,0.01020408163265306,0.01020408163265306,0.01020408163265306,0.01020408163265306,-0.19081957981747763,0.01020408163265306,0.01020408163265306,0.01020408163265306,0.01020408163265306,0.01020408163265306,-0.01806426586901559,0.01020408163265306,0.01020408163265306,-0.008989533380510674,0.15688098360475708,0.01020408163265306,0.01020408163265306,0.01020408163265306,0.01020408163265306,0.01020408163265306,0.01020408163265306,-0.017989946863067492,0.004753733768479485,0.01020408163265306,-0.09150721712204463,0.01020408163265306,0.01020408163265306,0.01020408163265306,0.10502666305657413,0.01020408163265306,0.046882183413012445,0.14016906777291321,0.01020408163265306,0.01020408163265306,0.01020408163265306,0.21712162901497878,0.01020408163265306,0.01020408163265306,0.07479624027926242,0.01020408163265306,0.435501575733403,0.01020408163265306,-0.06980868658606439
2026-03-13,0.01020408163265306,-0.06202088491028235,0.01020408163265306,-0.037966587056345286,-0.01582010904820181,0.0672956654044397,0.01839166252645233,0.01020408163265306,0.17993853039330548,0.1733059061685259,-0.021450522385470835,0.01020408163265306,-0.01178600867449787,-0.04728934937136927,-0.023796506803279015,-0.02578746442696856,0.01020408163265306,0.01020408163265306,0.08553537500122319,0.01020408163265306,0.01020408163265306,0.01020408163265306,-0.10000053585540324,0.01020408163265306,-0.0505723410449009,0.01020408163265306,0.04236052017172317,0.034173619658320706,0.01020408163265306,-0.12856212356765245,0.01020408163265306,0.01020408163265306,0.01020408163265306,0.01020408163265306,-0.21980320866928496,0.01020408163265306,0.01020408163265306,0.01020408163265306,0.01020408163265306,-0.07947912546510601,0.01020408163265306,-0.06557696487308515,-0.036491512263273435,0.01020408163265306,0.01020408163265306,0.01020408163265306,-0.05254692739770239,0.01020408163265306,0.01020408163265306,0.015179816315948984,-0.0024048700938911136,-0.03063808675405893,0.01020408163265306,-0.009309699758253397,0.01020408163265306,0.01020408163265306,0.032455834671590335,0.01020408163265306,0.01020408163265306,-0.14161647261455365,0.01020408163265306,0.01020408163265306,0.01020408163265306,0.05351994427655782,0.023102794697155732,-0.04477106096541805,0.0009597380961725455,0.01020408163265306,-0.12276640221963965,0.16336446061600374,0.01020408163265306,0.01020408163265306,0.01020408163265306,0.01020408163265306,0.01020408163265306,0.01020408163265306,-0.05011738014152655,-0.07788505499733414,-0.029149568554799977,-0.09025018924626778,0.01020408163265306,0.01020408163265306,0.01020408163265306,0.16636275244481455,0.01020408163265306,0.03783053808866138,0.10804870022802841,0.01020408163265306,0.01020408163265306,0.012003074482441188,0.30038839869452594,0.01020408163265306,0.009956326475048658,0.1721765105813152,0.01020408163265306,0.4318127427445759,0.01020408163265306,-0.060508036210917035
2026-03-16,0.01020408163265306,-0.06294087012415946,0.01020408163265306,-0.03860856648420982,-0.017515252958393776,0.065130318206743,0.02469989886614725,0.01020408163265306,0.17649845454999308,0.1728320779155714,-0.022610743652041528,0.01020408163265306,-0.010538950066052747,-0.052453126635957734,-0.026116214192712567,-0.020520856880854803,0.01020408163265306,0.01020408163265306,0.07766541144137747,0.01020408163265306,0.01020408163265306,0.01223857853516738,-0.1008066221344434,0.01020408163265306,-0.05862527210590718,0.01020408163265306,0.053519021089535775,0.03618574393001016,0.01020408163265306,-0.12258325305968136,0.01020408163265306,0.01020408163265306,0.01020408163265306,0.01020408163265306,-0.21913824608182,0.01020408163265306,0.01020408163265306,0.01020408163265306,0.01020408163265306,-0.07188521669085364,0.01020408163265306,-0.06661002731638838,-0.03745059666426061,0.01020408163265306,0.01020408163265306,0.01020408163265306,-0.054757728140286024,0.01020408163265306,0.01020408163265306,0.01020408163265306,0.004732170967547824,-0.032018170698791835,0.01020408163265306,-0.014229336785470592,0.01020408163265306,0.01020408163265306,0.03134764489261503,0.01020408163265306,0.01020408163265306,-0.14152977360935262,0.01020408163265306,0.01020408163265306,0.01020408163265306,0.05496808737093743,0.031126348414825276,-0.04510400186580044,-0.002916323288507862,0.01020408163265306,-0.1268914644814183,0.15726489695185444,0.01020408163265306,0.01020408163265306,0.01020408163265306,0.01020408163265306,0.01020408163265306,0.01020408163265306,-0.03854444014941272,-0.09247335764888572,-0.027987941483981676,-0.09149572683164224,0.01020408163265306,0.01020408163265306,0.01020408163265306,0.16840455951693065,0.01020408163265306,0.03900164585009864,0.10694013468699165,0.01020408163265306,0.01020408163265306,0.01020408163265306,0.30423975554341964,0.01020408163265306,0.009626324574348321,0.17901820910800822,0.01020408163265306,0.43101002658188486,0.01020408163265306,-0.0605053922280266
2026-03-17,0.01020408163265306,-0.05863023518177815,0.01020408163265306,-0.03639102089897383,-0.005306345383157485,0.05462195595440453,0.01020408163265306,0.01020408163265306,0.14895604400570822,0.16745841913499415,-0.02416717981209241,0.01020408163265306,-0.010391353561864833,-0.04332310183050087,-0.0008215251829081418,-0.012966103080573122,0.01020408163265306,0.01020408163265306,0.027497076717661738,0.01020408163265306,0.01020408163265306,0.01020408163265306,-0.09406164298552011,0.01020408163265306,-0.030176471857409078,0.01020408163265306,0.01020408163265306,0.021700649703322916,0.01020408163265306,-0.1007569586548872,0.01020408163265306,0.01020408163265306,0.01020408163265306,0.01020408163265306,-0.19609935151134406,0.01020408163265306,0.01020408163265306,0.01020408163265306,0.01020408163265306,-0.08002044178569502,0.01020408163265306,-0.06028367336696161,-0.03855694469822001,0.01020408163265306,0.01020408163265306,0.01020408163265306,-0.022480130529882625,0.01020408163265306,0.01020408163265306,0.01020408163265306,0.01020408163265306,-0.04170206996531247,0.01020408163265306,0.01020408163265306,0.01020408163265306,0.01020408163265306,0.01020408163265306,0.01020408163265306,0.01020408163265306,-0.13627145057136197,0.01020408163265306,0.01020408163265306,0.01020408163265306,0.01020408163265306,0.01020408163265306,-0.023045740323478822,-0.006893504134768675,0.01020408163265306,-0.10803226824400304,0.16172431350621452,0.01020408163265306,0.01020408163265306,0.01020408163265306,0.01020408163265306,0.01020408163265306,0.01020408163265306,-0.007100650569011614,-0.08628418007855529,-0.012919191030205347,-0.08641136613042531,0.01020408163265306,0.01020408163265306,0.01020408163265306,0.14801052201449225,0.01020408163265306,0.04938894227466708,0.10772645992063698,0.01020408163265306,0.01020408163265306,0.01020408163265306,0.2771879669458408,0.01020408163265306,0.01020408163265306,0.14416936968542107,0.01020408163265306,0.46019170811355026,0.01020408163265306,-0.05778542456720713
2026-03-18,0.01020408163265306,-0.058115721289224195,0.01020408163265306,-0.04066541888039597,-0.01787378439766952,0.06065677238496997,0.02113506885266414,0.01020408163265306,0.1859789329691402,0.1663159974794767,-0.018359138157989972,0.01020408163265306,-0.01758909454143092,-0.04438868843379002,-0.02266699125260825,-0.0333646989150155,0.01020408163265306,0.01020408163265306,0.09578833499222428,0.01020408163265306,0.01020408163265306,0.01298881428581284,-0.10978145407433429,0.01020408163265306,-0.07855619144803146,0.01020408163265306,0.05576042717789159,0.04241251636463569,0.01020408163265306,-0.12302074969910153,0.01020408163265306,0.01020408163265306,0.01020408163265306,0.01020408163265306,-0.2086038900479799,0.01020408163265306,0.01020408163265306,0.01020408163265306,0.01020408163265306,-0.07547488947970456,0.01020408163265306,-0.06109767394764694,-0.0379745852658206,0.01020408163265306,0.01020408163265306,0.01020408163265306,-0.0595523803482754,0.01020408163265306,0.01020408163265306,0.01020408163265306,0.01020408163265306,-0.022289539177149736,0.01020408163265306,-0.010635659093799857,0.01020408163265306,0.01020408163265306,0.021936315132491134,0.01020408163265306,0.01020408163265306,-0.12754943830055857,0.01020408163265306,0.01020408163265306,0.01020408163265306,0.06049412662600828,0.0246754950873328,-0.04921335130663061,-0.011591164214415464,0.01020408163265306,-0.11591984248946359,0.15831706106646057,0.01020408163265306,0.01020408163265306,0.008756215077202789,0.01020408163265306,0.01020408163265306,0.01020408163265306,-0.04138119521911845,-0.09082726772212227,-0.0334970847681986,-0.1029037772496547,0.01020408163265306,0.01020408163265306,0.01020408163265306,0.15746451015458202,0.01020408163265306,0.05656698246394202,0.0985361802074999,0.01020408163265306,0.01020408163265306,0.01020408163265306,0.30274904058246177,0.01020408163265306,0.006748167730362093,0.17608974518902187,0.01020408163265306,0.44302421310717555,0.01020408163265306,-0.06390941047653141
2026-03-19,0.01020408163265306,-0.05301415715563451,0.01020408163265306,-0.038051745405439645,-0.007817854476557458,0.044937473310454376,0.01020408163265306,0.01020408163265306,0.17231452808381148,0.1576932080162067,-0.023458306945976004,0.0072685980932527,-0.01712105578319978,-0.032926699619766624,-0.005136068330257433,-0.013087088139731183,0.01020408163265306,0.01020408163265306,0.03372961996653788,0.01020408163265306,0.01020408163265306,0.01020408163265306,-0.10151970155683793,0.01020408163265306,-0.041608970272527857,0.01020408163265306,0.01020408163265306,0.028263139396980413,0.01020408163265306,-0.09946738951690393,0.01020408163265306,0.01020408163265306,0.01020408163265306,0.01020408163265306,-0.1800024818151828,0.01020408163265306,0.01020408163265306,0.01020408163265306,0.01020408163265306,-0.08464414821349259,0.01020408163265306,-0.04709535879156022,-0.04717622244536012,0.01020408163265306,0.01020408163265306,0.01020408163265306,-0.03833416855986421,0.01020408163265306,0.01020408163265306,0.01020408163265306,0.01020408163265306,-0.02835842133616784,0.01020408163265306,0.01020408163265306,0.01020408163265306,0.01020408163265306,0.01020408163265306,0.01020408163265306,0.01020408163265306,-0.1194074962047728,0.01020408163265306,0.01020408163265306,0.01020408163265306,0.01020408163265306,0.01020408163265306,-0.03569964087099613,-0.022609266258246274,0.01020408163265306,-0.08291103137307368,0.16423846816575505,0.01020408163265306,0.01020408163265306,0.01020408163265306,0.01020408163265306,0.01020408163265306,0.01020408163265306,-0.010881241511453687,-0.07334985055196855,-0.028392394093045357,-0.10669351834580171,0.01020408163265306,0.01020408163265306,0.01020408163265306,0.13465187912273718,0.01020408163265306,0.054248143548616505,0.12365457311233558,0.01020408163265306,0.01020408163265306,0.01020408163265306,0.2779151904190671,0.01020408163265306,0.01020408163265306,0.14282514002310226,0.01020408163265306,0.4617508232259142,0.01020408163265306,-0.06676732323748365
2026-03-20,0.01020408163265306,-0.05818368441716444,0.01020408163265306,-0.040458295595904574,-0.018625747949293496,0.05623258630429383,0.011638574729620594,0.01020408163265306,0.20164495079917627,0.16193599012383675,-0.01779085678678196,0.009153119743352497,-0.018719819497448248,-0.03680459322521442,-0.026086924452518458,-0.03779136822161629,0.01020408163265306,0.01020408163265306,0.08159437595456463,0.01020408163265306,0.01020408163265306,0.018486412191089926,-0.10665912296151164,0.01020408163265306,-0.08465764996596788,0.009107172442572605,0.06505805160258822,0.04537605643340058,0.01020408163265306,-0.12261983154201904,0.013970439213737857,0.01020408163265306,0.01020408163265306,0.01020408163265306,-0.19851959626753513,0.01020408163265306,0.01020408163265306,0.01020408163265306,0.01020408163265306,-0.0797691743176934,0.01020408163265306,-0.05794497338877824,-0.05025822776977105,0.01020408163265306,0.01020408163265306,0.01020408163265306,-0.07134841147404013,0.01020408163265306,0.01020408163265306,0.01020408163265306,0.01020408163265306,-0.023372995447724226,0.01020408163265306,0.009219325257455252,0.01020408163265306,0.01020408163265306,0.030130973695632945,0.01020408163265306,0.01020408163265306,-0.11167819743051496,0.01020408163265306,0.01020408163265306,0.01020408163265306,0.054419467923165536,0.03669476347600271,-0.06584818073289751,-0.019976768614821207,0.01020408163265306,-0.10868889203347236,0.16032729873792567,0.01020408163265306,0.01020408163265306,0.01020408163265306,0.01020408163265306,0.01020408163265306,0.01020408163265306,-0.04453659445123701,-0.0883823844809611,-0.04613565047751814,-0.11286054884472191,0.01020408163265306,0.01020408163265306,0.01020408163265306,0.15845630738582844,0.01020408163265306,0.04913328555084357,0.11479943160836682,0.01020408163265306,0.01020408163265306,0.01020408163265306,0.3011724250029857,0.01020408163265306,0.006585597208344387,0.18160053886770827,0.01020408163265306,0.43927639914196465,0.01020408163265306,-0.06829505304733087
2026-03-23,0.01020408163265306,-0.051802312314869245,0.01020408163265306,-0.0389635850061511,-0.0012976415052876021,0.04454641377474632,0.01020408163265306,0.01020408163265306,0.17291369695585254,0.15613886022879764,-0.025858295441679453,0.005570909975903482,-0.01974886763969204,-0.02419918390687858,-0.002207441676862572,-0.01655314383030998,0.01020408163265306,0.01020408163265306,0.0353593224930985,0.01020408163265306,0.01020408163265306,0.01020408163265306,-0.10982637265014311,0.01020408163265306,-0.050597682654581824,0.01020408163265306,0.01020408163265306,0.025367574558962623,0.01020408163265306,-0.09380934314023866,0.01020408163265306,0.01020408163265306,0.01020408163265306,0.01020408163265306,-0.1762289500030211,0.01020408163265306,0.01020408163265306,0.01020408163265306,0.01020408163265306,-0.08620565239350621,0.01020408163265306,-0.04068391249191256,-0.04658122642036665,0.01020408163265306,0.01020408163265306,0.01020408163265306,-0.03271234077217953,0.01020408163265306,0.01020408163265306,0.01020408163265306,0.01020408163265306,-0.029232118804438732,0.01020408163265306,0.01020408163265306,0.01020408163265306,0.01020408163265306,0.01020408163265306,0.01020408163265306,0.01020408163265306,-0.10804247295275388,0.01020408163265306,0.01020408163265306,0.01020408163265306,0.01020408163265306,0.01020408163265306,-0.049797185347527674,-0.02007721217317438,0.01020408163265306,-0.0803466462858457,0.16749421038362117,0.01020408163265306,0.01020408163265306,0.01020408163265306,0.01020408163265306,0.01020408163265306,0.01020408163265306,-0.009801982947592802,-0.07190193627942175,-0.030347329357666777,-0.12274936081917805,0.01020408163265306,0.01020408163265306,0.01020408163265306,0.10671796975623311,0.01020408163265306,0.0503984453807789,0.11930352734822434,0.01020408163265306,0.01020408163265306,0.01020408163265306,0.29180043993211763,0.01020408163265306,0.01020408163265306,0.1467869315845483,0.01020408163265306,0.4775251114072918,0.01020408163265306,-0.06239203329142702
2026-03-24,0.01020408163265306,-0.05480033977221442,0.01020408163265306,-0.044622532886568624,-0.012802230783937761,0.05789221711455109,0.010509648592100865,0.01020408163265306,0.2013813834324545,0.16002896321125556,-0.02374290772717276,0.007876718660701805,-0.021028484959623055,-0.0280417640152804,-0.021902882286052867,-0.03655749369318555,0.01020408163265306,0.01020408163265306,0.08407092173423249,0.01020408163265306,0.01077864085311995,0.012100754905732989,-0.11138807434824187,0.01020408163265306,-0.08543616021738436,-5.5250503721090624e-05,0.053777314340776254,0.03927388338408257,0.01020408163265306,-0.11234263106965961,0.01020408163265306,0.01020408163265306,0.01020408163265306,0.01020408163265306,-0.194837603374699,0.01020408163265306,0.01020408163265306,0.01020408163265306,0.01020408163265306,-0.08041340539357453,0.01020408163265306,-0.04789115755216063,-0.04791633087681949,0.01020408163265306,0.01020408163265306,0.01020408163265306,-0.06431106884932569,0.01020408163265306,0.01020408163265306,0.01020408163265306,0.01020408163265306,-0.024163740717389116,0.01020408163265306,0.01020408163265306,0.01020408163265306,0.01020408163265306,0.040087336098119625,0.01020408163265306,0.01020408163265306,-0.09726157171025986,0.01020408163265306,0.01020408163265306,0.01020408163265306,0.05479837835047281,0.05389615976722884,-0.08509203020703965,-0.02477147578303992,0.01020408163265306,-0.10662977358555788,0.1631581966238218,0.01020408163265306,0.01020408163265306,0.01008272696871008,0.01020408163265306,0.01020408163265306,0.01020408163265306,-0.0504760074897988,-0.09465651724473813,-0.04482741272760047,-0.12938352586027313,0.01020408163265306,0.01020408163265306,0.01020408163265306,0.12398177082139897,0.01020408163265306,0.0464469073319213,0.11478159075413256,0.01020408163265306,0.01020408163265306,0.01020408163265306,0.311393947163825,0.01020408163265306,0.01020408163265306,0.18863621983634526,0.01020408163265306,0.4539279365411519,0.01020408163265306,-0.06373332448347065
2026-03-25,0.01020408163265306,-0.05177006601749286,0.01020408163265306,-0.03965323877588825,-0.003412465896000548,0.04589315073602366,0.01020408163265306,0.01020408163265306,0.1723649675613792,0.15552227717461978,-0.026274091964569694,0.005362817781029412,-0.020392628227168946,-0.025159577084076706,0.0014363315139298855,-0.018529867112608206,0.01020408163265306,0.01020408163265306,0.030722686327768582,0.01020408163265306,0.01020408163265306,0.01020408163265306,-0.10748124064519415,0.01020408163265306,-0.04793795402927077,0.01020408163265306,0.01020408163265306,0.0240534046367788,0.01020408163265306,-0.08972738062394069,0.01020408163265306,0.01020408163265306,0.01020408163265306,0.01020408163265306,-0.17492194813600243,0.01020408163265306,0.01020408163265306,0.01020408163265306,0.01020408163265306,-0.085691272084172,0.01020408163265306,-0.03782113412397796,-0.04559197982718696,0.01020408163265306,0.01020408163265306,0.01020408163265306,-0.035226301059300316,0.01020408163265306,0.01020408163265306,0.01020408163265306,0.01020408163265306,-0.03059043838912695,0.01020408163265306,0.01020408163265306,0.01020408163265306,0.01020408163265306,0.01020408163265306,0.01020408163265306,0.01020408163265306,-0.10463708834599503,0.01020408163265306,0.01020408163265306,0.01020408163265306,0.01020408163265306,0.01020408163265306,-0.0509212364167144,-0.02320276102247762,0.01020408163265306,-0.07924039416260778,0.1689617876551826,0.01020408163265306,0.01020408163265306,0.01020408163265306,0.01020408163265306,0.01020408163265306,0.01020408163265306,-0.010131100206042585,-0.07723421386676628,-0.03140630497680845,-0.12527874287140242,0.01020408163265306,0.01020408163265306,0.01020408163265306,0.10072341228395344,0.01020408163265306,0.054139163126850604,0.12425871346093981,0.01020408163265306,0.01020408163265306,0.01020408163265306,0.2918738511542709,0.01020408163265306,0.01020408163265306,0.15201762188320567,0.01020408163265306,0.47625102862053925,0.01020408163265306,-0.06338860437821021
2026-03-26,0.01020408163265306,-0.04894251890837577,0.01020408163265306,-0.03623540249938224,-0.004247480738682656,0.044615198031383176,0.01020408163265306,0.01020408163265306,0.17225974911496292,0.15453060411872097,-0.029406781742165287,-0.008865531749999626,-0.01687659210677636,-0.02644443655640058,0.0023486981938100997,-0.008844012811600134,0.01020408163265306,0.01020408163265306,0.020106061497649916,0.01020408163265306,0.01020408163265306,0.01020408163265306,-0.10370291642300566,0.01020408163265306,-0.04188130932530886,0.01020408163265306,0.01020408163265306,0.021144440035727123,0.01020408163265306,-0.06863059445182887,0.01020408163265306,0.01020408163265306,0.01020408163265306,0.01020408163265306,-0.1761427902226128,0.01020408163265306,0.01020408163265306,0.01020408163265306,0.01020408163265306,-0.08923564071956473,0.01020408163265306,-0.039639087713923465,-0.049193674908744704,0.01020408163265306,0.01020408163265306,0.01020408163265306,-0.03343291306050676,0.01020408163265306,0.01020408163265306,0.01020408163265306,0.01020408163265306,-0.034195640789056805,0.01020408163265306,0.01020408163265306,0.01020408163265306,0.01020408163265306,0.01020408163265306,0.01020408163265306,0.01020408163265306,-0.10925594963400899,0.01020408163265306,0.01020408163265306,0.01020408163265306,0.01020408163265306,0.011419595068241646,-0.053304909947493664,-0.030260160092157665,0.01020408163265306,-0.07647581955648279,0.16529489335288017,0.01020408163265306,0.01020408163265306,0.01020408163265306,0.01020408163265306,0.01020408163265306,0.01020408163265306,-0.003196679924059068,-0.08260143913497546,-0.030843050739997387,-0.11789586155001285,0.01020408163265306,0.01020408163265306,0.01020408163265306,0.10264241887480863,0.01020408163265306,0.04906972817100017,0.12215486167435347,0.01020408163265306,0.01020408163265306,0.01020408163265306,0.2968184479953396,0.01020408163265306,0.01020408163265306,0.1524122043621632,0.01020408163265306,0.47814312730579983,0.01020408163265306,-0.0650455671835951
2026-03-27,0.01020408163265306,-0.06268525612203074,0.01020408163265306,-0.03914171002737324,-0.01703054883277976,0.05791562063109621,0.01556200995278707,0.0127713183632522,0.1945679539371835,0.16155409508932309,-0.0258966662413226,-0.0014348563819267489,-0.01576717616903564,-0.03417863889719744,-0.019495064890697036,-0.02148743111779044,0.01020408163265306,0.01020408163265306,0.07347248607997066,0.01020408163265306,0.01020408163265306,0.0165058843242179,-0.10452415037901465,0.01020408163265306,-0.06919842601045936,-0.0017058071119095183,0.042194272554192544,0.0423692793181246,0.01020408163265306,-0.08723568621885346,0.013706793187140107,0.01020408163265306,0.01020408163265306,0.01020408163265306,-0.19641646779035704,0.01020408163265306,0.01020408163265306,0.01020408163265306,0.01020408163265306,-0.08383159386051091,0.01020408163265306,-0.05579381819104526,-0.05451607115106777,0.01020408163265306,0.01020408163265306,0.01020408163265306,-0.06476599764014462,0.01020408163265306,0.01020408163265306,0.01020408163265306,0.01020408163265306,-0.02955642167981013,0.01020408163265306,0.009123761162765628,0.01020408163265306,0.01020408163265306,0.03272558035442784,0.01020408163265306,0.01020408163265306,-0.09558504280061171,0.01020408163265306,0.01020408163265306,0.01020408163265306,0.038339530264849986,0.07179110608204584,-0.07230751947091635,-0.03830051970637216,0.01020408163265306,-0.103288012931431,0.1578069252295114,0.01020408163265306,0.01020408163265306,0.01020408163265306,0.01020408163265306,0.01020408163265306,0.01020408163265306,-0.04762556991465599,-0.11076290321584761,-0.0463841532677997,-0.11750835618738768,0.01020408163265306,0.01020408163265306,0.01020408163265306,0.11615005632122839,0.01020408163265306,0.05121032023719321,0.1261307290393682,0.01020408163265306,0.01020408163265306,0.01020408163265306,0.32001819435254375,0.01020408163265306,0.01020408163265306,0.18926702461748812,0.01020408163265306,0.4463326083721283,0.01020408163265306,-0.07309168326249006
2026-03-30,0.01020408163265306,-0.07702343113684436,0.01020408163265306,-0.035966841834937535,-0.031205691950607226,0.06924472296509845,0.017062758980588403,0.019400573386125664,0.21378164709258068,0.16544473878160068,-0.025025762414717954,-0.004224554427013494,-0.01885246056858946,-0.03944158273573394,-0.039976680018454565,-0.035052917740434474,0.01020408163265306,-0.005667553066994456,0.11358243167131311,0.01020408163265306,0.013448834582607459,0.042667144933999895,-0.10902856878762524,0.01020408163265306,-0.09309298815577906,-0.01609932255241718,0.0854000964624256,0.04913328927761946,0.01020408163265306,-0.09792185570494144,0.027090089968426385,0.01020408163265306,0.01020408163265306,0.01020408163265306,-0.19590671866566678,0.01020408163265306,0.01020408163265306,0.01020408163265306,0.01020408163265306,-0.07702515472515148,0.01020408163265306,-0.06573554332515742,-0.06031566317304564,0.01020408163265306,0.003483441097326195,0.01020408163265306,-0.08514004973154293,0.01020408163265306,0.01020408163265306,0.01020408163265306,0.0012740349962685853,-0.022478530825686585,-0.004289577781697716,-0.018768245755636855,0.01020408163265306,0.01020408163265306,0.06724259875486474,0.01020408163265306,0.01020408163265306,-0.09134798226512446,0.01020408163265306,0.01020408163265306,0.01020408163265306,0.09592600287846191,0.1231961176197582,-0.09224651866792988,-0.0286882262055905,0.01020408163265306,-0.12336549491062908,0.15300624326924261,0.01020408163265306,0.01020408163265306,-0.005254012865230875,0.01020408163265306,0.01020408163265306,0.01020408163265306,-0.0854135312237095,-0.1369331037108677,-0.05044936702900944,-0.11568278729335978,0.01020408163265306,0.01020408163265306,0.01020408163265306,0.12410605309171745,0.01020408163265306,0.05460974994159669,0.1255404998001314,0.01020408163265306,0.00929970684565538,0.01020408163265306,0.3399407675081932,0.01020408163265306,-0.013383410106812,0.22055757888061495,0.01020408163265306,0.42341231298042004,0.01123818616113554,-0.07624875787695615
2026-03-31,0.01020408163265306,-0.056650921268857346,0.01020408163265306,-0.034322864167863724,-0.0066841394924660995,0.047726304711454046,0.01020408163265306,0.01020408163265306,0.1560009568110647,0.15745432659664435,-0.03022431905706184,-0.004516940395624879,-0.015636010488584207,-0.02330494462415815,0.004044476337846096,-0.006872580262169055,0.01020408163265306,0.01020408163265306,0.019426436669152898,0.01020408163265306,0.01020408163265306,0.01020408163265306,-0.09949858025019974,0.01020408163265306,-0.043315177778707165,0.01020408163265306,0.01020408163265306,0.024472229259407723,0.01020408163265306,-0.05582451510683231,0.01020408163265306,0.01020408163265306,0.01020408163265306,0.01020408163265306,-0.17099558581121224,0.01020408163265306,0.01020408163265306,0.01020408163265306,0.01020408163265306,-0.08753008032295485,0.01020408163265306,-0.037339667311661065,-0.05638617988269955,0.01020408163265306,0.01020408163265306,0.01020408163265306,-0.032306240026813086,0.01020408163265306,0.01020408163265306,0.01020408163265306,0.01020408163265306,-0.03821257716604025,0.01020408163265306,0.01020408163265306,0.01020408163265306,0.01020408163265306,0.022938355081050976,0.01020408163265306,0.01020408163265306,-0.09005684179060437,0.01020408163265306,0.01020408163265306,0.01020408163265306,0.01020408163265306,0.02544093574014534,-0.05040133195593544,-0.058166499201756636,0.01020408163265306,-0.08702176801795745,0.17095492828281902,0.01020408163265306,0.01020408163265306,0.01020408163265306,0.01020408163265306,0.01020408163265306,0.01020408163265306,-0.020776433833460582,-0.10518455665873094,-0.031638596822814266,-0.11200958198650358,0.01020408163265306,0.01020408163265306,0.01020408163265306,0.10703739404396642,0.01020408163265306,0.062474577319510026,0.1323258322188546,0.01020408163265306,0.01020408163265306,0.01020408163265306,0.28847437485911565,0.01020408163265306,0.01020408163265306,0.15025489528887462,0.01020408163265306,0.47467775010572766,0.01020408163265306,-0.07045949270518971
2026-04-01,0.01020408163265306,-0.06478278346902482,0.01020408163265306,-0.03640917702411001,-0.029538310704375098,0.06696704125849218,0.015947533516215844,0.029622484794016676,0.19312067398690427,0.17227373748289268,-0.020667509203524344,-0.012543541587641352,-0.026504442755981163,-0.04223169364092238,-0.036021805005930906,-0.025984487039997596,0.01020408163265306,0.01020408163265306,0.11723694475606705,0.01020408163265306,0.01020408163265306,0.049094877449341254,-0.10090119591236625,0.01020408163265306,-0.10981321014440497,-0.0016079720596640854,0.11447150219089028,0.03355574489522562,0.01020408163265306,-0.09062935262136745,0.01020408163265306,0.01020408163265306,0.01020408163265306,0.01020408163265306,-0.2044036906957149,0.01020408163265306,0.01020408163265306,0.01020408163265306,0.0021606019472921022,-0.08050530257424308,0.01020408163265306,-0.04833597698311861,-0.06919055215335024,0.01020408163265306,0.01020408163265306,0.01020408163265306,-0.08090752132266937,0.01020408163265306,0.01020408163265306,0.01020408163265306,0.008881221504533755,-0.031246617896928806,-0.006267797795225556,-0.04152411182242029,0.01020408163265306,0.01020408163265306,0.12775999978675812,0.01020408163265306,0.01020408163265306,-0.06412880176871613,0.01020408163265306,0.01020408163265306,0.01020408163265306,0.09041979101578776,0.10773073431809117,-0.11665201990896994,-0.07347564266904534,0.01020408163265306,-0.1384520488797495,0.16937683930126823,0.01020408163265306,0.01020408163265306,0.00805099416390512,0.01020408163265306,0.01020408163265306,0.01020408163265306,-0.09832913336036755,-0.1247296498592148,-0.04690432216652216,-0.1210354445106281,0.01020408163265306,0.01020408163265306,0.01020408163265306,0.1457226654751075,0.01020408163265306,0.05586959201391047,0.09877648856254291,0.01020408163265306,0.01020408163265306,0.01020408163265306,0.3356589116536186,0.01020408163265306,-0.014903880589074681,0.20456036936898758,0.01020408163265306,0.4308191737721455,0.013331140905749404,-0.08176065983120921
2026-04-02,0.01020408163265306,-0.054536736164489494,0.01020408163265306,-0.018405602337605013,-0.0044853620404766235,0.04884526254708483,0.01020408163265306,0.01020408163265306,0.146816905522067,0.1565310994026233,-0.03297567519035539,-0.013618514347167996,-0.024768473566931355,-0.027546173769637188,0.003988692422654365,0.006672718534557236,0.01020408163265306,0.01020408163265306,0.03713733130792693,0.01020408163265306,0.01020408163265306,0.01020408163265306,-0.10795686450416513,0.01020408163265306,-0.044439004959755765,0.01020408163265306,0.011530802161064696,0.018586131020648704,0.01020408163265306,-0.057854991019586785,0.01020408163265306,0.01020408163265306,0.01020408163265306,0.01020408163265306,-0.18160915776176437,0.01020408163265306,0.01020408163265306,0.01020408163265306,0.01020408163265306,-0.09620571479974316,0.01020408163265306,-0.010339056229854595,-0.05895441047477511,0.01020408163265306,0.01020408163265306,0.01020408163265306,-0.03427489338414939,0.01020408163265306,0.01020408163265306,0.01020408163265306,0.01020408163265306,-0.045655654236384,0.01020408163265306,0.01020408163265306,0.01020408163265306,0.01020408163265306,0.04174619966975592,0.01020408163265306,0.01020408163265306,-0.07796213469781682,0.01020408163265306,0.01020408163265306,0.01020408163265306,0.01020408163265306,0.010656274880486432,-0.05942596011246469,-0.0626919417700162,0.01020408163265306,-0.08092912474601255,0.18391226575826458,0.01020408163265306,0.01020408163265306,0.01020408163265306,0.01020408163265306,0.01020408163265306,0.01020408163265306,-0.023580523635457068,-0.08282828606094307,-0.03652022192687466,-0.11733994646578454,0.01020408163265306,0.01020408163265306,0.01020408163265306,0.10640243473501693,0.01020408163265306,0.0648862774790601,0.12189631735359735,0.01020408163265306,0.01020408163265306,0.01020408163265306,0.2942774274272159,0.01020408163265306,0.01020408163265306,0.12935907585505613,0.01020408163265306,0.47807985215323745,0.01020408163265306,-0.07784921545667851
2026-04-06,0.01020408163265306,-0.052103815556819096,0.01020408163265306,-0.000908584762705885,0.01020408163265306,0.03500030688203781,0.01020408163265306,0.01020408163265306,0.10515651274842487,0.15016951402543544,-0.038584669520558,-0.012507815307071195,-0.019933494061782832,-0.020598646560492435,0.01020408163265306,0.01020408163265306,0.01020408163265306,0.01020408163265306,0.01020408163265306,0.01020408163265306,0.01020408163265306,0.01020408163265306,-0.104345948770252,0.01020408163265306,-0.030781582813513772,0.01020408163265306,0.01020408163265306,0.01020408163265306,0.01020408163265306,-0.04979202451775469,0.01020408163265306,0.01020408163265306,0.01020408163265306,0.01020408163265306,-0.17830187149399473,0.01020408163265306,0.01020408163265306,0.01020408163265306,0.01020408163265306,-0.1016763094280973,0.01020408163265306,0.001478121877442503,-0.06477276091889668,0.01020408163265306,0.01020408163265306,0.01020408163265306,-0.007359421474191696,0.01020408163265306,0.01020408163265306,0.01020408163265306,0.01020408163265306,-0.0431556667876664,0.01020408163265306,0.01020408163265306,0.01020408163265306,0.01020408163265306,0.01020408163265306,0.01020408163265306,0.01020408163265306,-0.10911528974989025,0.01020408163265306,0.01020408163265306,0.01020408163265306,0.01020408163265306,0.01020408163265306,-0.037835903110345355,-0.04774357151071209,0.01020408163265306,-0.04333286222761069,0.1818153807943623,0.01020408163265306,0.01020408163265306,0.01020408163265306,0.01020408163265306,0.01020408163265306,0.01020408163265306,0.006500812458566346,-0.04644170589065215,-0.009383990776187736,-0.11188172867424273,0.01020408163265306,0.01020408163265306,0.01020408163265306,0.07332404440174047,0.01020408163265306,0.062383715528913204,0.12178519433150047,0.01020408163265306,0.01020408163265306,0.01020408163265306,0.24382418274931306,0.01020408163265306,0.01020408163265306,0.09205583546669682,0.01020408163265306,0.4850651872011412,0.01020408163265306,-0.08106236904193277
2026-04-07,0.01020408163265306,-0.06832951818653682,0.01020408163265306,-0.015770557253771002,-0.02728924359060459,0.06963624973976827,0.014269544399064797,0.031150494775285573,0.1568403911654426,0.17964093062544806,-0.022809981979560863,-0.01172279168322851,-0.028557931401480947,-0.04420497174270034,-0.04320891848909218,-0.021402285141043927,0.01020408163265306,0.01020408163265306,0.11820506083118695,0.01020408163265306,0.01020408163265306,0.05082536655223556,-0.1077862127619702,0.01020408163265306,-0.0962893856416173,-0.004384843104740733,0.11673635614536446,0.03645441421610695,0.01020408163265306,-0.09141528783390947,0.01020408163265306,0.01020408163265306,0.01020408163265306,0.01020408163265306,-0.21695172973505386,0.01020408163265306,0.01020408163265306,0.01020408163265306,0.004530653077076215,-0.08710485159461957,0.01020408163265306,-0.042097091282442135,-0.06398131328831956,0.01020408163265306,0.01020408163265306,0.01020408163265306,-0.0795368265773541,0.01020408163265306,0.01020408163265306,0.01020408163265306,0.01020408163265306,-0.026837194795939462,-0.014266499274639561,-0.04804397855557342,0.01020408163265306,0.01020408163265306,0.15379929751178037,0.01020408163265306,0.01020408163265306,-0.05525736956499423,0.01020408163265306,0.01020408163265306,0.01020408163265306,0.07745183274853967,0.11913534146361623,-0.1191393542943285,-0.05867402870820246,0.008841576328902222,-0.13295875638623486,0.1685158281551984,0.01020408163265306,0.01020408163265306,-0.004246790228288085,0.01020408163265306,0.01020408163265306,0.01020408163265306,-0.10795484068288645,-0.11877849299747618,-0.0449404624478098,-0.1320437989915852,0.01020408163265306,0.01020408163265306,0.01020408163265306,0.15581085939545694,0.01020408163265306,0.05822624740163536,0.1018386204799678,0.01020408163265306,0.002975632549773179,0.01020408163265306,0.3445513446907555,0.01020408163265306,-0.027221866439950303,0.18888579527016452,0.01020408163265306,0.4385192020285618,0.011708732514753436,-0.08411810761421196
2026-04-08,0.01020408163265306,-0.06267504973783429,0.01020408163265306,-0.019631169234888925,-0.0155445290294097,0.0625636937894436,0.01020408163265306,0.024688117437253257,0.1579695210929517,0.16966523756760266,-0.030778613685508126,-0.0089959161703485,-0.02652839312272231,-0.03535662264708398,-0.024431430790778294,-0.0034896978760000363,0.01020408163265306,0.01020408163265306,0.10016091766306569,0.01020408163265306,0.01020408163265306,0.012361041104325867,-0.11587166075418188,0.01020408163265306,-0.07095806793604913,0.01020408163265306,0.061929774403068585,0.017716649612657207,0.01020408163265306,-0.08261791060187262,0.01020408163265306,0.01020408163265306,0.01020408163265306,0.01020408163265306,-0.2133460126224398,0.01020408163265306,0.01020408163265306,0.01020408163265306,-0.0030837270977486803,-0.08220589434815967,0.01020408163265306,-0.016473552297354317,-0.05053036010398062,0.01020408163265306,0.01020408163265306,0.01020408163265306,-0.05544650681235433,0.01020408163265306,0.01020408163265306,0.01020408163265306,0.01020408163265306,-0.038511649550912075,0.01020408163265306,-0.02223160359851188,0.01020408163265306,0.01020408163265306,0.1271319564386488,0.01020408163265306,0.01020408163265306,-0.04774296544837433,0.01020408163265306,0.01020408163265306,0.01020408163265306,0.01246138335137393,0.0627999453257664,-0.0629346493742921,-0.061567530142941765,0.01020408163265306,-0.11369513036436461,0.1756074084354233,0.01020408163265306,0.01020408163265306,0.01020408163265306,0.01020408163265306,0.01020408163265306,0.01020408163265306,-0.09087121577647374,-0.08681262703829687,-0.054416574393555656,-0.12761743325047922,0.01020408163265306,0.01020408163265306,0.01020408163265306,0.12922579293444314,0.01020408163265306,0.052465008416281156,0.09163103272919641,0.01020408163265306,0.01020408163265306,0.01020408163265306,0.2999476147917883,0.01020408163265306,0.01020408163265306,0.16252956128151483,0.01020408163265306,0.462465791912273,0.01020408163265306,-0.07936211774546627
2026-04-09,0.01020408163265306,-0.016761982116657997,0.01020408163265306,-0.06884556811364036,0.01020408163265306,0.032378223377750905,0.01020408163265306,0.01020408163265306,0.1401787878637816,0.13952002922399817,-0.025788815990272607,-0.005724216700249725,-0.004188092450951246,-0.0061360157906085715,-0.06248335059113265,-0.053951071011114224,0.01020408163265306,0.01020408163265306,0.01020408163265306,0.01020408163265306,0.01020408163265306,0.01020408163265306,-0.09141510978434235,0.01020408163265306,-0.010186099391168458,-0.010527347645358847,0.01020408163265306,0.01020408163265306,0.01020408163265306,-0.03167645400590026,0.01020408163265306,0.01020408163265306,0.01020408163265306,0.01020408163265306,-0.11899571479666242,0.01020408163265306,0.01020408163265306,0.01020408163265306,0.01020408163265306,-0.12102169757323049,0.01020408163265306,0.01020408163265306,-0.07477613498366936,0.01020408163265306,0.01020408163265306,0.01020408163265306,0.002601587561053763,0.01020408163265306,0.01020408163265306,0.01020408163265306,0.01020408163265306,-0.08191549126878153,0.01020408163265306,-0.00026072789883269977,0.01020408163265306,0.01020408163265306,0.01020408163265306,0.01020408163265306,0.01020408163265306,-0.011969208320973564,0.01020408163265306,0.01020408163265306,0.01020408163265306,0.01020408163265306,0.01020408163265306,-0.050875067628594076,-0.1637275772109472,0.01020408163265306,-0.012905518801768592,0.10923532304756818,0.01020408163265306,0.01020408163265306,0.01020408163265306,0.01020408163265306,0.07170880687139083,0.01020408163265306,-0.15212546340289218,-0.12706710381855194,-0.003089826831088386,-0.04810520827128083,0.01020408163265306,0.03036016406967615,0.01020408163265306,0.10280054738882412,0.01020408163265306,0.06406221696941429,0.09141992790264418,0.11355895029462343,0.01020408163265306,0.09045536256914719,0.1411456986518805,0.01020408163265306,0.01020408163265306,0.20515602116199655,0.01020408163265306,0.5219562078127165,0.01020408163265306,-0.08365164342902022
2026-04-10,0.01020408163265306,-0.01497809719066825,0.01020408163265306,-0.06480086596030933,0.01020408163265306,0.01020408163265306,0.01020408163265306,0.01020408163265306,0.14769290637594057,0.1464568224960998,-0.02465014601137417,-0.0012594121799417816,-0.004615719681639272,-0.0027040425547049315,-0.059036559808540764,-0.05904699768861739,0.01020408163265306,0.01020408163265306,0.01020408163265306,0.01020408163265306,0.01020408163265306,0.01020408163265306,-0.09878594039292797,0.01020408163265306,-0.007223609780964332,-0.007685845125885641,0.01020408163265306,0.01020408163265306,0.01020408163265306,-0.03355583309837925,0.01020408163265306,0.01020408163265306,0.01020408163265306,0.01020408163265306,-0.11801737422545204,0.01020408163265306,0.01020408163265306,0.01020408163265306,0.01020408163265306,-0.11941975793844735,0.01020408163265306,0.01020408163265306,-0.07557226457376856,0.01020408163265306,0.01020408163265306,0.01020408163265306,0.007756295424147784,0.01020408163265306,0.01020408163265306,0.01020408163265306,0.01020408163265306,-0.08356762226962956,0.01020408163265306,0.008597466280596922,0.01020408163265306,0.01020408163265306,0.01020408163265306,0.01020408163265306,0.01020408163265306,-0.009748172761523741,0.01020408163265306,0.01020408163265306,0.01020408163265306,0.01020408163265306,0.01020408163265306,-0.055102168735844934,-0.1600062255394062,0.01020408163265306,-0.024318061091413982,0.10918075890421626,0.01020408163265306,0.01020408163265306,0.01020408163265306,0.01020408163265306,0.07667409428070017,0.01020408163265306,-0.15029870784567456,-0.11979536258582944,-0.007676881644583593,-0.05367723674155854,0.01020408163265306,0.020777981590257996,0.01020408163265306,0.09539148230683368,0.01020408163265306,0.060170527665173584,0.11160925292399564,0.1182602120820695,0.01020408163265306,0.09513240716065,0.13018048503526125,0.01020408163265306,0.01020408163265306,0.20834382334972817,0.01020408163265306,0.513664973328632,0.01020408163265306,-0.0861833184710953
2026-04-13,0.01020408163265306,-0.017212095284199938,0.01020408163265306,-0.05989229258500965,0.01020408163265306,0.01020408163265306,0.01020408163265306,0.01020408163265306,0.1439696879198875,0.14771380743338464,-0.02675986204195157,-0.00283125932535694,-0.0008512446741158614,-0.0068759592599399125,-0.061397770736102794,-0.06086247369760393,0.01020408163265306,0.01020408163265306,0.01020408163265306,0.01020408163265306,0.01020408163265306,0.01020408163265306,-0.09303492468097502,0.01020408163265306,-0.015871966390833284,-0.004285370114566608,0.01020408163265306,0.01020408163265306,0.01020408163265306,-0.03619393465383489,0.01020408163265306,0.01020408163265306,0.01020408163265306,0.01020408163265306,-0.11618663065359087,0.01020408163265306,0.01020408163265306,0.01020408163265306,0.01020408163265306,-0.11659216284281666,0.01020408163265306,0.01020408163265306,-0.07246744249668237,0.01020408163265306,0.01020408163265306,0.01020408163265306,0.01020408163265306,0.01020408163265306,0.01020408163265306,0.01020408163265306,0.01020408163265306,-0.07990627784140454,0.01020408163265306,-0.0005652194868309215,0.01020408163265306,0.01020408163265306,0.01020408163265306,0.01020408163265306,0.01020408163265306,-0.012289436208737353,0.01020408163265306,0.01020408163265306,0.01020408163265306,0.01020408163265306,0.01020408163265306,-0.04800636981975561,-0.16069102695997015,0.01020408163265306,-0.025989715691059304,0.11308746860070897,0.01020408163265306,0.01020408163265306,0.01020408163265306,0.01020408163265306,0.07144959535623252,0.01020408163265306,-0.14295046880378431,-0.12233424699979316,-0.00746528466384702,-0.053819863269338214,0.01020408163265306,0.03257806406868909,0.01020408163265306,0.09854197066123806,0.01020408163265306,0.049106701559517796,0.1192738294282055,0.11927014181236452,0.01020408163265306,0.07685022490748819,0.1439381804178108,0.01020408163265306,0.01020408163265306,0.20788286894029237,0.01020408163265306,0.5127413169912061,0.01020408163265306,-0.09311137524145587
2026-04-14,0.01020408163265306,-0.011196262850747618,0.01020408163265306,-0.06559170770747817,-0.0058777198001063406,0.01020408163265306,0.01020408163265306,0.01020408163265306,0.11235761244755607,0.08722576757797282,-0.026117644430784993,-0.020843292490440285,0.01020408163265306,0.00968527241142166,-0.09488999783504745,-0.0353237577576329,0.01020408163265306,-0.023539658673678673,0.01020408163265306,0.01020408163265306,-0.013661134197881218,0.01020408163265306,-0.03869345406191014,0.01020408163265306,-0.01595769899845363,-0.023780345347550573,0.01020408163265306,0.01020408163265306,0.01020408163265306,-0.015929093996651926,0.01020408163265306,0.01020408163265306,0.01020408163265306,0.01020408163265306,-0.05132020934803319,0.007661094420217727,0.01020408163265306,0.01020408163265306,-0.0780588218111873,-0.052503407596474524,0.01020408163265306,0.01020408163265306,-0.04883924368295139,0.01020408163265306,0.01020408163265306,0.01020408163265306,0.01020408163265306,0.01020408163265306,0.01020408163265306,0.01020408163265306,0.01020408163265306,-0.024765900947672663,0.01020408163265306,0.0006204151208240825,0.01020408163265306,0.01020408163265306,0.01020408163265306,0.01020408163265306,-0.022958056469176077,-0.030969506147921204,0.01020408163265306,0.01020408163265306,0.01020408163265306,0.01020408163265306,0.01020408163265306,0.01020408163265306,-0.16275650118728902,0.01020408163265306,0.01020408163265306,0.09584449269420268,0.01020408163265306,0.01020408163265306,0.01020408163265306,0.01020408163265306,0.01020408163265306,0.01020408163265306,-0.1221624228942645,0.01020408163265306,-0.007570858884158418,-0.0058635180582855845,0.01020408163265306,0.01020408163265306,0.01020408163265306,0.01020408163265306,0.01020408163265306,0.06996287489384484,0.04484908482139478,0.01020408163265306,0.01020408163265306,0.13764688236622513,0.15803453240389256,0.01020408163265306,0.01020408163265306,0.21113500299834526,0.01020408163265306,0.5276861300307998,0.01020408163265306,-0.08598792660275635
2026-04-15,0.01020408163265306,-0.006523761850997059,0.01020408163265306,-0.06479863756236379,-0.008203193828031483,0.01020408163265306,0.01020408163265306,0.01020408163265306,0.09132128684155663,0.0785017739148481,-0.02419119366524334,-0.022432000404276543,0.01020408163265306,0.008448700561663133,-0.0926209297603497,-0.029893487921286578,0.01020408163265306,-0.04512289608451647,0.01020408163265306,0.01020408163265306,-0.01908337316464776,0.01020408163265306,-0.022772554768943375,0.01020408163265306,0.004656565249517168,-0.02947435419016227,0.01020408163265306,0.01020408163265306,0.01020408163265306,-0.013810287941258924,0.01020408163265306,0.01020408163265306,0.01020408163265306,0.01020408163265306,-0.03302365379466601,-0.009872421343512997,0.01020408163265306,0.01020408163265306,-0.06886993678950176,-0.0440967473313501,0.01020408163265306,0.01020408163265306,-0.05975620129756226,0.01020408163265306,0.01020408163265306,0.01020408163265306,0.0036455580055015993,0.01020408163265306,0.01020408163265306,0.01020408163265306,0.01020408163265306,-0.034193849778673666,0.01020408163265306,-0.007160315914402813,0.01020408163265306,0.01020408163265306,0.01020408163265306,0.01020408163265306,-0.019209644949141347,0.0003467187612644796,0.01020408163265306,0.01020408163265306,0.01020408163265306,0.01020408163265306,0.01020408163265306,0.01020408163265306,-0.1546864004368316,0.01020408163265306,0.01020408163265306,0.0908099249386237,0.01020408163265306,0.01020408163265306,0.0078119365202743585,0.01020408163265306,0.01020408163265306,0.01020408163265306,-0.11914464770842538,0.01020408163265306,0.004694219804227891,0.01020408163265306,0.01020408163265306,0.01020408163265306,0.01020408163265306,0.01020408163265306,0.01020408163265306,0.064363366003687,0.020368514850919575,0.01020408163265306,0.01020408163265306,0.1460563509433525,0.168626299388035,0.01020408163265306,0.01020408163265306,0.2291415026647625,0.01020408163265306,0.4972720960751678,0.01020408163265306,-0.09936922199643984
2026-04-16,0.01020408163265306,0.008503660950538007,0.01020408163265306,-0.06741189771263066,-0.004815412240439401,0.01020408163265306,0.01020408163265306,0.01020408163265306,0.0451344472914668,0.08133854822847132,-0.02823147111221226,-0.022557230599632744,0.01020408163265306,0.01020408163265306,-0.048743313793466414,-0.04739853994764421,0.01020408163265306,-0.03869951615407088,0.01020408163265306,0.01020408163265306,-0.025975667299122776,0.01020408163265306,0.0037517546422647895,0.01020408163265306,-0.0025612771038670944,-0.0229550095418119,0.01020408163265306,0.01020408163265306,0.01020408163265306,-0.017488360738581704,0.01020408163265306,0.01020408163265306,0.01020408163265306,0.01020408163265306,-0.019594860528124168,-0.0394208161660238,0.01020408163265306,0.01020408163265306,-0.09755638697226093,-0.049278732805746114,0.01020408163265306,0.01020408163265306,-0.0606263828538187,0.01020408163265306,0.01020408163265306,0.01020408163265306,0.01020408163265306,0.01020408163265306,0.01020408163265306,0.01020408163265306,0.01020408163265306,-0.026370863527174777,0.01020408163265306,0.006772631293954492,0.0013902254588003208,0.01020408163265306,0.01020408163265306,0.01020408163265306,-0.0030054473393940455,0.01020408163265306,0.01020408163265306,0.01020408163265306,0.01020408163265306,0.01020408163265306,0.02030644876660593,0.01020408163265306,-0.14339345294831024,-0.005529364127902553,0.01020408163265306,0.07821975536694291,0.01020408163265306,0.01020408163265306,0.003419379922469994,0.01020408163265306,0.01020408163265306,0.01020408163265306,-0.11874569071818449,0.01020408163265306,-0.0016424780753457567,0.01020408163265306,0.01020408163265306,0.01020408163265306,0.01020408163265306,0.01020408163265306,0.01020408163265306,0.043938221566401967,0.042647898643967064,0.01020408163265306,0.01020408163265306,0.1310043675742849,0.15997194555243666,0.01020408163265306,0.01020408163265306,0.220352298791841,0.01020408163265306,0.5384173363878199,0.01020408163265306,-0.10541164609168398
2026-04-17,0.01020408163265306,0.01020408163265306,0.01020408163265306,-0.05519885323944092,-0.013898756375060614,0.01020408163265306,0.01020408163265306,0.01020408163265306,0.05234173236838262,0.08062363552652037,-0.033854198442418236,-0.021293719131544042,0.01020408163265306,0.01020408163265306,-0.0544581405398573,-0.04277948341473166,0.01020408163265306,-0.03073350159184144,0.01020408163265306,0.01020408163265306,-0.0341229818320435,0.01020408163265306,-0.00012228424224698838,0.01020408163265306,-0.016455396073174727,-0.022745548596796172,0.01020408163265306,0.01020408163265306,0.01020408163265306,-0.015726141051824655,0.008942684278606155,0.01020408163265306,0.01020408163265306,0.01020408163265306,-0.011369301596193046,-0.03641308476869394,0.01020408163265306,0.01020408163265306,-0.0928320096202837,-0.05155104921405359,0.01020408163265306,0.01020408163265306,-0.05342577056239145,0.01020408163265306,0.01020408163265306,0.01020408163265306,0.01020408163265306,0.01020408163265306,0.01020408163265306,0.01020408163265306,0.01020408163265306,-0.023684273412466837,0.01020408163265306,0.000690503997559903,-0.0016797120609492767,0.01020408163265306,0.01020408163265306,0.01020408163265306,0.01020408163265306,0.01020408163265306,0.01020408163265306,0.01020408163265306,0.01020408163265306,0.01020408163265306,0.022336770965227827,0.01020408163265306,-0.14623815426030518,-0.03076395308991474,0.01020408163265306,0.07497284999844997,0.01020408163265306,0.01020408163265306,0.009882339143921313,0.01020408163265306,0.01020408163265306,0.01020408163265306,-0.1198977068315941,0.01020408163265306,-0.011146632813877065,0.01020408163265306,0.01020408163265306,0.01020408163265306,0.01020408163265306,0.01020408163265306,0.01020408163265306,0.039388715077602755,0.06070733771158429,0.01020408163265306,0.01020408163265306,0.1437151295333146,0.16042809355188825,0.01020408163265306,0.01020408163265306,0.22063999435202583,0.01020408163265306,0.517120023999057,0.01020408163265306,-0.09384813733427456
2026-04-20,0.01020408163265306,0.01020408163265306,0.01020408163265306,-0.057012685605062646,-0.015031207077766088,0.01020408163265306,0.012896929080692905,0.01020408163265306,0.05325410913954543,0.08025780323449251,-0.03201399629733255,-0.022398834334495146,0.01020408163265306,0.01020408163265306,-0.05723017716704172,-0.04477203969307428,0.01020408163265306,-0.02830627959739035,0.01020408163265306,0.01020408163265306,-0.03424171678436281,0.01020408163265306,-0.0007759066682970963,0.01020408163265306,-0.015429822923319176,-0.021640176215671145,0.01020408163265306,0.01020408163265306,0.00297956462069848,-0.014474083223710075,0.009678692752073592,0.01020408163265306,0.01020408163265306,0.01020408163265306,-0.007689737776178816,-0.030354621347883956,0.01020408163265306,0.01020408163265306,-0.0966467143988397,-0.050114436733736514,0.01020408163265306,0.01020408163265306,-0.055286326254465445,0.01020408163265306,0.01020408163265306,0.01020408163265306,0.01020408163265306,0.01020408163265306,0.01020408163265306,0.01020408163265306,0.01020408163265306,-0.024487898595166535,0.01020408163265306,0.0014616036232956708,0.0029662090175532037,0.01020408163265306,0.01020408163265306,0.01020408163265306,0.00815832296495591,0.01020408163265306,0.01020408163265306,0.01020408163265306,0.01020408163265306,0.01020408163265306,0.022516182243472897,0.01020408163265306,-0.1531646068012753,-0.027995258964276327,0.01020408163265306,0.07391548368711327,0.01020408163265306,0.01020408163265306,0.01020408163265306,0.01020408163265306,0.01020408163265306,0.01020408163265306,-0.11719615100840004,0.01020408163265306,-0.013080347382230259,0.01020408163265306,0.01020408163265306,0.01020408163265306,0.01020408163265306,0.01020408163265306,0.01020408163265306,0.04445672190852243,0.05847000996002506,0.01020408163265306,0.01020408163265306,0.1333126114444875,0.16589234015026735,0.01020408163265306,0.01020408163265306,0.22327920755374592,0.01020408163265306,0.5194804519683307,0.01020408163265306,-0.0956740348258276
2026-04-21,0.01020408163265306,0.01020408163265306,0.01020408163265306,-0.053839110766123716,-0.012911060364737393,0.01020408163265306,0.010538316585495632,0.01020408163265306,0.049400982528799826,0.08126589316057319,-0.03484772720323678,-0.02264194404631789,0.009814450304199427,0.01020408163265306,-0.05751017903535924,-0.04760929236599879,0.01020408163265306,-0.012011716438795778,0.01020408163265306,0.01020408163265306,-0.03916119565866522,0.01020408163265306,-0.0029578959485482993,0.01020408163265306,-0.007239536925512878,-0.017922132732273124,0.01020408163265306,0.01020408163265306,-0.047263403074475754,-0.015116808973621774,0.01020408163265306,0.01020408163265306,0.01020408163265306,0.01020408163265306,-0.007058615764426271,-0.025137161427736768,0.01020408163265306,0.01020408163265306,-0.0862119892165978,-0.047707875800707865,0.01020408163265306,0.01020408163265306,-0.0535048350971989,0.01020408163265306,0.01020408163265306,0.01020408163265306,0.01020408163265306,0.01020408163265306,0.01020408163265306,0.01020408163265306,0.01020408163265306,-0.01865364596303041,0.01020408163265306,0.0017357054429811888,0.0006284254067301844,0.01020408163265306,0.01020408163265306,0.01020408163265306,0.005978312750408503,0.01020408163265306,0.01020408163265306,0.01020408163265306,0.01020408163265306,0.01020408163265306,0.01072846574021058,0.01020408163265306,-0.15083963605175693,-0.022239215216249622,0.01020408163265306,0.07802987301310137,0.01020408163265306,0.01020408163265306,0.01020408163265306,0.01020408163265306,0.01020408163265306,0.01020408163265306,-0.10833903930635881,0.01020408163265306,-0.010505023363997628,0.01020408163265306,0.01020408163265306,0.01020408163265306,0.01020408163265306,0.01020408163265306,0.01020408163265306,0.049835453541877996,0.04862225222437482,0.01020408163265306,0.01020408163265306,0.1388754119678804,0.16372531183345113,0.01020408163265306,0.01020408163265306,0.22162146343695557,0.01020408163265306,0.5218566514421646,0.01020408163265306,-0.09346874496400749
2026-04-22,0.01020408163265306,0.01020408163265306,0.01020408163265306,-0.04931219838714258,-0.014648435828155322,0.01020408163265306,0.01020408163265306,0.01020408163265306,0.047894257326661735,0.08174640655380509,-0.036401996570257604,-0.022452914073905886,0.010025262969289123,0.01020408163265306,-0.05957728248836966,-0.0439264060712871,0.01020408163265306,-0.02716164444774559,0.01020408163265306,0.01020408163265306,-0.03674590439479586,0.01020408163265306,-0.016682890269208446,0.01020408163265306,-0.002156281781629958,-0.02056075464462223,0.01020408163265306,0.01020408163265306,-0.008311264721978103,-0.01519686856943534,0.009389773888799548,0.01020408163265306,0.01020408163265306,0.01020408163265306,-0.010029440220794305,-0.0194395856344282,0.01020408163265306,0.01020408163265306,-0.09559611015777916,-0.0419676533369099,0.01020408163265306,0.01020408163265306,-0.04733883651924541,0.01020408163265306,0.01020408163265306,0.01020408163265306,0.01020408163265306,0.01020408163265306,0.01020408163265306,0.01020408163265306,0.01020408163265306,-0.02307136699671082,0.01020408163265306,0.00256643829323879,0.0072121928810623525,0.01020408163265306,0.01020408163265306,0.01020408163265306,-0.004678390773079263,0.01020408163265306,0.01020408163265306,0.01020408163265306,0.01020408163265306,0.01020408163265306,0.015202117842396152,0.01020408163265306,-0.16267354449050472,-0.010066292961875641,0.01020408163265306,0.07700251660437626,0.01020408163265306,0.01020408163265306,0.01020408163265306,0.01020408163265306,0.01020408163265306,0.01020408163265306,-0.11658915263695967,0.01020408163265306,-0.015345605143951868,0.01020408163265306,0.01020408163265306,0.01020408163265306,0.01020408163265306,0.01020408163265306,0.01020408163265306,0.07515290992573503,0.021674827984087756,0.01020408163265306,0.01020408163265306,0.149271976208665,0.13687265996555828,0.01020408163265306,0.01020408163265306,0.22359586037664617,0.01020408163265306,0.5251142349509009,0.01020408163265306,-0.08483143097698011
2026-04-23,0.01020408163265306,0.01020408163265306,0.01020408163265306,-0.04830782056422315,-0.029086642936970858,0.01020408163265306,0.01020408163265306,0.01020408163265306,0.05934365490599359,0.07304232355339914,-0.0315740462167918,-0.0245749570069682,0.00571059175022795,0.008582784178770701,-0.07442357732973783,-0.029397586777740174,0.01020408163265306,-0.04435570006726338,0.01020408163265306,0.01020408163265306,-0.0328989007243941,0.01020408163265306,-0.004466733580349151,0.01020408163265306,0.01020408163265306,-0.02157320697188278,0.01020408163265306,0.01020408163265306,-0.00014941512153714663,-0.017223760413322936,0.0019329571886090389,0.01020408163265306,0.01020408163265306,0.01020408163265306,-0.016049176908216917,-0.023174637043770832,0.01020408163265306,0.01020408163265306,-0.07806392501206581,-0.04851653765100977,0.01020408163265306,0.01020408163265306,-0.03911252640881654,0.01020408163265306,0.01020408163265306,0.01020408163265306,0.00517060978542454,0.01020408163265306,0.01020408163265306,0.01020408163265306,0.01020408163265306,-0.0158144508734955,0.01020408163265306,-0.009099970231220994,0.0035046744758215603,0.01020408163265306,0.01020408163265306,0.01020408163265306,-0.01879735495196276,0.01020408163265306,0.01020408163265306,0.01020408163265306,0.01020408163265306,0.01020408163265306,0.01564925800642869,0.01020408163265306,-0.16354152339543954,0.01020408163265306,0.01020408163265306,0.07907943892771079,0.01020408163265306,0.01020408163265306,0.01020408163265306,0.01020408163265306,0.01020408163265306,0.01020408163265306,-0.11363941529318412,0.01020408163265306,-0.0009810582377043735,0.01020408163265306,0.01020408163265306,0.01020408163265306,0.01020408163265306,0.01020408163265306,0.01020408163265306,0.067570438197801,0.03871296016031473,0.01020408163265306,0.01020408163265306,0.1707571644294475,0.12826968002775913,0.01020408163265306,0.01020408163265306,0.2241424619298541,0.01020408163265306,0.4987144940556392,0.01020408163265306,-0.09740138418166357
2026-04-24,0.01020408163265306,0.01020408163265306,0.01020408163265306,-0.040408485723532624,-0.034227560312544716,0.01020408163265306,0.01020408163265306,0.01020408163265306,0.05004302874059364,0.07435150517350525,-0.029313112947271833,-0.014046571412332455,0.01020408163265306,0.00901537845833579,-0.057657979626232064,-0.03564503698855046,0.01020408163265306,-0.005908509736616408,0.01020408163265306,0.01020408163265306,-0.029544741523814956,0.01020408163265306,-0.0035391170737886467,0.01020408163265306,0.01020408163265306,-0.0144626252602199,0.01020408163265306,0.01020408163265306,-0.017742248655439073,-0.02646989187808598,-0.01638809920191773,0.01020408163265306,0.01020408163265306,0.01020408163265306,-0.027849578848762803,-0.026542227913790885,0.01020408163265306,0.01020408163265306,-0.08303540174550429,-0.06143935802202952,0.01020408163265306,0.01020408163265306,-0.04041011647228279,0.01020408163265306,0.01020408163265306,0.01020408163265306,0.004306895301285986,0.01020408163265306,0.01020408163265306,0.01020408163265306,0.01020408163265306,-0.012358445170792978,0.01020408163265306,-0.01580689094913438,0.0013666468343278438,0.01020408163265306,0.01020408163265306,0.01020408163265306,-0.017785613738683266,0.01020408163265306,0.01020408163265306,0.01020408163265306,0.01020408163265306,0.01020408163265306,0.010825390151684999,0.01020408163265306,-0.12024666107391487,-0.027980973908405753,0.01020408163265306,0.07934656378494406,0.01020408163265306,0.01020408163265306,0.01020408163265306,0.01020408163265306,0.01020408163265306,0.01020408163265306,-0.1171040942725113,0.01020408163265306,0.009384559763754493,-0.0006462114572196968,0.01020408163265306,0.01020408163265306,0.01020408163265306,0.01020408163265306,0.01020408163265306,0.0533064025517181,0.09645243910113765,0.03534906417485209,0.01020408163265306,0.2050397146012785,0.0856063748390418,0.01020408163265306,0.01020408163265306,0.22233269354698584,0.01020408163265306,0.44868970984813045,0.01020408163265306,-0.09048946601942166
2026-04-27,0.01020408163265306,0.01020408163265306,0.01020408163265306,-0.0534851399108732,-0.045211227573790445,0.01020408163265306,0.018965948602699127,0.01020408163265306,0.1291685207893061,0.07585045605706522,-0.03204459075975731,-0.01355113064623094,-0.0015023452960822754,-0.0029382856271224413,-0.06822869363335005,-0.037041433617306205,0.01020408163265306,0.01020408163265306,0.01020408163265306,0.01020408163265306,-0.027424023081999732,0.01020408163265306,-0.02725923447056687,0.020809984445173162,0.008224090779564246,-0.012378776228209385,0.01020408163265306,0.01020408163265306,-0.04152884394833191,-0.0323795414924797,-0.01678796663799944,0.01020408163265306,0.01020408163265306,0.06100601161607266,-0.04835411111846038,-0.03412787257413333,0.01020408163265306,0.01020408163265306,-0.0560099756703441,-0.06622951604692522,0.01020408163265306,0.01020408163265306,-0.04259608335424928,0.01020408163265306,0.01020408163265306,0.01020408163265306,-0.0027526333221294507,0.01020408163265306,-0.04345319015861162,0.01020408163265306,0.01020408163265306,-0.01115285772302896,0.01020408163265306,-0.02200103054766373,0.01020408163265306,0.01020408163265306,0.01020408163265306,0.01020408163265306,-0.009239147749021426,0.008088820870044294,0.01020408163265306,0.01020408163265306,0.01020408163265306,0.01020408163265306,0.04390818067554258,0.01020408163265306,-0.15243929555793923,-0.013265617605899864,0.01020408163265306,0.08670373537538463,0.01020408163265306,-0.03406711614711347,-0.01188695395968162,0.01020408163265306,0.01020408163265306,0.04573618725446067,-0.16636612890290464,0.01020408163265306,-0.04091989385426114,-0.030441506650207478,0.01020408163265306,0.06547138343767236,0.01020408163265306,0.01020408163265306,-0.005185833031135782,0.0324118282336117,0.15127611356976214,0.1067016907638497,0.0057117842287427115,0.19180566179223205,0.12007977933756199,0.01020408163265306,0.01020408163265306,0.2309218997525362,0.01020408163265306,0.4071088274944915,0.01020408163265306,-0.07708866328000331
2026-04-28,0.01020408163265306,0.00968868468978865,0.01020408163265306,-0.04163408469443842,-0.03874605222879382,0.01020408163265306,0.0169535735769011,0.01020408163265306,0.09209085139480071,0.06912004139768267,-0.0334206871318618,-0.01627696577464075,0.005925624706297574,0.006378171883104869,-0.06353547310724789,-0.03805547175802828,0.01020408163265306,0.009856997953361318,0.01020408163265306,0.01020408163265306,-0.02843558657061645,0.01020408163265306,-0.018852739995393795,0.01020408163265306,0.00965712705020916,-0.012538994608863452,0.01020408163265306,0.01020408163265306,-0.02683575952065722,-0.024286223013173618,-0.015362463913872379,0.01020408163265306,0.01020408163265306,0.023069447493894585,-0.038686698243803004,-0.029414205589040177,0.01020408163265306,0.01020408163265306,-0.05664608921052923,-0.06810849506210331,0.01020408163265306,0.01020408163265306,-0.040535058817528634,0.01020408163265306,0.01020408163265306,0.01020408163265306,-0.01028905360517167,0.01020408163265306,-0.033659769157255694,0.01020408163265306,0.01020408163265306,-0.01281244444427067,0.01020408163265306,-0.02691479890502175,0.01020408163265306,0.01020408163265306,0.01020408163265306,0.01020408163265306,-0.01043723667954593,0.01020408163265306,0.01020408163265306,0.01020408163265306,0.01020408163265306,0.01020408163265306,0.03528794501750199,0.01020408163265306,-0.12219209333167282,-0.013306703086315217,0.01020408163265306,0.08629508824580455,0.01020408163265306,0.009021645008968559,0.01020408163265306,0.01020408163265306,0.01020408163265306,0.01020408163265306,-0.1609229633711849,0.01020408163265306,-0.042483076087379466,-0.020438106873984667,0.01020408163265306,0.021096273921567765,0.01020408163265306,0.01020408163265306,0.01020408163265306,0.03647677868267239,0.12827475637843938,0.08154518964246546,0.01020408163265306,0.22083219769276552,0.11118091112668181,0.01020408163265306,0.01020408163265306,0.2042282793281922,0.01020408163265306,0.4354084018333975,0.01020408163265306,-0.07776477387475579
2026-04-29,0.01020408163265306,0.009215319899831348,0.01020408163265306,-0.04002081867010246,-0.03879362167102288,0.01020408163265306,0.02002691221112586,0.01020408163265306,0.09158969215544066,0.0688975567045367,-0.03424786545260661,-0.019661431807178296,0.00623750869842599,0.00653009217535439,-0.0602439273378963,-0.037476000695068824,0.01020408163265306,0.00781668893860955,0.01020408163265306,0.01020408163265306,-0.028223596396033314,0.01020408163265306,-0.020126565325872696,0.01020408163265306,0.007102007789056853,-0.011504797220554487,0.01020408163265306,0.01020408163265306,-0.03143970199874058,-0.024381171121974007,-0.015977132452509576,0.01020408163265306,0.01020408163265306,0.027645515470003816,-0.03964369237062542,-0.03194166375374643,0.01020408163265306,0.01020408163265306,-0.05520791690383857,-0.06808536113553246,0.01020408163265306,0.01020408163265306,-0.04114840747341856,0.01020408163265306,0.01020408163265306,0.01020408163265306,-0.009787277069147409,0.01020408163265306,-0.03429099624174584,0.01020408163265306,0.01020408163265306,-0.011675184927874714,0.01020408163265306,-0.023436165269280995,0.01020408163265306,0.01020408163265306,0.01020408163265306,0.01020408163265306,-0.008791196645128492,0.01020408163265306,0.01020408163265306,0.01020408163265306,0.01020408163265306,0.01020408163265306,0.034250981738707914,0.01020408163265306,-0.11864075979372025,-0.016167676085922983,0.01020408163265306,0.08632366991744299,0.01020408163265306,0.009798025576840029,0.009526625474910122,0.01020408163265306,0.01020408163265306,0.01020408163265306,-0.1550436914802643,0.01020408163265306,-0.04331023353558791,-0.024301417130453445,0.01020408163265306,0.02084237134953197,0.01020408163265306,0.01020408163265306,0.01020408163265306,0.03380188987470988,0.13261210318824998,0.0777738020304515,0.01020408163265306,0.2170177334892423,0.11411552843601874,0.01020408163265306,0.01020408163265306,0.20229259051128684,0.01020408163265306,0.43633994610996896,0.01020408163265306,-0.07618829177389864
2026-04-30,0.01020408163265306,0.00935458823413904,0.01020408163265306,-0.03956452242138981,-0.03912463841366869,0.01020408163265306,0.01860051616621365,0.01020408163265306,0.09257898349769773,0.06848336297137503,-0.03542273169608977,-0.019958379999216208,0.006126597563100503,0.005942132337928373,-0.05986187907732135,-0.03797636841323899,0.01020408163265306,0.00725392317088519,0.01020408163265306,0.01020408163265306,-0.027731405790267158,0.01020408163265306,-0.019971120488608232,0.01020408163265306,0.00897340825686483,-0.011036732090925113,0.01020408163265306,0.01020408163265306,-0.03306083292922889,-0.024013530856737776,-0.01391136722715076,0.01020408163265306,0.01020408163265306,0.028720725510607358,-0.041647917216725464,-0.032661164216673776,0.01020408163265306,0.01020408163265306,-0.052829132022023925,-0.06900228665368396,0.01020408163265306,0.01020408163265306,-0.04236087469398036,0.01020408163265306,0.01020408163265306,0.01020408163265306,-0.010487971857412412,0.01020408163265306,-0.037031611103409176,0.01020408163265306,0.01020408163265306,-0.00928638876192108,0.01020408163265306,-0.024765652581188048,0.01020408163265306,0.01020408163265306,0.01020408163265306,0.01020408163265306,-0.007264850723248105,0.01020408163265306,0.01020408163265306,0.01020408163265306,0.01020408163265306,0.01020408163265306,0.03583695366447197,0.01020408163265306,-0.11846638697774663,-0.01395541365570979,0.01020408163265306,0.08709655006614085,0.01020408163265306,0.0063579621177526045,0.008965753187280349,0.01020408163265306,0.01020408163265306,0.01020408163265306,-0.15396374923059924,0.01020408163265306,-0.043814360937464825,-0.02476978932444676,0.01020408163265306,0.02103412089961612,0.01020408163265306,0.01020408163265306,0.01020408163265306,0.035706651455584174,0.13728981481722774,0.07423446596300551,0.01020408163265306,0.21895428884576915,0.11520269602637796,0.01020408163265306,0.01020408163265306,0.20016644180225032,0.01020408163265306,0.43387979841656055,0.01020408163265306,-0.07681867561077273
2026-05-01,0.01020408163265306,0.01020408163265306,0.01020408163265306,-0.03142082815026477,-0.039678535405475994,0.01020408163265306,0.01020408163265306,0.01020408163265306,0.06146923569926318,0.06651734459215977,-0.03801620945877087,-0.013339664181043103,0.01020408163265306,0.01020408163265306,-0.05070699267520642,-0.03780006239470317,0.01020408163265306,-0.012710245931531089,0.01020408163265306,0.01020408163265306,-0.030320574880985454,-0.0045748436597192275,-0.016237807510204608,0.01020408163265306,0.01020408163265306,-0.013028956134850242,0.01020408163265306,0.01020408163265306,0.01020408163265306,-0.016553321947285794,-0.008595573560441489,0.01020408163265306,0.01020408163265306,0.01020408163265306,-0.023808105841941783,-0.04639859823433277,0.01020408163265306,0.01020408163265306,-0.06330898256755751,-0.07434015882976464,0.01020408163265306,0.01020408163265306,-0.029524537161993346,0.01020408163265306,0.01020408163265306,0.01020408163265306,-0.02263635504690807,0.01020408163265306,-0.014171973092950088,0.01020408163265306,0.01020408163265306,0.004216296168807639,0.01020408163265306,-0.02229598475134901,0.01020408163265306,0.01020408163265306,0.01020408163265306,0.01020408163265306,0.01020408163265306,0.01020408163265306,0.01020408163265306,0.01020408163265306,0.01020408163265306,0.01020408163265306,0.01020408163265306,0.01020408163265306,-0.10013507457281813,-0.016595195918520267,0.01020408163265306,0.08198368093081539,0.01020408163265306,0.01020408163265306,0.01020408163265306,0.01020408163265306,0.01020408163265306,0.01020408163265306,-0.12451968632642653,0.01020408163265306,-0.046143162449294554,-0.00967531794317497,0.01020408163265306,0.01020408163265306,0.01020408163265306,0.01020408163265306,0.01020408163265306,0.04904809374100847,0.10891845305001298,0.030338232483601152,0.01020408163265306,0.2773040663408661,0.04455911837747886,0.01020408163265306,0.01020408163265306,0.18981531357408574,0.01020408163265306,0.45652082701560837,0.01020408163265306,-0.07639881130537753
2026-05-04,0.01020408163265306,0.007959960119735435,0.01020408163265306,-0.024955882417570963,-0.04189328250400357,0.01020408163265306,0.01020408163265306,0.01020408163265306,0.058618831109028796,0.06725863961300507,-0.03796834694145575,-0.010425634408521388,0.008074396635264307,0.01020408163265306,-0.0457530444435918,-0.04825299553200315,0.01020408163265306,0.01020408163265306,0.01020408163265306,0.01020408163265306,-0.030086355654960324,0.006356918315376409,-0.018160839806301836,0.01020408163265306,0.007777104833799761,-0.012254855779485907,0.01020408163265306,0.01020408163265306,0.01020408163265306,-0.019169187837984117,-0.011270136662556449,0.01020408163265306,0.01020408163265306,0.01020408163265306,-0.02966222453850661,-0.05330382129078559,0.01020408163265306,0.01020408163265306,-0.05331707072920122,-0.07790490954760142,0.01020408163265306,0.01020408163265306,-0.03437478162867268,0.01020408163265306,0.01020408163265306,0.01020408163265306,-0.029737179895561933,0.01020408163265306,-0.013708067228781018,0.01020408163265306,0.01020408163265306,0.010026332713456763,0.01020408163265306,-0.01919514175805228,0.01020408163265306,0.01020408163265306,0.01020408163265306,0.01020408163265306,0.005168992598255589,0.01020408163265306,0.01020408163265306,0.01020408163265306,0.01020408163265306,0.01020408163265306,0.01020408163265306,0.01020408163265306,-0.09772488607662001,-0.019957284833283594,0.01020408163265306,0.08261641654407927,0.01020408163265306,0.01020408163265306,0.01020408163265306,0.01020408163265306,0.01020408163265306,0.01020408163265306,-0.1334232924436522,0.01020408163265306,-0.04276838006205671,-0.013587316906178452,0.01020408163265306,0.01020408163265306,0.01020408163265306,0.01020408163265306,0.01020408163265306,0.04339038098704416,0.11226590032948823,0.045008422823845574,0.01020408163265306,0.28491245537227317,0.038475447275811696,0.01020408163265306,0.01020408163265306,0.1842460350953877,0.01020408163265306,0.4576479589806641,0.01020408163265306,-0.08258192748035166
2026-05-05,0.01020408163265306,0.003438640715004969,0.01020408163265306,-0.022303397338750683,-0.05125136578340797,0.01020408163265306,0.0324936602194808,0.01020408163265306,0.09483375036685888,0.06733268252549424,-0.045913055341409686,-0.010634766905389044,0.002854492827046004,0.01020408163265306,-0.04829019793369546,-0.049838357465259664,0.01020408163265306,0.01020408163265306,0.01020408163265306,0.01020408163265306,-0.030215273390935632,0.002981545419654735,-0.027605803848141784,0.016646072514472164,0.0054363000144500495,-0.011184255247574026,0.01020408163265306,0.01020408163265306,0.0007923843062069159,-0.028505961500195173,-0.02000403973142237,0.01020408163265306,0.01020408163265306,0.01020408163265306,-0.02188314704860353,-0.06942107562435375,0.01020408163265306,0.01020408163265306,-0.05414185490741408,-0.07537453449632053,0.01020408163265306,0.01020408163265306,-0.0192172406837509,0.01020408163265306,0.01020408163265306,0.009047459396019062,-0.024661608352340263,0.01020408163265306,-0.047486691717175816,0.01020408163265306,0.01020408163265306,0.008469444550740491,0.01020408163265306,-0.02200057286766096,0.01020408163265306,-0.005940414921685648,0.01020408163265306,0.01020408163265306,0.01020408163265306,0.01020408163265306,0.01020408163265306,0.01020408163265306,0.01020408163265306,0.01020408163265306,0.012291523974303178,0.01020408163265306,-0.11224263006571343,-0.018818317897707784,0.01020408163265306,0.08515657173442044,0.01020408163265306,0.005007679505253085,0.01020408163265306,0.01020408163265306,0.01020408163265306,0.01768081397464329,-0.14078028807002896,0.01020408163265306,-0.054679236187700375,-0.01647305852307778,0.01020408163265306,0.027461412421502192,0.01020408163265306,0.01020408163265306,0.01020408163265306,0.037350668869232447,0.13732870677725695,0.08493932724793067,0.01020408163265306,0.2819669093442145,0.04897903734496859,0.01020408163265306,0.01020408163265306,0.17936929058280715,0.01020408163265306,0.44256315398892215,0.01020408163265306,-0.07555438277116756
2026-05-06,0.01020408163265306,0.005865851629288541,0.01020408163265306,-0.021555095574638222,-0.055294980847985106,0.01020408163265306,0.02985221032788244,0.01020408163265306,0.09406169128587391,0.06578883088095072,-0.04669564472789362,-0.013583555341983902,0.004812879755679844,0.01020408163265306,-0.042878033213394506,-0.045936361483656186,0.01020408163265306,0.01020408163265306,0.01020408163265306,0.01020408163265306,-0.029568661218123383,-0.0016218863818800965,-0.01479458006817134,0.010930593504753427,0.005112776005841977,-0.007038387460570476,0.01020408163265306,0.01020408163265306,0.0021060806835584197,-0.027783294411194426,-0.027419904429534382,0.01020408163265306,0.01020408163265306,0.010871126184350223,-0.022676936957674844,-0.06514932041875347,0.01020408163265306,0.01020408163265306,-0.055363763439450916,-0.07486547957071174,0.01020408163265306,0.01020408163265306,-0.020561915596957407,0.01020408163265306,0.01020408163265306,-0.005569545687738058,-0.031419124232778914,0.01020408163265306,-0.03816345368059776,0.01020408163265306,0.01020408163265306,0.01020408163265306,0.01020408163265306,-0.012964889502487096,0.003556908473178453,-0.0010036175094763709,0.01020408163265306,0.01020408163265306,0.007820410263821362,0.01020408163265306,0.01020408163265306,0.01020408163265306,0.01020408163265306,0.01020408163265306,0.017315757768722025,0.01020408163265306,-0.10667870459393584,-0.016147106399507817,0.01020408163265306,0.07691546205496202,0.01020408163265306,0.007155106084443591,0.01020408163265306,0.01020408163265306,0.01020408163265306,0.013921758639406395,-0.13259890776024624,0.01020408163265306,-0.054252650590413926,-0.014009908599399877,0.01020408163265306,0.027413201502649517,0.01020408163265306,0.01020408163265306,0.01020408163265306,0.03703629312949319,0.13036772260486143,0.07660440167056001,0.01020408163265306,0.2869948914139723,0.04039848308707311,0.01020408163265306,0.01020408163265306,0.18033292588752933,0.01020408163265306,0.4503478682411655,0.01020408163265306,-0.07957935811555551
2026-05-07,0.01020408163265306,0.01020408163265306,0.01020408163265306,-0.014677828577455745,-0.05304005182659506,0.01020408163265306,0.016882534921962816,0.01020408163265306,0.05241102510096057,0.06585010163659673,-0.04637710499542506,-0.009552324078000855,0.009871753077919104,0.01020408163265306,-0.034032506992854226,-0.046937652055941054,0.01020408163265306,0.01020408163265306,0.01020408163265306,0.01020408163265306,-0.026995427412048488,-0.013758896163429289,-0.005768727288236788,0.01020408163265306,0.0010517612703926614,-0.006269301826504743,0.01020408163265306,0.01020408163265306,-0.0027156482276760267,-0.02421431452855856,-0.02731307311877746,0.01020408163265306,0.01020408163265306,0.01020408163265306,-0.012418010090022356,-0.041679059156295634,0.01020408163265306,0.01020408163265306,-0.08384701854128507,-0.07862807438534702,0.01020408163265306,0.01020408163265306,-0.023787086052915588,0.01020408163265306,0.01020408163265306,0.0012573394835321567,-0.02796066642510362,0.01020408163265306,0.01020408163265306,0.01020408163265306,0.01020408163265306,0.01020408163265306,0.01020408163265306,-0.004183130833309984,0.0016898619218249956,0.01020408163265306,0.01020408163265306,0.01020408163265306,0.0016646092918481716,0.01020408163265306,0.01020408163265306,0.01020408163265306,0.01020408163265306,0.01020408163265306,0.01020408163265306,0.01020408163265306,-0.10070812807630967,-0.020865649534995354,0.01020408163265306,0.07289700495944314,0.01020408163265306,0.01020408163265306,0.01020408163265306,0.01020408163265306,0.01020408163265306,0.01020408163265306,-0.08885271934357818,0.01020408163265306,-0.05167854460851572,0.006912854965911489,0.01020408163265306,0.01020408163265306,0.01020408163265306,0.01020408163265306,0.01020408163265306,0.046768635710939914,0.08304495729789325,0.024013335771194078,0.01020408163265306,0.27889869808640844,0.026643511773985565,0.01020408163265306,0.01020408163265306,0.18472741721118266,0.01020408163265306,0.48172384827731896,0.01020408163265306,-0.08147687804870464
2026-05-08,0.01020408163265306,0.01020408163265306,0.01020408163265306,-0.01428080136595517,-0.052320898958395146,0.01020408163265306,0.016341133984242594,0.01020408163265306,0.050642871363640436,0.06596155315052858,-0.04640174204247561,-0.006478373259687956,0.009454076768987494,0.01020408163265306,-0.03035980656902979,-0.046180378102328515,0.01020408163265306,0.01020408163265306,0.01020408163265306,0.01020408163265306,-0.028727618835165232,-0.01579927113090608,-0.006407458401402567,0.01020408163265306,0.00025070678617050354,-0.004594324116655172,0.01020408163265306,0.01020408163265306,-0.004229279192906917,-0.024845857518753116,-0.027156736607363306,0.01020408163265306,0.01020408163265306,0.01020408163265306,-0.010342918809446286,-0.042235043018181935,0.01020408163265306,0.01020408163265306,-0.08733561997038614,-0.07816940390850226,0.01020408163265306,0.01020408163265306,-0.02520172166534973,0.01020408163265306,0.01020408163265306,0.005629804451718188,-0.028369853047288306,0.01020408163265306,0.008801631187700554,0.01020408163265306,0.01020408163265306,0.01020408163265306,0.01020408163265306,-0.004360302509907842,0.0007112291189146844,0.01020408163265306,0.01020408163265306,0.01020408163265306,0.006310232019973528,0.01020408163265306,0.01020408163265306,0.01020408163265306,0.01020408163265306,0.01020408163265306,0.01020408163265306,0.01020408163265306,-0.10528853579587324,-0.021293931099524217,0.01020408163265306,0.07233774410183005,0.01020408163265306,0.01020408163265306,0.01020408163265306,0.01020408163265306,0.01020408163265306,0.01020408163265306,-0.08831831553401968,0.01020408163265306,-0.05114756531551662,0.006668399469765374,0.01020408163265306,0.01020408163265306,0.01020408163265306,0.01020408163265306,0.01020408163265306,0.04746600755237224,0.0865164359411832,0.02193657480121769,0.01020408163265306,0.2790267122409152,0.028697138412731672,0.01020408163265306,0.01020408163265306,0.1852754501145416,0.01020408163265306,0.4789666341316782,0.01020408163265306,-0.0823730686190093
2026-05-11,0.01020408163265306,0.008008232773089555,0.01020408163265306,-0.028627349669042713,-0.05172066374581749,0.01020408163265306,0.02761798351056731,0.011030333369841445,0.0952630114731592,0.0686964873259969,-0.05252161398415371,0.0035694095485525826,0.0002915637482520852,0.01020408163265306,-0.055674408422008534,-0.03687873738247169,0.01020408163265306,0.01020408163265306,0.01020408163265306,0.01020408163265306,-0.00248327114969895,-0.012133425447434744,-0.03397625091650576,0.01020408163265306,-0.01696478008255374,0.0047066192239930945,0.01020408163265306,0.01020408163265306,-0.023885710345280982,-0.030961574740135778,-0.03396104079398959,0.01020408163265306,0.01020408163265306,0.01020408163265306,-0.002324472620762486,-0.06110322898745689,0.01020408163265306,-0.009671248247294989,-0.07822260397737488,-0.0743860184901261,0.01020408163265306,0.01020408163265306,-0.013935531139052824,0.01020408163265306,0.01020408163265306,0.01020408163265306,-0.02248045188825236,0.01020408163265306,-0.00847746756930333,0.01020408163265306,0.01020408163265306,0.0027675874021779743,0.01020408163265306,-0.028555418398536675,0.01020408163265306,0.008930199343534694,0.01020408163265306,0.01020408163265306,0.01020408163265306,0.01020408163265306,0.01020408163265306,0.01020408163265306,0.01020408163265306,0.01020408163265306,0.01020408163265306,0.01020408163265306,-0.10350337385029741,0.01020408163265306,0.01020408163265306,0.07912009262912194,0.01020408163265306,0.01020408163265306,0.01020408163265306,0.01020408163265306,0.01020408163265306,0.01020408163265306,-0.10161950410162053,0.01020408163265306,-0.06633055822722209,-0.012704967105422882,0.01020408163265306,0.03617008070461287,0.01020408163265306,0.01020408163265306,0.01020408163265306,0.04719979100043285,0.10032489581105897,0.03758883448331931,0.01020408163265306,0.24484667844884753,0.0683460493948207,0.01020408163265306,0.01020408163265306,0.18633276246342906,0.01020408163265306,0.4790213656383275,0.01020408163265306,-0.08754463354193055
2026-05-12,0.01020408163265306,0.01020408163265306,0.01020408163265306,-0.02023776097993024,-0.05068831559179472,0.01020408163265306,0.01503151268951465,0.01020408163265306,0.0589522366855516,0.06409919410702873,-0.05193675825726092,0.004677857341531622,0.0047962028420777845,0.01020408163265306,-0.04621641113402497,-0.028149958685604076,0.01020408163265306,0.01020408163265306,0.01020408163265306,0.01020408163265306,0.0008000217204289697,-0.013526953290747603,-0.018712648999181215,0.01020408163265306,-0.023678404894001068,0.007186937220064806,0.01020408163265306,0.01020408163265306,-0.02040220938017493,-0.025933968482933098,-0.03583396309811775,0.01020408163265306,0.01020408163265306,0.01020408163265306,0.0008089756259767582,-0.07305277343009003,0.01020408163265306,-0.001170566404065973,-0.08292895937142121,-0.0752842319043681,0.01020408163265306,0.01020408163265306,-0.015105051170903308,0.01020408163265306,0.01020408163265306,0.01020408163265306,-0.028253040035459143,0.01020408163265306,0.01020408163265306,0.01020408163265306,0.01020408163265306,0.005408352825574579,0.01020408163265306,-0.020130266695720225,0.01020408163265306,0.01020408163265306,0.01020408163265306,0.01020408163265306,0.01020408163265306,0.01020408163265306,0.01020408163265306,0.01020408163265306,0.01020408163265306,0.01020408163265306,0.01020408163265306,0.01020408163265306,-0.08080171338708085,0.008401874937410573,0.01020408163265306,0.07272539599134695,0.01020408163265306,0.01020408163265306,0.01020408163265306,0.01020408163265306,0.01020408163265306,0.01020408163265306,-0.08166570745621714,0.01020408163265306,-0.05746374657473852,0.0062645878775686135,0.01020408163265306,0.015168190247309088,0.01020408163265306,0.01020408163265306,0.01020408163265306,0.03781274741381041,0.08068394863067287,0.01020408163265306,0.01020408163265306,0.2566447550236578,0.048650438164481835,0.01020408163265306,0.01020408163265306,0.18023148141907067,0.01020408163265306,0.49310618925617405,0.01020408163265306,-0.09191014385664177
2026-05-13,0.01020408163265306,0.008379386593567878,0.01020408163265306,-0.02892590942003262,-0.05502081358603972,0.01020408163265306,0.026421413730412985,0.01020408163265306,0.09870037933303637,0.07662281653426437,-0.057207752122288597,0.00292801936266929,6.015975069485237e-05,0.01020408163265306,-0.06530815188585908,-0.029720364370324194,0.01020408163265306,0.01020408163265306,0.01020408163265306,0.01020408163265306,0.00795238586195448,-0.016216885384105734,-0.01711607393388636,0.01020408163265306,-0.029130766682152066,0.01020408163265306,0.01020408163265306,0.01020408163265306,-0.028090185580748397,-0.03033021915594586,-0.037577372177937836,0.01020408163265306,0.01020408163265306,0.01020408163265306,0.01020408163265306,-0.06714628956350219,0.01020408163265306,0.01020408163265306,-0.09599756734378759,-0.06716987124142287,0.01020408163265306,0.01020408163265306,-0.014719812245809418,0.01020408163265306,0.01020408163265306,0.01020408163265306,-0.023473152932321273,0.01020408163265306,-0.0035029997479622335,0.01020408163265306,0.01020408163265306,0.004773967512434608,0.01020408163265306,-0.032305477913757964,0.01020408163265306,0.003184579378321302,0.01020408163265306,0.01020408163265306,0.01020408163265306,0.01020408163265306,0.01020408163265306,0.01020408163265306,0.01020408163265306,0.01020408163265306,0.01020408163265306,0.01020408163265306,-0.12602866346324698,0.005586179960274052,0.01020408163265306,0.08472993331603572,0.01020408163265306,0.01020408163265306,0.01020408163265306,0.01469923204692565,0.01020408163265306,0.011226912562019723,-0.10263567545110926,0.01020408163265306,-0.06070425144867121,-0.013648480996476106,0.01020408163265306,0.054054596872244176,0.01020408163265306,0.01802082629707789,0.01020408163265306,0.03815033651921585,0.0900195740056192,0.03990084256980471,0.01020408163265306,0.23129132071197506,0.05957340818644682,0.01020408163265306,0.01020408163265306,0.19167920911752853,0.01020408163265306,0.47480529364229895,0.01020408163265306,-0.08160036374804737
2026-05-14,0.01020408163265306,0.004333516848592621,0.01020408163265306,-0.025780172859856558,-0.054625870645512886,0.01020408163265306,0.019080330183806716,0.01020408163265306,0.06059388758456586,0.058911799591419345,-0.05244815518201705,0.006198705971236552,0.006893203610121345,0.01020408163265306,-0.06127789597084503,-0.020806670706265296,0.01020408163265306,0.01020408163265306,0.01020408163265306,0.01020408163265306,0.01020408163265306,-0.008304638554448773,0.0004931808087456028,0.01020408163265306,-0.0375731800553919,0.008809380005672763,0.01020408163265306,0.01020408163265306,-0.04157587168346861,-0.020077472604815162,-0.04423503042008772,0.01020408163265306,0.01020408163265306,0.01020408163265306,0.007125668609072228,-0.08317687741792218,0.01020408163265306,0.0007897939882801058,-0.06624835171085897,-0.06170940387685214,0.01020408163265306,0.01020408163265306,-0.007050512892121814,0.01020408163265306,0.01020408163265306,0.01020408163265306,-0.04116019298728356,0.01020408163265306,0.01020408163265306,0.01020408163265306,0.01020408163265306,0.004472980745038785,0.01020408163265306,-0.009247676711781295,0.01020408163265306,0.01020408163265306,0.01020408163265306,0.01020408163265306,0.01020408163265306,0.01020408163265306,0.01020408163265306,0.01020408163265306,0.01020408163265306,0.01020408163265306,0.01020408163265306,0.01020408163265306,-0.0734254327003992,0.01020408163265306,0.01020408163265306,0.07386349599362013,0.01020408163265306,0.01020408163265306,0.01020408163265306,0.01020408163265306,0.01020408163265306,0.01020408163265306,-0.08210198795185274,0.01020408163265306,-0.05342775968504086,0.008135522484619656,0.01020408163265306,0.01324487619732666,0.01020408163265306,0.01020408163265306,0.01020408163265306,0.033852988345438595,0.05532371998048102,0.01020408163265306,0.01020408163265306,0.2575243651567317,0.06419279578906477,0.01020408163265306,0.01020408163265306,0.2050641614688434,0.01020408163265306,0.4609037371128923,0.01020408163265306,-0.09739169055262599
2026-05-15,0.01020408163265306,-0.00018692383340114874,0.01020408163265306,-0.03327865960726945,-0.058506334150227934,0.01020408163265306,0.02592347572277274,0.012980517778802981,0.10168384641864286,0.066646028848482,-0.05372831009169207,0.0022871020056421543,0.0011146721010700331,0.01020408163265306,-0.07034809179716528,-0.02269159579015994,0.01020408163265306,0.01020408163265306,0.01020408163265306,0.01020408163265306,0.01020408163265306,-0.008711309581581983,-0.010061931919319247,0.01103211555199033,-0.031395836551114095,0.01020408163265306,0.01020408163265306,0.01020408163265306,-0.054026041386961696,-0.024955719908946274,-0.04399904602129794,0.012017620624451695,0.01020408163265306,0.01020408163265306,0.01020408163265306,-0.07920653669954587,0.01020408163265306,0.003078898062632501,-0.07149750845402575,-0.05901297539324607,0.01020408163265306,0.01020408163265306,-0.005049245175881898,0.01020408163265306,0.01020408163265306,0.01020408163265306,-0.03636250795785897,0.01020408163265306,-0.0013836251470403464,0.01020408163265306,0.01020408163265306,-0.00042427935842868046,0.01020408163265306,-0.025359803221232977,0.01020408163265306,-0.003262932702963751,0.01020408163265306,0.009184920913033438,0.01020408163265306,0.01020408163265306,0.01020408163265306,0.01020408163265306,0.01020408163265306,0.01020408163265306,0.01020408163265306,0.01020408163265306,-0.08956676805679131,0.01020408163265306,0.01020408163265306,0.0834545016188052,0.01020408163265306,0.01020408163265306,0.01020408163265306,0.0209488576693067,0.01020408163265306,0.01020408163265306,-0.10309487045407639,0.01020408163265306,-0.06262641033409656,-0.008315237009312896,0.01020408163265306,0.04581847838554843,0.01020408163265306,0.015050085194296972,0.01020408163265306,0.031204532961568374,0.07220785305520167,0.03411489629424825,0.01020408163265306,0.23398454582931444,0.08413686211736393,0.01020408163265306,0.01020408163265306,0.2057881566355405,0.013405234401939208,0.4514736678212559,0.01020408163265306,-0.09068845104092495
2026-05-18,0.01020408163265306,-0.009652133937065809,0.01020408163265306,-0.02368512677293976,-0.050845059400009475,0.01020408163265306,0.014308720609527405,0.01020408163265306,0.06178061896440757,0.06541182082383543,-0.05162415107671275,0.004739296509065102,0.00657572612933373,0.01020408163265306,-0.06297076940669424,-0.018177196864086066,0.01020408163265306,0.01020408163265306,0.01020408163265306,0.01020408163265306,0.01020408163265306,-0.003523523056640391,0.004313938037444567,0.01020408163265306,-0.03222419191085471,0.01020408163265306,0.01020408163265306,0.01020408163265306,-0.04786047300705376,-0.01625770002041313,-0.043305430761980755,0.01020408163265306,0.01020408163265306,0.01020408163265306,0.01020408163265306,-0.0840091603272913,0.01020408163265306,0.0026899739374184536,-0.07225329010135535,-0.06447198321606822,0.01020408163265306,0.01020408163265306,-0.0065767159727450845,0.01020408163265306,0.01020408163265306,0.01020408163265306,-0.0376368805458158,0.01020408163265306,0.01020408163265306,0.01020408163265306,0.01020408163265306,-0.0002974196487101309,0.01020408163265306,-0.011534393713400726,0.01020408163265306,0.008610110437487016,0.01020408163265306,0.01020408163265306,0.01020408163265306,0.01020408163265306,0.01020408163265306,0.01020408163265306,0.01020408163265306,0.01020408163265306,0.01020408163265306,0.01020408163265306,-0.07556016600758864,0.004393863142874345,0.01020408163265306,0.07713193299383408,0.01020408163265306,0.01020408163265306,0.01020408163265306,0.01020408163265306,0.01020408163265306,0.01020408163265306,-0.0712281535751624,0.01020408163265306,-0.05553159516328837,0.006903856416680042,0.01020408163265306,0.015344413646599579,0.01020408163265306,0.01020408163265306,0.01020408163265306,0.034908953440052966,0.05501132215987462,0.01020408163265306,0.01020408163265306,0.2552845520982334,0.06294373183771128,0.01020408163265306,0.01020408163265306,0.2061340681537718,0.01330296394080649,0.45392578127067135,0.01020408163265306,-0.09612278312497692
2026-05-19,0.01020408163265306,-0.00597287224391733,0.01020408163265306,-0.024905110571261102,-0.051798330962910595,0.01020408163265306,0.014323726247658536,0.01020408163265306,0.06636339931430452,0.06742055478975273,-0.052308581729146195,0.01020408163265306,0.0045264871929112434,0.01020408163265306,-0.06425382400186935,-0.014134881876571038,0.01020408163265306,0.01020408163265306,0.01020408163265306,0.01020408163265306,0.01020408163265306,0.00214817446229177,0.001465811699405517,0.01020408163265306,-0.039761415347096096,0.01020408163265306,0.01020408163265306,0.01020408163265306,-0.061314256689814106,-0.01381318686534141,-0.04208262404085806,0.01020408163265306,0.01020408163265306,0.01020408163265306,0.01020408163265306,-0.07918997714157294,0.01020408163265306,0.0005449933144991426,-0.08615902769355725,-0.04433443991389792,0.01020408163265306,0.01020408163265306,-0.008558942461781778,0.01020408163265306,0.01020408163265306,0.01020408163265306,-0.03637897902024202,0.01020408163265306,0.01020408163265306,0.01020408163265306,0.01020408163265306,0.001762709383062066,0.01020408163265306,-0.009080616971586112,0.01020408163265306,0.01020408163265306,0.01020408163265306,0.01020408163265306,0.01020408163265306,0.01020408163265306,0.01020408163265306,0.01020408163265306,0.01020408163265306,0.01020408163265306,0.01020408163265306,0.01020408163265306,-0.09497187911611162,0.0013272844469961655,0.01020408163265306,0.07586718582707003,0.01020408163265306,0.01020408163265306,0.01020408163265306,0.01020408163265306,0.01020408163265306,0.01020408163265306,-0.06361522599313779,0.01020408163265306,-0.060408391519585714,0.01020408163265306,0.01020408163265306,0.011592336024004873,0.01020408163265306,0.01020408163265306,0.01020408163265306,0.045459963727238165,0.03866950436040002,0.01020408163265306,0.01020408163265306,0.2354459927989363,0.07095970987672794,0.01020408163265306,0.01020408163265306,0.20082577203430238,0.01609599878513821,0.47487940525189565,0.01020408163265306,-0.08888134333552057
2026-05-20,0.01020408163265306,-0.00743644719562289,0.01020408163265306,-0.02744156436330423,-0.05089665650400299,0.01020408163265306,0.01213911646846526,0.01020408163265306,0.06691364982920615,0.06641177055932154,-0.05037345112629296,0.01020408163265306,0.005487677532863797,0.01020408163265306,-0.061884919708676295,-0.013132271041227021,0.01020408163265306,0.01020408163265306,0.01020408163265306,0.01020408163265306,0.01020408163265306,0.00022157853890809702,0.002423501412456514,0.01020408163265306,-0.04066469040039536,0.01020408163265306,0.01020408163265306,0.01020408163265306,-0.0587464912841673,-0.012129852250732485,-0.037350790527950914,0.01020408163265306,0.01020408163265306,0.01020408163265306,0.01020408163265306,-0.08098954483120986,0.01020408163265306,-0.0037336602007995625,-0.08958859175047787,-0.050650536677735725,0.01020408163265306,0.01020408163265306,-0.00929225858970782,0.01020408163265306,0.01020408163265306,0.01020408163265306,-0.03963702955473868,0.01020408163265306,0.01020408163265306,0.01020408163265306,0.01020408163265306,0.005368135160137553,0.01020408163265306,-0.010381489544244735,0.01020408163265306,0.01020408163265306,0.01020408163265306,0.01020408163265306,0.01020408163265306,0.01020408163265306,0.01020408163265306,0.01020408163265306,0.01020408163265306,0.01020408163265306,0.01020408163265306,0.01020408163265306,-0.08555961661862023,0.0031531799763420323,0.01020408163265306,0.07296017430224827,0.01020408163265306,0.01020408163265306,0.01020408163265306,0.01020408163265306,0.01020408163265306,0.01020408163265306,-0.06223403864079864,0.01020408163265306,-0.061369119405615624,0.01020408163265306,0.01020408163265306,0.01020408163265306,0.01020408163265306,0.01020408163265306,0.01020408163265306,0.040590092197206426,0.04817384118668036,0.01020408163265306,0.01020408163265306,0.23122008528003504,0.079051595196256,0.01020408163265306,0.01020408163265306,0.19840103448563298,0.013829077265405354,0.4758991225927958,0.01020408163265306,-0.09119959135947665
2026-05-21,0.01020408163265306,-0.00750044335068664,0.01020408163265306,-0.027625536444187047,-0.051029768299664324,0.01020408163265306,0.012330036368257875,0.01020408163265306,0.06750681994453568,0.06631937761697299,-0.05026599078981173,0.01020408163265306,0.005542416729812283,0.01020408163265306,-0.062403594036636714,-0.012828059164574789,0.01020408163265306,0.01020408163265306,0.01020408163265306,0.01020408163265306,0.01020408163265306,0.0003295397756311845,0.0020188487218494207,0.01020408163265306,-0.04072847057125197,0.01020408163265306,0.01020408163265306,0.01020408163265306,-0.059563419576878274,-0.012163671503261858,-0.03735391044046026,0.01020408163265306,0.01020408163265306,0.01020408163265306,0.01020408163265306,-0.08078554241596428,0.01020408163265306,-0.0031852154781733706,-0.08950937817898909,-0.05031836820402312,0.01020408163265306,0.01020408163265306,-0.00912228885351383,0.01020408163265306,0.01020408163265306,0.01020408163265306,-0.04008208495624708,0.01020408163265306,0.01020408163265306,0.01020408163265306,0.01020408163265306,0.00566923816787868,0.01020408163265306,-0.010516719384950744,0.01020408163265306,0.01020408163265306,0.01020408163265306,0.01020408163265306,0.01020408163265306,0.01020408163265306,0.01020408163265306,0.01020408163265306,0.01020408163265306,0.01020408163265306,0.01020408163265306,0.01020408163265306,-0.08582693389428898,0.003643045600217926,0.01020408163265306,0.07277505196038232,0.01020408163265306,0.01020408163265306,0.01020408163265306,0.01020408163265306,0.01020408163265306,0.01020408163265306,-0.062436036560680794,0.01020408163265306,-0.061526542883053356,0.01020408163265306,0.01020408163265306,0.01020408163265306,0.01020408163265306,0.01020408163265306,0.01020408163265306,0.040671760792550846,0.04826776799679754,0.01020408163265306,0.01020408163265306,0.23079233888748713,0.07927894626317168,0.01020408163265306,0.01020408163265306,0.1987743355544737,0.014359990813417923,0.4756154850156627,0.01020408163265306,-0.09157200481363849
2026-05-22,0.01020408163265306,-0.008325340666731984,0.01020408163265306,-0.027108256807491578,-0.05311415134212234,0.01020408163265306,0.013295479858379316,0.01020408163265306,0.06741722064144626,0.06293214258120597,-0.04909810180770637,0.01020408163265306,0.005379418984481539,0.01020408163265306,-0.06279780775051506,-0.010694282083661402,0.01020408163265306,0.01020408163265306,0.01020408163265306,0.01020408163265306,0.01020408163265306,0.00041865268889255264,0.0017651247284485548,0.01020408163265306,-0.04059540976027756,0.01020408163265306,0.01020408163265306,0.01020408163265306,-0.06064184590672482,-0.011964434715055079,-0.03532351531019971,0.01020408163265306,0.01020408163265306,0.01020408163265306,0.01020408163265306,-0.08250235128485114,0.01020408163265306,-0.007604802301703533,-0.08828425940572762,-0.049000171938374644,0.01020408163265306,0.01020408163265306,-0.009770659221771874,0.01020408163265306,0.01020408163265306,0.01020408163265306,-0.04009758481844962,0.01020408163265306,0.01020408163265306,0.01020408163265306,0.01020408163265306,0.00390317816960839,0.01020408163265306,-0.009266144682078802,0.01020408163265306,0.01020408163265306,0.01020408163265306,0.01020408163265306,0.01020408163265306,0.01020408163265306,0.01020408163265306,0.01020408163265306,0.01020408163265306,0.01020408163265306,0.01020408163265306,0.01020408163265306,-0.08431824066200971,0.0034608569738519227,0.01020408163265306,0.07254452975810012,0.01020408163265306,0.01020408163265306,0.01020408163265306,0.01020408163265306,0.01020408163265306,0.01020408163265306,-0.05915496312489382,0.01020408163265306,-0.06265648258438108,0.01020408163265306,0.01020408163265306,0.01020408163265306,0.01020408163265306,0.01020408163265306,0.01020408163265306,0.03984977339865991,0.04750727319913909,0.01020408163265306,0.01020408163265306,0.23286940391391053,0.07967068234520135,0.01020408163265306,0.01020408163265306,0.20126219580189642,0.014211626280383055,0.4727820876909786,0.01020408163265306,-0.0893998204316926
2026-05-26,0.01020408163265306,-0.010195527219760246,0.01020408163265306,-0.019347834337936215,-0.050482761384055816,0.01020408163265306,0.01020408163265306,0.01020408163265306,0.06837327872299381,0.04663210659942467,-0.047456071421796496,0.01020408163265306,0.009992430986707785,0.01020408163265306,-0.07014245724463859,-0.002436876419245653,0.01020408163265306,0.01020408163265306,0.01020408163265306,0.01020408163265306,0.01020408163265306,0.0028329005415991017,0.002353375606520741,0.01020408163265306,-0.0428143947501467,0.01020408163265306,0.01020408163265306,0.01020408163265306,-0.07379020821231531,-0.009200285372931353,-0.04380678829250952,0.01020408163265306,0.01020408163265306,0.01020408163265306,0.008540187753349048,-0.0779066796743157,0.01020408163265306,-0.0028484344805159833,-0.06396936080059415,-0.0468855217326593,0.01020408163265306,0.01020408163265306,-0.006365729337405071,0.01020408163265306,0.01020408163265306,0.01020408163265306,-0.04359193920636654,0.01020408163265306,0.01020408163265306,0.01020408163265306,0.01020408163265306,0.007909777169358747,0.01020408163265306,-0.022861698241148663,0.01020408163265306,0.008923106666462604,0.01020408163265306,0.01020408163265306,0.01020408163265306,0.01020408163265306,0.01020408163265306,0.01020408163265306,0.01020408163265306,0.01020408163265306,0.01020408163265306,0.01020408163265306,-0.06959565008715737,-0.002452643223596772,0.01020408163265306,0.07240117608636196,0.01020408163265306,0.01020408163265306,0.01020408163265306,0.01020408163265306,0.01020408163265306,0.01020408163265306,-0.06583693588855759,0.01020408163265306,-0.05554685775757848,0.01020408163265306,0.01020408163265306,0.01020408163265306,0.01020408163265306,0.01020408163265306,0.01020408163265306,0.03429549546705674,0.049252717977627786,0.01020408163265306,0.01020408163265306,0.2383487997844918,0.06713759654727731,0.01020408163265306,0.01020408163265306,0.205719363350483,0.031876654024171475,0.45198263437315184,0.01020408163265306,-0.09128184453099066
2026-05-27,0.01020408163265306,-0.009110259504460675,0.01020408163265306,-0.016343909037097877,-0.04805782092156395,0.01020408163265306,0.01020408163265306,0.01020408163265306,0.056274722344379455,0.0453152273963904,-0.04747121903568937,0.01020408163265306,0.01020408163265306,0.01020408163265306,-0.05974877177756861,-0.0020448273584026955,0.01020408163265306,0.01020408163265306,0.01020408163265306,0.01020408163265306,0.01020408163265306,-0.0019205582408034043,0.0025284704712055274,0.01020408163265306,-0.04026323948478375,0.01020408163265306,0.01020408163265306,0.01020408163265306,-0.06683274701820037,-0.01066738052175444,-0.042137404728193224,0.01020408163265306,0.01020408163265306,0.01020408163265306,-0.0035760535615186294,-0.07758379862482925,0.01020408163265306,0.0007436634245516875,-0.06901165634366274,-0.04603953373808457,0.01020408163265306,0.01020408163265306,-0.005737839458400467,0.01020408163265306,0.01020408163265306,0.01020408163265306,-0.05469935497419577,0.01020408163265306,0.01020408163265306,0.01020408163265306,0.01020408163265306,0.0082687106882256,0.01020408163265306,-0.00442312083634369,0.01020408163265306,0.01020408163265306,0.01020408163265306,0.01020408163265306,0.01020408163265306,0.01020408163265306,0.01020408163265306,0.01020408163265306,0.01020408163265306,0.01020408163265306,0.01020408163265306,0.01020408163265306,-0.070154208192606,0.008426014507450784,0.01020408163265306,0.07350387553925629,0.01020408163265306,0.01020408163265306,0.01020408163265306,0.01020408163265306,0.01020408163265306,0.01020408163265306,-0.07887334653281307,0.01020408163265306,-0.057357728725352025,0.01020408163265306,0.01020408163265306,0.01020408163265306,0.01020408163265306,0.01020408163265306,0.01020408163265306,0.03129787113434031,0.052007748269069495,0.01020408163265306,0.01020408163265306,0.22923669434021376,0.07427501333023989,0.01020408163265306,0.01020408163265306,0.20282198665841045,0.0421740119218654,0.4459612168931032,0.01020408163265306,-0.09343350952686748
2026-05-28,0.01020408163265306,-0.012441813642285778,0.01020408163265306,-0.02526116021372854,-0.05440780403968837,0.01020408163265306,0.019986675618457392,0.01020408163265306,0.09238019646657052,0.05413431990013593,-0.04756480453437152,0.01020408163265306,0.004172820817605821,0.01020408163265306,-0.06653392094155264,-0.00679040529182977,0.01020408163265306,0.01020408163265306,0.01020408163265306,0.01020408163265306,0.01020408163265306,-0.006538515437941659,-0.008014779194145326,0.011891769320843838,-0.04125200566535693,0.01020408163265306,0.01020408163265306,0.01020408163265306,-0.06798808074535186,-0.016299247580313293,-0.04118482183499593,0.013521633653503614,0.01020408163265306,0.0232330221506937,-0.0002637161190827096,-0.07812706174752966,0.01020408163265306,-0.002286958127625133,-0.07822950956400725,-0.04501541187927252,0.01020408163265306,0.01020408163265306,-0.0013944267336632402,0.01020408163265306,0.01020408163265306,0.01020408163265306,-0.05680641649233503,0.01020408163265306,0.01020408163265306,0.01020408163265306,0.01020408163265306,-0.0012343723833382527,0.01020408163265306,-0.020390353910519694,0.007461282329406335,0.005836682858687813,0.01020408163265306,0.01020408163265306,0.01020408163265306,0.01020408163265306,0.01020408163265306,0.01020408163265306,0.01020408163265306,0.01020408163265306,0.01020408163265306,0.01020408163265306,-0.0995917783859912,0.0049867889746675045,0.01482088558468907,0.07893639665441597,0.01020408163265306,0.01020408163265306,0.01020408163265306,0.058711337144549125,0.01020408163265306,0.01020408163265306,-0.10570006022423503,0.01020408163265306,-0.06344698884897935,0.0022771732814813057,0.01020408163265306,0.02192288885008705,0.01020408163265306,0.03160343174882056,0.01020408163265306,0.02499828124698424,0.07435642141602225,0.01020408163265306,0.01020408163265306,0.20824632706450505,0.08733606432639694,0.01020408163265306,0.01020408163265306,0.19695619906636697,0.04392314218225272,0.43986183325060874,0.01020408163265306,-0.08499524200226484
2026-05-29,0.01020408163265306,-0.006997622752483159,0.0087795894168964,-0.021943259156865118,-0.05924770272140446,0.01020408163265306,0.025239759740509245,0.01020408163265306,0.08627574995235848,0.052925356472274775,-0.04473233655601835,0.01020408163265306,0.0005666907387124314,0.01020408163265306,-0.07918419665464672,-3.905279023317526e-05,0.01020408163265306,0.01020408163265306,0.01020408163265306,0.01020408163265306,0.01020408163265306,-0.00995483307889916,-0.0015540445124049892,0.013457803284355334,-0.0373111541588137,0.01020408163265306,0.01020408163265306,0.01020408163265306,-0.042487945135634725,-0.01345383589799346,-0.04826252820243318,0.01020408163265306,0.01020408163265306,0.01020408163265306,-0.01043928641898032,-0.06539521117891049,0.01020408163265306,-0.0007130666880601749,-0.08643795726999043,-0.04342754642939913,0.01020408163265306,0.01020408163265306,-0.0008514719396089127,0.01020408163265306,0.01020408163265306,0.01020408163265306,-0.05340473278441028,0.01020408163265306,0.01020408163265306,0.01020408163265306,0.01020408163265306,-0.009482646142495122,0.01020408163265306,-0.011493052785068235,0.01020408163265306,0.01020408163265306,0.01020408163265306,0.01020408163265306,0.01020408163265306,0.01020408163265306,0.01020408163265306,0.01020408163265306,0.01020408163265306,0.01020408163265306,0.01020408163265306,0.01020408163265306,-0.10011954099691955,-0.005303188585995478,0.016711658538424976,0.07799819512709592,0.01020408163265306,0.01020408163265306,0.01020408163265306,0.058738194246899494,0.01020408163265306,0.01020408163265306,-0.10107968298629502,0.01020408163265306,-0.06295122992367469,0.01020408163265306,0.01020408163265306,0.027593220681516074,0.01020408163265306,0.020781807289860798,0.01020408163265306,0.029018266646617566,0.0675640512010154,0.011997964156981185,0.01020408163265306,0.2231255303210273,0.08323595679126261,0.01020408163265306,0.01020408163265306,0.19409553001245392,0.03390987701296232,0.43335482361676886,0.01020408163265306,-0.08991922603096748
2026-06-01,0.01020408163265306,-0.01058184218096578,0.01020408163265306,-0.013884458746588188,-0.04963238606826993,0.01020408163265306,0.015999648744752435,0.01020408163265306,0.05912038952443877,0.043219224531571156,-0.042955428226145925,0.01020408163265306,0.0019835132434602755,0.01020408163265306,-0.08068427770473181,0.002505887113179485,0.01020408163265306,0.01020408163265306,0.01020408163265306,0.01020408163265306,0.01020408163265306,0.00016459274124454824,0.01020408163265306,0.01020408163265306,-0.03231311135138297,0.01020408163265306,0.01020408163265306,0.01020408163265306,-0.04232586276962158,-0.011969199996791817,-0.04711599684392776,0.01020408163265306,0.01020408163265306,0.01020408163265306,-0.017387741183082714,-0.057060896844150985,0.01020408163265306,0.008336852905101538,-0.08396811616162725,-0.0395357269373776,0.01020408163265306,0.01020408163265306,-0.0059645589965420884,0.01020408163265306,0.01020408163265306,0.01020408163265306,-0.05338598589564496,0.01020408163265306,0.01020408163265306,0.01020408163265306,0.01020408163265306,-0.004860558197307902,0.01020408163265306,0.01020408163265306,0.01020408163265306,0.01020408163265306,0.01020408163265306,0.01020408163265306,0.01020408163265306,0.01020408163265306,0.01020408163265306,0.01020408163265306,0.01020408163265306,0.01020408163265306,0.01020408163265306,0.01020408163265306,-0.07510785798461796,-0.0009658055649799362,0.01020408163265306,0.07231622270640313,0.01020408163265306,0.01020408163265306,0.01020408163265306,0.01020408163265306,0.01020408163265306,0.01020408163265306,-0.07149919351457434,0.01020408163265306,-0.055736389980192494,0.01020408163265306,0.01020408163265306,0.01020408163265306,0.01020408163265306,0.01020408163265306,0.01020408163265306,0.04685737351975608,0.04994655691953136,0.01020408163265306,0.01020408163265306,0.23364867991810248,0.06618367636335362,0.01020408163265306,0.01020408163265306,0.19542601207010785,0.039711410354165644,0.4316264495629818,0.01020408163265306,-0.10276415629411596
2026-06-02,0.01020408163265306,-0.012585663837284112,0.01020408163265306,-0.009986924811625176,-0.0511001411160165,0.01020408163265306,0.015516691220877793,0.01020408163265306,0.06179329296333366,0.04335976384568598,-0.04377952745587494,0.01020408163265306,0.003116445853557582,0.01020408163265306,-0.0758803524047964,0.005011695165912405,0.01020408163265306,0.01020408163265306,0.01020408163265306,0.01020408163265306,0.01020408163265306,-0.0016607146865428458,0.01020408163265306,0.01020408163265306,-0.035202803989582705,0.01020408163265306,0.01020408163265306,0.01020408163265306,-0.03842008524981617,-0.012472278339761613,-0.045230952929343544,0.01020408163265306,0.01020408163265306,0.01020408163265306,-0.023756844803747665,-0.06095836931229126,0.01020408163265306,0.006597472333418845,-0.08635741791549623,-0.04169076919767242,0.01020408163265306,0.01020408163265306,-0.0064695064842135355,0.01020408163265306,0.01020408163265306,0.01020408163265306,-0.05493164571860097,0.01020408163265306,0.01020408163265306,0.01020408163265306,0.01020408163265306,-0.0021867355114283515,0.01020408163265306,0.01020408163265306,0.01020408163265306,0.01020408163265306,0.01020408163265306,0.01020408163265306,0.01020408163265306,0.01020408163265306,0.01020408163265306,0.01020408163265306,0.01020408163265306,0.01020408163265306,0.01020408163265306,0.01020408163265306,-0.06581282363880807,-0.0058333232639686105,0.01020408163265306,0.07299739276445616,0.01020408163265306,0.01020408163265306,0.01020408163265306,0.01020408163265306,0.01020408163265306,0.01020408163265306,-0.07046392904517065,0.01020408163265306,-0.05504219794977343,0.01020408163265306,0.01020408163265306,0.01020408163265306,0.01020408163265306,0.01020408163265306,0.01020408163265306,0.041275122701545694,0.057458693397910675,0.01020408163265306,0.01020408163265306,0.22848939669189033,0.06992291310141124,0.01020408163265306,0.01020408163265306,0.1955933878888362,0.03823295597090114,0.4282081149900805,0.01020408163265306,-0.10040339245249287
2026-06-03,0.01020408163265306,-0.008568970480896892,0.01020408163265306,-0.007166258510154582,-0.05141559320301871,0.01020408163265306,0.014271194521669153,0.01020408163265306,0.055244991166840444,0.04220517604752229,-0.04487057536902643,0.01020408163265306,0.0012743778442401606,0.01020408163265306,-0.07465469432655397,0.0035183552660924197,0.01020408163265306,0.01020408163265306,0.01020408163265306,0.01020408163265306,0.01020408163265306,-0.0016801986096089926,0.01020408163265306,0.01020408163265306,-0.038269187655524145,0.01020408163265306,0.01020408163265306,0.01020408163265306,-0.03186810494406202,-0.014514505835359964,-0.048725230240675536,0.01020408163265306,0.009719818116215213,0.01020408163265306,-0.02236630614667215,-0.05888875014087169,0.01020408163265306,0.0035953495631522447,-0.08125844534067236,-0.043791762910045676,0.01020408163265306,0.01020408163265306,-0.006253377474064735,0.01020408163265306,0.01020408163265306,0.01020408163265306,-0.05360004802177065,0.01020408163265306,0.01020408163265306,0.01020408163265306,0.01020408163265306,-0.00021885840007741623,0.01020408163265306,0.01020408163265306,0.01020408163265306,0.01020408163265306,0.01020408163265306,0.01020408163265306,0.01020408163265306,0.01020408163265306,0.01020408163265306,0.01020408163265306,0.01020408163265306,0.01020408163265306,0.01020408163265306,0.01020408163265306,-0.07045417525374079,-0.006873044144565481,0.01020408163265306,0.0716644043488341,0.01020408163265306,0.01020408163265306,0.01020408163265306,0.01020408163265306,0.01020408163265306,0.01020408163265306,-0.07053969935264565,0.01020408163265306,-0.056500573088022865,0.01020408163265306,0.01020408163265306,0.01020408163265306,0.01020408163265306,0.01020408163265306,0.01020408163265306,0.04165766962400897,0.05944516043882936,0.01020408163265306,0.01020408163265306,0.2293140035920848,0.07277558106701132,0.01020408163265306,0.01020408163265306,0.1942619530516827,0.0321043982808419,0.4357574606727495,0.01020408163265306,-0.09678051374558073
2026-06-04,0.01020408163265306,-0.008523346601258799,0.01020408163265306,-0.003066821294332807,-0.05084691142073153,0.01020408163265306,0.011710675755348314,0.01020408163265306,0.05293594384845908,0.04266435207761183,-0.046907942482714675,0.01020408163265306,0.0041955509458732046,0.01020408163265306,-0.07024364114865533,0.0031437063414167825,0.01020408163265306,0.01020408163265306,0.01020408163265306,0.01020408163265306,0.01020408163265306,-0.006744390268128909,0.01020408163265306,0.01020408163265306,-0.033635810985005045,0.01020408163265306,0.01020408163265306,0.01020408163265306,-0.0379633627744075,-0.012682927481948865,-0.048065506244665775,0.01020408163265306,0.01020408163265306,0.01020408163265306,-0.027038898832813407,-0.06291087327950103,0.01020408163265306,0.004467533044953975,-0.08521667512948759,-0.045984659023091574,0.01020408163265306,0.01020408163265306,-0.006935326247411248,0.01020408163265306,0.01020408163265306,0.01020408163265306,-0.056693185239865815,0.01020408163265306,0.01020408163265306,0.01020408163265306,0.01020408163265306,0.00036234353768792825,0.01020408163265306,0.01020408163265306,0.01020408163265306,0.01020408163265306,0.01020408163265306,0.01020408163265306,0.01020408163265306,0.01020408163265306,0.01020408163265306,0.01020408163265306,0.01020408163265306,0.01020408163265306,0.01020408163265306,0.01020408163265306,-0.06573630334223413,0.00576691863760493,0.01020408163265306,0.0699271011185777,0.01020408163265306,0.01020408163265306,0.01020408163265306,0.01020408163265306,0.01020408163265306,0.01020408163265306,-0.06915112617019663,0.01020408163265306,-0.05951738300047074,0.01020408163265306,0.01020408163265306,0.01020408163265306,0.01020408163265306,0.01020408163265306,0.01020408163265306,0.03781546329255279,0.059734889220800745,0.01020408163265306,0.01020408163265306,0.22740366992204805,0.07598428413912482,0.01020408163265306,0.01020408163265306,0.19809814692572195,0.0379683225692388,0.4325039140619046,0.01020408163265306,-0.09947078569649383
2026-06-05,0.01020408163265306,-0.00914304764743948,0.01020408163265306,-0.0020224182081198198,-0.0505328387739829,0.01020408163265306,0.011844888144244847,0.01020408163265306,0.051848305235098625,0.04195278420806634,-0.04652627203692365,0.01020408163265306,0.004324245537636867,0.01020408163265306,-0.06927714903149026,0.0036176551369189605,0.01020408163265306,0.01020408163265306,0.01020408163265306,0.01020408163265306,0.01020408163265306,-0.007444589647669949,0.01020408163265306,0.01020408163265306,-0.03485735762698741,0.01020408163265306,0.01020408163265306,0.01020408163265306,-0.03659206812505944,-0.013136994086014204,-0.04780907372534171,0.01020408163265306,0.01020408163265306,0.01020408163265306,-0.026526011540396556,-0.06287586231774657,0.01020408163265306,0.006346214259429343,-0.08529147343216968,-0.04577543488362029,0.01020408163265306,0.01020408163265306,-0.007229335296349814,0.01020408163265306,0.01020408163265306,0.01020408163265306,-0.0566098207518933,0.01020408163265306,0.01020408163265306,0.01020408163265306,0.01020408163265306,-0.00014417678629435882,0.01020408163265306,0.01020408163265306,0.01020408163265306,0.01020408163265306,0.01020408163265306,0.01020408163265306,0.01020408163265306,0.01020408163265306,0.01020408163265306,0.01020408163265306,0.01020408163265306,0.01020408163265306,0.01020408163265306,0.01020408163265306,-0.06511078576187886,0.00366166621867358,0.01020408163265306,0.06980699608754576,0.01020408163265306,0.01020408163265306,0.01020408163265306,0.01020408163265306,0.01020408163265306,0.01020408163265306,-0.07046496328289967,0.01020408163265306,-0.05893721727712577,0.009844981687605617,0.01020408163265306,0.01020408163265306,0.01020408163265306,0.01020408163265306,0.01020408163265306,0.038293337845077276,0.06017975944069736,0.01020408163265306,0.01020408163265306,0.22707021412697662,0.07620135902367872,0.01020408163265306,0.01020408163265306,0.19889107487621996,0.0391616544383196,0.42915333022225977,0.01020408163265306,-0.09834055584088243
2026-06-08,0.01020408163265306,-0.018206122741437798,0.01020408163265306,-0.011616769933373244,-0.05186561399082025,0.01020408163265306,0.021125133946005882,0.01508071398123284,0.09207434333582103,0.04433488448020597,-0.04760189094003741,0.01020408163265306,-0.0007407631197001857,0.01020408163265306,-0.08116381302850247,-0.006189490667179791,0.01020408163265306,0.01020408163265306,0.01020408163265306,0.01020408163265306,0.01020408163265306,-0.007535571725017872,0.003068791507050161,0.01020408163265306,-0.04619245178297921,0.01020408163265306,0.01020408163265306,0.01020408163265306,-0.02736858502755793,-0.013108960617541477,-0.03994779127716782,0.01020408163265306,0.0072846387575256286,0.03677780175905225,-0.03420037230172702,-0.07382608889304165,0.01020408163265306,-0.004299412593996599,-0.08425411151738427,-0.04490965668660046,0.01020408163265306,0.01020408163265306,-0.0068080639015467,0.01020408163265306,0.01020408163265306,0.01020408163265306,-0.0551116636733433,0.01020408163265306,0.01020408163265306,0.01020408163265306,0.01020408163265306,-0.002877520354763909,0.01020408163265306,0.01020408163265306,0.01020408163265306,0.01020408163265306,0.01020408163265306,0.01020408163265306,0.01020408163265306,0.01020408163265306,0.01020408163265306,0.01020408163265306,0.01020408163265306,0.01020408163265306,0.01020408163265306,0.01020408163265306,-0.07466398706382005,-0.010196518123961341,0.01922440800330271,0.07099235281228373,0.01020408163265306,0.01020408163265306,0.01020408163265306,0.021374936309599028,0.014579011497108675,0.01020408163265306,-0.09177562845246802,0.01020408163265306,-0.0651231343301519,0.0011126072966881097,0.01020408163265306,0.014559235942709962,0.01020408163265306,0.011509610796252994,0.01020408163265306,0.035910840866665544,0.07098712450387602,0.01658421531548293,0.01020408163265306,0.21973915054944024,0.09055471344009247,0.01020408163265306,0.01020408163265306,0.19919871851949522,0.03638257723218998,0.43079601198413775,0.01020408163265306,-0.09407600335740453
2026-06-09,0.01020408163265306,-0.01182096643334545,0.01020408163265306,0.01020408163265306,-0.050304778781377374,0.01020408163265306,0.010210534765626094,0.01020408163265306,0.048466042229611955,0.03682761820838755,-0.04897613250748502,0.008136791622723308,0.003620738124618411,0.01020408163265306,-0.07138659357298346,0.0005974144855053903,0.01020408163265306,0.01020408163265306,0.01020408163265306,0.01020408163265306,0.01020408163265306,-0.008397629137861752,0.01020408163265306,0.01020408163265306,-0.03823486245077211,0.01020408163265306,0.01020408163265306,0.01020408163265306,-0.016219056661432606,-0.0117425636756081,-0.04497324293440956,0.01020408163265306,0.01020408163265306,0.01020408163265306,-0.03180863459371432,-0.07016922887061483,0.01020408163265306,0.0031305980835655252,-0.07711135139407778,-0.04404417442582327,0.01020408163265306,0.01020408163265306,-0.006845088141730458,0.01020408163265306,0.01020408163265306,0.01020408163265306,-0.059188322545447494,0.01020408163265306,0.01020408163265306,0.01020408163265306,0.01020408163265306,0.0018348504050546537,0.01020408163265306,0.01020408163265306,0.01020408163265306,0.01020408163265306,0.01020408163265306,0.01020408163265306,0.01020408163265306,0.01020408163265306,0.01020408163265306,0.01020408163265306,0.01020408163265306,0.01020408163265306,0.01020408163265306,0.01020408163265306,-0.05718951063003337,0.0030446340250219733,0.01020408163265306,0.06810879612114762,0.01020408163265306,0.01020408163265306,0.01020408163265306,0.01020408163265306,0.01020408163265306,0.01020408163265306,-0.07735049924349056,0.01020408163265306,-0.05788509702908279,0.01020408163265306,0.01020408163265306,0.01020408163265306,0.01020408163265306,0.01020408163265306,0.01020408163265306,0.037417746428470684,0.047697035129696794,0.01020408163265306,0.01020408163265306,0.23272992164613474,0.07360471218250353,0.01020408163265306,0.01020408163265306,0.1987004750462156,0.04093500539531951,0.43576871577295684,0.01020408163265306,-0.0998369578677595
2026-06-10,0.01020408163265306,0.0017257384309220837,0.01020408163265306,0.01020408163265306,-0.04445460951323976,0.01020408163265306,0.01020408163265306,0.01020408163265306,0.01020408163265306,0.020803668328725884,-0.04993934570787464,0.01020408163265306,0.0055991821512392645,0.01020408163265306,-0.059416643938425565,0.005343722491684512,0.01020408163265306,0.01020408163265306,0.01020408163265306,0.01020408163265306,0.01020408163265306,-0.005228032664653413,0.01020408163265306,0.01020408163265306,-0.03993816188847916,0.01020408163265306,0.01020408163265306,0.01020408163265306,-0.007186868394775498,-0.010733358507943715,-0.04506505543250265,0.01020408163265306,0.01020408163265306,0.01020408163265306,-0.03252712573238925,-0.07108845710813225,0.01020408163265306,0.0061659463333161284,-0.07585451976042816,-0.034370529468969555,0.01020408163265306,0.01020408163265306,-0.004818636253476874,0.01020408163265306,0.01020408163265306,0.01020408163265306,-0.059214966728341825,0.01020408163265306,0.01020408163265306,0.01020408163265306,0.01020408163265306,0.004850537287890977,0.01020408163265306,0.01020408163265306,0.01020408163265306,0.01020408163265306,0.01020408163265306,0.01020408163265306,0.01020408163265306,0.01020408163265306,0.01020408163265306,0.01020408163265306,0.01020408163265306,0.01020408163265306,0.01020408163265306,0.01020408163265306,-0.045604067081074916,0.01020408163265306,0.01020408163265306,0.06395916248927908,0.01020408163265306,0.01020408163265306,0.01020408163265306,0.01020408163265306,0.01020408163265306,0.01020408163265306,-0.057852606930028236,0.01020408163265306,-0.04825133886137356,0.01020408163265306,0.01020408163265306,0.01020408163265306,0.01020408163265306,0.01020408163265306,0.01020408163265306,0.030447719334070582,0.020513516316991585,0.01020408163265306,0.01020408163265306,0.2350886607227098,0.04026272004581056,0.01020408163265306,0.01020408163265306,0.20227342461381115,0.04479206718267205,0.43917315925869405,0.01020408163265306,-0.10292428877081074
2026-06-11,0.01020408163265306,-0.008712088781923947,0.01020408163265306,0.01020408163265306,-0.049156170274851106,0.01020408163265306,0.012033287558417203,0.01020408163265306,0.04454209457532412,0.04317285739361495,-0.05026156951552336,0.01020408163265306,0.002995000280590128,0.01020408163265306,-0.0681616544223862,-0.004226751561009837,0.01020408163265306,0.01020408163265306,0.01020408163265306,0.01020408163265306,0.01020408163265306,-0.006283066192862638,0.01020408163265306,0.01020408163265306,-0.03935023893454888,0.01020408163265306,0.01020408163265306,0.01020408163265306,7.0123865245491634e-06,-0.01308641035571048,-0.04490474315850515,0.01020408163265306,0.01020408163265306,0.01020408163265306,-0.0359094211289037,-0.06753801784483845,0.01020408163265306,0.006020797324840574,-0.09007591536222567,-0.04054830600484421,0.01020408163265306,0.01020408163265306,-0.005509116657127654,0.01020408163265306,0.01020408163265306,0.01020408163265306,-0.05375657984352475,0.01020408163265306,0.01020408163265306,0.01020408163265306,0.01020408163265306,-0.005083658518849133,0.01020408163265306,0.01020408163265306,0.01020408163265306,0.01020408163265306,0.01020408163265306,0.01020408163265306,0.01020408163265306,0.01020408163265306,0.01020408163265306,0.01020408163265306,0.01020408163265306,0.01020408163265306,0.01020408163265306,0.01020408163265306,-0.06921924482694192,-0.0004350385222762626,0.01020408163265306,0.0729926080424265,0.01020408163265306,0.01020408163265306,0.01020408163265306,0.01020408163265306,0.01020408163265306,0.01020408163265306,-0.0731014262787908,0.01020408163265306,-0.05910370184291287,0.0018701358481009664,0.01020408163265306,0.01020408163265306,0.01020408163265306,0.01020408163265306,0.01020408163265306,0.04484421440800813,0.04368173629972484,0.01020408163265306,0.01020408163265306,0.23781832063177466,0.04832472976240201,0.01020408163265306,0.01020408163265306,0.19602965345525825,0.047137475519182986,0.4390336029008607,0.01020408163265306,-0.08873346758298341
2026-06-12,0.01020408163265306,-0.013914533629997948,0.01020408163265306,0.01020408163265306,-0.048063505245703506,0.01020408163265306,0.012915379471332939,0.01020408163265306,0.04363651438964018,0.049527772851218906,-0.04858087615294783,0.005024109786252028,0.004530164097510862,0.01020408163265306,-0.0811685389181408,0.001353466450817284,0.01020408163265306,0.01020408163265306,0.01020408163265306,0.01020408163265306,0.01020408163265306,-0.00913438378439149,0.01020408163265306,0.01020408163265306,-0.032887607656201745,0.01020408163265306,0.01020408163265306,0.01020408163265306,0.001150423009382881,-0.007933806796051263,-0.04165294087167579,0.01020408163265306,0.01020408163265306,0.01020408163265306,-0.031215911742976866,-0.06564676727083586,0.01020408163265306,-0.000964092276911346,-0.0858285770666447,-0.03525267135878569,0.01020408163265306,0.01020408163265306,-0.008195568227051886,0.01020408163265306,0.01020408163265306,0.01020408163265306,-0.06284417067604377,0.01020408163265306,0.01020408163265306,0.01020408163265306,0.01020408163265306,-0.01087137277013416,0.01020408163265306,0.01020408163265306,0.01020408163265306,0.01020408163265306,0.01020408163265306,0.01020408163265306,0.01020408163265306,0.01020408163265306,0.01020408163265306,0.01020408163265306,0.01020408163265306,0.01020408163265306,0.01020408163265306,0.01020408163265306,-0.0477794893406071,0.008193449594741707,0.01020408163265306,0.07131110954195624,0.01020408163265306,0.01020408163265306,0.01020408163265306,0.01020408163265306,0.01020408163265306,0.01020408163265306,-0.09830573712599937,0.01020408163265306,-0.06408509955650722,0.01020408163265306,0.01020408163265306,0.01020408163265306,0.01020408163265306,0.01020408163265306,0.01020408163265306,0.038950554843944406,0.03109203517441262,0.01020408163265306,0.01020408163265306,0.2449957880062167,0.037993929754538816,0.01020408163265306,0.01020408163265306,0.20033082645577557,0.06457326842241756,0.43923126598507767,0.01020408163265306,-0.09313746859211804
2026-06-15,0.01020408163265306,-0.013267986999295283,0.01020408163265306,0.01020408163265306,-0.0470419252876007,0.01020408163265306,0.017924487312032035,0.01020408163265306,0.04686993537333961,0.05061898398810314,-0.0491083018227717,0.00463771925877442,0.004535028590397233,0.01020408163265306,-0.08632324146204567,-0.0012090863475713587,0.01020408163265306,0.01020408163265306,0.01020408163265306,0.01020408163265306,0.01020408163265306,-0.008988004217716191,0.01020408163265306,0.01020408163265306,-0.03447393748579399,0.01020408163265306,0.01020408163265306,0.01020408163265306,0.003874116536321976,-0.012314050837204151,-0.04129784386800648,0.01020408163265306,0.01020408163265306,0.01020408163265306,-0.03251730498382672,-0.06587199069054679,0.01020408163265306,0.003591156652589381,-0.08521771917925314,-0.03037791540759103,0.01020408163265306,0.01020408163265306,-0.005945661181394465,0.01020408163265306,0.01020408163265306,0.01020408163265306,-0.06769214271156135,0.01020408163265306,0.01020408163265306,0.01020408163265306,0.01020408163265306,-0.010063414188925474,0.01020408163265306,0.01020408163265306,0.01020408163265306,0.01020408163265306,0.01020408163265306,0.01020408163265306,0.01020408163265306,0.01020408163265306,0.01020408163265306,0.01020408163265306,0.01020408163265306,0.01020408163265306,0.01020408163265306,0.01020408163265306,-0.04211542261326288,0.0065748925090031995,0.01020408163265306,0.07047697373115411,0.01020408163265306,0.01020408163265306,0.01020408163265306,0.01020408163265306,0.01020408163265306,0.01020408163265306,-0.09794384640046275,0.01020408163265306,-0.06800256215055567,0.0033380590684894554,0.01020408163265306,0.01020408163265306,0.01020408163265306,0.01020408163265306,0.01020408163265306,0.042835987650408885,0.021827500652022217,0.01020408163265306,0.01020408163265306,0.2468123078859428,0.034518514387015316,0.01020408163265306,0.01020408163265306,0.20774840039795597,0.06832024405826967,0.4348340398096126,0.01020408163265306,-0.09201496961788293
2026-06-16,0.01020408163265306,-0.011075732929337742,0.01020408163265306,0.01020408163265306,-0.04996124124753823,0.01020408163265306,0.016389917461429412,0.01020408163265306,0.04731709834867971,0.050653908533665346,-0.0498252082081726,0.006236189584867515,0.004054775191398672,0.01020408163265306,-0.07952677511645673,-0.0006086927685334947,0.01020408163265306,0.01020408163265306,0.01020408163265306,0.01020408163265306,0.01020408163265306,-0.013543246448878775,0.01020408163265306,0.01020408163265306,-0.034898291954473935,0.01020408163265306,0.01020408163265306,0.01020408163265306,0.0024221687298164206,-0.01341138115432589,-0.04079620912066832,0.01020408163265306,0.01020408163265306,0.01020408163265306,-0.03178333418624766,-0.06582842460627476,0.01020408163265306,0.005117234946696673,-0.09356157772725315,-0.027470035061760135,0.01020408163265306,0.01020408163265306,-0.008002116688244442,0.01020408163265306,0.01020408163265306,0.01020408163265306,-0.06695907342515908,0.01020408163265306,0.01020408163265306,0.01020408163265306,0.01020408163265306,-0.008131361381587888,0.01020408163265306,0.01020408163265306,0.01020408163265306,0.01020408163265306,0.01020408163265306,0.01020408163265306,0.01020408163265306,0.01020408163265306,0.01020408163265306,0.01020408163265306,0.01020408163265306,0.01020408163265306,0.01020408163265306,0.01020408163265306,-0.04454468625764374,0.0055643740292576314,0.01020408163265306,0.06833437964962984,0.01020408163265306,0.01020408163265306,0.01020408163265306,0.01020408163265306,0.01020408163265306,0.01020408163265306,-0.0936741099401075,0.01020408163265306,-0.06584907260203418,0.0012926221991497594,0.01020408163265306,0.01020408163265306,0.01020408163265306,0.01020408163265306,0.01020408163265306,0.04412040041191416,0.026471742579017306,0.01020408163265306,0.01020408163265306,0.2465428101821399,0.03358459847601463,0.01020408163265306,0.01020408163265306,0.20570927233412006,0.06836645055415135,0.43563492974263757,0.01020408163265306,-0.0908112817217245
2026-06-17,0.01020408163265306,-0.011118807392345895,0.01020408163265306,0.01020408163265306,-0.04962761511185622,0.01020408163265306,0.016600473191636947,0.01020408163265306,0.04858671632676896,0.051007563375992444,-0.04962784637422725,0.005868622856413188,0.004065727214190208,0.01020408163265306,-0.08114829412949434,0.0002740462385707517,0.01020408163265306,0.01020408163265306,0.01020408163265306,0.01020408163265306,0.01020408163265306,-0.0130123844614449,0.01020408163265306,0.01020408163265306,-0.03545285518035107,0.01020408163265306,0.01020408163265306,0.01020408163265306,0.0044769594272298825,-0.012829251476222834,-0.040775935590476736,0.01020408163265306,0.01020408163265306,0.01020408163265306,-0.03656953078644813,-0.06378040458487748,0.01020408163265306,0.0039774669983234845,-0.08967517500193008,-0.030011121806984453,0.01020408163265306,0.01020408163265306,-0.007644901647146601,0.01020408163265306,0.01020408163265306,0.01020408163265306,-0.06761138925215746,0.01020408163265306,0.01020408163265306,0.01020408163265306,0.01020408163265306,-0.007393855668803786,0.01020408163265306,0.01020408163265306,0.01020408163265306,0.01020408163265306,0.01020408163265306,0.01020408163265306,0.01020408163265306,0.01020408163265306,0.01020408163265306,0.01020408163265306,0.01020408163265306,0.01020408163265306,0.01020408163265306,0.01020408163265306,-0.04399989560805746,0.004041078619353271,0.01020408163265306,0.06911442245605884,0.01020408163265306,0.01020408163265306,0.01020408163265306,0.01020408163265306,0.01020408163265306,0.01020408163265306,-0.0922043937435127,0.01020408163265306,-0.06611446663509288,0.0021411486898071912,0.01020408163265306,0.01020408163265306,0.01020408163265306,0.01020408163265306,0.01020408163265306,0.04515932410965879,0.026831433251715837,0.01020408163265306,0.01020408163265306,0.24572842452674581,0.036710568753978615,0.01020408163265306,0.01020408163265306,0.2019698983622737,0.06567926301319424,0.43552534155053335,0.01020408163265306,-0.0916093341028519
2026-06-18,0.01020408163265306,-0.013591136512371824,0.01020408163265306,0.01020408163265306,-0.048988658683572085,0.01020408163265306,0.014721434113476942,0.01020408163265306,0.07645812872139034,0.049818117195864084,-0.0491735210464791,0.005035657605935269,0.006480689564979457,0.01020408163265306,-0.08539647488149109,0.003686651717155486,0.01020408163265306,0.01020408163265306,0.01020408163265306,0.01020408163265306,0.010047980708827217,-0.014768830989131553,0.008415457391044531,0.01020408163265306,-0.03401747522959921,0.01020408163265306,0.01020408163265306,0.01020408163265306,0.01020408163265306,-0.010606528139088122,-0.03628844262415179,0.01020408163265306,0.008605221182439476,0.01020408163265306,-0.04449334450004492,-0.05946684608346321,0.01020408163265306,-0.002901165384025871,-0.10542660835940054,-0.03464419294800731,0.01020408163265306,0.01020408163265306,-0.00799161321273278,0.01020408163265306,0.01020408163265306,0.01020408163265306,-0.07057983285014138,0.01020408163265306,0.01020408163265306,0.01020408163265306,0.01020408163265306,-0.011420192251104197,0.01020408163265306,0.01020408163265306,0.01020408163265306,0.01020408163265306,0.01020408163265306,0.01020408163265306,0.01020408163265306,0.01020408163265306,0.01020408163265306,0.01020408163265306,0.01020408163265306,0.01020408163265306,0.01020408163265306,0.01020408163265306,-0.025858567000440223,-0.0024369834490872763,0.01020408163265306,0.06432182069995211,0.01020408163265306,0.01020408163265306,0.01020408163265306,0.01020408163265306,0.01020408163265306,0.01020408163265306,-0.09025069107613805,0.01020408163265306,-0.07230523345880324,0.01020408163265306,0.01020408163265306,0.01020408163265306,0.01020408163265306,0.01020408163265306,0.01020408163265306,0.031708941685216846,0.026620770037810798,0.01020408163265306,0.01020408163265306,0.2359513732703296,0.03304567091142443,0.01020408163265306,0.01020408163265306,0.20565169286380547,0.08241166996277288,0.43831609633181523,0.01020408163265306,-0.09293593324414996
2026-06-22,0.01020408163265306,-0.01949261842878903,0.01020408163265306,0.01020408163265306,-0.04867566242892732,0.01020408163265306,0.020531113605429935,0.01020408163265306,0.08098479803047774,0.046328276210686505,-0.049749674392095176,0.004742392323828163,0.008604678664248635,0.01020408163265306,-0.08098049667414471,0.002165793658772116,0.01020408163265306,0.01020408163265306,0.01020408163265306,0.01020408163265306,0.006060946697310292,-0.009411668496830056,0.0073571070697653375,0.01020408163265306,-0.0381088228880337,0.01020408163265306,0.01020408163265306,0.01020408163265306,0.01020408163265306,-0.010252702561873122,-0.03896782020102168,0.01020408163265306,-0.003708409118804403,0.01020408163265306,-0.038738977945011334,-0.06079111866145856,0.01020408163265306,0.004756863786480976,-0.10434412895843471,-0.036816083304101195,0.01020408163265306,0.01020408163265306,0.0011772697765977357,0.01020408163265306,0.01020408163265306,0.01020408163265306,-0.07418944281568399,0.01020408163265306,0.01020408163265306,0.01020408163265306,0.01020408163265306,-0.0036444114363371506,0.01020408163265306,0.01020408163265306,0.01020408163265306,0.01020408163265306,0.01020408163265306,0.01020408163265306,0.01020408163265306,0.01020408163265306,0.01020408163265306,0.01020408163265306,0.01020408163265306,0.01020408163265306,0.01020408163265306,0.01020408163265306,-0.02190955198607577,-0.013691728232021938,0.01020408163265306,0.06114950579859099,0.01020408163265306,0.01020408163265306,0.01020408163265306,0.01020408163265306,0.01020408163265306,0.01020408163265306,-0.08992090066242622,0.01020408163265306,-0.07547315862975487,0.01020408163265306,0.01020408163265306,0.01020408163265306,0.01020408163265306,0.01020408163265306,0.01020408163265306,0.032892552886674996,0.039323119695088504,0.01020408163265306,0.01020408163265306,0.23956472261711784,0.02886557632079089,0.01020408163265306,0.01020408163265306,0.19893078953275292,0.08622178543884414,0.4272879952803186,0.01020408163265306,-0.09032280753113499
2026-06-23,0.01020408163265306,-0.0191289229829539,0.01020408163265306,0.01020408163265306,-0.049611866782700784,0.01020408163265306,0.02213218395476261,0.01020408163265306,0.08313029323562496,0.043476861915585,-0.04906963604406632,0.0015912792595362789,0.008500936160265947,0.01020408163265306,-0.085193876663886,0.0037708723241202512,0.01020408163265306,0.01020408163265306,0.01020408163265306,0.01020408163265306,0.004474823944578802,-0.008075321791959864,0.006949586596431105,0.01020408163265306,-0.03392714290071378,0.01020408163265306,0.01020408163265306,0.01020408163265306,0.01020408163265306,-0.008735696231574002,-0.03799091842443856,0.01020408163265306,-0.004754138452499427,0.01020408163265306,-0.03397480930604108,-0.06137778306811445,0.01020408163265306,0.004224103348725366,-0.10618371381715766,-0.04048991409107945,0.01020408163265306,0.01020408163265306,0.001152450050941698,0.01020408163265306,0.01020408163265306,0.01020408163265306,-0.07342481475234036,0.01020408163265306,0.01020408163265306,0.01020408163265306,0.01020408163265306,-0.004752556778102754,0.01020408163265306,0.01020408163265306,0.01020408163265306,0.01020408163265306,0.01020408163265306,0.01020408163265306,0.01020408163265306,0.01020408163265306,0.01020408163265306,0.01020408163265306,0.01020408163265306,0.01020408163265306,0.01020408163265306,0.01020408163265306,-0.027190692380430183,-0.007404572602436899,0.01020408163265306,0.06186564971517417,0.01020408163265306,0.01020408163265306,0.01020408163265306,0.01020408163265306,0.01020408163265306,0.01020408163265306,-0.0893020025163293,0.01020408163265306,-0.0758663011548174,0.01020408163265306,0.01020408163265306,0.01020408163265306,0.01020408163265306,0.01020408163265306,0.01020408163265306,0.0340351503982569,0.038828540160360234,0.01020408163265306,0.01020408163265306,0.24505149455196443,0.027748969370671506,0.01020408163265306,0.01020408163265306,0.20255076878729023,0.08208442914290359,0.42637991713018747,0.01020408163265306,-0.09373852726492206
2026-06-24,0.01020408163265306,-0.020389792335174697,0.01020408163265306,0.01020408163265306,-0.04795505074186301,0.01020408163265306,0.025120658401891517,0.01020408163265306,0.0810940580550626,0.042916055086082976,-0.04875022879251411,0.0027966452264795343,0.008701057604015884,0.01020408163265306,-0.08899208884606159,0.0056720126667156095,0.01020408163265306,0.01020408163265306,0.01020408163265306,0.01020408163265306,0.0035279654676149373,-0.005093618627940458,0.009277159198988617,0.01020408163265306,-0.03717918682014105,0.01020408163265306,0.01020408163265306,0.01020408163265306,0.01020408163265306,-0.008852946742080954,-0.040097894487330914,0.01020408163265306,-0.005158596491868889,0.01020408163265306,-0.03698891093150443,-0.06084024965273631,0.01020408163265306,0.007393030483471328,-0.10663250338625793,-0.04091783917249895,0.01020408163265306,0.01020408163265306,7.277875611344e-05,0.01020408163265306,0.01020408163265306,0.01020408163265306,-0.07463735755437341,0.01020408163265306,0.01020408163265306,0.01020408163265306,0.01020408163265306,-0.0027870094504119543,0.01020408163265306,0.01020408163265306,0.01020408163265306,0.01020408163265306,0.01020408163265306,0.01020408163265306,0.01020408163265306,0.01020408163265306,0.01020408163265306,0.01020408163265306,0.01020408163265306,0.01020408163265306,0.01020408163265306,0.01020408163265306,-0.030502604932614086,-0.005563527095914256,0.01020408163265306,0.06200957479746024,0.01020408163265306,0.01020408163265306,0.01020408163265306,0.01020408163265306,0.01020408163265306,0.01020408163265306,-0.0862766525965096,0.01020408163265306,-0.07546821499071493,0.01020408163265306,0.01020408163265306,0.01020408163265306,0.01020408163265306,0.01020408163265306,0.01020408163265306,0.03158696226807266,0.0384794389082469,0.01020408163265306,0.01020408163265306,0.24407740705845513,0.030478494449304297,0.01020408163265306,0.01020408163265306,0.20471326692313757,0.08526924136918933,0.42199565662230437,0.01020408163265306,-0.09434208765327913
2026-06-25,0.01020408163265306,-0.03745878520062744,0.01020408163265306,0.01020408163265306,-0.05596580082586328,0.01020408163265306,0.035759705031584384,0.02496137403752592,0.11191486002663538,0.045819216535115316,-0.047230995074737485,0.0016511158757940361,0.0010134052531164135,0.006576352907146218,-0.09677488029648987,0.0014056324949232955,0.01020408163265306,0.01020408163265306,0.01020408163265306,0.01020408163265306,0.0009655513686632391,-0.002572876998283947,-0.005400018066567987,0.01020408163265306,-0.04118671596063251,0.01020408163265306,0.01020408163265306,0.01046945213550384,0.01020408163265306,-0.007636811743661152,-0.03301804037674896,0.01020408163265306,-0.00845623489489967,0.050305018808681025,-0.03466960668147287,-0.06363014203638555,0.01020408163265306,0.0010207836669897802,-0.11837251585236407,-0.04583877572811844,0.01020408163265306,0.01020408163265306,-0.00223016707992087,0.01020408163265306,0.01020408163265306,0.01020408163265306,-0.07245087302473498,0.01020408163265306,0.01020408163265306,0.01020408163265306,0.01020408163265306,-0.006157629313983856,0.01020408163265306,0.01020408163265306,0.01020408163265306,0.004424096016083249,0.01020408163265306,0.01020408163265306,0.01020408163265306,0.01020408163265306,0.01020408163265306,0.01020408163265306,0.01020408163265306,0.01020408163265306,0.01020408163265306,0.01020408163265306,-0.033768016468453656,-0.01855884514706488,0.01596242593045089,0.06526749049927903,0.01020408163265306,0.01020408163265306,0.01020408163265306,0.01020408163265306,0.01020408163265306,0.01020408163265306,-0.08971585372488806,0.01020408163265306,-0.08483510597958631,-0.002114165732849265,0.01020408163265306,0.01020408163265306,0.01020408163265306,0.01020408163265306,0.01020408163265306,0.0432478146576555,0.058276734739152014,0.01020408163265306,0.0025329667589069358,0.24139631210850454,0.059925656890454704,0.0021475984219704956,0.01020408163265306,0.1964870885002089,0.07741101322919602,0.417414143579252,0.01020408163265306,-0.08872111652976424
2026-06-26,0.01020408163265306,-0.00783733070800695,0.01020408163265306,0.01020408163265306,-0.03806189858123579,0.01020408163265306,0.01020408163265306,0.01020408163265306,0.02750202547265538,0.024470012163291845,-0.048186518271819634,0.009618023040597208,0.009902932546604173,0.01020408163265306,-0.0727444525920911,0.01020408163265306,0.01020408163265306,0.01020408163265306,0.01020408163265306,0.01020408163265306,0.00521118927741793,-0.001266575598446628,0.01020408163265306,0.01020408163265306,-0.027416888919459224,0.01020408163265306,0.01020408163265306,0.01020408163265306,0.01020408163265306,-0.0020908260345971694,-0.0398580094473858,0.01020408163265306,-0.005986985442629293,0.01020408163265306,-0.028923274672811285,-0.06693460283938417,0.01020408163265306,0.001912853352610478,-0.10143459934505698,-0.035286964133016324,0.01020408163265306,0.01020408163265306,0.0036748917554126712,0.01020408163265306,0.01020408163265306,0.01020408163265306,-0.07862094764463252,0.01020408163265306,0.01020408163265306,0.01020408163265306,0.01020408163265306,-0.004110944308973444,0.01020408163265306,0.01020408163265306,0.01020408163265306,0.01020408163265306,0.01020408163265306,0.01020408163265306,0.01020408163265306,0.01020408163265306,0.01020408163265306,0.01020408163265306,0.01020408163265306,0.01020408163265306,0.01020408163265306,0.01020408163265306,-0.007604444220747563,0.007332109770103059,0.01020408163265306,0.05600841486002569,0.01020408163265306,0.01020408163265306,0.01020408163265306,0.01020408163265306,0.01020408163265306,0.01020408163265306,-0.06423456186652231,0.01020408163265306,-0.06798588432482375,0.01020408163265306,0.01020408163265306,0.01020408163265306,0.01020408163265306,0.01020408163265306,0.01020408163265306,0.028815531821014047,0.02125871854769218,0.01020408163265306,0.01020408163265306,0.24668369584704428,0.01020408163265306,0.01020408163265306,0.01020408163265306,0.1967824955934093,0.07856859844862474,0.4253881371494115,0.01020408163265306,-0.09760514518407039
2026-06-29,0.01020408163265306,-0.020170375344082135,0.01020408163265306,0.01020408163265306,-0.047089042242186636,0.01020408163265306,0.023277327849546413,0.01020408163265306,0.0743182262826293,0.03181078185511943,-0.04508944407880312,0.003973324878437281,0.009261946146808864,0.01020408163265306,-0.09244531917630161,0.01020408163265306,0.01020408163265306,0.01020408163265306,0.01020408163265306,0.01020408163265306,0.003236651832260018,-0.0005251239400140637,0.01020408163265306,0.01020408163265306,-0.03241344812487296,0.01020408163265306,0.01020408163265306,0.01020408163265306,0.01020408163265306,-0.004291780783309291,-0.04263234423799435,0.01020408163265306,-0.01601283924217485,0.01767012087219464,-0.03762192100100055,-0.06404316326705836,0.01020408163265306,0.0028713821657999523,-0.10490905619157553,-0.051849921962180905,0.01020408163265306,0.01020408163265306,0.007745661910537282,0.01020408163265306,0.01020408163265306,0.01020408163265306,-0.07457557588451988,0.01020408163265306,0.01020408163265306,0.01020408163265306,0.01020408163265306,-0.0032924154375964763,0.01020408163265306,0.01020408163265306,0.01020408163265306,0.01020408163265306,0.01020408163265306,0.01020408163265306,0.01020408163265306,0.01020408163265306,0.01020408163265306,0.01020408163265306,0.01020408163265306,0.01020408163265306,0.01020408163265306,0.01020408163265306,-0.032941867054825415,0.007189853774473204,0.01020408163265306,0.05868746671266111,0.01020408163265306,0.01020408163265306,0.01020408163265306,0.01020408163265306,0.01020408163265306,0.01020408163265306,-0.08496985506075637,0.01020408163265306,-0.07856949926817929,0.00813664408479629,0.01020408163265306,0.01020408163265306,0.01020408163265306,0.01020408163265306,0.01020408163265306,0.027586270087774187,0.061284958668723216,0.01020408163265306,0.009806427189836384,0.2444026560664271,0.03333398462565244,0.01020408163265306,0.01020408163265306,0.20384120171335332,0.08412433145357089,0.4129759499725665,0.01020408163265306,-0.09413299217226657
2026-06-30,0.007831478824492503,-0.04276821074910618,0.01020408163265306,0.01020408163265306,-0.06150009773166287,0.01020408163265306,0.045393677065770334,0.03590604555417126,0.12276775474833762,0.04582441924707443,-0.039961725008222045,0.002840093061228303,-0.015590941636517421,0.0013473967359161135,-0.10233113097353241,-0.0004704337410368388,0.01020408163265306,0.01020408163265306,0.01020408163265306,0.01020408163265306,0.004497974700021819,-0.0020966399557870684,0.0008540469815810758,0.011117763634680715,-0.05082465491078429,0.01020408163265306,0.01020408163265306,0.029164178297030587,0.01020408163265306,-0.007942604496018123,-0.034318174149019914,0.01391158500438135,-0.027771721007750307,0.08796794759388776,-0.018779208061479168,-0.07518883286184744,0.01020408163265306,0.0028325030324578065,-0.10081093870172464,-0.07473149842482306,0.01020408163265306,0.01020408163265306,-0.0004198654683928403,0.01020408163265306,0.01020408163265306,0.01020408163265306,-0.07844898290214622,-0.001765915240875918,-0.019666567888329822,0.005391540451630101,0.01020408163265306,-0.013780350930317356,0.01020408163265306,0.01020408163265306,0.01020408163265306,-0.005093147340879954,0.01020408163265306,0.01020408163265306,0.01020408163265306,0.01020408163265306,0.01020408163265306,0.01020408163265306,0.01020408163265306,0.01020408163265306,0.01020408163265306,0.01020408163265306,-0.03872578937989478,-0.017331466127708313,0.04265702981772496,0.05607533446022194,0.0045220012580226045,0.01020408163265306,0.01020408163265306,0.060246976843453225,0.01020408163265306,0.01020408163265306,-0.12949474158822236,0.01020408163265306,-0.08155295352551525,-0.01513225444302767,0.01020408163265306,0.02747286047272332,0.01020408163265306,0.02971929403566176,-0.04395579500928807,0.030002898730820765,0.11999971025197043,0.04475706013637147,-0.01937397673906302,0.25237033859928687,0.06690970526586465,-0.044042641663867205,0.01020408163265306,0.1939990654362531,0.08839217959116265,0.41265717189853607,0.01020408163265306,-0.08151795474736447
2026-07-01,0.01020408163265306,-0.017104544044540496,0.01020408163265306,0.01020408163265306,-0.04780253396909079,0.01020408163265306,0.024448464746654304,0.01020408163265306,0.07507743775484227,0.03337592835128989,-0.04642123879043619,0.0035845894807308657,0.005736265377094051,0.01020408163265306,-0.09862332918585634,0.01020408163265306,0.01020408163265306,0.01020408163265306,0.01020408163265306,0.01020408163265306,0.001135717622219451,-0.009453262642601533,0.01020408163265306,0.01020408163265306,-0.03054891939385302,0.01020408163265306,0.01020408163265306,0.01020408163265306,0.01020408163265306,-0.005002450415318436,-0.043403044090214254,0.01020408163265306,-0.016512069348497915,0.018361242808004972,-0.026653847571850763,-0.06702171407134745,0.01020408163265306,0.01020408163265306,-0.09450142824217926,-0.036047237450093986,0.01020408163265306,0.01020408163265306,-0.00013645722424566326,0.01020408163265306,0.01020408163265306,0.01020408163265306,-0.08003027142707193,0.01020408163265306,0.01020408163265306,0.01020408163265306,0.01020408163265306,0.005959066759423833,0.01020408163265306,0.01020408163265306,0.01020408163265306,0.01020408163265306,0.01020408163265306,0.01020408163265306,0.01020408163265306,0.01020408163265306,0.01020408163265306,0.01020408163265306,0.01020408163265306,0.01020408163265306,0.01020408163265306,0.01020408163265306,-0.016320998590956814,-0.004343378901374036,0.01020408163265306,0.05347355580780802,0.01020408163265306,0.01020408163265306,0.01020408163265306,0.01020408163265306,0.01020408163265306,0.01020408163265306,-0.10510820218100303,0.01020408163265306,-0.07330974776561143,0.009057419041269141,0.01020408163265306,0.01020408163265306,0.01020408163265306,0.01020408163265306,0.01020408163265306,0.026752118380065762,0.05406804735990812,0.01020408163265306,0.0093921862535992,0.26402335307364855,0.021372351350038267,0.01020408163265306,0.01020408163265306,0.20034019512073942,0.08403276142497998,0.4129457201292312,0.01020408163265306,-0.09703664349458742
2026-07-02,0.01020408163265306,-0.016957026605531333,0.01020408163265306,0.01020408163265306,-0.04740617517502837,0.01020408163265306,0.021024489810364876,0.01020408163265306,0.07516256120723427,0.03549637715346007,-0.04732100513431837,0.004034143458353518,0.004574059828113536,0.01020408163265306,-0.09719447376712169,0.01020408163265306,0.01020408163265306,0.01020408163265306,0.01020408163265306,0.01020408163265306,0.002103112128755514,-0.007167755312096404,0.009035529469098007,0.01020408163265306,-0.032888069773852634,0.01020408163265306,0.01020408163265306,0.01020408163265306,0.01020408163265306,-0.006691009659186705,-0.03984045233508066,0.01020408163265306,-0.02228490474642613,0.017966553327451364,-0.029119270088542988,-0.07193950324382575,0.01020408163265306,0.007405132415622177,-0.08473807657958862,-0.03565494119373442,0.01020408163265306,0.01020408163265306,-8.861837006420882e-05,0.01020408163265306,0.01020408163265306,0.01020408163265306,-0.07895752903437475,0.01020408163265306,0.01020408163265306,0.007652248509340393,0.01020408163265306,0.004571226589527509,0.01020408163265306,0.01020408163265306,0.01020408163265306,0.00768098304650772,0.01020408163265306,0.01020408163265306,0.01020408163265306,0.01020408163265306,0.01020408163265306,0.01020408163265306,0.01020408163265306,0.01020408163265306,0.01020408163265306,0.01020408163265306,0.0016581829367969241,-0.016589717628712523,0.01020408163265306,0.05523527474260002,0.01020408163265306,0.01020408163265306,0.01020408163265306,0.01020408163265306,0.01020408163265306,0.01020408163265306,-0.10178899175879914,0.01020408163265306,-0.0775298358368354,0.007856053506451072,0.01020408163265306,0.01020408163265306,0.01020408163265306,0.01020408163265306,0.01020408163265306,0.023416322735409043,0.061398557601585975,0.01020408163265306,0.01020408163265306,0.26903463418942075,0.027147203468914763,0.01020408163265306,0.01020408163265306,0.18210215768486637,0.07177097678143016,0.4285897537738828,0.01020408163265306,-0.09239083118329118
2026-07-06,0.01020408163265306,-0.039370973887886636,0.01020408163265306,0.009915598091633178,-0.06324847549569892,0.01020408163265306,0.04160576358070081,0.03689660719402758,0.12293346988137657,0.046532426807015935,-0.042608986391061456,0.007594848175217613,-0.015488796496680208,-0.0015948070190378062,-0.09625061492853322,-0.003702945686864986,0.01020408163265306,0.01020408163265306,0.01020408163265306,0.01020408163265306,0.003034097593319778,-0.001242347465235506,-0.006218168458018683,0.01020408163265306,-0.04715097267859395,0.01020408163265306,0.01020408163265306,0.02210621583720221,0.01020408163265306,-0.00805306304990888,-0.023893096630607985,0.015272481530695103,-0.037427060752692816,0.09322934452327016,-0.01366379495457583,-0.06576683094618418,0.01020408163265306,-0.0034446064405023336,-0.09844728568853679,-0.0632792122039052,0.01020408163265306,0.01020408163265306,-0.0033399972058998934,0.01020408163265306,0.01020408163265306,0.01020408163265306,-0.07576853682764238,-0.00991219661704061,-0.03128848907179363,-0.0019063750551134573,0.01020408163265306,-0.015546098510455937,0.01020408163265306,0.01020408163265306,0.01020408163265306,-0.01170853755015691,0.01020408163265306,0.01020408163265306,0.01020408163265306,0.01020408163265306,0.011125142419915104,0.01020408163265306,0.01020408163265306,0.01020408163265306,0.01020408163265306,0.01020408163265306,-0.02782540018604763,-0.01818306155574899,0.04388019460752149,0.054696826812096325,-0.009864561474925227,0.01020408163265306,0.01020408163265306,0.05760105038936662,0.01020408163265306,0.01020408163265306,-0.13125543459580685,0.01020408163265306,-0.08249427574096495,-0.02001132021204116,0.01020408163265306,0.031367301785157314,0.01020408163265306,0.033931037655138004,-0.03273775826556732,0.04298222989341662,0.12002385494347957,0.04851791672510422,-0.013299326488381764,0.2694600968758061,0.06229781866074038,-0.056639820555473314,0.01020408163265306,0.1701087324382055,0.0805600125897254,0.42785500236826984,0.01020408163265306,-0.07885402596428538
2026-07-07,0.01020408163265306,-0.015440188193125108,0.01020408163265306,0.01020408163265306,-0.04858312905970023,0.01020408163265306,0.021767777834476663,0.01020408163265306,0.07379026731220534,0.03735579297755253,-0.04677149027852289,-0.0013935624616673251,0.003171743865132199,0.01020408163265306,-0.0894603055705092,0.01020408163265306,0.01020408163265306,0.01020408163265306,0.01020408163265306,0.01020408163265306,0.0032064063230798365,-0.009137615478580502,0.009987952399589179,0.01020408163265306,-0.023722113658958044,0.01020408163265306,0.01020408163265306,0.01020408163265306,0.01020408163265306,-0.005892244771076164,-0.04208242380104211,0.01020408163265306,-0.024982823673643045,0.011237188227479886,-0.0323678923537893,-0.06738475917493711,0.01020408163265306,0.0098141572464222,-0.08962405997056651,-0.037514236343953816,0.01020408163265306,0.01020408163265306,-0.003480131615265572,0.01020408163265306,0.01020408163265306,0.01020408163265306,-0.07848299857861607,0.01020408163265306,0.01020408163265306,0.010024867301976676,0.01020408163265306,0.009371100545175289,0.01020408163265306,0.01020408163265306,0.01020408163265306,0.008499091187426002,0.01020408163265306,0.01020408163265306,0.01020408163265306,0.01020408163265306,0.01020408163265306,0.01020408163265306,0.01020408163265306,0.01020408163265306,0.01020408163265306,0.01020408163265306,0.007851860213674632,-0.030954447471185295,0.01020408163265306,0.050176334650805184,0.01020408163265306,0.01020408163265306,0.01020408163265306,0.01020408163265306,0.01020408163265306,0.01020408163265306,-0.09856983682868863,0.01020408163265306,-0.07362113572818582,0.010188439827504645,0.01020408163265306,0.01020408163265306,0.01020408163265306,0.01020408163265306,0.01020408163265306,0.03298378835802373,0.06876390577977141,0.01020408163265306,0.01020408163265306,0.26226110042005657,0.018431205714086872,0.01020408163265306,0.01020408163265306,0.17243444037732827,0.08561153486085069,0.42393211905759826,0.01020408163265306,-0.0930283325294279
2026-07-08,0.01020408163265306,-0.01879674959892473,0.01020408163265306,0.01020408163265306,-0.044528300589841065,0.01020408163265306,0.017646686109108675,0.011732477137135242,0.07426966698762613,0.03465403504669657,-0.04687068142553196,-0.0038547761059983653,0.003790079609940224,0.01020408163265306,-0.09035733670232339,0.01020408163265306,0.01020408163265306,0.01020408163265306,0.01020408163265306,0.01020408163265306,0.006031771331361943,-0.004408137753343295,0.01020408163265306,0.01020408163265306,-0.03415235321568882,0.01020408163265306,0.01020408163265306,0.01020408163265306,0.01020408163265306,-0.004208158080061971,-0.040725364348865846,0.01020408163265306,-0.027509296980669944,0.015224654265311763,-0.03525743054320861,-0.0630712035285228,0.01020408163265306,0.008235713319737447,-0.09120995043727623,-0.036438221868911096,0.01020408163265306,0.01020408163265306,0.005509360329767136,0.01020408163265306,0.01020408163265306,0.01020408163265306,-0.07557496767035843,0.01020408163265306,0.01020408163265306,0.01020408163265306,0.01020408163265306,0.01020408163265306,0.01020408163265306,0.01020408163265306,0.01020408163265306,0.004007055236570189,0.01020408163265306,0.01020408163265306,0.01020408163265306,0.01020408163265306,0.01020408163265306,0.01020408163265306,0.01020408163265306,0.01020408163265306,0.01020408163265306,0.01020408163265306,0.0009012603181219811,-0.031544451386845335,0.01020408163265306,0.05034944690899,0.01020408163265306,0.01020408163265306,0.01020408163265306,0.01020408163265306,0.01020408163265306,0.01020408163265306,-0.0982166076312945,0.01020408163265306,-0.0675625183735538,0.0052349779803385526,0.01020408163265306,0.01020408163265306,0.01020408163265306,0.01020408163265306,0.01020408163265306,0.040452883427406064,0.07187248798783043,0.01020408163265306,0.01020408163265306,0.2521969230373426,0.021968886085833035,0.01020408163265306,0.01020408163265306,0.17361345355484312,0.09422101387498866,0.4141312858757189,0.01020408163265306,-0.09379842850997912
2026-07-09,0.01020408163265306,-0.022068788593251475,0.01020408163265306,0.01020408163265306,-0.042415481287745374,0.01020408163265306,0.014262604915077783,0.012427402887171396,0.06804127099499865,0.03800509055252552,-0.04709975303794821,-0.0018808455455075722,0.005454636609958371,0.01020408163265306,-0.08617939276615201,0.01020408163265306,0.01020408163265306,0.01020408163265306,0.01020408163265306,0.01020408163265306,0.004934024288665628,-0.001951494922639966,0.01020408163265306,0.01020408163265306,-0.027443808533715135,0.01020408163265306,0.01020408163265306,0.01020408163265306,0.01020408163265306,-0.006998902966235196,-0.03923369310119797,0.01020408163265306,-0.027303463589797274,0.018353697321109155,-0.026437854149163602,-0.060101631655553586,0.01020408163265306,0.01020408163265306,-0.09608589840981625,-0.04248837170260639,-0.0006542643943430425,0.01020408163265306,0.005159430282219153,0.01020408163265306,0.01020408163265306,0.01020408163265306,-0.07322124049134375,0.01020408163265306,0.01020408163265306,0.01020408163265306,0.01020408163265306,0.00617862418121316,0.01020408163265306,0.01020408163265306,0.01020408163265306,0.0012743783000955106,0.01020408163265306,0.01020408163265306,0.01020408163265306,0.01020408163265306,0.01020408163265306,0.01020408163265306,0.01020408163265306,0.01020408163265306,0.01020408163265306,0.01020408163265306,-0.0051417156558360815,-0.02936187960636879,0.01020408163265306,0.05136061729079622,0.01020408163265306,0.01020408163265306,0.01020408163265306,0.01020408163265306,0.01020408163265306,0.01020408163265306,-0.09659948561953462,0.01020408163265306,-0.06216264623668383,-0.0004588071539577323,0.01020408163265306,0.01020408163265306,0.01020408163265306,0.01020408163265306,0.01020408163265306,0.044047657622259186,0.07492345797854313,0.01020408163265306,0.01020408163265306,0.2585739258405025,0.015483507871771222,0.01020408163265306,0.01020408163265306,0.18151526252016165,0.1038491363961177,0.3941549817938993,0.01020408163265306,-0.09454702292156493
2026-07-10,0.01020408163265306,-0.038489204662123216,0.01020408163265306,0.00965324034684032,-0.05469917161939493,0.01020408163265306,0.029726065238883465,0.03434304525220422,0.10252063352373855,0.049437450584019556,-0.04486049069097367,-0.0067277719355714,-0.0006929289652442914,0.00024331102213823348,-0.08904197947235055,0.01020408163265306,0.01020408163265306,0.01020408163265306,0.01020408163265306,0.01020408163265306,0.002776747132647598,0.0037804760863569967,0.006538333001512419,0.01020408163265306,-0.03778455306371864,0.01020408163265306,0.01020408163265306,0.01020408163265306,0.01020408163265306,-0.008660940807535494,-0.03456983049315844,0.01020408163265306,-0.04153722520798344,0.05927294126659376,-0.01742038967065656,-0.04759305872249613,0.01020408163265306,0.01020408163265306,-0.10131260781741028,-0.05569283309199395,-0.0034518290157169243,0.01020408163265306,-0.0010396918911780972,0.01020408163265306,0.01020408163265306,0.01020408163265306,-0.07349133497505203,0.001603707492569155,-0.020214136975290203,0.01020408163265306,0.01020408163265306,0.003459593055638097,0.01020408163265306,0.01020408163265306,0.01020408163265306,-0.01384982652753333,0.01020408163265306,0.01020408163265306,0.01020408163265306,0.01020408163265306,0.01020408163265306,0.01020408163265306,0.01020408163265306,0.01020408163265306,0.01020408163265306,0.01020408163265306,-0.0020916574950943408,-0.03259080917143772,0.017705309832385125,0.04797145301597265,0.01020408163265306,0.01020408163265306,0.01020408163265306,0.01020408163265306,0.01020408163265306,0.01020408163265306,-0.10396473026851803,0.01020408163265306,-0.06595448549415912,-0.01837515967571854,0.01020408163265306,0.01020408163265306,0.01020408163265306,0.01020408163265306,0.01020408163265306,0.05873893967030386,0.11713106885185236,0.01020408163265306,0.0010846619013478269,0.26317991353413267,0.03248206792522435,-0.03098875094219871,0.01020408163265306,0.17946684275169347,0.11775875351360793,0.38489974545761196,0.01020408163265306,-0.08888298343741964
2026-07-13,0.01020408163265306,-0.03828786922202464,0.01020408163265306,0.009874653495423954,-0.055881771848001305,0.01020408163265306,0.029157766704303853,0.034305223070512654,0.10195325320977022,0.049461887577466,-0.04546671207908386,-0.004864170129093029,-0.0008856594781386663,0.0012982341112302061,-0.08834046965229271,0.01020408163265306,0.01020408163265306,0.01020408163265306,0.01020408163265306,0.01020408163265306,0.003479660046183942,0.00336886629983711,0.008370981639664803,0.01020408163265306,-0.03775293128133077,0.01020408163265306,0.01020408163265306,0.01020408163265306,0.01020408163265306,-0.009243157246664123,-0.03392662163786468,0.01020408163265306,-0.042048928103669,0.05852542707162248,-0.013463619147579117,-0.04946869475982637,0.01020408163265306,0.01020408163265306,-0.10245990010467623,-0.056311823527177965,-0.003425916696071358,0.01020408163265306,-0.0025498281692611213,0.01020408163265306,0.01020408163265306,0.01020408163265306,-0.07511110749407987,0.004193200606900062,-0.01944454828740124,0.01020408163265306,0.01020408163265306,0.005372603653886305,0.01020408163265306,0.01020408163265306,0.01020408163265306,-0.015859568152224945,0.01020408163265306,0.01020408163265306,0.01020408163265306,0.01020408163265306,0.01020408163265306,0.01020408163265306,0.01020408163265306,0.01020408163265306,0.01020408163265306,0.01020408163265306,-0.005290538438047332,-0.030348250304234763,0.01687136911977705,0.04781324545709622,0.01020408163265306,0.01020408163265306,0.01020408163265306,0.01020408163265306,0.01020408163265306,0.01020408163265306,-0.1022153481335289,0.01020408163265306,-0.06608824204146412,-0.018802933393726268,0.01020408163265306,0.01020408163265306,0.01020408163265306,0.01020408163265306,0.01020408163265306,0.059383708772173915,0.11624942920008341,0.01020408163265306,0.0010935546672668963,0.26437738713154396,0.03250580078316883,-0.03350043422498825,0.01020408163265306,0.18062156902565585,0.11650583304500861,0.38582468064227005,0.01020408163265306,-0.08977337341104887
2026-07-14,0.01020408163265306,-0.036178652611833985,0.01020408163265306,0.009952736977254604,-0.0550316508411824,0.01020408163265306,0.02901001217934717,0.033626109015002,0.09946330463822577,0.04855100258931714,-0.04624623287778686,-0.004149976692050713,-0.0007557100618341885,0.00281105674271815,-0.08824691396269038,0.01020408163265306,0.01020408163265306,0.01020408163265306,0.01020408163265306,0.01020408163265306,0.003723192751650785,0.003795710785753568,0.01020408163265306,0.01020408163265306,-0.038946475444392024,0.01020408163265306,0.01020408163265306,0.01020408163265306,0.01020408163265306,-0.0080993470907338,-0.03382549056476208,0.01020408163265306,-0.04316868823140026,0.05831717366730541,-0.012372008118680484,-0.05274014621940705,0.01020408163265306,0.01020408163265306,-0.10281484721331648,-0.05646579194967684,-0.005469309216918865,0.01020408163265306,-0.0017528966234687839,0.01020408163265306,0.01020408163265306,0.01020408163265306,-0.07578696082521255,0.0025241453276094294,-0.01753382570067842,0.01020408163265306,0.01020408163265306,0.005041822162968834,0.01020408163265306,0.01020408163265306,0.01020408163265306,-0.01444264186380591,0.01020408163265306,0.01020408163265306,0.01020408163265306,0.01020408163265306,0.01020408163265306,0.01020408163265306,0.01020408163265306,0.01020408163265306,0.01020408163265306,0.01020408163265306,-0.004863214306810502,-0.02985534667594033,0.017799774820137854,0.04784892176811686,0.01020408163265306,0.01020408163265306,0.01020408163265306,0.010219895782232324,0.01020408163265306,0.01020408163265306,-0.10218476694812763,0.01020408163265306,-0.06646706395430543,-0.019698190537288336,0.01020408163265306,0.01020408163265306,0.01020408163265306,0.01020408163265306,0.01020408163265306,0.05771758302031699,0.1183056936979347,0.01020408163265306,0.0020877408934090683,0.2638273267991489,0.03435991905032222,-0.03252654724845798,0.01020408163265306,0.18031499944138435,0.11379000287844429,0.38698891626180293,0.01020408163265306,-0.09065842710229412
2026-07-15,-0.0017261560217496866,-0.040578009411530294,0.01020408163265306,0.007299619931688345,-0.05739315642128204,0.01020408163265306,0.03005794986169036,0.06471939151113582,0.13972002832808422,0.04910752272888542,-0.0394628157728937,0.0031817076463403387,-0.02272498640083183,-0.00923803316424497,-0.08251118025261453,0.005867836843153104,0.01020408163265306,0.01020408163265306,0.01649311082863953,0.01020408163265306,0.01020408163265306,0.01020408163265306,0.0038329396005936447,0.011704184206542258,-0.06746727336645757,0.01020408163265306,0.01020408163265306,0.039308633892068894,0.01020408163265306,-0.004998159655348789,-0.010193797503984482,0.028144958343882233,-0.05856717331528302,0.0937367162494977,-0.013615388890969542,-0.045947254004988294,0.00489162222756162,-0.013299175964840577,-0.09262247579890527,-0.0951808206275998,0.0006945585200093373,-0.017207375122383267,0.005794514360145442,0.01020408163265306,-0.005971724070595251,0.01020408163265306,-0.07474410061423133,-0.0273985105775782,-0.060855275984435436,0.004973620066492549,0.01020408163265306,-0.015323407372738513,0.01020408163265306,0.01020408163265306,0.01020408163265306,-0.022256981761192764,0.01020408163265306,0.0005159958231550979,0.01020408163265306,0.01020408163265306,0.02613397366637931,0.01020408163265306,0.01020408163265306,0.01020408163265306,0.01020408163265306,0.01020408163265306,-0.026399160362451587,-0.013180374111492558,0.05661499668721766,0.0520672804378428,-0.032629550876249414,-0.043067730208412466,0.01020408163265306,0.09350488604174804,0.02918273848623091,0.01020408163265306,-0.12105054870393019,0.01020408163265306,-0.07890535478964071,-0.047411629769799075,0.01020408163265306,0.07341740485511024,0.01020408163265306,0.04991780544306966,-0.029611117243267218,0.07289785929160487,0.18445577658160583,0.023808192512474714,-0.033427101660223085,0.26357383039470245,0.09046880007780618,-0.10791716452686648,0.007121544069668211,0.12749553605906505,0.1147063806233116,0.4199034229047891,-0.024171515956331123,-0.0541792261637883
2026-07-16,0.01020408163265306,-0.009667024968155294,0.01020408163265306,0.01020408163265306,-0.03176487764636975,0.01020408163265306,0.01020408163265306,0.01020408163265306,0.014033941814918625,0.030551102798940584,-0.04732987708935948,0.0027206688758846928,0.006523225702133849,0.01020408163265306,-0.06105363355422651,0.01020408163265306,0.01020408163265306,0.01020408163265306,0.01020408163265306,0.01020408163265306,0.0023773216315118445,-0.00035065618947922525,0.01020408163265306,0.01020408163265306,-0.03607883667929556,0.01020408163265306,0.01020408163265306,0.01020408163265306,0.01020408163265306,0.01020408163265306,-0.025318615160300748,0.01020408163265306,-0.02320691985197923,0.01020408163265306,-0.02324963414130459,-0.03636322038130649,0.01020408163265306,-0.013285111547176024,-0.08722849714724952,-0.042043616935928146,-0.00037738216488910313,0.005290640220106029,0.0033693202457247716,0.01020408163265306,0.01020408163265306,0.01020408163265306,-0.07728577911758248,0.01020408163265306,0.01020408163265306,0.01020408163265306,0.01020408163265306,0.007313483660312909,0.01020408163265306,0.01020408163265306,0.01020408163265306,0.01020408163265306,0.01020408163265306,0.01020408163265306,0.01020408163265306,0.01020408163265306,0.01020408163265306,0.01020408163265306,0.01020408163265306,0.01020408163265306,0.01020408163265306,0.01020408163265306,0.01020408163265306,-0.041048024060761475,0.01020408163265306,0.044923762455719114,0.01020408163265306,0.01020408163265306,0.01020408163265306,0.01020408163265306,0.01020408163265306,0.01020408163265306,-0.08560455181815657,0.01020408163265306,-0.05590297198683655,0.005822156264543918,0.01020408163265306,0.01020408163265306,0.01020408163265306,0.01020408163265306,0.01020408163265306,0.03880099459794607,0.08179036392907521,0.01020408163265306,0.01020408163265306,0.23081624843740942,0.01020408163265306,0.01020408163265306,0.01020408163265306,0.14485360497831304,0.09910812510037206,0.4156282763130266,0.01020408163265306,-0.07962114944272493
2026-07-17,0.01020408163265306,-0.03873799136451079,0.01020408163265306,0.009288317418470542,-0.04880847350700962,0.01020408163265306,0.01020408163265306,0.04450941725588106,0.09388275396225516,0.04869259027269165,-0.04296654543433378,-0.0021274263462810576,-0.005937444320909138,0.0006963232821263973,-0.07450701274995357,0.01020408163265306,0.01020408163265306,0.01020408163265306,0.01020408163265306,0.01020408163265306,0.009578897688814841,0.005777050487484785,0.008765780674401804,0.01020408163265306,-0.0503777318627387,0.01020408163265306,0.01020408163265306,0.01020408163265306,0.01020408163265306,0.006349820571755356,-0.016678879750731984,0.01020408163265306,-0.035615088524379404,0.05749266865529644,-0.03218797983663833,-0.014299078311894949,0.01020408163265306,-0.03338199943263414,-0.06184333454722239,-0.06541843365293468,-0.016769773354925993,-0.012707788375304044,-0.0019927903949973035,0.01020408163265306,0.01020408163265306,0.01020408163265306,-0.08155656271248478,0.009810177050689043,-0.02391790665146014,0.01020408163265306,0.01020408163265306,0.0032916524367285266,0.01020408163265306,0.01020408163265306,0.01020408163265306,-0.007014183893766337,0.01020408163265306,0.01020408163265306,0.01020408163265306,0.01020408163265306,0.018257868243965573,0.01020408163265306,0.01020408163265306,0.01020408163265306,0.01020408163265306,0.01020408163265306,-0.00047763640860284604,-0.030838412220388182,0.028215101746143847,0.04852740584400399,-0.012591408719307433,0.01020408163265306,0.01020408163265306,0.01748483483853709,0.01020408163265306,0.01020408163265306,-0.11981957098861788,0.01020408163265306,-0.06918897444128073,-0.019605794399192925,0.01020408163265306,0.01020408163265306,0.01020408163265306,0.01020408163265306,0.01020408163265306,0.06290697643537398,0.1225090041888261,0.01020408163265306,-0.01573030593911868,0.24970035332235344,0.05628835219255118,-0.00900640769566064,0.01020408163265306,0.14745007809808588,0.09416581256852659,0.4064474260102063,0.01020408163265306,-0.07537148250993021
2026-07-20,0.01020408163265306,-0.029171421872873624,0.01020408163265306,0.01020408163265306,-0.04395393903321904,0.01020408163265306,0.01020408163265306,0.02156984502134406,0.06901222463403649,0.04249359746474772,-0.04414517331343677,-0.005695834984911616,0.002346523568964684,0.01020408163265306,-0.07325099196616044,0.01020408163265306,0.01020408163265306,0.01020408163265306,0.01020408163265306,0.01020408163265306,0.009286777869449548,-0.0006094841143160987,0.01020408163265306,0.01020408163265306,-0.03420956453528379,0.01020408163265306,0.01020408163265306,0.01020408163265306,0.01020408163265306,0.008169100680284688,-0.01608623881268033,0.01020408163265306,-0.02926359941744764,0.019459113078681558,-0.024752919944537183,-0.02010838905219723,0.01020408163265306,-0.02230810500221498,-0.080758210505741,-0.0515044226961083,-0.01291463487231992,-0.001799750873969946,-0.0016371463335360364,0.01020408163265306,0.01020408163265306,0.01020408163265306,-0.08493612525873821,0.01020408163265306,0.004936083142235584,0.01020408163265306,0.01020408163265306,0.008538138590647478,0.01020408163265306,0.01020408163265306,0.01020408163265306,-0.0020559352703256057,0.01020408163265306,0.01020408163265306,0.01020408163265306,0.01020408163265306,0.01020408163265306,0.01020408163265306,0.01020408163265306,0.01020408163265306,0.01020408163265306,0.01020408163265306,0.01020408163265306,-0.03611528009431005,0.01020408163265306,0.04599772778405168,0.01020408163265306,0.01020408163265306,0.01020408163265306,0.01020408163265306,0.01020408163265306,0.01020408163265306,-0.11326000098528877,0.01020408163265306,-0.061976600788641215,-0.011118829931492222,0.01020408163265306,0.01020408163265306,0.01020408163265306,0.01020408163265306,0.01020408163265306,0.05611960760305182,0.10558300883812403,0.01020408163265306,0.005086529903392449,0.226403011373444,0.032518188198281034,0.01020408163265306,0.01020408163265306,0.14460600859032444,0.10292355841051518,0.4072456097685618,0.01020408163265306,-0.0820906262889597
2026-07-21,0.01020408163265306,-0.04689840268585899,0.01020408163265306,0.007905860589256321,-0.052705471147514005,0.01020408163265306,0.01531185909558972,0.059573767485708445,0.12245163959894018,0.0489020559346065,-0.041883504216524654,-0.004726623189477882,-0.020032999594272315,-0.0060060940776203945,-0.08262712295738525,0.01020408163265306,0.01020408163265306,0.01020408163265306,0.01020408163265306,0.01020408163265306,0.01020408163265306,0.01020408163265306,-0.0017654474294806436,0.01020408163265306,-0.061407088026192005,0.01020408163265306,0.01020408163265306,0.019364246200978163,0.01020408163265306,0.003762638953372699,-0.008507542303354354,0.01020408163265306,-0.046951216608384645,0.10000960222848786,-0.019848611193760003,-0.005629253549934614,0.01020408163265306,-0.028179846092680136,-0.06466763210399949,-0.08110253743922306,-0.00791988517810536,-0.004923062009183641,-0.0016496604498975245,0.01020408163265306,-0.01957965502176618,0.01020408163265306,-0.08024941183072568,-0.0009710599121037552,-0.054059235624680915,0.01020408163265306,0.01020408163265306,-0.0038866283058015625,0.01020408163265306,0.01020408163265306,0.01020408163265306,-0.02026319321902429,0.01020408163265306,0.0014169964149931841,0.01020408163265306,0.01020408163265306,0.029713523501897467,0.01020408163265306,0.01020408163265306,0.01020408163265306,0.01020408163265306,-0.00032279079964442,-0.009818012735721233,-0.016313185517157602,0.06720467118643746,0.04715052274300071,-0.02072091022731755,0.005036240868376952,0.01020408163265306,0.04888984654632607,0.01020408163265306,0.01020408163265306,-0.13803119765677638,0.01020408163265306,-0.0783000821366922,-0.03088742364808284,0.01020408163265306,0.01827417570407472,0.01020408163265306,0.020305273844771952,0.01020408163265306,0.07903020926906354,0.13988599645151029,0.025894628690364206,-0.031154072565663583,0.24373960244648799,0.07371528936125304,-0.05274174560762894,0.01020408163265306,0.13341878885519837,0.09821012208666083,0.42283135892081386,0.0012756943974148206,-0.07629910835476564
2026-07-22,0.01020408163265306,-0.05020242161661553,0.01020408163265306,0.008964654856667139,-0.05278144050334485,0.01020408163265306,0.014193071075376647,0.06384677161521982,0.1363216912069179,0.042976296927962336,-0.04376581125793893,-0.006112330732744439,-0.021091126868485598,-0.009469010406848858,-0.08924355418692552,0.01020408163265306,0.01020408163265306,0.01020408163265306,0.01020408163265306,0.01020408163265306,0.01020408163265306,0.00789865760178853,0.0005459889995383001,0.011127114197217474,-0.05709185923588464,0.01020408163265306,0.01020408163265306,0.021966080403983686,0.01020408163265306,0.004968450208427676,-0.006034765424819217,0.01020408163265306,-0.05797226247573539,0.10733420168416966,-0.01944601087095301,-0.0056017815776202035,0.01020408163265306,-0.0347201627145387,-0.06476980948470207,-0.0883230543380357,-0.008536762207997305,0.0014263493772442917,0.004600106515351139,0.01020408163265306,-0.026466560837854085,0.01020408163265306,-0.07797010596719145,-0.005160099567226422,-0.05077815013015355,0.01020408163265306,0.01020408163265306,-0.0016843144328330603,0.01020408163265306,0.01020408163265306,0.01020408163265306,-0.01594982849364404,0.01020408163265306,-0.005756783502082032,0.01020408163265306,0.01020408163265306,0.02818829738045879,0.01020408163265306,0.01020408163265306,0.01020408163265306,0.01020408163265306,0.01020408163265306,-0.032774065027067395,-0.0023718601596796098,0.06755866401430496,0.04475280072236341,-0.024477056858328933,-0.015431821050087174,0.01020408163265306,0.051104217206266636,0.015344145046944237,0.01111772704937094,-0.1195849526889932,0.01020408163265306,-0.07753176693031308,-0.025291095922906195,0.01020408163265306,0.04102437596711023,0.01020408163265306,0.019101420199670302,0.01020408163265306,0.08966244908548278,0.14714381470314644,0.02769001845227214,-0.03561059689945305,0.24558854093336283,0.07666480071969502,-0.055985131373445754,0.01020408163265306,0.12637000684432548,0.08182274560165603,0.426313988890192,-0.011558628049322497,-0.08321532283557269
2026-07-23,0.01020408163265306,-0.047242865420348897,0.01020408163265306,0.01020408163265306,-0.047383065377661696,0.01020408163265306,0.01020408163265306,0.04476026277108093,0.1154031953362764,0.043848641440649656,-0.04782260825811023,-0.005111308540070816,-0.008783102845815642,0.001882537906621632,-0.09106256077946252,0.01020408163265306,0.01020408163265306,0.01020408163265306,0.01020408163265306,0.01020408163265306,0.008825326599557122,-0.0015061159867856729,0.01020408163265306,0.01020408163265306,-0.05091215800153434,0.01020408163265306,0.01020408163265306,0.01020408163265306,0.01020408163265306,0.007640206643324326,-0.01617255086325018,0.01020408163265306,-0.04594696499367429,0.08060110493563913,-0.01017633849409067,-0.00518603167201194,0.01020408163265306,-0.029134826321614092,-0.06482746328038655,-0.07628994847195135,-0.012018974809916408,0.01020408163265306,-0.0024146246124445332,0.01020408163265306,-0.012782291153686802,0.01020408163265306,-0.07481856080835672,0.01020408163265306,-0.03664372094251153,0.01020408163265306,0.01020408163265306,0.00791864640595116,0.01020408163265306,0.01020408163265306,0.01020408163265306,-0.013445566414670622,0.01020408163265306,-0.001667363338418387,0.01020408163265306,0.01020408163265306,0.016986606745158617,0.01020408163265306,0.01020408163265306,0.01020408163265306,0.01020408163265306,0.008023812044181552,-0.03626924014590022,-0.011688325323020764,0.04007743766286032,0.04308728077891229,0.004597233886108869,0.01020408163265306,0.01020408163265306,0.016542213221673933,0.01020408163265306,0.01020408163265306,-0.11282364073894469,0.01020408163265306,-0.07085481291454532,-0.01470827114052589,0.01020408163265306,0.01020408163265306,0.01020408163265306,0.01020408163265306,0.01020408163265306,0.08620124379908302,0.13997335976965192,0.01020408163265306,-0.01978952741642595,0.23193856259062634,0.06333042526188086,-0.009516884883290935,0.01020408163265306,0.13153308906627123,0.07702343550350858,0.42215678210547597,-0.0007542671969164132,-0.0839851784301905
2026-07-24,0.01020408163265306,-0.04993137792834418,0.01020408163265306,0.009096785909127747,-0.04801404242949054,0.01020408163265306,0.013158078437414188,0.06321641229198578,0.13577551837022167,0.04696397548215331,-0.04653828935949807,-0.004929346796075904,-0.021827801722095044,-0.0035402566521641754,-0.0904537219266851,0.0022857664582480505,0.01020408163265306,0.01020408163265306,0.01020408163265306,0.01020408163265306,0.01020408163265306,0.01020408163265306,0.0014980211240936056,0.01020408163265306,-0.06097423706108927,0.01020408163265306,0.01020408163265306,0.026235025010311344,0.01020408163265306,0.01020408163265306,-0.006446220322367762,0.01020408163265306,-0.05503603327574158,0.11008889942817154,-0.007663548143398832,-0.008506553677359597,0.01020408163265306,-0.03269422316596445,-0.06670549336872275,-0.09017011756523428,-0.01229920513961281,0.0007592947106113985,-0.001925135215158089,0.01020408163265306,-0.035988478650802645,0.01020408163265306,-0.07970331308022224,-6.532278524410198e-06,-0.054730175192198166,0.01020408163265306,0.01020408163265306,-0.00033047740827424343,0.01020408163265306,0.01020408163265306,0.01020408163265306,-0.015337103406618273,0.01020408163265306,-0.007505205272696656,0.01020408163265306,0.01020408163265306,0.03662069439764012,0.01020408163265306,0.01020408163265306,0.01020408163265306,0.01020408163265306,0.0011479274893743587,-0.04054946463399759,0.006015967705879152,0.06548287448071408,0.04562473242084711,-0.01706343448750485,-0.013242135437728257,0.01020408163265306,0.051365975548113736,0.014364991395887435,0.01020408163265306,-0.11692958243700648,0.01020408163265306,-0.08346818828685264,-0.026463321754058224,0.01020408163265306,0.042337510438751884,0.01020408163265306,0.023601109845930168,0.01020408163265306,0.10545182322725681,0.13140668117008283,0.021963346510965008,-0.038860065161733265,0.22789042741871424,0.0773326343275765,-0.05613012530918182,0.01020408163265306,0.1277778862408649,0.07699349337149469,0.43767008593032913,-0.005559737068100279,-0.08015401593642174
2026-07-27,0.01020408163265306,-0.049678988842032215,0.01020408163265306,0.01020408163265306,-0.041519344616588794,0.01020408163265306,0.01020408163265306,0.044126901789080374,0.1169676088998193,0.048182427594660765,-0.04869615341192507,-0.0037598903717112366,-0.00764071304743639,0.008716174564229823,-0.09342410003522343,0.01020408163265306,0.01020408163265306,0.01020408163265306,0.01020408163265306,0.01020408163265306,0.00655362841442955,0.003933165940881531,0.009248012581334867,0.01020408163265306,-0.03880533084070945,0.01020408163265306,0.01020408163265306,0.01020408163265306,0.01020408163265306,0.01020408163265306,-0.016178689291643414,0.01020408163265306,-0.04958544868069047,0.0722979691964127,-0.011730637810492295,-0.00801379752821516,0.01020408163265306,-0.03023877804563948,-0.07178191025814083,-0.07373734894859721,-0.017341626178747988,0.00812920043544869,-0.004548573603329787,0.01020408163265306,-0.013025270135083438,0.01020408163265306,-0.07739014373367913,0.01020408163265306,-0.04408538208006823,0.01020408163265306,0.01020408163265306,0.009615335606771603,0.01020408163265306,0.01020408163265306,0.01020408163265306,-0.015417239417070563,0.01020408163265306,-0.010634634749360302,0.01020408163265306,0.01020408163265306,0.031351015657311285,0.01020408163265306,0.01020408163265306,0.01020408163265306,0.01020408163265306,0.0056767571675941635,-0.031290649042230285,-0.0063258593914354965,0.034966273129967,0.04397680430179124,0.009032156376528416,0.01020408163265306,0.01020408163265306,0.014085912565425806,0.01020408163265306,0.01020408163265306,-0.10145197550925118,0.01020408163265306,-0.07336495206261662,-0.012565863588257014,0.01020408163265306,0.01020408163265306,0.01020408163265306,0.01020408163265306,0.01020408163265306,0.09044118227570012,0.1235862953123663,0.01020408163265306,-0.01636299911671143,0.2106925535083026,0.061062244355456013,-0.002847753801494768,0.01020408163265306,0.1410901139694299,0.07679709976837949,0.4214486447284055,0.004659196401457268,-0.08437629387219059
2026-07-28,0.01020408163265306,-0.0459876799173794,0.01020408163265306,0.01020408163265306,-0.041070327404507716,0.01020408163265306,0.01020408163265306,0.043024784558242865,0.11901615489945906,0.046937284883047256,-0.04787799878060084,-0.005398515844577966,-0.007924990394441224,0.0044219414356212365,-0.09474319242261735,0.01020408163265306,0.01020408163265306,0.01020408163265306,0.01020408163265306,0.01020408163265306,0.008286371849343622,0.0024161806104679683,0.010162499003688655,0.01020408163265306,-0.03758551020909193,0.01020408163265306,0.01020408163265306,0.01020408163265306,0.01020408163265306,0.01020408163265306,-0.01916216882260882,0.01020408163265306,-0.04562496248303025,0.07583149854336772,-0.017207435321154436,-0.000989489942973057,0.01020408163265306,-0.028529222722191286,-0.07305787715074319,-0.07729303402997519,-0.016301866000713552,3.4898791439457594e-06,-0.006314714650409453,0.01020408163265306,-0.007114941517436036,0.01020408163265306,-0.07529103721639056,0.01020408163265306,-0.04676293349723891,0.01020408163265306,0.01020408163265306,0.01020408163265306,0.01020408163265306,0.01020408163265306,0.01020408163265306,-0.020761735800596565,0.01020408163265306,-0.008024403560179342,0.01020408163265306,0.01020408163265306,0.031233329085099105,0.01020408163265306,0.01020408163265306,0.01020408163265306,0.01020408163265306,0.004412854993831132,-0.03824679186597029,-0.002079839141108838,0.03635954177622367,0.04428086324285003,0.01020408163265306,0.01020408163265306,0.01020408163265306,0.010568680487114636,0.01020408163265306,0.01020408163265306,-0.10754897978666716,0.01020408163265306,-0.07609105902268753,-0.007943069224257313,0.01020408163265306,0.010249162703447537,0.01020408163265306,0.01020408163265306,0.01020408163265306,0.0937260395933782,0.12299335795336028,0.01020408163265306,-0.024158167533483203,0.2096394363007334,0.06624968589434646,0.004418167919548655,0.01020408163265306,0.14009820387737437,0.07549973563600876,0.4275714827924194,0.004801046011387896,-0.08249760476851536
2026-07-29,0.01020408163265306,-0.052070922231189976,0.01020408163265306,0.01020408163265306,-0.04361654445572707,0.01020408163265306,0.01020408163265306,0.040419248722933114,0.12482724062051467,0.05661899319056992,-0.0465186063226796,-0.00954267116426572,-0.009984847991817527,0.00183329211242423,-0.10665628321843858,0.01020408163265306,0.01020408163265306,0.01020408163265306,0.01020408163265306,0.01020408163265306,0.01020408163265306,0.007087855181910616,0.01020408163265306,0.01020408163265306,-0.034158123858708846,0.01020408163265306,0.01020408163265306,0.01020408163265306,0.01020408163265306,0.0041264523176091795,-0.022917303938552347,0.01020408163265306,-0.04122553511999545,0.06736938415911897,-0.0021505062055246008,-0.006953252166872691,0.01020408163265306,-0.019440899651815974,-0.06775740316750653,-0.07617397832521468,-0.01146190100993749,-0.0008309730734857128,-0.0010729841938701967,0.01020408163265306,-0.02047650094509973,0.01020408163265306,-0.07543561326173827,0.007240412859401147,-0.04202249088924889,0.01020408163265306,0.01020408163265306,0.01020408163265306,0.01020408163265306,0.01020408163265306,0.01020408163265306,-0.004345518169631583,0.01020408163265306,-0.010662733503002892,0.01020408163265306,0.01020408163265306,0.03296499836116844,0.01020408163265306,0.01020408163265306,0.01020408163265306,0.01020408163265306,-0.002835196634462968,-0.045586455352100506,-0.010722277783908192,0.03366765450029953,0.044176430994001814,0.01020408163265306,0.01020408163265306,0.01020408163265306,0.020392705233839133,0.01020408163265306,0.01020408163265306,-0.10098513811726878,0.01020408163265306,-0.10155245018369094,-0.009318098319267368,0.01020408163265306,0.0103326890544299,0.01020408163265306,0.01020408163265306,0.01020408163265306,0.09867691056806972,0.12216941065957443,0.01020408163265306,-0.014871988904261628,0.20214305068397545,0.0582744485651203,0.01020408163265306,0.01020408163265306,0.15084211003628406,0.06381910077615355,0.43275101702460206,0.01020408163265306,-0.07818212583006236
2026-07-30,0.01020408163265306,-0.0332347222347014,0.01020408163265306,0.009779164518598064,-0.05236873097212222,0.01020408163265306,0.01020408163265306,0.05878720311721797,0.1415073301348357,0.042459459086706466,-0.0384555929463996,-0.005960715666147044,-0.028207086521687144,-0.010633759654713722,-0.1128149184570813,0.01020408163265306,0.01020408163265306,0.01020408163265306,0.01020408163265306,0.01020408163265306,0.01020408163265306,0.01020408163265306,0.01020408163265306,0.025065127324736192,-0.03991077341376111,0.01020408163265306,0.01020408163265306,0.025977939478173687,0.01020408163265306,0.0061318491779892665,-0.010992576735623096,0.01020408163265306,-0.04918888139250366,0.10990705240447605,-0.03296578245035464,-0.010316924718663788,0.01020408163265306,-0.025073723679137738,-0.07827819392757987,-0.11458974851176011,-0.01757179161343772,-0.008831037879383793,-0.0036053693732915858,0.01020408163265306,-0.019067419928631632,0.01020408163265306,-0.07876837655152076,0.01020408163265306,-0.02786384335037538,0.01020408163265306,0.01020408163265306,0.01020408163265306,-0.009465749244982934,0.01020408163265306,-0.019891188719976277,0.0003399043549672867,0.01020408163265306,0.009382810330237168,0.01020408163265306,0.013371855381505331,0.04635787373925435,0.01020408163265306,0.01020408163265306,0.002100823566517373,0.01020408163265306,0.0023115663524709493,-0.06467927336079791,-0.0010871723310365983,0.05069249725125803,0.048094817336716486,-0.023088432018024664,-0.0028980684750990176,0.01020408163265306,0.05662721318795425,0.029255060109061412,0.01020408163265306,-0.0906841179908371,0.01020408163265306,-0.09215465545893062,-0.004062179812817913,0.01020408163265306,0.0510180650655794,0.01020408163265306,0.01020408163265306,0.01020408163265306,0.09712320614815062,0.12837243632200693,0.021874485862839157,-0.042268665933423794,0.22206239532942076,0.07920424842306079,-0.06127182336024445,0.008297956983615172,0.13972098157736026,0.08434431762893588,0.424080621068189,-0.013357106474216422,-0.07798679687807908
2026-07-31,0.005503387962338427,-0.026999914330119223,0.01020408163265306,0.009233293934944223,-0.044881179635894,0.01020408163265306,0.0067943910074868274,0.038660428345066784,0.13062644682183586,0.05269903314998313,-0.04030103418437864,-0.00955319430762312,-0.02760197480195512,0.0016964336645077169,-0.11850739365007905,0.01020408163265306,0.01020408163265306,0.01020408163265306,0.01020408163265306,0.01020408163265306,0.01020408163265306,0.01020408163265306,0.01020408163265306,0.022243553190736995,-0.04871091007889668,0.01020408163265306,0.01020408163265306,0.03886743401304833,0.01020408163265306,0.0037550916427743627,-0.020034599455420486,0.01020408163265306,-0.04993185338159791,0.10227151310469605,-0.018935260645519578,0.01020408163265306,0.01020408163265306,-0.020041382344782366,-0.07756460488029639,-0.126112535048923,-0.0024710432273765386,-0.02916459326006593,-0.006434030201525958,0.01020408163265306,-0.019001519553609396,0.01020408163265306,-0.06634532254029059,0.01020408163265306,-0.018523989160036128,0.01020408163265306,0.01020408163265306,0.01020408163265306,-0.011602421688491968,0.01020408163265306,-0.037950639660240156,0.01020408163265306,-0.0011579009843976744,0.01020408163265306,0.01020408163265306,0.01020408163265306,0.04573735177667591,0.01020408163265306,0.01020408163265306,0.0010596868166883391,0.01020408163265306,0.01020408163265306,-0.09750961813348351,-0.0085422287242579,0.028917288018483027,0.05729276969006626,0.01020408163265306,-0.023518291662440086,0.01020408163265306,0.07863801567777362,0.01536090291484608,0.01020408163265306,-0.0640182701859269,0.01020408163265306,-0.0996875248374487,-6.52881506715882e-05,0.01020408163265306,0.07198767466945909,0.01020408163265306,0.018256034006086552,0.01020408163265306,0.10389996715515283,0.13164045937021154,0.01020408163265306,-0.04405722735916978,0.19674367579443053,0.07651737656804887,-0.07231789225795411,0.005846556254966914,0.1461414406637478,0.09060765259028765,0.4353313730901611,-0.00888007959277821,-0.07386469764232358
