date,SMALL LoBM,ME1 BM2,ME1 BM3,ME1 BM4,ME1 BM5,ME1 BM6,ME1 BM7,ME1 BM8,ME1 BM9,SMALL HiBM,ME2 BM1,ME2 BM2,ME2 BM3,ME2 BM4,ME2 BM5,ME2 BM6,ME2 BM7,ME2 BM8,ME2 BM9,ME2 BM10,ME3 BM1,ME3 BM2,ME3 BM3,ME3 BM4,ME3 BM5,ME3 BM6,ME3 BM7,ME3 BM8,ME3 BM9,ME3 BM10,ME4 BM1,ME4 BM2,ME4 BM3,ME4 BM4,ME4 BM5,ME4 BM6,ME4 BM7,ME4 BM8,ME4 BM9,ME4 BM10,ME5 BM1,ME5 BM2,ME5 BM3,ME5 BM4,ME5 BM5,ME5 BM6,ME5 BM7,ME5 BM8,ME5 BM9,ME5 BM10,ME6 BM1,ME6 BM2,ME6 BM3,ME6 BM4,ME6 BM5,ME6 BM6,ME6 BM7,ME6 BM8,ME6 BM9,ME6 BM10,ME7 BM1,ME7 BM2,ME7 BM3,ME7 BM4,ME7 BM5,ME7 BM6,ME7 BM7,ME7 BM8,ME7 BM9,ME7 BM10,ME8 BM1,ME8 BM2,ME8 BM3,ME8 BM4,ME8 BM5,ME8 BM6,ME8 BM7,ME8 BM8,ME8 BM9,ME8 BM10,ME9 BM1,ME9 BM2,ME9 BM3,ME9 BM4,ME9 BM5,ME9 BM6,ME9 BM7,ME9 BM8,ME9 BM9,BIG LoBM,ME10 BM2,ME10 BM3,ME10 BM4,ME10 BM5,ME10 BM6,ME10 BM7,ME10 BM8,ME10 BM9
2026-01-02,-0.056861127586415164,-0.03067671384928563,0.0438305905607719,-0.011071633874318821,-0.06420996852410074,0.012741657780683965,0.07362414164885979,0.023340249301560527,0.09105157872068625,0.05957288578420532,-0.02053324277424346,-0.0018910192300777406,-0.02733531289745645,-0.0324357485988544,-0.10626590917171298,-0.0006001280745212174,-0.03848387985038416,-0.03099030355322032,0.02744975895701201,0.027680945967815722,-0.00626232304840949,-0.01288339540569,0.013258248153246749,0.006261093876817502,0.021701145749909473,0.013873438766014792,0.04373190842961748,0.012319349816048797,-0.01967483346058161,-0.048388614533275164,-0.0006423563989665891,0.010598814225024863,-0.05983050918859442,0.09746283381933483,-0.032426062352164504,-0.052879806831598625,-0.0379912920350607,0.0004461993494076343,-0.05180653333881983,-0.042686866078089046,0.0006045577619201315,-0.024968310641672646,-0.04766825397652807,0.04098899707812767,0.0016845313469787439,-0.009525979338610333,-0.03116888973950216,0.047181842824620325,-0.027574628602993333,-0.012326442618191017,0.021916353501147245,-0.04948602266356564,0.013591504113008577,-0.004937430794675953,0.00524896031849534,-0.027746283131777676,-0.04292010461204059,-0.00984759152395735,-0.0039002790164611653,0.024439323270801887,-0.013425111986524347,0.04105347764774347,0.05922000008341313,0.023335484830044925,0.0019316819000892386,0.0035195340911863783,-0.0350217680421043,-0.03479875286545097,0.019431867763500234,0.062383011736193365,0.024898206225690292,0.009942774562959228,-0.012789110451842925,0.055177880800339224,0.06171442288117302,0.05740210868105637,-0.060243137728739016,0.013341966991047715,0.03758642647490513,-0.02370541091331145,0.03249347802584639,0.055606699010921204,0.04182824128594598,0.08667069007735984,0.02373053235038875,0.049222982136347744,0.07850258583988848,0.03775307232373249,0.023793560360156805,0.17879222592766647,0.10246518098516058,0.02702000132036137,0.02740241530598584,0.11373494098183472,0.05674080908182922,0.1914811995843851,0.015921675738501187,-0.08981895682398137
2026-01-05,-0.09802591483672135,-0.048291263357764014,0.08739163357171086,-0.011821988952566682,-0.09022318178528627,0.0020586872169220463,0.06234853872542881,0.029105395605640995,0.19596168740772682,0.0671231709035886,-0.011428638718196901,0.0033478327233229634,-0.04199638229625573,-0.05913242112347493,-0.16056436800383841,-0.013130043030070976,-0.03745160568740534,-0.04293587823255235,0.04852556411890446,0.034435088887779255,-0.00749637197067036,-0.03795112323195489,0.06755645898436943,-0.017774333987027643,0.04815706254306287,0.02593760021657708,0.09714102679733093,0.05658251692891281,0.014807414090543846,-0.03209015690540059,0.031404787521939204,0.03877814440501465,-0.08249191165295276,0.18933957422607897,-0.02614417231737859,-0.11750378663245055,-0.039357855429440175,-0.018645069119833102,-0.09325918404458246,-0.07219926726348823,0.0018883862247909017,-0.05247788367618893,-0.04686997350320625,0.047891349561809425,-0.04322291733897554,-0.0452079826967028,-0.05533605215736684,0.045920329505471466,-0.03675615254981707,-0.020724971509848776,0.02721658042828081,-0.07029957075731454,0.020650275285553462,-0.05197829558662905,-0.0330110866662206,-0.0028193980754164065,-0.11338643433095856,0.012049674148529492,-0.004436656983609729,0.056836939656188724,-0.02504697217513132,0.07722904062450012,0.12141290216720459,0.03786006177759335,0.023361799135858327,0.04188184665232851,-0.11587414346720258,-0.05646339514521048,0.04216196858098553,0.04752844771478367,0.06446748630290552,-0.04487242576858312,-0.07376154442907391,0.1540267605685658,0.08245230652039981,0.08600357195232979,-0.06758362483004897,-0.019644460232608477,0.046926925742551424,-0.05058105486073653,-0.03900394106772564,0.025379153206035204,0.042953878465084964,0.14178077899470234,-0.014957895808763147,0.021044848645837604,0.09499498064507061,0.060444508617290046,-0.010511551432667987,0.3205060732501217,0.10728866835746562,-0.0295757565371038,-0.006283261886869432,0.08281549200868758,0.017821080049201684,0.34267696107118817,-0.019742088293024554,-0.08513085038985331
2026-01-06,-0.06945494743030495,-0.03705068106294235,0.05287760821588532,-0.0037009363415807395,-0.07168566684830475,0.001851530957603948,0.05789563557170963,0.03294852700673099,0.10281917041920036,0.061250115455521774,-0.020008439719902127,0.0023474509748588803,-0.028446852585970107,-0.03883312033741492,-0.10658676120121181,0.010786921295239296,-0.036238639162526454,-0.03091098329029661,0.042542767252497955,0.04192299675731022,-0.010017141633838841,-0.01093527663913483,0.0396620155354841,0.010445763435292263,0.02832358153782865,0.021351689894825478,0.052344786282083576,0.012928359397295502,-0.021229217081315255,-0.05012712671722309,0.0070079630681108025,0.015085380932493,-0.061041523691254,0.12060866664135668,-0.039718919120192445,-0.0685103463166834,-0.04177278452784035,-0.0074007240825636565,-0.06558415365901586,-0.04545393731739984,-0.0008170325921822586,-0.03295854360141682,-0.04645762674629054,0.04169416631890272,-0.011314507495721817,-0.0015742566449295226,-0.031553547849735644,0.055200748425966596,-0.031123524243755273,0.0011629098515603814,0.01034285081330005,-0.05472912344682211,0.012013969947041165,-0.02183992058052958,-0.012833866172626227,-0.025758667744804967,-0.055043330593661025,-0.0016374322728586969,-0.001882159961856169,0.027192778665448884,-0.017714298477720873,0.05389947309535668,0.061223332353741784,0.029835128155971287,-0.005446630953186904,-0.001618361298911986,-0.05981104411985237,-0.03653073809501612,0.030444103054018005,0.06553918314346034,0.03269472798297913,-0.006155250260104562,-0.030696097292387113,0.06330511321636476,0.07225493702130571,0.06551914824573124,-0.0693072731001957,0.026233226238799416,0.04202341629292795,-0.030489395385163716,0.032907467789502313,0.04410436309591537,0.04575440339414738,0.10353530233775218,0.01701161134612876,0.04802141917823291,0.07062864444639885,0.04076757992317554,0.013552745313688023,0.21987928571203336,0.10858317240049616,0.010779530556578898,0.012372148160410695,0.12004211751130797,0.04310084680016614,0.2101225519959218,0.002949167899769055,-0.09769169361918363
2026-01-07,-0.19944323078083045,-0.056015351827011506,0.11506066360542734,0.061213722791261534,-0.17203668511323691,0.00818430522074947,-0.08556793844112875,0.130459851461585,0.1786176125922475,0.1543794198330609,0.02051804107104368,0.03131149721318745,-0.05260854400128602,-0.1305284833914466,-0.15313840764091824,0.04410805750891842,0.07934947402044926,-0.1540616578920747,-0.006837047475417775,-0.06815203742547385,-0.15615824579887982,-0.09956017758165497,0.10741927964008528,-0.1253937398846158,0.17135477263929033,0.09579391209506642,0.14336709709752926,0.11529490405884489,0.0919882721588259,-0.022617532542831317,0.06644643199735756,0.029970004087983552,0.005450508621373716,0.26670939524426135,0.09930565116160543,-0.034176480429802286,0.11796266365421039,-0.12823984228350316,-0.05227098608828992,-0.15254151625898024,-0.0749095754970103,0.13695965283107414,0.022767401238921306,0.09112594179377324,-0.20187163453062362,-0.15827727355509158,-0.08620948186627622,-0.08084042609223081,-0.040069136427265374,-0.01223222532513705,0.01600075980203275,-0.11375800318729716,-0.10758778194707462,-0.2866620588732724,-0.3114760574740231,0.10550446673075708,-0.029720815558773782,0.11650916980053273,0.008449772171084679,0.3241210869630604,0.0733910925370996,0.13382316882896683,0.29148777220857797,0.06536409162676161,-0.05041508549770065,0.24817563166930504,-0.41705254978079054,0.11469133808075778,0.018500914732734935,0.041356538958490466,0.14408810737343047,-0.19446530574355564,-0.24507443709346638,0.2086414766692701,0.3044880050064844,0.1854702975368939,-0.11130638874377596,-0.050377402657088864,0.02673467803205567,-0.2488966909217421,-0.4665953947937665,0.008140908085670327,0.10405482919978691,0.3036050386895831,-0.05895831978899166,0.0973360895197854,0.15350015745174478,-0.05767696559634268,-0.14860989857938514,0.7560643070862475,-0.15495163527422112,0.17423955892753434,-0.22989945371830092,0.10600279042870314,-0.020118586617630586,0.45493589082524116,-0.05492809601355936,-0.10750788656894925
2026-01-08,-0.2145151957595359,-0.0582832060788597,0.1126580985465998,0.07028084916124011,-0.18157576164338712,0.008555804933785395,-0.11002525617542183,0.14368553414188917,0.1962366760674689,0.1644964893786605,0.014811184695741275,0.029815503788757372,-0.05178536510765473,-0.13338548004945702,-0.13272076672419478,0.06821500963963899,0.10122317426830284,-0.22491976804715644,-0.002965976300184584,-0.07878502501994059,-0.17849681349467547,-0.11686395581245772,0.10907819144955924,-0.14870343589511845,0.20891907036090487,0.09637745074733875,0.1547819956726813,0.13064177189369447,0.10491759277922984,-0.02529909380685203,0.06882536755954387,0.03332187674014523,0.034602806978110266,0.24429630261938443,0.11459516741083285,-0.02605354305984353,0.1348858013570487,-0.14735913343020327,-0.029143575160894636,-0.17252420974163177,-0.06804421347364448,0.15603752225205264,0.009471927546564047,0.08829029521809956,-0.19724676274060304,-0.1515530986750025,-0.0971779851268685,-0.09594599399281564,-0.019973892143614544,-0.022205756958929596,0.018461975290724648,-0.10300801035426259,-0.13530980848250032,-0.32742097285478955,-0.35886690551042827,0.12270157024332747,-0.01203684389481567,0.12079299538542572,0.002769567774106514,0.3969778782366264,0.09170090052980859,0.1481656403036153,0.26944176707331585,0.046394026422897236,-0.03321275568261264,0.24982869980195066,-0.43242841626186446,0.1482388824366429,-0.007252644710472838,0.026922709264906322,0.17431732188127164,-0.18434251893215936,-0.25296172714751214,0.23076775786023487,0.34343260427056915,0.2071679439628786,-0.12625274842228393,-0.09915194397217598,0.004482175137832186,-0.2813021653721229,-0.5514952052333691,0.0030354839014136888,0.09172116592073051,0.3129506998365488,-0.08587249416132198,0.09703793535105909,0.2017752645712357,-0.059167975113697896,-0.16070935189488453,0.799761598272881,-0.1839439504887659,0.21190204187211972,-0.22050731573462784,0.10557847568586338,-0.03495159833933473,0.48498200527739815,-0.058324459046628016,-0.11625747574307975
2026-01-09,0.009607621283944481,0.009560825602514563,0.009729399602365065,0.009853738663082983,0.009575867125746379,0.009717220350541683,0.010024008490757297,0.009884513489663599,0.00990012660052975,0.01002195402164731,0.00935730766918639,0.00999182548660506,0.009715006055421256,0.00986736019978818,0.009790844938368478,0.00995872184886305,0.009860009984115825,0.00976019008286659,0.009984436360152385,0.009835987336811108,0.009869978894602954,0.009889636358501088,0.01001906906769303,0.010045356054534833,0.009902080945988071,0.009951347180334948,0.010007664149716506,0.00986170380562209,0.00994771212512581,0.009893844329140193,0.009904765092438116,0.009949161684870369,0.009939287293598912,0.01020685841149575,0.00983491425015318,0.009981472640268944,0.009947450564111865,0.010117668398577936,0.009913392982328162,0.009940356925515557,0.009973005145871164,0.010040916641341775,0.009855401074962631,0.010187553036596826,0.010250149930742396,0.010104110645331515,0.009896577903765335,0.010343636127167759,0.010077406046401208,0.010134560431547276,0.01014288689444617,0.009927969527953655,0.010140221376966633,0.010067060330084303,0.010155434581281585,0.010234741646159536,0.010175538489770635,0.010103979539553259,0.010098150115160619,0.010179397668565833,0.010248204805216257,0.010318614730455937,0.010200883789583833,0.010263443246525944,0.010305832564200293,0.010190102727402731,0.010248125002638955,0.01001012627349186,0.010195477109167853,0.010673620338509134,0.010212694966164731,0.010236446067061675,0.01030830989835572,0.010332067542700465,0.010492148885698853,0.010374186156456211,0.01014701577978573,0.01058504428876706,0.010305190170354379,0.010335091223658714,0.01045816948692571,0.01048437665311537,0.010472125968374211,0.010492569022327718,0.010445168913368458,0.01068833106302932,0.010559484662115566,0.010470436646258303,0.01040767373058641,0.010637490364865408,0.01050979012280254,0.010525177630127946,0.010432657243971695,0.010762435852603247,0.010613842529137213,0.010782905576337312,0.010290190611549009,0.017775164855048292
2026-01-12,-0.17480524400691863,-0.07106633665765588,0.06409594212836409,0.06776441573436788,-0.1654855800810336,0.03740463147721331,-0.03514106000028248,0.12170724868528564,0.22283453169300843,0.10081624747167249,0.004940426705954582,-0.022571450986370346,-0.04295860670409436,-0.12080172549682062,-0.10609042248314128,0.09803185422913242,0.027509791635402035,-0.23245444557616807,0.07873854913594676,-0.05240074254965146,-0.12738866630988524,-0.07990903664573915,0.11371742620693234,-0.07792862738528648,0.18773478569307386,0.07204814508636449,0.12795081361836702,0.1168363711512912,0.1524482750913395,0.010575818749159482,0.0611579087850512,0.03908640228040446,-0.05420541312321639,0.1950174052883127,0.07567979563138379,-0.04550364547899276,0.07653294264896263,-0.16418826169443704,-0.11683168874382698,-0.14844173563592145,0.00519781700788089,0.04809732638352843,-0.010976335414611146,0.04074596981000333,-0.1676075222385243,-0.16616762117539366,-0.13596419297402673,-0.004854705998288359,-0.014400784039061887,-0.033009784180105195,0.06586240940739907,-0.0691295833689638,-0.09940311178865517,-0.2768714404381292,-0.21487189659629674,0.024875867614241154,-0.05568727401327778,0.06989360926383613,0.005448050634070471,0.32442881711054294,0.09739590081990593,0.12963069569192875,0.2313441638054465,-0.045851397946991335,0.00456336499858014,0.2561127746929645,-0.36908202918017147,0.08399993903139219,0.032752153423668474,0.028910355941792053,0.16486081061887622,-0.1498634158311369,-0.20343323441800953,0.14479375790775542,0.2729780652805293,0.2669295251226678,-0.07647905945417906,-0.019230042805117552,0.005550953934074308,-0.18935512011751632,-0.3708007432970025,0.06866251485380351,0.17618860121251445,0.2151611097010911,-0.03839946004388347,0.027786651443225986,0.11097892658945886,-0.07520046972311861,-0.0731739683570514,0.6273928224169741,-0.056850721520120245,-0.021666390633554786,-0.18888627785951223,0.06993689792207763,-0.020176311147819585,0.5222779237690726,-0.07390873607971665,-0.11591318533661439
2026-01-13,-0.1492415935815334,-0.07410311129739991,0.06299823496126135,0.049711305433112675,-0.1471272761494917,0.024351299663445174,0.0042193239305134194,0.09859819596626955,0.23024918285693322,0.08871951544893891,0.0030663718156979077,-0.020328792297585344,-0.04366472668750287,-0.10780112193393765,-0.1054568003222376,0.0685759179077401,-0.009793333875804331,-0.17194950746972443,0.08154584887181672,-0.022043035207204735,-0.09126141159671101,-0.05876939316750304,0.10516585155928747,-0.051284587377169365,0.14851120629989054,0.06858395481592076,0.11335173011610916,0.10683874482389556,0.1055538224567441,-0.0006951626714666991,0.046209428595306114,0.04604202858505442,-0.08166940237668383,0.20178404278741974,0.044585327164455534,-0.06398258109585966,0.03309318042718755,-0.12437733128163526,-0.13491296107844553,-0.12635931371550174,0.01833615979764315,0.0029858278680466614,-0.022555017372131392,0.03415450351393949,-0.143395275546438,-0.12975935328440288,-0.117153622510531,0.014696755265568677,-0.014221916937702318,-0.034340761728630154,0.05676607820558871,-0.07531474116277594,-0.051986060253030715,-0.20303522802153898,-0.14630483959840354,0.009748941329277285,-0.08762196058850946,0.06567369749868489,-0.012878564145774046,0.22630709490449896,0.06741515277169469,0.12317994708229968,0.19645972939145473,-0.02797349760777778,0.0022342121845662956,0.20310677164873092,-0.2883570656975273,0.024934147989448454,0.056597987468690034,0.03351138810526625,0.13803083087997875,-0.12342870072897084,-0.17292534825863826,0.12299285163814316,0.2111484994524787,0.23135829618404788,-0.06133580831556845,0.015139531145336643,0.018918546350713977,-0.13297851930206558,-0.24847664043689466,0.05322759643623738,0.15540998396184824,0.18167586957031828,-0.05255408797083169,0.013196309205382045,0.0950436160295712,-0.028871974722172115,-0.05237984415630827,0.5276405357954526,0.015903361331453463,-0.06471188468052179,-0.14406937022775052,0.076473244669001,-0.01381630632373816,0.4794912244136333,-0.06482094113240931,-0.10342443268155381
2026-01-14,-0.16194370764217533,-0.09295535047288277,0.047041407502879454,0.06177570079283903,-0.18598315635741086,0.032227684800077754,-0.02602611559385031,0.13196281363520956,0.2512930464241451,0.11760740101875543,-0.0005582254255608442,-0.008650324360718506,-0.04014259398955047,-0.14110082349738798,-0.10158534834672213,0.13874244937035013,0.0412525579564392,-0.2882868467963783,0.1571007442157302,-0.013051856302009697,-0.11088125732596242,-0.12383728594630504,0.08635552994945879,-0.08420853812557737,0.2507312869693105,0.07802160683668384,0.10595707500600696,0.15658719978482125,0.14946852359783455,0.0031945893236664143,0.08539791507253633,0.01676625956582191,-0.028135441403118487,0.17723980632889846,0.035020625382076766,-0.05668880364685888,0.08524188804024461,-0.2140674698718569,-0.18285758722839082,-0.13989717083981215,-0.009371893237715955,0.02148350783685367,-0.025587668475613494,0.005285645906944329,-0.080088330720724,-0.2076666472621312,-0.14813702140437535,0.012244411872545755,0.043928308949505744,-0.053967947905938465,0.06705434973435807,-0.05517195909298851,-0.12591134888985117,-0.31558952344574703,-0.23237119164600561,0.01933632129360244,-0.036186605632258506,0.08906837707558062,-0.06955780075964933,0.33846329428061495,0.11857221157987881,0.13693187347987004,0.24098630785192515,-0.05429864404515568,0.01945619347469905,0.2797099665084338,-0.27263304070403327,0.09671809933573279,0.026172380373283094,0.012942992776765834,0.19762052800699334,-0.12280529064444419,-0.17947880202322516,0.152704464832219,0.3193162511546423,0.26262935027521545,-0.05433268069137469,-0.06092457792101094,-0.0107612497204732,-0.19427058083604473,-0.4388684001250215,0.0484638252157396,0.15197102054762943,0.21302069432313925,-0.13389697559872862,0.03576557560643352,0.11899112707255163,-0.04514243622418636,-0.07495426317723716,0.6496572460291984,-0.09469977825123524,-0.014326930856115477,-0.14967541054389558,0.05647631293841874,-0.06500142733592836,0.5434376702073036,-0.0345562159687086,-0.12630187380151794
2026-01-15,-0.18571709786556614,-0.09556085825102992,0.05081429157333147,0.08053427348518996,-0.1873459999150028,0.04650879133221381,-0.023586618755162207,0.12922603939265795,0.2891530264201507,0.10899737923968923,-0.004377551108106925,-0.007722916343277106,-0.035381922940254044,-0.15525547928603908,-0.12447153643964838,0.17004958952471322,0.016579723121294153,-0.32938536047394507,0.1787463711178322,-0.032884043056722996,-0.09739768293139793,-0.12455706991705075,0.07562115989306438,-0.10808072177661152,0.257081003991817,0.0674938078393131,0.12109064216807565,0.15916296789663711,0.19008177874236393,0.00798655261266525,0.1009851620512754,-0.023864901788444366,-0.016012746165758054,0.17067540917988835,0.029964542566122812,-0.035841657540010646,0.0963333708858582,-0.21738192695087208,-0.1660407388586994,-0.1477356302979343,-0.0264147729377225,0.04948248054441365,-0.03123220821173111,0.06811893889489715,-0.13753430983868398,-0.19643636404248455,-0.14780959185158377,-0.01709254068199028,0.08404374332644066,-0.03891295058747371,0.07235053342885525,-0.07095119009494723,-0.10654885167248919,-0.3329743113951184,-0.2557369492087326,0.0014922587721597855,-0.048789564782103834,0.06248193636392355,-0.07964937621369243,0.31984545619487925,0.125494528872059,0.14402820095998434,0.24361908042126268,-0.04421413600736202,0.011202845118285305,0.3062090009912196,-0.2847394551976816,0.14052285081220608,0.030801284558576864,0.006551109535986968,0.23505828954047023,-0.18330033206375224,-0.1466183576585363,0.12018723169379798,0.35313925687734576,0.29675945309972185,-0.015118046374140047,-0.06582140856744503,-0.0317948103792717,-0.20488297118317425,-0.473127441688705,0.009374478964339404,0.11924766857784685,0.2242385204352588,-0.12210412082180526,0.05375961217023707,0.09713303463455049,-0.046795524939751476,-0.10774021776119015,0.6359929712507885,-0.06933175792628535,0.016791157033479158,-0.11884101600011208,0.07495840252819588,-0.052423276425165366,0.5386478214013913,-0.06519294426027837,-0.14788677060178354
2026-01-16,-0.11471408256620236,-0.08407103916811161,0.041571705336817893,0.041290108675396064,-0.12650847429124965,0.014329028518412903,0.054381535317278816,0.08590961104318078,0.24172233351666964,0.07345232954673522,-0.011169216638019534,0.0016512888334128152,-0.05546572371158505,-0.07938341394864304,-0.13371498530041614,0.07230472077658075,-0.06133484134106408,-0.10966937485951607,0.11176742851538592,0.0013759123576704158,-0.023887100244697278,-0.07765390045584719,0.06681848946900142,-0.03723807752483823,0.11373561580938191,0.04996250515439182,0.08343958303604428,0.09175169869851944,0.06551764862065901,-0.02925133679750634,0.05083646987918891,0.06557179170902802,-0.09513293196039477,0.181095281427648,-0.0046001712319853096,-0.07915175133976292,0.01602575434588851,-0.07370769142101222,-0.11696933851817452,-0.1251918884166546,0.004852241276996532,-0.01670950186593575,-0.045516601028305806,0.04047459810948762,-0.12408506124405193,-0.07516376430245472,-0.13273153513776648,0.035029713147690496,0.00595815746669967,-0.025028683206133766,0.03976578219796788,-0.08683891051923338,0.005394063041717222,-0.12880941375249855,-0.09409546085994692,-0.0025676935398900695,-0.10570724358209717,0.034266196507155115,-0.05938191214964943,0.17223633642631492,0.03338422077797758,0.12216765086904487,0.19689250052134846,0.042682743271637985,0.014002313238200809,0.08947096733739966,-0.1858899687631924,0.01633333096969183,0.08197354912055374,0.03439083447022633,0.14865215874713922,-0.12951097015177,-0.10517722229279465,0.09447535975828651,0.18111737103685668,0.19458584861890207,-0.049666762880234444,-0.003908151643113802,0.026768085103496472,-0.09247920921766732,-0.1458923253501804,-0.03770071389809828,0.12104416915193777,0.13281238175963644,-0.08759285429913678,0.037537823053221356,0.07807839422752129,0.05463722222527852,-0.05526615388982589,0.42482090228347286,0.07926970549535922,-0.07809757538284935,-0.04126366776686977,0.09845179836270071,-0.05989316245110371,0.4050947530919937,-0.020818601480645203,-0.142523551862079
2026-01-20,-0.16335775451840204,-0.09973721758196695,0.05621712905042134,0.07625886522737171,-0.15061257628441033,0.013128977804728673,-0.0027978987977390554,0.14171584883377206,0.22347936711813526,0.12072714941462546,-0.004210120868611066,-0.011367749628646071,-0.05359813347465617,-0.12716922907389405,-0.13497152854070668,0.1361998779343137,-0.06311079233232618,-0.24735504571581474,0.20503200313516215,-0.03151858077796429,-0.0668829085809487,-0.12471274349742494,0.07522337288126908,-0.08775657459993876,0.24984981649251156,0.09204232998339143,0.07178411558366903,0.10671679213747293,0.15391500614264478,0.01029676896507547,0.08404041359088867,0.0005875811937626728,-0.02432606060746327,0.18907304187514612,0.06315015875109974,0.002479332102161301,0.07499588006352581,-0.19011267080891361,-0.10683421429743166,-0.14708447390635623,-0.03923292795111505,0.04525551610106333,-0.048813179549181906,0.060197709454888004,-0.2024365168135261,-0.1288431155772102,-0.14496105547016022,-0.0331026132054703,0.02708178407267771,-0.023548999194572248,0.04148891200126745,-0.10199484412585859,-0.042313868503436894,-0.24601299134270777,-0.209484556082266,0.0018702685047347675,-0.07918302567247186,0.02547712274578641,-0.08059337327019352,0.2694528884928108,0.11283141505734856,0.11976390417626251,0.2979226539302559,0.017341220389258,0.007195853837090651,0.269727331485634,-0.31662066205853506,0.11483947489122658,0.0682394975936086,0.035075098109938814,0.25602737410159854,-0.31177221476483596,-0.12132681780129347,0.08807121971961407,0.3404243221074931,0.2927411411309052,-0.06460471266208102,-0.05361934541451045,-0.006886595630500139,-0.19532066554460817,-0.3313740990927,-0.04168658475020337,0.1462549618078798,0.15786333894038485,-0.11737663037129174,0.09778168815776139,0.06506815175730417,0.07046486421626338,-0.05924591104475298,0.6003263480335971,-0.0812857971158388,-0.025034202827659995,-0.09483461688363885,0.09183072962111363,-0.11282554026934735,0.48901476991740395,-0.03489821428626276,-0.1697934374664741
2026-01-21,-0.1563170452635961,-0.11511721936831322,0.08172530010054474,0.06330750792788624,-0.15296205413971511,0.02828165041305615,0.02111786814946403,0.10936112371171423,0.25048833526874686,0.10334213573358267,-0.0036266171617861855,-0.03498780511518261,-0.04647624372312693,-0.14708656634916073,-0.16035921998192446,0.12765420270586159,-0.06634008570055915,-0.23323032934466642,0.22893911233370703,-0.05967987669754782,-0.02809508547519835,-0.07619497645745726,0.08020069707696541,-0.07579484890869126,0.2385130134463719,0.06308084184898431,0.027061744797013045,0.10553131166650494,0.23086416274428578,0.028287942706384434,0.10941153495699289,-0.01787436299729745,-0.05612178147345662,0.1717814969727205,-0.018935758176160424,0.03004890535726456,0.053296708533488196,-0.2278082552043255,-0.05729496640139713,-0.15842331777259938,-0.03985865880580892,0.04389346368623213,-0.03562168812471192,0.10135456213564664,-0.2237907116590338,-0.07155027749642068,-0.1539325447553919,-0.09784277782310818,0.01918435434229629,-0.033633798149723025,0.06827837492148023,-0.11862542339304667,-0.07144087549477894,-0.19452036064735204,-0.15066810708935663,-0.013881557382197192,-0.11915069406471275,0.014711484915461169,-0.12819389236150966,0.19714899727098797,0.08790332102258737,0.1307240843459062,0.3581941746917357,0.026656693092476938,0.040792848524938384,0.30987936686198264,-0.3141410220315507,0.1784057936909952,0.07888225395739826,0.030336717209145804,0.2066954733668402,-0.40770699445357994,-0.08082160116035333,0.08249598455702968,0.3512131624434132,0.3135631847989842,-0.09662986660657427,-0.010419080596053435,0.001356661848592464,-0.16046534201132287,-0.2957357356190318,-0.05470762865572518,0.20027052012193491,0.14131954223737894,-0.11019901191885244,0.06596268839440685,0.06437349330613637,0.16003193389955375,-0.06972591293655173,0.5433104847108966,-0.010597285548906621,-0.08949487266837357,-0.10752184436931654,0.07939533746599942,-0.07834973379157165,0.46947302633483434,-0.06046229133485273,-0.22568757394487982
2026-01-22,-0.1276237731106684,-0.11004785666627905,0.09194463236495738,0.04718424246542351,-0.11580276788949047,0.024363333355420135,0.03380020462665843,0.059778722348619404,0.20711898744605686,0.08422726158903934,0.0035654994190376897,-0.03126266361641668,-0.04059467533634119,-0.1284377902174564,-0.13551765576887848,0.08926211161456647,-0.07592225456336607,-0.19276285591118483,0.18813064580472744,-0.018471445767940985,-0.04497576312955837,-0.03387687139988731,0.11934481528512669,-0.043164506957405535,0.19025707232774128,0.051129676155017234,0.019841698304657537,0.08884422184602668,0.18530864018525775,-0.007802272369152161,0.06948297298637938,0.008874053439968912,-0.1319041117471955,0.14593167522421552,-0.02324346971699888,-0.006273807384739016,-0.032100588270590126,-0.1146893385995362,-0.0709808951205291,-0.14664881842554986,-0.02331353320981796,0.01586073652507298,-0.0175297984092911,0.11782374965988203,-0.13961138702676457,-0.0633203162431358,-0.12465862302039603,-0.08715386215720097,-0.01731382165824011,-0.05043378847336969,0.08713381304199383,-0.1040113724400331,-0.03312451346099191,-0.13843796939658048,-0.12180043220228355,-0.028983451507474257,-0.10639756595172625,0.008192590829850613,-0.12885002458370884,0.1850891587751752,0.049687404145980656,0.1340520184471623,0.27293872032278177,0.002466122196916374,0.008992474680844593,0.2335050736650735,-0.23513308718406484,0.16633974409008745,0.08158427339275764,0.05282537820190348,0.11765305728896067,-0.256947980750824,-0.09778597942045897,0.049997049306733134,0.21701332567845757,0.2626073546727086,-0.07855102024612252,0.05464224907101496,0.035293131604959525,-0.09791719219980859,-0.23388793878026246,-0.012387596395205347,0.1441110587990849,0.18830790655874316,-0.04698772803521263,-0.03639856214955493,0.11482248752810294,0.20054338746710518,-0.05554245598656757,0.5123061536000744,0.07419847929842822,-0.08076282743207389,-0.10668818409889662,0.07293732130455012,-0.0707575406213396,0.38446300627543367,-0.07666296754528863,-0.25032199066287736
2026-01-23,-0.09981171054368201,-0.13682985860888872,0.1068362477897805,0.03244690476403263,-0.12724260848007649,0.017445312922429065,0.0033412387434008043,0.06822076355942834,0.1935822311391681,0.1128179404141006,0.0033883886794529652,-0.014107405819989325,-0.02514120066177633,-0.13086717747887192,-0.15143614058325028,0.13301556912312135,-0.10211802132117383,-0.2071795398733557,0.2530524828394084,-0.014060839352359586,-0.04941224366033995,-0.04331280311353969,0.13199697222977788,-0.028400775790676347,0.2614964146878672,0.03667832386907314,-0.03730207165756159,0.054518872100331,0.2651684956309796,-0.010987548477318703,0.08437882091981876,-0.05444462134423482,-0.15236920015418648,0.15480581080564418,0.014969247193549839,0.048492624429327266,-0.06330959114664961,-0.09167644663861259,-0.0564675969619888,-0.16083806239580686,-0.05312820732369991,0.0378485985130904,-0.011390043443453892,0.08720610285023998,-0.19483329143906253,-0.10187285249403755,-0.11008397947155597,-0.04440347709982406,-0.07050310742472458,-0.039515815328390665,0.05663077783069504,-0.10215215551215258,-0.05485569158973183,-0.19109829013763002,-0.08966310377593165,-0.017465399025224884,-0.030446355747528048,-0.04109304010928807,-0.19909013080351867,0.20489222104235585,0.06010861148349274,0.11277994681343556,0.3614013180448108,0.03443969734949641,0.02872172842268854,0.22853388899242796,-0.24379414768407148,0.15365381828999683,0.04174624137899508,0.08001397915733652,0.2348071733739782,-0.32205017068077435,-0.11089906738086186,-0.02415709964211902,0.17279612946926018,0.3093060026462032,-0.10592926774080991,0.104332634165701,0.06641943690930258,-0.08900541322542363,-0.23374856284784243,0.026806562769916914,0.2097088368005824,0.26059346248677234,-0.056772211970133754,-0.07010505192303584,0.10033870809297496,0.1698435418604911,-0.057041010165061856,0.5500803594644015,-0.018192691105356325,-0.16192746688180454,-0.15470585883910104,0.07084827961559456,-0.12199282793663253,0.41818941670024884,-0.06679464590379587,-0.2126742376482617
2026-01-26,-0.10483590580460334,-0.129584310582072,0.09056796215117428,0.037420929054409725,-0.12258752073519012,0.020751147181441564,0.017939043600212697,0.0687760735794643,0.20291887734292724,0.09449335523172842,0.006314749092880309,-0.02201738847996798,-0.026434771822003607,-0.1290742415885809,-0.1488958774113192,0.12431957597058729,-0.08510907093051753,-0.19350974428264983,0.22617701675317609,0.00822516642102069,-0.04323219736740629,-0.02844941359577397,0.12077060185085824,-0.0152600138792319,0.23438367232451932,0.0273589738224368,-0.02816463661053694,0.05236115976709873,0.24770486964993432,-0.011703518955543958,0.0724597290934472,-0.03344546259197188,-0.14746013630624183,0.15858484067550802,-0.026505789554229282,0.024487818788534663,-0.04724307127639945,-0.08505208960529848,-0.089215540626663,-0.16478208309766018,-0.023672018067002594,0.007283306266766673,-0.019083798577159347,0.0789029848427761,-0.1746238626361965,-0.08493530361974391,-0.1128918833862958,-0.03605615357672819,-0.04901102514209161,-0.038324409228543466,0.059956325865693466,-0.0864534305968644,-0.048224091134955724,-0.17008334303540046,-0.08237556220809066,-0.04283836171399907,-0.04138823402833971,-0.01380325428964472,-0.1726461804401796,0.18383566922166633,0.047199638109106996,0.12710684469686162,0.33371863264674717,-0.003676807888128488,0.024645889878477448,0.2209169525113493,-0.22353833302106887,0.1112639316686487,0.06005497130748808,0.07662004851385834,0.205834511787507,-0.24719578209377785,-0.10193420913051837,-0.01793409443174753,0.1727966652418464,0.2719939523753424,-0.10992298688643852,0.13002112136754726,0.06050856586140362,-0.06599499276127618,-0.2082463328602669,0.032729046231365064,0.21415106220244215,0.2207647143020893,-0.05823753145008173,-0.08315700594676734,0.10522233040903853,0.15874278241264234,-0.05315306322595276,0.5034008052409975,0.03036226611344576,-0.1687582196343897,-0.15138646855054083,0.07813818217040602,-0.09360175845522135,0.39061181330870415,-0.07128993931248469,-0.20579735447181896
2026-01-27,-0.11550225658029122,-0.14413171140760359,0.09819051767377598,0.03395959087513598,-0.11214706462708429,0.023278929208718574,0.010668402314250622,0.07057679586851695,0.20730540861631677,0.11480457999428521,0.01645706521084345,-0.01048238580552297,-0.03337455449574583,-0.12774799826651273,-0.18011570994325843,0.08762794839517145,-0.08208769024924484,-0.1578399422957511,0.21322993639608406,0.006801994021757018,-0.04108991637369634,-0.0011711130196493686,0.1193608049632126,-0.0010126786518332952,0.20188760155768043,0.03406945504078094,-0.03241979545877384,0.04779961015041023,0.2252526725008827,-0.009723138211575577,0.06276658816451021,-0.04539464538510672,-0.15555086120514633,0.16429479217602594,-0.0035527661318337164,0.018733343042671977,-0.03601424256667176,-0.05268837546085148,-0.07499214153404264,-0.19107992029885204,-0.01287795739828468,0.005099137606204296,-0.01885951292722294,0.10606132938469295,-0.21311869694064633,-0.06707422500348247,-0.11372140726450161,-0.05483910936541132,-0.029053692703226344,-0.014492413998076782,0.05101476113647202,-0.09036036111992828,-0.04435706697917892,-0.16438368016580387,-0.06340180439078844,-0.004859486893730924,-0.03972834096259137,-0.007297896334509028,-0.17815596723783714,0.15122367038397938,0.0403451942572469,0.11150915265076311,0.3548612737170766,0.024735944226911312,0.010988375071630824,0.1940194204786753,-0.24085485092898207,0.1102051109381425,0.06497718727804659,0.08205217830787248,0.21293036186030598,-0.23762516055571709,-0.10291238994136793,-0.0454652406577808,0.17287405227321329,0.23386839100780152,-0.11793944563323887,0.15463823693794926,-0.0063326683576648436,-0.07856364514016734,-0.1552041079811142,0.028162714254826235,0.23230036131291054,0.19242064105285037,-0.07377299356795183,-0.06172839685574048,0.07978996804693562,0.1931245851001954,-0.03507432532655974,0.4547581033034388,0.020606170672405624,-0.1468941204665364,-0.14597122541197594,0.12079284178141085,-0.08016730274682317,0.35341370259901467,-0.06657881533174773,-0.19405368525436661
2026-01-28,-0.11967450352142166,-0.14071371476702074,0.08386644833648571,0.04711958928956917,-0.1042004240485545,0.02367522216222356,0.037474986604503754,0.07817349678735798,0.19688200367934136,0.09889366225986747,0.026349118448343423,0.0021947691912294256,-0.05996074117330008,-0.11440924294015914,-0.15281543582077933,0.0959127498470276,-0.08580166089365895,-0.1429520579806772,0.14783180969239423,0.028049451198273005,-0.03422988666223595,0.01234767356905787,0.10173427717588618,0.016983162477429814,0.14363271983598475,0.03284435371987321,0.03087155694601565,0.08121982691282899,0.1390638240228203,-0.02925431833456768,0.05520771786711191,-0.04985767982498711,-0.13416300900942185,0.1881181788486332,-0.03112685826367783,-0.023655140538455383,-0.02556276735049623,-0.015665172497639865,-0.11413480129675152,-0.21121302228072528,0.025195638357050257,-0.0037938874743242926,-0.04442911088904969,0.08172215035410126,-0.16187596992021588,-0.018462372818785315,-0.11384047499034178,-0.043321408202731955,-0.03657773060914728,-0.006585236691391468,0.04547203107706262,-0.06640548435657645,-0.0638543168430336,-0.15149271840122855,-0.0704198549457708,-0.04101403746040336,-0.023190586144226873,0.022807326068934392,-0.1509631967381489,0.1154703799110992,0.01012979134222189,0.10783643829260611,0.33661036266206773,0.01480610245519986,-0.0014807940183660263,0.15455076566353565,-0.21925068972879957,0.0962346708758346,0.08508232067297565,0.0839504238222904,0.17654692778299613,-0.16847427568840842,-0.10327016805274941,-0.0323678515286142,0.16656618855958907,0.19197562119175302,-0.06981337622876586,0.17456816176698003,-0.01487353222317305,-0.08565126850467045,-0.14021576681197945,0.016215917198078945,0.19480379292706743,0.16902724909435737,-0.09419687093389792,-0.027720380144138558,0.08136143265473955,0.15155256475746284,-0.03801701145517467,0.39767557057748554,0.09509314816912706,-0.11433866474666475,-0.15875564547606727,0.10628824441477877,-0.03278334923375547,0.32102270646084635,-0.057926719310766414,-0.14625933820660222
2026-01-29,-0.061837719535562705,-0.07654934844149688,0.06357750225640908,0.015408407227215846,-0.06784294660311238,0.015909725999406814,0.07799392311020897,0.03448670010078465,0.1341432713886939,0.06187944427553602,-0.004570758836677107,0.007924248574789013,-0.04892766822980372,-0.039230259610702096,-0.09295748420938028,0.008116549404711982,-0.03498593542755965,-0.04551713865552945,0.05939618159619023,0.03593392094615499,-0.005702548911228443,0.013301902586621001,0.03819538790358895,0.02770013791662901,0.03901037843301438,0.014468115866019239,0.052962443534964036,0.04928135712033967,-0.02340505561276017,-0.07492035232262802,-0.001646971287805457,0.00702936930452602,-0.08583402876136838,0.1158715425718179,-0.04708945802460462,-0.08742664351305333,-0.033107670696130145,-0.00713750545668705,-0.08323984245795417,-0.10828164171750575,0.002506360431039612,-0.0295775970826693,-0.05563914783539402,0.05712954216336202,-0.025569742707702674,0.03248579548966944,-0.08528338159602489,0.021249423198004727,-0.03314890541566202,-0.003346500971687332,0.03758220101172193,-0.0500872534526999,0.006535763321665878,-0.03924239064200125,0.002517752588576747,-0.038457340861693286,-0.058404983643965805,0.016001750339836387,-0.02198662488071855,0.05969672294080726,-0.0009294063614692667,0.07623022305155458,0.08699896423358265,0.04239766120235657,0.023968355867166072,0.0029914193981680597,-0.08478796450925764,0.0016731787661425721,0.04868151232560077,0.06590469460431132,0.040240854581910415,-0.007524929008188791,-0.03679825917454239,0.02281927103760564,0.06536353719695168,0.0713330894765181,-0.07424358800846355,0.08555897273363722,-0.0016041804091013172,-0.012784461462086888,0.039753466881431616,0.04005086552835679,0.07243301461305993,0.09071127418610825,-0.017502642282563596,0.04556100206880205,0.04872431963227025,0.09225281813156354,0.014122963414405474,0.1952460702657953,0.1256664113635753,-0.01797934193094535,-0.030404755808807304,0.1510977430673585,-0.0024419670855980874,0.2220535280514276,0.022112214352628237,-0.14428690419180137
2026-01-30,-0.11045069392826115,-0.1202674557887272,0.0747432225124306,0.03905979073637132,-0.10597238303890136,0.029655314511951053,0.06525126287784189,0.06827936134661881,0.19674739851136808,0.0890149090373978,0.021216591798490246,0.021711510330787033,-0.07600994423450588,-0.08467667228610182,-0.13124225751860016,0.03766465082398112,-0.08189924618959338,-0.07379235818624012,0.10980595363114717,0.0479151647795905,-0.017748934113352398,0.017083637312090384,0.0830071284116962,0.02808034615467621,0.1040238116216785,0.036573195047273334,0.049725193946150194,0.0824442944062696,0.04582047228319318,-0.042853327696346206,0.027760435940292955,-0.028850521625569447,-0.13816092257578516,0.18927467287612312,-0.012516802054524248,-0.06894343172171677,-0.025558842364039394,0.015702389697643718,-0.13158543419121832,-0.19271907034453828,0.02504052858955865,-0.016808372886904732,-0.06104709096378176,0.09087095160111561,-0.12488437572670731,-0.0013350536593547957,-0.12156781451467345,-0.011675529115232954,-0.06064222508568609,-0.003960641634627147,0.017854007022301097,-0.06021460852939686,-0.04602333786638764,-0.14021921728866016,-0.04355631842845856,-0.04924268535064113,-0.03240905682315327,0.03680262217606156,-0.10484021985387029,0.13687783496778347,-0.006714272077076691,0.11488865607646043,0.2751078255688067,0.012129783911645629,-0.006012221344071299,0.08596099554687539,-0.1953583991984129,0.06259734420459187,0.0737661873217469,0.08295006629360471,0.14370246891993108,-0.10984023988655771,-0.07107908370441567,-0.010282179176675761,0.13426946745069407,0.14312856526071294,-0.059298283979664954,0.15171491341801122,0.008136939033176256,-0.06333513737866109,-0.06733085537954676,0.015707203476902756,0.1621653934093795,0.15095175666227184,-0.07861684522948609,-0.02586548608095851,0.04804452794267091,0.14554596724361663,-0.04088707484244149,0.30584511592128966,0.15383493772377288,-0.10298649407728748,-0.10204359268018746,0.13598345187694133,-0.05397980495542873,0.29664516610452624,-0.029545345423353908,-0.1462332253197281
2026-02-02,-0.10248204141417878,-0.11250190464828815,0.0761653684133869,0.035474409274948375,-0.09874387163739877,0.030255893897529473,0.06712016480404862,0.059090455981560354,0.1918517537927368,0.08279354610178301,0.017498330105454988,0.01925173858427868,-0.0717309328019285,-0.07367398765119516,-0.12433247664853563,0.026092184236626133,-0.07368343894575358,-0.061784760694149565,0.10292808033247614,0.05075646894817698,-0.020877922267307003,0.014600482973002489,0.07241781477482231,0.032257025034235234,0.09221118605752353,0.038880667507723225,0.051664167617808725,0.07649755711778551,0.027472274978172617,-0.049853831973199106,0.01631726884126424,-0.01838615696443277,-0.12903225371730823,0.18058398508351678,-0.013882479089619778,-0.08074231688776104,-0.03322926030179843,0.002056698650247135,-0.12456715105004425,-0.17881826583011956,0.016632911658596043,-0.023781540459857052,-0.06809774351559061,0.09235394268217796,-0.08719313293433979,0.009836165981804304,-0.12468361451089736,-0.009385364485048434,-0.057865236241232035,-0.0014131707973740835,0.026147599377471874,-0.06192351609720104,-0.043268238764742034,-0.11226839039956966,-0.03548715164021946,-0.04984149503955049,-0.04242615872838934,0.03658302345246162,-0.08078682607348725,0.1126795945725188,-0.007848501871314672,0.11852856416373612,0.237030439235725,0.015475083082442689,0.0017367640327720698,0.06476751534137594,-0.18584365984074686,0.051599739565430285,0.06927561015814461,0.08246066386033378,0.123099776767507,-0.08516634321071326,-0.05025725295398009,-0.008889907741336163,0.11754629001304588,0.12700224625036802,-0.05588957426821291,0.12808322365272995,0.01365247451752084,-0.049896827137271796,-0.03893180243339315,0.006342142236880509,0.14557880400506243,0.13595317170347343,-0.07386475047382274,-0.019057988348191217,0.042184923397845325,0.14219325112928216,-0.027063459002520253,0.28715842503281913,0.15974271881528845,-0.09198121130910501,-0.08980528087132113,0.14148513620692107,-0.03676647521278813,0.2842307194063283,-0.014892153741146203,-0.1506986227827911
2026-02-03,-0.1395152855770997,-0.15646878586581892,0.09710822814370243,0.05452190983255098,-0.09952603193792241,0.04163426115197377,0.04781711923665934,0.10146141289436887,0.19131560591004776,0.10252388464965945,0.029604101931078285,0.02004111400578852,-0.06381375360007444,-0.11948302544848007,-0.15434431876054058,0.04525959063010074,-0.11121048545645607,-0.106993537485822,0.12500003266653323,0.0230140126700923,-0.0279048067811926,0.027549141727105195,0.14608802586298492,0.005740200547501521,0.12721617545708225,0.035471151759846754,0.009713954466524576,0.09741836927951411,0.09374858202342468,-0.025008975869960606,0.04489770370645924,-0.0757328770491798,-0.12795363352034564,0.1824342917362913,0.01809263707577566,-0.02709080679445973,-0.03574312863761526,0.047223395679845404,-0.1153730388889991,-0.22928614225735844,0.024690939989719322,-0.013368037325419345,-0.060415046529355365,0.1138134813924609,-0.15463194198347446,-0.011541356575220431,-0.0942043814760622,-0.05088111001973517,-0.06953392395282458,-0.007656150593250132,0.05361751597199799,-0.09024799373187059,-0.002291365495983721,-0.18616493173545062,-0.08542065742149356,-0.08349087238329869,-0.03872243177109623,0.05378871695906084,-0.11325578059077887,0.12919864974236506,-0.01283752721102198,0.11131122302894472,0.3715491290755769,-0.020694058787270493,-0.01745508048037244,0.09050016686836598,-0.2108954446770315,0.12420088499198707,0.07423265330024638,0.10086083309322462,0.21517573319985034,-0.2005754461754898,-0.07149000541532492,-0.07201535393605267,0.19017639979952325,0.1684840846940518,-0.060650919469254286,0.17780748769807267,-0.013388545097017658,-0.09768190213091388,-0.11351896212274074,0.021923138938057647,0.1520736091732883,0.1389629896278593,-0.11484638498755885,0.018842149198416785,0.044554819899243744,0.2031441315892244,-0.04922811777074563,0.40082387521806734,0.1355296826808895,-0.17335973304636712,-0.10324216734061034,0.13600362996446808,-0.034895439762567315,0.29530769720868655,-0.05367266914141958,-0.16374615328016218
2026-02-04,-0.16623938069632757,-0.16790735326245235,0.11091518875271424,0.058516576961674574,-0.10765137032134309,0.032427559587467236,0.05478530060772567,0.12003535277999208,0.19737300103285746,0.11396482805969255,0.029610080588497525,0.016201058327785515,-0.053340879920937986,-0.13462931892775326,-0.1521750643882107,0.0594783971916172,-0.10732241556102774,-0.1401570822261843,0.13249241555482702,0.011989125046819909,-0.016057862508412617,0.033072599360602015,0.15706934174571688,-0.008978559520648728,0.11184945558047611,0.036546309059659,0.0036486518369042535,0.11338421426308784,0.10755126979490322,-0.006885188761208931,0.07481621216294566,-0.11067628070670042,-0.10596876934799435,0.15202044224404057,0.021427972975399216,0.0063719965396727305,-0.049012201920329394,0.03805156395755129,-0.09374126799071472,-0.21939157211380134,0.021502780730194695,-0.0016229752000991114,-0.07450312255088494,0.1202349040024855,-0.17065036558908164,0.004251004684550646,-0.07973495672747553,-0.06672527246243257,-0.08471326954902711,-0.019563700386034028,0.0606974045393252,-0.09679717989887766,0.027653957632851597,-0.1798853176934693,-0.11423995949073726,-0.07938206930054853,-0.06737155415749967,0.05434262742851363,-0.1241687571231087,0.08847565152425378,-0.0223164651230955,0.09574095875084145,0.3880578439631166,-0.03096764921938073,-0.006964393311021734,0.10909570182260431,-0.2086030441402065,0.1451540252043322,0.09344021730148677,0.09789789008085052,0.2270654313277873,-0.2322702591919932,-0.04859469572114132,-0.09015616299930489,0.20977023842340897,0.17846782574768125,-0.0706405711526968,0.184474264483171,-0.033674804054877536,-0.1021631967829234,-0.13763037283318125,0.014809408862103732,0.12388664811130998,0.15479655588898159,-0.11361031157036712,0.05265638339420492,0.08774153389218069,0.19905440005956687,-0.06987675482873612,0.42373348377054126,0.1345881062894187,-0.19182819833434933,-0.10210854728745071,0.13383946800907515,-0.03461372706140737,0.2856921135124714,-0.07067845563734838,-0.14452906589713405
2026-02-05,-0.04854582094500819,-0.04093024824453367,0.04195081372156849,0.0045980619038434685,-0.05193980585372582,0.015649582680351527,0.06376054901708657,0.024785556943851386,0.08085728991055983,0.05377276994022702,-0.019489406341310057,0.0028263821422167415,-0.0257830437969118,-0.016437522920685066,-0.05131668565839017,-0.005033640733877891,-0.006012367102370906,-0.0327969298813456,0.03465046025867957,0.013140173191601018,-0.0013288050483110294,0.0010033122251087816,0.02455417594324532,0.014043502593891836,0.012716078190956694,0.013252342996520252,0.019989923252314322,0.04298411000363074,-0.024759222643812653,-0.06017151672843764,0.004822935219985531,-0.00975407394692498,-0.04440917167848986,0.07113944063855443,-0.046331666305152994,-0.043019442799529815,-0.0279707135869666,-0.023300508961713436,-0.059821842490807936,-0.05968271631590649,0.0003626342979441144,-0.0012839003581215855,-0.07272973850463109,0.030215213674866466,0.00272694576417583,0.016746308185995297,-0.03798964735183379,0.022518511570481146,-0.019156590849210717,-0.0052000473328332655,0.012786439169652063,-0.04229705373811144,-0.006438360632437903,-0.020547917028667498,-0.01427837138438816,-0.013631397662433138,-0.03342060662931344,-0.008645963075543888,-0.017675843218481417,0.017025553391768044,0.02156752387820795,0.03918694814919442,0.03833144044537747,0.03544659860467349,0.037652430093851635,-0.007940469950560308,-0.0431311242594364,-0.031958226500769425,0.03222376702790929,0.0635125312377844,0.01710079869962002,-0.003914492342679021,0.015351734247700206,0.028085938325242386,0.05590200293639856,0.05330934409161007,-0.06657433636324377,0.06531584448730286,0.006560410290643185,0.0027612378661461476,0.0635698093250963,0.04299337125451429,0.041746681152208816,0.071306587760276,0.018799087977002915,0.06974326982086998,0.06455171300128168,0.052964031542267725,0.016901952398305685,0.13690973471970255,0.10624747701360332,0.022367288701338,0.009185391222037624,0.1423886591279958,0.040550632168984614,0.1501609026090512,0.03319061151083487,-0.09311557934920121
2026-02-06,-0.1120407747513249,-0.10084852621182429,0.07926901907884407,0.032100196368135575,-0.09583470739814737,0.0268703938749653,0.09085431233087446,0.06920400100731437,0.15639133449656406,0.08047505391987794,0.009265230452145511,0.0033237919985973597,-0.04551433841179494,-0.0669106878409416,-0.09105369812711764,0.008638274767193858,-0.03871170214991531,-0.06722587879014329,0.09297858452296694,0.021305601128487,-0.0008087052686777674,0.01904856589703737,0.07363596787646091,0.003887560464247506,0.01864494030269552,0.03949088395464278,0.04532569641881699,0.12434468603255963,-0.012470388311028651,-0.04216620720499494,0.0292367077539211,-0.043661236390437355,-0.08567262490449848,0.12261979413372338,-0.038711372436056914,-0.02841145939997329,-0.05060667857450038,-0.04739328085335787,-0.10772029485638933,-0.10594135066803016,0.02111536582648676,-0.0017172790986183708,-0.0964074876059468,0.05819299802122646,-0.04725513261629914,0.022564134841491154,-0.07697434677201434,-0.00530191656989038,-0.06705208974089558,-0.024024667847891312,0.0305250562306384,-0.09238620549694468,0.023635090179478756,-0.04547722090971026,-0.05581964290431164,-0.04280862064276475,-0.08751024152735086,0.05911307475900248,-0.028684051868871144,0.03932782413910134,-0.004839006143788174,0.07801360701395138,0.1678050366331433,0.031384467779559146,0.0410203016018058,0.022940210293071542,-0.12392898588241937,0.018556942200889846,0.07879030976864218,0.07561669811392027,0.08002052388318436,-0.07284496146988845,-0.028083659683227596,0.02250718315033868,0.10329872736986578,0.10851076929626502,-0.11030610942449719,0.08984153316716928,0.0010688092201614208,-0.03269487325250306,0.033936200131189226,-0.004075755740295461,0.061996513685199386,0.1126688046348146,-0.036308077572718755,0.07434045826982166,0.07913675299394675,0.08777920989338318,-0.035677784135941325,0.23891902307074483,0.16113185642214242,-0.08544783520481873,-0.049206179010271925,0.16595103034426098,-0.010318938464338434,0.2509372645411045,-0.010591534301331773,-0.13010985781936846
2026-02-09,-0.09164183359278795,-0.08685660716019418,0.0738241849460962,0.024451814235392024,-0.0691961081019774,0.022288818317892957,0.08091775534877667,0.0536114000433439,0.13904552336005382,0.07191138302508787,0.00039017618269888976,-0.0044349142853331025,-0.039416027065820494,-0.04011981934711437,-0.07780673131785457,0.004609704295711081,-0.012364266450695197,-0.05480400588188816,0.07099580490292363,0.01993791669295402,-0.04031877958331635,0.010580642278245405,0.052506128701116934,0.007378551341652058,0.020668601596425643,0.03970395624070181,0.07166315611609939,0.08878572017215985,-0.03252690013684024,-0.05622807221421168,0.00803586771923994,-0.020229363583321787,-0.07650731862229584,0.1069617701976732,-0.03880209896436047,-0.036927400110063346,-0.03188533288941778,-0.07601561766323714,-0.07987672368555415,-0.08028318455719619,0.0021507518355580613,0.009332621448719748,-0.10528598988973084,0.04614547546140917,-0.015140283732912837,0.035696549213835235,-0.06117843000873187,-0.006260501860499963,-0.05398181183745647,-0.01503722729656023,0.03654910796806318,-0.06461486567375832,-0.003853183487081569,-0.035752707643610604,-0.0505641663175035,-0.041780505741623175,-0.08193712010160228,0.024767002627404798,-0.009659896617130804,0.03514916981592761,0.02187988462333234,0.08076837921607757,0.09018958695965965,0.03714654852851724,0.037173936563483036,0.009429343624636176,-0.09786918313612236,-0.017271826745405665,0.06347603794424511,0.07446656916176923,0.04790678114769342,-0.027784779179295775,-0.034551555089057995,0.04607754284710195,0.08167049291588367,0.09060091881502866,-0.109039993116498,0.05034258639077384,0.011433286497744149,-0.024637901602906145,0.05971537440618219,0.00905689623344716,0.05976773968660944,0.08650277769744863,-0.018131811778761164,0.08094381834161041,0.06740360959584588,0.08230466233423818,0.0003201761165935752,0.19651073193230528,0.15636613025852383,-0.03255497820781505,-0.04000954582033744,0.17184336015484825,0.013324334569610196,0.22585258827664592,0.0011313705269620049,-0.11852564935409791
2026-02-10,-0.050506997785612406,-0.0464715130194261,0.0433110167706432,0.006250454983456526,-0.04019198135872505,0.013651191580424703,0.06286620055637532,0.028891617530790725,0.08107513956971595,0.05617350704594626,-0.022015096066557223,-0.0012500053209853253,-0.025162203538467688,-0.012271223136240012,-0.05380760469783978,0.0005803000520121521,-0.00614653845962485,-0.03170661304392388,0.033954225128585085,0.018900203190507413,-0.02793474854692536,0.0003361212774337669,0.026403114361360225,0.015323914815792566,0.011193878984224036,0.020229013965759178,0.03500422450250568,0.03410693342564752,-0.027188930357645885,-0.0600699870390088,-0.0008500211050565497,-0.011797897610238096,-0.04489464028040973,0.06940316851158852,-0.0425182464701851,-0.03700614551266336,-0.01881004478120394,-0.03797864458540507,-0.05582670028945838,-0.05654880915835529,-0.006292703333195376,0.0046683662105520855,-0.077790125554038,0.03197652152902885,0.0058147916999623595,0.016684893285992063,-0.0405348247151288,0.013848598748652206,-0.022780882257514096,-0.0026720812969266237,0.01438794083930766,-0.036668236352540115,-0.014320889675844292,-0.019739952288409454,-0.020772037081523503,-0.015228082770642462,-0.04147478649342475,-0.016335068218078994,-0.014838927187439588,0.016742064172035966,0.03160752206615334,0.05223129940526438,0.029675281078270888,0.0329644713472475,0.03276440679578672,-0.006774663491496127,-0.04266925035700358,-0.03620906059161922,0.030510739544396002,0.06479157070313725,0.018220240982254426,0.001816964002466493,0.005843365494769792,0.038621080696952324,0.05801559386603258,0.05842309322629932,-0.07202075065437703,0.05607060429993396,0.007626681973836851,-0.004419635878493805,0.06416544336809318,0.04260788267621207,0.04633984981127622,0.061872940746053845,0.017080964696141388,0.07722487902286253,0.062001460645975115,0.057729314544158736,0.026622419562856457,0.13621359124666996,0.11425443473920714,0.025433319163474133,-8.719354662558784e-06,0.14627373211993341,0.04539926679939998,0.15236804611686466,0.02652052978682353,-0.08056312355078792
2026-02-11,-0.14183974932792107,-0.13880709595111404,0.09527345515743225,0.06388322374838712,-0.09616863408313919,0.045551762353147514,0.0691258057172226,0.10908851249252961,0.1566435218592257,0.0739288945882159,0.0070748686837445035,-0.019198687002776042,-0.03973675144516442,-0.09856698104834356,-0.11324342528056071,0.06488450159468913,-0.07231483203524253,-0.10742880014237301,0.14057522618160087,0.006005797638907047,-0.0706906117708323,0.01739645128790374,0.1242424744519984,-0.010185161599582578,0.04207311615848859,0.043506682624449886,0.11827730175076571,0.11875029464180456,0.000846935394943538,-0.021170488243701643,0.006869811046076046,-0.04304645299447116,-0.07951084656388951,0.16742505264580468,-0.011004417400027321,0.04618986106340508,-0.036409594905017675,-0.11753188403162072,-0.05345456297187898,-0.12120070924910405,-0.0016828751016608173,0.055672719352169664,-0.09595952138525383,0.05542994944481384,-0.12796708789898506,0.03603141412346355,-0.09172024242979077,-0.0802737516198968,-0.10291791944600083,0.0009242924877805279,0.10319044246261096,-0.13042917126553696,0.013875153588099567,-0.12384515444457507,-0.10795187613024751,-0.11385737867785302,-0.09875008387877732,0.08370927611137706,-0.05792152769388849,0.1328662166903427,0.025259136791207844,0.09895040583437455,0.2866183734632936,0.014509677466404601,-0.009422503254198222,0.11672542456709407,-0.1983269283690329,0.10746582367552897,0.07016256639840829,0.08692282084122196,0.15156160705393648,-0.212270777659649,-0.12057375253114284,-0.016067219760722472,0.17023677827742745,0.17789670852896886,-0.12001888495901637,0.05994581020350755,0.015170900963108528,-0.09485858710442956,-0.06207498679965738,-0.032294714704068805,0.18043034708260758,0.18107516215685465,-0.03589002974124084,0.08649601253856955,0.04056181018143713,0.10882145775613603,-0.05225463246523706,0.365317854023414,0.15639806978829712,-0.14512595873018713,-0.09847500612118514,0.146346612438657,-0.002735748361363397,0.3359555128063807,-0.06600803423602643,-0.1909578473618524
2026-02-12,-0.10125255337622194,-0.09477196235563791,0.08319954122002382,0.034839922424292985,-0.09100411757667118,0.017058936111550654,0.0949166063919707,0.06623990500533614,0.15409164665381167,0.06774069935250697,-0.0018420438862057804,-0.008503748125224154,-0.03997145110985104,-0.049583981364777194,-0.08399341186260711,0.01599273884563654,-0.019560992842801078,-0.06221918203475908,0.07433111885227783,0.031156859179443157,-0.04359897692813273,0.011615776077343747,0.06085631226318308,0.0069443640273843255,0.012699219313989249,0.040655971185580654,0.08197300915914302,0.103677808053746,-0.035324415124523945,-0.048212107544871485,0.010124433704922203,-0.014846785351908911,-0.07951942398360035,0.12177971694283521,-0.03271000279533461,-0.036453489479677297,-0.038864818418803015,-0.08517618711019656,-0.08743014454312922,-0.080756551312767,0.007021348184752894,0.01926815820650493,-0.10586124032307184,0.035582096033071914,-0.02657411004324313,0.052306969554090636,-0.0779992659657026,-0.02028884518099735,-0.06570902790326044,-0.0035491100098691587,0.03712601629670049,-0.07510160401034997,-0.0038185323516685167,-0.04359586720073866,-0.05112836509261085,-0.061328478588054264,-0.08766622835041436,0.0394449889082725,-0.010068169840885153,0.04946419041293375,0.024444170959077097,0.08602753823082265,0.11888330999098203,0.025834106696647055,0.04645124257555273,0.021082474678256673,-0.11415129338270738,-0.013141267610973359,0.06475905926476899,0.06872762125334514,0.05884466249972993,-0.0455448760813355,-0.04978822976090412,0.0465316948112467,0.09962061688577395,0.10197107828423033,-0.12386620851528228,0.04232680594565661,0.009918776591734749,-0.02192510127735503,0.04778422354123515,0.012981255531435934,0.07560677897920995,0.10086248818520259,-0.028633957360517895,0.08434823459783675,0.07141438452074225,0.07994089432263861,-0.013014313858261487,0.20659791774661188,0.16372077429361837,-0.06964380499152434,-0.03193243922176413,0.1746927602046635,0.010965813381266148,0.2408908590124492,-0.008114442904036965,-0.12729676839281
2026-02-13,-0.11764705169505417,-0.1530696153293339,0.09672984207704079,0.06870857590199367,-0.11013421534585464,0.008760738107914272,0.08264359176313513,0.1309441254345899,0.1888345190691029,0.07067211367462709,-0.017819045331732834,-0.04626798585204232,-0.0074811372663996425,-0.10163324470418315,-0.14813403230017325,0.18854270299686768,-0.16108475580785792,-0.2567908585116019,0.26826662047944566,-0.024031749215029548,-0.09720299507888562,-0.03731332662618727,0.12817430809699032,-0.005934518258846279,0.135251101674752,0.052356585382505295,0.0065758248097313975,0.1225071538994588,0.15930155809247962,-0.013539605379048617,0.015477905079175062,-0.05340748847021699,-0.02499781832764613,0.13938107151219342,0.014752179295574548,0.10631470296132849,-0.03169889253843081,-0.17658397160816913,-0.0034596246101744367,-0.10745252913229128,-0.036544016485707174,0.13267576285252422,-0.08564707163365137,-0.004934575253491174,-0.20761342114051687,0.10103144818188672,-0.1785341365543178,-0.13521408536134483,-0.11071402161145412,0.06415809261088788,0.0592604123914187,-0.19926908243413927,-0.021855218911492003,-0.1115277055546048,-0.1117876652091964,-0.1708807423189531,-0.013966235739775299,-0.019048081782155356,-0.014545005671993813,0.15084927962336298,0.01857340751617622,0.07178821637739814,0.39248122081494435,0.04733977125354556,0.06755389940847319,0.13900726698604365,-0.23341160280989198,0.17918739213549673,-0.022553620793255034,0.06595135953956305,0.30399186512344994,-0.4216103296151284,-0.12313079455808436,0.01900401538269824,0.2344206826795466,0.3120169250329479,-0.22066407034515695,-0.011990174824412501,0.01375815884892826,-0.1094556079576305,-0.15193679888964093,-0.047972046791825665,0.2760176236610221,0.14157193055967607,-0.026308320678622946,0.05888113056981301,0.06426766598265367,0.11669111569795329,-0.02767551987088522,0.5032100830146973,0.039177989435178744,-0.3118235247962271,0.021814201560671976,0.12720627405170198,0.03815755900429777,0.4077040322735958,-0.051715115812130404,-0.27393094808461455
2026-02-17,-0.11119486240675054,-0.1638105784796469,0.09921678033398368,0.06924331680301807,-0.10290090927151203,0.012423528491786986,0.07839381472483185,0.13079605968338892,0.16571609951584884,0.08519644132145152,-0.01828055965027537,-0.04147951814040317,-0.0032380712282378613,-0.10349216524662157,-0.15289931357267011,0.17638209548031292,-0.16289288104544034,-0.232898313336952,0.29407302410708036,-0.03363540586988867,-0.10466283482476556,-0.04682546416816813,0.1263843075322929,-0.013025354465252851,0.16257884311520818,0.053853042022016004,-0.007652108506825532,0.09977732533305511,0.16024628450615536,-0.011778301036457493,0.039919108567412515,-0.07759185173689383,-0.03349757231918065,0.1312103688109217,0.023753579033737815,0.15897351435335505,-0.03725330663081475,-0.19045153610745635,-0.0010524037611786847,-0.09443467046356943,-0.0654886211442095,0.13677017111395917,-0.09636867815007975,0.0032667262981655983,-0.21331283425052033,0.0741883976096915,-0.16709128910012228,-0.14267610120190458,-0.08145253945397203,0.05872141028022618,0.07223878626230143,-0.21229313397717792,0.01880746747422893,-0.13183479284308428,-0.11143445697833039,-0.18675354729303378,-0.004684935068658016,-0.03460315030801633,-0.031036744963334036,0.1515584413570103,0.027383104595611878,0.09119029374743204,0.42007342535830394,0.04406049822130506,0.07440439682225176,0.14242620502087525,-0.2599439320029421,0.18895337252078778,-0.038828986349589,0.08275696261005812,0.34453513043735184,-0.4685337858363393,-0.13513764522939953,-0.014184476706915824,0.21481147704011655,0.3301208715601771,-0.21535842102082076,0.007895131378246212,0.0148784015454624,-0.1268686495753226,-0.13930713922038754,-0.06140722237698705,0.2794751423514801,0.1518862966155744,-0.0027710502357366842,0.08224424460701464,-0.01025795361976045,0.13871258015122892,-0.01886742881820181,0.5057646362343453,0.04504502659068004,-0.34514181742533184,0.02032081661214411,0.13625712657967778,0.0205508692360256,0.42308482886034915,-0.024822648404332508,-0.28510980900446853
2026-02-18,-0.10584983549725871,-0.08919314438244463,0.08287089826877912,0.027849780708506945,-0.09058791532804682,0.015169674613475749,0.10954331396887478,0.06533533315014226,0.14249379229444822,0.07044519559485907,0.0058228566489478654,-0.001493781960285023,-0.03954347463662306,-0.042498681600045246,-0.10421613378238014,0.0104969033476583,-0.010697256145144806,-0.0463556693874412,0.08308464209315423,0.022098076237916722,-0.05129702197144702,0.018175649179482636,0.05822471735675425,0.019533024420254733,0.0017817286557311636,0.04811621555801257,0.06611850967388473,0.11348247669871349,-0.0698853751617992,-0.05101461723386074,-0.0010252921892426638,-0.019050546619971943,-0.05960485633562626,0.12670460636938763,-0.025523013359687076,-0.04965334028797225,-0.033065878011164576,-0.07513298532977404,-0.10168147679844192,-0.07891560532981592,0.000586358296122743,0.03216362915719822,-0.10625922183711263,0.024959520864474567,-0.036598864594455,0.05767146245500362,-0.08687333608301602,-0.026179935011827596,-0.07256269993573511,0.00543624783362544,0.04695161576330412,-0.07885486594163656,-0.009236425896175933,-0.03574301135864911,-0.062542519349709,-0.04810469649765705,-0.06686194759318148,0.057910127017668,-0.011425741550459471,0.05137870975618724,0.024499394999516207,0.09142830700120583,0.12890002307281687,0.036494561366005554,0.039282808224129814,0.024235092567752047,-0.12777308572700377,-0.01549115730646299,0.06694134621693983,0.06380684415063066,0.046973213795147815,-0.04079226608736127,-0.04936834617193232,0.039648101920251574,0.08688127304795305,0.09337778798233845,-0.13884808838448953,0.048079358836941095,0.02333569189396291,-0.018054252933669787,0.03603167174807959,-0.010208692783630778,0.09523004738546377,0.09737574734343712,-0.004589471725094461,0.08158618957975701,0.06639421970307685,0.07697635801648761,-0.01514516520526118,0.21371911199337285,0.17050902434133652,-0.07096272431570555,-0.04330502467428233,0.18491677566821033,0.015511607632481625,0.241554292426,-0.004294972042437199,-0.13173150254044413
2026-02-19,-0.085786631392132,-0.06901161695568893,0.07263232536168553,0.014529000282552716,-0.07497514058243476,0.01609465834778255,0.09892639012828593,0.04950592569074713,0.1219627387589091,0.06593170669629712,-0.0017931022579251825,-0.0008309771987638232,-0.034236643005129706,-0.027936841209627403,-0.09210541621961642,-7.454960505158016e-05,-0.004511175808972208,-0.03496492118009441,0.06900918445368608,0.019201894423127745,-0.0450919364805217,0.012598867556493493,0.0434458206823059,0.022267461555433958,0.005619845149574853,0.03933324804093909,0.05501753146051893,0.0843039580588848,-0.0684233783091639,-0.060897272810556055,-0.006369875502466009,-0.016870440336139922,-0.0468259102466639,0.110163467616704,-0.03527512130565359,-0.052825029761762246,-0.031146598703984583,-0.057433707836704914,-0.09449472419321796,-0.07235878170003918,-0.0015401056566182493,0.018077854793290223,-0.09329821736484407,0.029189998729545447,-0.015568298471735303,0.03923735620428366,-0.0644460267412496,-0.007573836030441846,-0.05004765218864595,0.006705783681121385,0.031472070107418475,-0.0599669373999276,-0.00883225461059141,-0.01587764785770153,-0.04500918979318476,-0.030515917930539684,-0.05362740633053241,0.03048397262589475,-0.010927500954881762,0.03609484273998673,0.030473048328271683,0.06991851544967935,0.0768672769716986,0.03697483345319196,0.0438277137662269,0.004644993353551981,-0.09983123118978367,-0.03069136297958293,0.052541033200551555,0.06494781446325568,0.02538801408821441,-0.016731096999632246,-0.025561021641121777,0.04817333680361088,0.06171390776064674,0.07809174041512243,-0.12089601160993942,0.0550517527749014,0.019625080349830567,-0.010759627027625162,0.05079922658472456,0.008552547876961143,0.07324538599239812,0.07929401767916985,0.009007717590727092,0.08041446607182806,0.0635306423203168,0.07023448599364615,0.0029604659013786,0.18157933643177918,0.1499833519320654,-0.03222174539317616,-0.032189588048983545,0.17993766841304695,0.025997798809940208,0.20958979007898368,0.00890856105344477,-0.11372795823158528
2026-02-20,-0.14879807637803716,-0.15355690369612085,0.09894237842592103,0.08390583664609322,-0.09475376278480693,-0.008143787796979685,0.11597749178173988,0.14360073387706548,0.1817677294939208,0.08512674658379452,0.001886443657209469,0.007599036315648674,-0.024949985968977184,-0.08209172308228249,-0.12415518783012845,0.10080624430066823,-0.1548489026198772,-0.17389349595863732,0.31576065064740083,-0.05510856042169118,-0.055606157030130526,-0.0156610872877564,0.051219655385966914,-0.054914963916988885,0.055314723066037845,0.06985809112784147,0.08239874320623372,0.14753938907953615,-0.005755112317220782,-0.047710459260581616,0.07116984991720689,-0.1403072619001392,0.06329434051278733,0.1694344875184187,0.07008648547742696,0.08934618350008443,0.00835944664645575,-0.18344505194601862,-0.08847106541853277,-0.025126925033767185,-0.12378896443712122,0.14781026530431693,-0.18192442957923155,0.018388848868238956,-0.16769695725350767,0.1330613635977581,-0.20163415972760113,-0.15406084147767535,-0.02325051089915047,0.053477454027414634,0.11234148677938707,-0.21075589050165686,0.11650660645797892,-0.11110012183558118,-0.11097340701026483,-0.18346683646329187,0.00789844570297684,0.03870647704066043,-0.08789960147590223,0.14144310524378897,0.026223657220546565,0.09857241098406615,0.34559685689634273,-0.024260788757624836,-0.00351327291684974,0.15348117151987395,-0.2280076924883446,0.10986363888351258,-0.012012446685819854,0.07187817186270738,0.33297477523215774,-0.41169618908995725,-0.0811307786359645,-0.10183044844895278,0.22305190898236774,0.31631455097861283,-0.13701930036813498,0.041245495103428176,-0.036140217188851104,-0.17382923654319882,-0.19274882759751025,-0.06293608642810603,0.15349795617521747,0.22363018995151657,-0.030475404886572327,0.20676797292413526,-0.07898059583017827,0.10149245493802143,-0.041119584761024106,0.3977557304323018,0.12349788028225062,-0.17310256720439665,-0.045287292368684146,0.1748903644142773,0.022387934191784864,0.3302523756167145,0.011849455819777324,-0.22031277108976285
2026-02-23,-0.15994519175579858,-0.15759778965711382,0.10944295675387022,0.06688440180037442,-0.10973542692781577,-0.005572126333905322,0.10378121415745933,0.16254034834775555,0.20747837802623653,0.08610432457515409,0.0007049171863775811,-0.015941908068867514,-0.02393766890124556,-0.09621412198746875,-0.13019067679288315,0.10826096900528612,-0.16363214177585328,-0.17550202551792846,0.25937097691896593,-0.0469781802572304,-0.058941476112008936,0.002955573090765538,0.09356000175727339,-0.05431843143804434,0.07680283516510047,0.06830515355266825,0.08411497657243203,0.1422517076743572,0.010760270711227399,-0.04321997542834267,0.047264691280000146,-0.12406688938402542,0.0551014858686036,0.1568653602921117,0.08430963627731602,0.07492759024964116,-0.012852690011746387,-0.15351788037372086,-0.047129232871863984,-0.022661111727323734,-0.07846248947413335,0.14569961785374175,-0.1614493000638431,0.013839971245707926,-0.2177248053605114,0.18570247975190524,-0.20922022095149154,-0.16669538447719992,-0.06677546608780614,0.05517408402314566,0.07804723135682594,-0.20950597733247642,0.10449139776127905,-0.10716216186346049,-0.10689699901237792,-0.13733532862917,-0.010462169075742716,0.0600315140922354,-0.08765135360689463,0.17337222159318938,0.0019375496248606495,0.0884349888970927,0.30239673375752263,0.017759225742343183,-0.01845876444844869,0.16310934139655803,-0.2055554902475899,0.1103215221614634,-0.024910030318253368,0.06804138248068199,0.3152647200232843,-0.4193748996458452,-0.11531179156652789,-0.07560051009347729,0.26951814880340125,0.2994522110420754,-0.19136114788101738,0.03379470921145071,-0.03086254119552969,-0.15901083372713382,-0.22083675997264943,-0.020184238069611962,0.20305898047118504,0.22837033412913763,-0.04733578362924415,0.1824810755028729,-0.0031863565684275078,0.0977229874990471,-0.06344859712012435,0.41919373317031183,0.10736056376423676,-0.17232512567958477,-0.04281075836253623,0.15756738863541567,0.007658725551554596,0.33569946263374084,-0.0359140827772911,-0.21950575887765617
2026-02-24,-0.09292942284745767,-0.0785878034781224,0.09404002570261132,0.01589144476985481,-0.08257932503204665,0.013194988093168568,0.08817979020624585,0.05340363183468798,0.15066046474425496,0.05768902863493,0.008069558880450136,-0.0007646632615358109,-0.04259903375754846,-0.028399783898477672,-0.08194828526885475,-0.01063873064626404,-0.003979487462538676,-0.04436593217467818,0.0700184310226298,0.008795798399047348,-0.033885740753825604,0.02892285942254602,0.04243918305498586,0.01581757040328707,-0.003927387806706198,0.039991535699059264,0.07418403223185337,0.09729642806072963,-0.05972708801361033,-0.07187258266875146,0.010727192099575513,-0.04953452933531172,-0.026947218265424476,0.1201464403749326,-0.008874013741034173,-0.05504812342152564,-0.025483514655265237,-0.09881640944697555,-0.09829919924655955,-0.07560778172618747,0.019849206322877327,0.0182864166348643,-0.12464793913073301,0.0157083921454443,-0.019459185913128833,0.061296365798014237,-0.09051241933091864,-0.02117579776774379,-0.06217791276894753,0.01215729761926128,0.028945455244217023,-0.07411488691741613,-0.0008429965796539294,-0.022028640928927284,-0.026797941145577833,-0.035348661592809937,-0.03783446773962255,0.04500169267997778,-0.00407117135679109,0.04418374213185095,0.019343194811825823,0.05717294498179986,0.08526583102948945,0.014144528774407885,0.0454128646319879,0.005316772205538805,-0.08177685400753888,-0.02075973361110984,0.04926774534590128,0.06948734427571976,0.030190847303308392,-0.020774520693269523,-0.03094292631503537,0.04832473318675631,0.07461449784350957,0.11247072273645213,-0.13753018015277474,0.059540616281405896,-0.005241786585253452,-0.021243346742415056,0.02284743933463941,0.004561393051405049,0.10025849956314614,0.09751885816141331,0.01174922898325393,0.08466815183985406,0.07061166717738554,0.06491965069946606,-0.007422685632051616,0.17956348688755921,0.16011776234599373,-0.04196864332181264,-0.04134370427343141,0.1890543962863609,0.0277867111599817,0.23434672491014696,-0.013860075394195872,-0.13676105121020582
2026-02-25,-0.15663440506134002,-0.16745591100335686,0.12116026319354838,0.06368800709773799,-0.11773277317398924,-0.0006926673210628665,0.09274495847921504,0.16035161493395914,0.22167121185818514,0.06621539703238546,0.0067909366289319074,-0.02536174899343959,-0.03687684663221603,-0.1122018201463787,-0.1031132216463128,0.030239153214265374,-0.11796883618202501,-0.19695831946769657,0.20753410067165684,-0.021483043949059068,-0.03599501066558163,0.0636456546737195,0.1362924912591197,-0.02955671425158314,0.019308378041787498,0.05242996253310702,0.13063223662285509,0.17946669445936006,-0.007709024448304855,-0.05056474692461076,0.02589114744125802,-0.11192623832048494,0.05115407631464654,0.16581170443664953,0.12001965841442994,-0.0037443285276531433,-0.005690759969261066,-0.1795361950339097,-0.052967013817570685,-0.019874845834447943,0.039814101204669036,0.09305635038612702,-0.1668570620340361,-0.048680119075773,-0.2034087376479128,0.2639895651888739,-0.22352958361607292,-0.17797016850323524,-0.14345037992326315,0.033254398168582514,0.03106089486516026,-0.1722955814818058,0.0703094096729452,-0.10908309271234234,-0.07170291009532218,-0.09276993059185763,-0.0208756224306162,0.10254156870356457,-0.029612570572808916,0.16122857524215273,-0.019140874554995156,0.050864178583980874,0.21935065124561687,0.0018477902019912104,-0.03767482386571899,0.10992365055149522,-0.08655520126065529,0.06589336252202327,-0.027030330272350488,0.058795196455146394,0.2280759585255503,-0.3235356604756029,-0.15446861133825385,0.0011570127250134996,0.2742476304347833,0.27864221433678077,-0.19844766308058537,0.040249492111179404,-0.05704708135604153,-0.11139347599259307,-0.21263305907213675,0.05212268361425584,0.237792770096371,0.2311386645123059,-0.06323885865487261,0.11834131996181647,0.12897800549672436,0.05192694625680331,-0.10540390022242456,0.3582537262372295,0.11908742552175132,-0.14458510784178774,-0.03659327002094025,0.16779557344702425,0.037014347953298644,0.31504428869244233,-0.08829777425753044,-0.17651947790065736
2026-02-26,-0.12966313005720181,-0.14135052668720044,0.10895204443872658,0.02643128240170383,-0.11163361722713588,-0.00196592941269271,0.09318499603770482,0.13844092262682386,0.19725654984988156,0.05432482089509338,0.014515865204421493,-0.003065973799423475,-0.04669669111026841,-0.0685405347757638,-0.09962789407966895,0.029459846081251066,-0.05902424032934443,-0.12110850788717163,0.1479299676073712,-0.02877325189058716,-0.003795293031934297,0.05040996215472541,0.11020716282431559,-0.025295737876139993,-0.014311382366348114,0.06232190090128982,0.09916309803049886,0.156961722024211,-0.020807833600243894,-0.050572723583606274,0.03248765250991982,-0.07221356858979594,0.007546468740994099,0.1358883294858848,0.07100398210490942,-0.030909690437655665,-0.009101535611701623,-0.1883271271645689,-0.11168820895888742,-0.058950863163482636,0.03228098849569768,0.0852076852536494,-0.17813337638487764,-0.04249339007199997,-0.10925185710068434,0.19700488082071582,-0.17466204656891085,-0.09438952242774294,-0.13886632829052026,0.04080768348087438,0.06859903965878306,-0.1375482151405816,0.028873977326575526,-0.07397917885270096,-0.0496027239348046,-0.0918116740377197,-0.039702075162863254,0.09856679098624674,-0.0010652466496634053,0.11409443608103115,-0.025356112046083144,0.046318078207917404,0.21721320493168397,0.005217206091797219,-0.015777272276146337,0.06250849063358652,-0.08790993812761208,0.04795356876780555,0.02729773320523636,0.07119893754470343,0.14205298300412636,-0.1804725797672567,-0.08949134791970709,0.009338553695472065,0.21759311792430397,0.1924561461652272,-0.17910260345714818,0.06335824356609693,-0.046146507581354176,-0.07065203430192031,-0.07847380092729644,0.0017564588746817149,0.19092201492003505,0.14669652229219826,-0.038363189956861374,0.1431641531308937,0.08029611656533005,0.022308631836841022,-0.08109126548123967,0.22992466699796035,0.198127501427727,-0.14146450174317654,-0.04334037702358226,0.19971615354446542,0.04011501032247548,0.2888081721099566,-0.07100612585192499,-0.16868616905861952
2026-02-27,-0.028500030260768645,-0.032226114075444796,0.03824008509309231,-0.021203982532537954,-0.039043650518914966,0.008963428227652514,0.05043811077743526,0.019759737921669074,0.05129345845102171,0.039417761401142976,-0.031120877268247624,0.009868888785269007,-0.017971451394587036,0.008742265096891981,-0.03581725449675731,-0.004634798325207542,-0.0017682686448685907,-0.022570758333336875,0.022128921901264774,-0.002399010101162863,-0.011031066263993331,0.0015924431516875955,0.02920508340566516,0.01266664252041941,0.00171468369194421,0.012081468775886197,0.022740814100929926,0.005631822653524912,-0.02956927155509962,-0.057631085322969,-0.0036985370067815805,-0.010252283400028683,-0.017384978777135053,0.05425377914809447,-0.02612132464260169,-0.02195824072522895,-0.01773207451240666,-0.03315533784766715,-0.05434321300942041,-0.04990091010222027,0.007742117688632327,0.005088915877374755,-0.0477511333760307,0.02650415518157828,0.011468981161088354,0.009282570399207544,-0.03221166634581169,0.022720416882942993,-0.007191299703949111,0.012655345320496746,0.009743003261220807,-0.029695559456358316,-0.0010864372692008847,-0.0038438288484094977,-0.002278584537333865,-0.002685244567057845,-0.017614852050050894,-0.003916982183497309,-0.0069140082242645385,0.012151218423020018,0.01978174722872057,0.02550735798386726,0.023514181951649976,0.01895509560903539,0.023723642115586134,-0.0050901239040851715,-0.01675293805970815,-0.030703017052400486,0.013394317137623539,0.06714132828759084,3.525451563219685e-05,0.0033401801930622362,0.01408317868256434,0.04134901079938339,0.049237271549760306,0.049335976483349496,-0.05515966073053333,0.06703640975044886,0.009675136316901981,0.0010486179777682413,0.04631101643051105,0.03429759935726118,0.045439451502273194,0.053681897213532316,0.02919714034747669,0.08196441567512446,0.05722444037444499,0.04664803536331196,0.025076309582710787,0.10120379377484867,0.08845427604907297,0.036892390168418464,0.01472148398206708,0.13475216744806792,0.05211625219749348,0.12455978858098392,0.013508660629294539,-0.08637408913291345
2026-03-02,-0.10518473921697694,-0.16165271799519493,0.12221873399461687,0.017024592972716867,-0.09738739477071298,-0.023723957045859022,0.0752746306548305,0.13954961288244427,0.188491520774579,0.06032423122270015,0.015080499776936152,-0.00913183993474276,-0.038934012878484574,-0.07749592423076837,-0.12371497549370382,0.013491141880273599,-0.03082129211405657,-0.18340641766708757,0.24605966485955483,-0.07292765093014904,-0.011521271450306828,0.056003449567255725,0.13026594652220258,-0.05894966144758032,0.05620029389871864,0.06987872040666858,0.09130706353181371,0.13863738843037363,-0.008988057961010041,-0.05829733213788557,0.05454011810619125,-0.09821314295384741,0.0025676823522366036,0.12741243538108224,0.16018061073611806,-0.005112683625967599,0.007216068157130929,-0.24117929753746237,-0.09966903222191457,-0.00872409253830461,0.0237396514467823,0.11687504759973676,-0.23351942979463536,-0.09922415341464534,-0.10482460734395191,0.25044560255734716,-0.18802821531929936,-0.1289339630079383,-0.14658914748434998,0.07136912509909243,0.08387783248108541,-0.16011502364030747,0.06658036648716882,-0.10744538138523756,-0.06470556111955567,-0.08092842900663351,-0.007993150565211623,0.06359231240127153,0.002936484128067883,0.16400383288625944,-0.0011506656714280802,0.04203258714798968,0.21447839125198653,0.045834644158242295,-0.04457203309094409,0.07506025672563649,-0.08591967729874739,0.030441684800188024,-0.046439454532614104,0.08191705943188177,0.21721868986288567,-0.29544245713209516,-0.12342716620107665,0.03474185658248183,0.23941956719894336,0.24125477548317306,-0.20101776132500862,0.09444667153369928,-0.0625552951165082,-0.10590631546976673,-0.09163415719967014,0.022319386305864886,0.20192160796869893,0.1427897438474109,-0.05766162730724804,0.1528929474922061,0.0690834799237222,0.007341570748470944,-0.12169143414528712,0.22536186876848552,0.1517120255233181,-0.2038047052388016,0.030353238555105126,0.2395886150893253,0.033008866871390694,0.2951060694053893,-0.05456687582306831,-0.17033808408570564
2026-03-03,-0.058938908333568615,-0.07608310183992495,0.07522205407688708,-0.023246624418231464,-0.06553706322379094,0.00928457368184573,0.07899095312388385,0.04264599387458599,0.1274103858744809,0.06224583887888735,-0.0013642863825671491,0.01914952400999909,-0.037931765206290206,-0.013379318317150972,-0.08136682559744235,-0.011758758849189468,0.000741939222730411,-0.04407845751101471,0.06779636509443422,-0.008301093437487394,-0.011837836941756873,0.01657785032632998,0.05789542285488568,-0.0015964728483946339,0.024976560609129186,0.04745415012515518,0.05036465603349595,0.06493491634148398,-0.05148055996164746,-0.08228364969005424,0.011655151423694759,-0.016813096216279265,-0.03171065338227504,0.10114257002686072,-0.018820392781484077,-0.05306795659239437,-0.02960444655084813,-0.10129668209768726,-0.1087940442266729,-0.05090621756919237,0.026118503129090094,0.011032493964867919,-0.13828065793555044,0.017233164295709993,0.006383635537989173,0.05542149205157052,-0.06802017896015436,-0.004028409605410571,-0.03607224355301437,0.04310437942011796,0.04255888625281532,-0.06508402425319894,0.0027376201028164538,-0.005955386524970104,-0.019439640569978732,-0.022762195629979068,-0.03495379324872795,0.008413204636617665,-0.007135721215987297,0.032469310245205114,0.025108436355954056,0.030193841548077235,0.08299348047414128,0.04717044291025254,0.0228109426401137,-0.018067980960261056,-0.06710752470291263,-0.018426230883545974,0.03771698255053297,0.07398793645280033,0.025089909615881312,-0.021548382129437674,-0.014277129448494042,0.0587082273875152,0.0680453160087642,0.0811402952876688,-0.13424371735455135,0.08751876068683977,-0.011268911508868428,-0.024836935219177465,0.03338191941978623,0.008649602702820853,0.07892828700240768,0.06144512146041363,-0.0008465376497395639,0.10109875186876073,0.06598496620982754,0.04542941334450447,-0.012075715384087827,0.12843358499832577,0.14544807511749233,-0.030245361274882705,-0.025774237587397025,0.20167859362223944,0.037051114239651614,0.22004601859586123,0.0028629367031636254,-0.11423542484369467
2026-03-04,-0.01700041499292821,-0.18778004468161472,0.11945969394400126,-0.0029322403311772428,-0.10539482538103034,-0.04210717718262203,0.05567535258820981,0.1341146096293789,0.14412926732661507,0.08591221349638706,0.0002615944474813215,-0.053391468107979095,-0.008899232598633176,-0.08458893802129924,-0.14905840052725175,0.009902358664654422,-0.00442586114155496,-0.19319676557495333,0.24811991798119826,-0.08120767187909278,-0.06948132959291926,0.037135745649470656,0.14319041442683406,-0.041169582176015206,0.108296839504329,0.0739275250901544,0.017195414947843633,0.15295888059699192,0.10143790347057728,-0.0535100827020088,0.03831174722831256,-0.056887352011775014,0.012752878064432734,0.13185919154225662,0.1551920427062214,0.03154139210414116,-0.0023861160238161407,-0.2137660636651974,-0.027648763339720342,-0.03823537558133876,0.04020987000821116,0.1289244408660001,-0.15708868110899366,-0.13605173876757184,-0.12713731179144752,0.2346643618647768,-0.22064093680996594,-0.145008210285933,-0.16391263621882585,0.0952827474452227,0.041653638608561284,-0.17469278434336438,0.012702881577975934,-0.0798240834101766,-0.06042431817224919,-0.042335444430921465,0.032544966590450544,0.025986258528840907,-0.046743127902194655,0.1878397240956396,-0.014905106370294163,0.019969037605765426,0.17887606561055464,0.09084284979735105,-0.008559494528413541,0.13601541301145265,-0.09642928800001209,0.06056002209150703,-0.08175802670262257,0.06345412098560602,0.2215287793499704,-0.31749897109733805,-0.17461051382650394,0.1356353520918033,0.2605460174633189,0.23715053035008132,-0.29968705645959137,0.0599967003373716,-0.052352744429343095,-0.1265381266291478,-0.1646660678018548,0.08028546437381621,0.2716659919610453,0.1413205614831414,-0.11170428648013528,0.12355004776951863,0.17654731506878552,-0.0001191109672662588,-0.11596396718686865,0.38576658433966454,-0.018149804754064386,-0.28156685308439466,0.020234699954947255,0.20003237310342525,0.036843098862518714,0.40782157069496927,-0.052650233903136015,-0.20573983832622628
2026-03-05,-0.005371068342789229,-0.2027599461074542,0.13206026872998772,-0.00046484070867992486,-0.10666749253607019,-0.04057743598799366,0.07068368431273628,0.11884818682879386,0.11715087932730417,0.09668843421993474,0.0015722849861464251,-0.042525470655795976,-0.0008032680256466387,-0.07868421741894317,-0.16317719287057567,0.01604584903473787,-0.006071744883429328,-0.1862658866301291,0.26217121195261994,-0.1126884460847415,-0.07326772728735348,0.02844619291440998,0.15039748085561616,-0.05469136108920186,0.13961825981959805,0.08137724318943862,-0.019067991494778176,0.1369033859051114,0.13664098052499318,-0.04371867220742969,0.05109516033865508,-0.07359970711380126,0.0008467096449998948,0.11379399503466964,0.1707647200930522,0.034735422921607924,0.005231652735044022,-0.2253115760214441,-0.03871137143209599,-0.05105191838337826,0.027334990567712138,0.14203108724349697,-0.15305825312844643,-0.1305063070437765,-0.11606186377139745,0.22643644161301943,-0.2141835013775706,-0.13258224859601803,-0.1570363004543545,0.08569184400730427,0.035980997419979135,-0.17052891468310785,0.02184543382846678,-0.10734442279434572,-0.05392025858952079,-0.06974437170152133,0.04562728796411721,-0.0011225059280099044,-0.05220024961235007,0.16137683898720068,-0.007341215818935374,0.04324337977236029,0.2003372622651271,0.060200488574233234,0.016530479410884345,0.1303456765344323,-0.09735827476868339,0.07886274179994301,-0.06842045025724174,0.06495723101041458,0.2499584573694181,-0.2952325179567691,-0.16305353383283253,0.12147848581709474,0.20556741218144042,0.270895485353511,-0.3153490827185698,0.05880330797860505,-0.048965657766136914,-0.11687216696629733,-0.13076154287215322,0.0405683349144701,0.2574134786405923,0.14493656165260982,-0.0917450077842049,0.09753678091685919,0.1638964112391925,0.011270029983015788,-0.11622676463796695,0.38954849891813864,-0.026145020183620027,-0.29833765543695806,0.0112759532659936,0.22180997505777508,0.03513092776187008,0.4245591112552849,-0.03330355739542029,-0.2176444153160793
2026-03-06,-0.0001885298127237752,-0.210239547637872,0.13879765184336543,0.0072862608304228825,-0.10690725293904678,-0.05352966034414651,0.05038292208265784,0.13630588559601056,0.10439133204635573,0.10726230820232747,0.0050656044057139785,-0.05336493532483552,0.005577333985306168,-0.08561088503872162,-0.17262491037311203,0.02846130029728513,-0.00033985875830931656,-0.21004413829175447,0.28242727978822985,-0.11807786797890356,-0.08767276238819238,0.018416465435999625,0.16337756717001783,-0.05497213014486113,0.1720253065811119,0.08648685776601227,-0.029325680463149803,0.10947650518507873,0.16864654905409157,-0.032355905946538185,0.06026462625056591,-0.0740477594474602,-0.011268873797531461,0.13722037973122686,0.1881982335630976,0.04692372762792889,0.006592097552870137,-0.2132449969886101,-0.0376296440207864,-0.07794332025743898,0.003770228731304829,0.15350237468257708,-0.12384223019489894,-0.14820586669081223,-0.12296748977569284,0.20008272988685094,-0.22026083521405562,-0.1499300171608197,-0.1464486230087225,0.0798994514198079,0.01642943642322202,-0.18105111493123835,0.0028411097923651723,-0.11849186095565765,-0.05736587931524914,-0.07222799441352036,0.06456380238326916,-0.01088273514514092,-0.0771929542470538,0.20717868442218676,-0.0059386879969782255,0.03561701548248552,0.25747432646878254,0.0494044916826101,0.023341334981868533,0.14165599913969695,-0.1044377182561868,0.10610534215985115,-0.07910955951610195,0.06640568365133515,0.27396564366377846,-0.33929079768466935,-0.1810427357551585,0.1461941456240307,0.2209076187088019,0.30911417746428616,-0.3204142802540071,0.07152141082306392,-0.04825049415533064,-0.12754816148788112,-0.12501545660487048,0.05558888685878914,0.25709817188035594,0.1586653822002865,-0.12064717135814813,0.0823455613230698,0.17131188161478805,0.01288253518277914,-0.12184073787322898,0.44245100308793184,-0.09106718413398121,-0.3383500181629911,0.01320554076417823,0.20626527228682476,0.018155189784535924,0.4625341153223979,-0.035409533551286544,-0.23744594509611158
2026-03-09,-0.005449893956365649,-0.11714203285918744,0.09552267212994735,-0.01712219569041401,-0.07944611190197383,-0.015393954426779632,0.074711308933484,0.044860987929974346,0.12020575636711943,0.08550015560180167,0.008206109789605863,-0.024924472754786715,-0.032206797431870805,-0.017702419185900174,-0.12948546322304175,-0.033378150080322536,0.03950424709802519,-0.04033213367706599,0.09621160324333346,-0.055961081083010705,-0.035912924796562065,0.00937487255172894,0.08358029839935367,-0.036471221151003735,0.023902290806383907,0.0864452986489523,0.05007746629585373,0.09708307332394467,-0.03368578901654722,-0.08206034388855844,0.019989637485711836,0.013608793151434605,-0.039979241482006815,0.10946821240429262,0.018594401098940287,-0.04255148635060844,0.010791819095598178,-0.13013624389126527,-0.09855691277873167,-0.07937272356400278,0.052008233713885216,0.04298038108621212,-0.14807145592999083,0.010202828075353535,0.004869420183278818,0.09265597314751838,-0.1241488595482856,-0.029127066298666175,-0.06718451113627637,0.06814621628985326,0.006118372962935705,-0.08211626605732394,0.017169878619688824,-0.047557177026446365,-0.0003383846856858056,-0.025310435089990257,0.013034550530230296,0.006807107561905068,-0.050031367865999,0.033094972342486643,0.029581975527455603,0.039750093040123606,0.14545044677350735,0.03905500548120757,0.02328158678246748,0.017388101192613165,-0.08444471293207495,0.008273710808823909,0.05837991622927185,0.06803231570950648,0.062218780433509334,-0.036794510710115906,-0.05180316116907577,0.10108741394345062,0.05246688447893343,0.10962255418773133,-0.20032829655760948,0.08694782200430454,-0.05016856130265738,-0.047669617684373666,0.050470214756442054,-0.005248820781045754,0.09862658804457497,0.08017261721982977,-0.05202009874836398,0.06803897239524355,0.10232251687626091,0.01868828844595498,-0.061788410530199345,0.17444513576044196,0.11045740425661678,-0.10654763547721083,-0.05797831332038825,0.22641508915234593,0.03136413240070789,0.35899898598073343,0.0013495524884142313,-0.12166378719752115
2026-03-10,-0.007338740644489692,-0.0844897768388006,0.07992195308107028,-0.027418600368226118,-0.06050811875498792,0.004341114077306525,0.061955438197336406,0.03108223825174898,0.1074987930377932,0.07126518928637218,-0.006912677390694113,-0.001543979414178994,-0.02917371428584361,-0.008526709315934885,-0.09557091902517904,-0.024351979082123,0.013910181233903246,-0.029960716590496504,0.07392279240946664,-0.02433183173625969,-0.039838845343462576,0.006227188289342803,0.04774375583049197,-0.012084228088801148,0.013682037906562522,0.06375856859631798,0.035626287181031904,0.058995120770433486,-0.040062215164161766,-0.09029159461210347,-0.0010329434314256692,0.027195609820215107,-0.031841560932433004,0.10288697005647303,-0.03501499265274689,-0.046921646678956284,-0.010113248252582181,-0.07891390971457823,-0.0914159543914709,-0.07734420884690467,0.03348928289838889,0.020343079325298594,-0.11230792682994145,0.04358842502400854,0.015054734691256955,0.041273326900135465,-0.08050646692505557,0.014827234797864318,-0.046789898415277885,0.04135139547317589,0.002896460302182234,-0.04678804042978903,0.008798093287795593,-0.007537473465911706,-0.01234030175634883,-0.013502833934835022,0.003652742697284166,-0.006460691989284692,-0.022183366140738653,0.03298233845309303,0.05088895727776525,0.021782184251828554,0.08318807691395834,0.03798547745974274,0.018793867210063278,-0.005698920818271983,-0.07238555946991442,-0.020727235934081878,0.05629788962975543,0.06063961684503816,0.014502858958145777,-0.008932848531934623,-0.02390643971083785,0.07023233787920025,0.03534903803943493,0.06057669776865856,-0.15923158430432258,0.08457867062482687,-0.0332464635618394,-0.020568848442973894,0.06366326795090307,0.02078838581061316,0.07983666960604045,0.051061158892686274,-0.013203581590397995,0.07930725344667797,0.07416815417931959,0.040754969333928,-0.024271935627789024,0.1439501315219028,0.12023537166176738,-0.03626883649863789,-0.029660207882572898,0.2066101698606372,0.03621203846385605,0.2683100250117841,0.0084182448827173,-0.09487929154000342
2026-03-11,-0.002443616943405282,-0.07068454690822089,0.06238554247178813,-0.03011538041296774,-0.04689709039792596,0.010120959815354214,0.06639714686482795,0.02162098792864406,0.08763109819215326,0.06383227036505025,-0.010640974449925065,0.010370970903485892,-0.023666582420396223,-0.007160206781878011,-0.07516238473037308,-0.018889607081577914,0.012291697078166054,-0.025102006814557598,0.05474494905879637,-0.016528547735561006,-0.032445038291245516,0.0007946902163175219,0.032107471792222085,0.004954425970334654,0.013802402287895012,0.042807728253820676,0.03371293693253198,0.04181559243733924,-0.0327138402137469,-0.08649852002640879,-0.010580583254597127,0.007440256425476054,-0.027548560783190727,0.08980399935984408,-0.047377476383136774,-0.037786927083404934,-0.015432136271082924,-0.04822791525573063,-0.07688381769608822,-0.06069071119991962,0.021325573872567512,0.008152971475496333,-0.08679067259468218,0.035186305198912936,0.013609079366568012,0.022379160902865725,-0.06616584053248892,0.014505673163398219,-0.02853554819209326,0.025444375930737013,0.0017796932581089948,-0.042127620836999335,0.006605838964594572,-0.0028853136858015896,-0.011002471291016403,-0.006119140175911414,0.00308465275434095,-0.010051411601033297,-0.01127781370001237,0.022880603811844803,0.04809013481895388,0.01910505429090086,0.04541630624000712,0.03483256936217585,0.012864022780797721,-0.00989842010752926,-0.05324889575753233,-0.032105729408943864,0.028615318646414083,0.06770637971453725,0.0025893601050192725,-0.008663631752092104,-0.004111631508759522,0.0608802962012803,0.04552868815901628,0.04997194019224261,-0.12039655975326356,0.08265938111859965,-0.013983345854263323,-0.01599930641393897,0.05911033552909867,0.029792199663157368,0.06356357367790992,0.055897226624196564,0.007173261734150203,0.08042625500973724,0.06445143325506804,0.04793861620344325,-0.02257504528525639,0.13069572914393696,0.11555030122010831,0.0027598792366554693,-0.019558806445320168,0.17508631172420655,0.049965137293909376,0.21345165832890978,0.016577131263527053,-0.07331388055916313
2026-03-12,-0.028757742035232584,-0.2231381102172686,0.12361859392693783,0.03495853490524899,-0.09016117604155878,-0.008562962757373152,0.02018581499299414,0.08310569560583356,0.04588979639731079,0.29016173254676053,0.024727899476175708,-0.026067714877033972,-0.05282182308663949,-0.07289630804973855,-0.18796186547230473,-0.0024984881184486763,0.03088818766401382,-0.044437925857988884,0.23196263087934615,-0.18081582465216497,-0.08034323223905457,0.005730189087391054,0.12479000853544601,-0.062364712589177806,0.0469514658391886,0.10959945112562837,0.09350950642522331,0.14898056074647426,0.08038833130789236,-0.03936356534590105,0.035073212664378725,-0.07519643783680514,-0.04347204598140085,0.13903429865178646,0.11852805214596647,0.035876858450501516,0.023390306495157352,-0.1782460809074232,-0.054738148494475,-0.19832958312160726,0.03348545779130771,0.12175736748587836,-0.13423553744278913,0.02742192461719436,-0.07649335473640312,0.03920958940614427,-0.2082202471521525,0.0062980275490199175,-0.1886293946004722,0.04189922443530566,-0.027817755659344766,-0.06844997743886386,-0.015598480676830286,-0.14724476779033155,-0.045351428709800544,0.0014918996266963386,0.05701852205238638,-0.08068541914824666,-0.08750688984644499,0.1776012885559039,0.05888293087428247,0.008011062369508269,0.3043523886212451,0.0019465879497077808,0.026422590143811243,0.08998291518857433,-0.12100219187485937,0.15068441028990967,0.04410648789804174,0.06768764489134595,0.24416111363722473,-0.17367870634469704,-0.10843695977380642,0.15519932346737242,0.11897216811129914,0.2021256980632904,-0.23405530358113724,0.10762149133902409,-0.10339731659979881,-0.14097097970591863,0.0018995718405074788,-0.026367954217736217,0.13534802428425932,0.1502439605983127,-0.11934281649223592,0.029068689908211556,-0.03872969240421929,0.06512054856878427,-0.16711029462893234,0.2501366268169178,0.07292342111916182,-0.2702174870429229,0.021079985852182917,0.2366376227963852,-0.023639281727045422,0.5210378241156546,-0.024100646237425936,-0.13573088662049526
2026-03-13,-0.00044416893680401803,-0.07340386423302403,0.07004067965030615,-0.04224976514481928,-0.05913504636500569,0.007667182156287393,0.0578370567118058,0.023576081526984573,0.11536339125582652,0.10182111464431835,-0.008990001010056222,0.016599076999041777,-0.03801898777058865,-0.026722511856600233,-0.10193714809241229,-0.030436401545043533,0.03554940668454608,-0.01567492394390422,0.11957722824691062,-0.010545697387687186,-0.02411602616853023,-0.001469866800795281,0.017688553609451676,0.0006038273728933528,0.002616761232399632,0.058239552743726546,0.023239360286100616,0.07392921753319834,-0.04996654825368017,-0.10022603812795068,-0.005668197959450288,0.014386773398893006,-0.022248623685106043,0.10169867451099723,-0.05149677874867685,-0.050205195378382486,-0.013415321118788398,-0.06699249346624997,-0.07901915804633251,-0.07438881966899306,0.03275331201335245,0.016883178681572762,-0.10024700115275899,0.05143562198808694,-0.005881129655787918,0.011661555322506236,-0.1014332110357098,0.013803400357892785,-0.04485961237247384,0.03872547667251971,-0.013213860023447021,-0.046798923905186085,0.015251287356242609,-0.018852919808823587,-0.01408224985548453,-0.015007975128684856,0.01443774726819685,0.002757822428620619,-0.0013915835200892113,0.02529155388662293,0.04443460403162214,0.0395167819793531,0.05987694748241271,0.032060492351460634,0.015899874589967385,0.011225364277020509,-0.08308887879000089,-0.012435777369188569,0.03508013800397069,0.06422985960883276,0.027698147122751413,-0.01759723814997239,-0.027560028432343293,0.05916499074634375,0.05687405416792306,0.045408941050435955,-0.1375229894535597,0.07496156376047021,-0.04122457224297875,-0.017112576766763664,0.052690444487562736,0.0037033640035747445,0.09164139509832882,0.08031709462088155,-0.0357010999212406,0.08672087681816368,0.07689085934574133,0.03927436049815815,-0.04835790857962498,0.1329884843767417,0.14156077062688704,-0.022694279509999485,-0.025922521745270273,0.19442449764703296,0.05523169670472438,0.2841683439123339,0.01393878244188249,-0.10565970316560969
2026-03-16,0.00028812456219785496,-0.07174195438722045,0.06934841139163508,-0.043453052734306205,-0.057897245829667196,0.00467244543871637,0.057477956413850985,0.024206033878432988,0.11571894540380008,0.09887713327158128,-0.008231203585813343,0.019408020354077335,-0.03806189322085301,-0.02589562754107256,-0.1008000736129754,-0.028730166346359824,0.03160062388349207,-0.014539635220015305,0.11952745070831831,-0.01063522981110107,-0.02396153708893691,0.0014270712366569686,0.016092697613631638,-0.00022768854518727573,0.0050459357618156675,0.05601159934875549,0.021623602086960833,0.0732262316165493,-0.04830697758296481,-0.08977400110201735,-0.00696431632618986,0.013510733891929205,-0.02197654288871287,0.10041123638499025,-0.05259568213882135,-0.052388472460998814,-0.011161983043521917,-0.06861805762661073,-0.08228457516049313,-0.07403538448869441,0.034308188460995044,0.01731324612573958,-0.10034629568599499,0.053078837567282405,-0.0066627465290843724,0.01075549409416769,-0.10404608522626978,0.014191880771570894,-0.043451823329067316,0.03849733235154432,-0.009542863693698748,-0.04507704223864334,0.014289953511279693,-0.020516739392506027,-0.015466956595322214,-0.016225331911772653,0.014273319478383086,0.003189831333186545,-0.00041911118628503406,0.025132074845832547,0.04599716087853233,0.03872610076459415,0.060081712780583774,0.028628797408639738,0.017353728626251244,0.01147713959295811,-0.08216739726191279,-0.012840828739504045,0.03487671482663305,0.06003848307620811,0.029942048958782337,-0.018262103783915004,-0.02813344140897433,0.06093173757315121,0.053496382323073105,0.04543900805805494,-0.1367456660251814,0.07346275218885212,-0.04139668149834724,-0.020820471468153808,0.05354632505615872,0.0014049526623522608,0.09191382950929339,0.08077451061619864,-0.03548676226912897,0.08734074359934588,0.07753103929852173,0.03935383017747283,-0.047834551397501375,0.1314351509434934,0.14302649365007092,-0.02346551961607829,-0.02697602859829997,0.19555550865690402,0.06130400668621523,0.28515111474100796,0.01323170338249105,-0.1073596392250385
2026-03-17,0.0006353617580139841,-0.07449479145453261,0.06632298273490483,-0.04347169217789932,-0.059038893085301566,0.00587852509748841,0.05615891986871233,0.028632673098704653,0.11882200554463974,0.10274740403537377,-0.006775223413097628,0.013889527678825253,-0.037637218308045624,-0.02681586593263585,-0.09698779148318705,-0.034660792617252634,0.03611373383709514,-0.011998945503267416,0.11750184458707463,-0.0038178751158814486,-0.021259778744123367,0.0038633180961929617,0.014605724104125712,-0.0010052354724537412,-0.005514061254947985,0.05249357985316765,0.02930567980683868,0.0720922466455747,-0.04914466686741779,-0.09318605949156912,-0.012316243385695628,0.015582453407061731,-0.02478695272164711,0.1072070205112304,-0.05481971631503295,-0.05243376125838353,-0.004748969086813147,-0.07064056513739658,-0.08292312434481816,-0.08057303475502361,0.0333251490568195,0.01732212805868672,-0.09901561195162022,0.048391308716960305,-0.008208954966233415,0.010900061908139396,-0.10787299004432337,0.010505824186474371,-0.03776899308491027,0.04602777959025073,-0.008959735903252107,-0.04499503951394775,0.017568808204344262,-0.02011827140084875,-0.0123364290730232,-0.015194374929780896,0.0167965127342372,0.005655768874082243,-0.0051207208028977505,0.0244770744119637,0.0415526496974753,0.041766783273860915,0.06752346354172882,0.031119620616792514,0.022351705945284295,0.010259859301553537,-0.0742926147741111,-0.011951797227274076,0.03415332384931398,0.058425852548316115,0.02574217568287109,-0.018405459327676232,-0.029250741817574248,0.06597988563133453,0.05567882705369664,0.03946108441997544,-0.13697156390686652,0.07130875513003128,-0.03947402751680748,-0.01988410682373739,0.055919783343731995,0.0009764659007185355,0.08735875763466874,0.07757887451901511,-0.03854343689933635,0.08791385034050857,0.0769577251844116,0.03933229855779107,-0.04832954470560052,0.13361143590669974,0.14036471194946878,-0.02657978646992354,-0.0329423788671616,0.19653237467429877,0.06456078845361762,0.2862654428036585,0.014196425213129304,-0.1144484996476052
2026-03-18,0.0038387183519074716,-0.05770993227028148,0.05293620662169487,-0.04481874372572822,-0.04654526329512217,0.008196213202682361,0.059232072628003604,0.02257977489482308,0.0941374727320298,0.0729040460300999,-0.012407214241569637,0.016865307222938303,-0.026691625672679,-0.01302780918586145,-0.07274636476089212,-0.02942578531240299,0.01983010082783205,-0.014849935183756864,0.08044727012769823,0.00284730901463812,-0.020941312632788,-0.0011169446002323308,0.010822662288011957,0.008557083340518482,0.003259030225142479,0.03452317364484059,0.020536597258225,0.0456328555052547,-0.042559253558299016,-0.07689992982610648,-0.014173877283599106,0.005656893178673571,-0.022886931010795447,0.09091172982250907,-0.050721469170348914,-0.041495562028487795,-0.012814242300688618,-0.04218379792785308,-0.07177869083058647,-0.06752293478919215,0.021747115673950834,0.010646171286990904,-0.07830406331167804,0.041159732703784306,0.0033270318242392613,0.003565034085021214,-0.08411356820128214,0.01607429273332773,-0.015777611188841772,0.03296395878936132,-0.007500421840158885,-0.041983510514687516,0.012907100919168007,-0.01036694386718884,-0.013267150567168597,-0.008773967299202245,0.006179495410643825,-0.0017995288099209219,-0.0027101778085187878,0.02033384851628101,0.03703932832379663,0.03297654476602542,0.04053646641493717,0.02894407956670901,0.023851813231579495,-0.0006979857232937148,-0.05413572900644141,-0.025195185936869896,0.016560105669476487,0.06111028217071261,0.00696259948498334,-0.008963771351872601,-0.012055437912809103,0.05709386443406216,0.048307586456729945,0.03822145967260263,-0.10507143543857936,0.07354709486458724,-0.020153204728572377,-0.007331766592592466,0.057563894230780545,0.01716004022601422,0.06496301392290309,0.06450025203800339,-0.007631768057806054,0.0874882797545311,0.07601066585103046,0.04450384342763538,-0.0229760805625348,0.12782623117729325,0.12032775715396557,0.004361047680891841,-0.020689381342941314,0.17204831157689274,0.06760590209091673,0.2249357964613802,0.020632621742556735,-0.10488087158105724
2026-03-19,-0.010413567591617075,-0.09947337414242044,0.06814427808138392,-0.0354101248933987,-0.06908285654940154,0.006674402792567227,0.04993805676497796,0.036837683391668194,0.14523981479668918,0.12004929948111022,-0.004271752166475575,-0.0029960865008033556,-0.03916264524124181,-0.03651094488896796,-0.11334560426089343,-0.02924538650805366,0.034834914260663104,0.011344385185726343,0.11499538011525073,-0.017112521664583207,-0.01480518233082464,0.014536668398521801,0.02171283496503673,-0.004958706765485873,-0.024687654489373982,0.046049716537255106,0.045332863124443235,0.09957952598177966,-0.04488108967701965,-0.0935206770080567,-0.0009944101748679997,0.0036959919526957383,0.0016099344266478459,0.10470241841464775,-0.04962806410416561,-0.06939806148548261,-0.0036278450219274557,-0.0782989917148289,-0.08487530937693723,-0.08642244476294582,0.03759003388260488,0.020542649962008653,-0.11444068979252105,0.05201485857642762,-0.037466440656406724,0.03323965972851234,-0.13598828850253777,0.018753137750271966,-0.049533714073301274,0.03860645596537391,-0.006527559592261334,-0.0405188180574663,0.02898045736712121,-0.0018354723515256067,-0.013629729417780534,-0.0101847302319492,0.023471686228786384,0.001234994148565408,-0.0179593097533352,0.03303117667262404,0.039534061856541076,0.040513842208274,0.06711413394932068,0.03658821544271526,0.028245021642280856,0.013602408906937563,-0.09089963584869906,0.01733447707680834,0.04153271271750303,0.06351856627825961,0.0567583268144424,-0.010630311885499679,-0.03630044292815537,0.07293073546240907,0.06930963161464787,0.050483581171445066,-0.16157796895857998,0.07128156537817626,-0.07657838947951412,-0.041112730540392765,0.048198434756104094,-0.007380418570562307,0.08707115280526863,0.0756372175547332,-0.06883448885934935,0.102848632463165,0.0873650236528768,0.028074456458926735,-0.0525777077385297,0.13442502461550734,0.14088754229687062,-0.03726763340705904,-0.046560415373183506,0.20392294111256334,0.07070103292354377,0.3184290434493346,0.007352254640651248,-0.11547511886428442
2026-03-20,-0.004514399514193532,-0.07919405246586939,0.0619062663599066,-0.04131112239302634,-0.058791338310326124,0.004509694600689787,0.05545183000894303,0.02699399948174981,0.12063603744151448,0.0829297377628768,-0.0051989068651516635,0.003922061028943922,-0.028813927696027725,-0.023137661416975104,-0.08770730505363346,-0.02684538835209608,0.022532347847771375,0.0025953723061774223,0.08583983313314501,-0.006573411248819707,-0.01768107037573266,0.014462898872581436,0.014809713740621839,0.010134382642087105,-0.009195122979860202,0.0311605964517638,0.031213632648638294,0.07260814088219855,-0.04477928060261779,-0.07897347567959187,-0.0069580630118414675,-0.0014009258127409743,-0.005281088393143453,0.09357399831517939,-0.049642347893124245,-0.05875779469761544,-0.014733346686151833,-0.052145595362815295,-0.07761723964311965,-0.07348223103507921,0.02569858292434438,0.011194939328897605,-0.09748996984203412,0.043190526163046056,-0.016719907248310566,0.01798497904324233,-0.10753595061494074,0.024988489050027672,-0.02067559929102733,0.02527819797528819,-0.004240430649933031,-0.038987140058921135,0.01842943433164488,0.005873692101071282,-0.01668412044755365,-0.009267252450489044,0.011725601147680906,-0.0018448398908585406,-0.012865625796826622,0.023148353920327318,0.03687721852243309,0.035393075405588,0.042384306439669436,0.03219580839557634,0.02978293337873522,-0.0009291264361038255,-0.07195830396978058,-0.00521986569964694,0.023432612310701192,0.065771681948608,0.02707771279011001,-0.004432871531910356,-0.019077923472870975,0.06581207760880374,0.05621459642488539,0.03909990945356291,-0.1282747455437342,0.07418305273294702,-0.04643139572082411,-0.023543281544475624,0.05863006438824843,0.00952076507450101,0.06581467075422498,0.06122834399931941,-0.027323975451843042,0.09703311314619893,0.08696205453374323,0.03923548207987182,-0.02642034358709658,0.13476162925336216,0.12256446121165193,-0.006300024097424519,-0.03411453566778398,0.18386523452136633,0.07622601313063189,0.25349280033282084,0.017291854381656556,-0.10457248722563449
2026-03-23,-0.0011434322325191062,-0.0690791593949695,0.055023639714481876,-0.045358671432538106,-0.04542915153805886,0.0020452405404200093,0.05642120912538339,0.022096987464958914,0.1291194181827886,0.0874702082290302,-0.014804699328096181,0.0022989086929650366,-0.035726595825332115,-0.008510837581784081,-0.08083536815626573,-0.03397002456467084,0.01901913916403687,-0.007326945379817885,0.09310510172664874,0.00014748438134225966,-0.012050642211256646,0.0010446863500213604,0.005393895767168091,0.011817048137001964,-0.012064319729655293,0.018350247695869147,0.024039211488609036,0.07153812562783314,-0.042352598565588276,-0.06417156393017578,-0.014150225422838189,-0.0028760039966703854,-0.003945617552043637,0.07248536610492305,-0.045120189044598406,-0.06531965232970083,-0.00838241869474359,-0.06086232698533288,-0.07636410386499398,-0.07961112901941256,0.030577380254415115,0.015953085120280413,-0.09353949036828069,0.05139878781035681,-0.0037382014223553556,0.014438842197223405,-0.09732202952258462,0.016619387085625548,-0.030398713692380272,0.023049538496707035,-0.0035060262651983205,-0.04321335231636042,0.031568400134125624,0.008832358603267195,-0.022844527888033435,0.0012406358562961073,0.012954652101044729,-0.005213325536175159,-0.0054614846116233535,0.04201604733370399,0.03686190734980719,0.03291457923147305,0.040250970195110265,0.032684156354954266,0.03600904360075222,-0.013901632235913093,-0.07083022533760627,-0.008384646342818223,0.03238907199537539,0.06863501449233067,0.016653575542715255,-0.0035446118780755754,-0.024310930267225028,0.06631833289593422,0.041327896477073224,0.02226922675939887,-0.13831082596706631,0.07109197662300826,-0.040875077390725,-0.04169650954260784,0.060894362805119624,0.027550862151080442,0.08216354192862863,0.025451393383000315,-0.026944358436964064,0.09146359304589949,0.07684091711093986,0.04362377038609235,-0.02959662042388638,0.13407115063179575,0.12443513129620698,-0.004112191854198267,-0.019010369701715428,0.19176272018089283,0.08575127786584102,0.26340655269437163,0.02877234612877192,-0.09744757673024523
2026-03-24,-0.08122877867258775,-0.15274761730739392,0.10718783315989378,-0.029205664444657962,-0.06349713804918468,0.006926955574263429,-0.03488110141956223,0.1276342319497824,0.1849032130019528,0.22448349323472375,0.001974572093104891,-0.05976888037170737,-0.11445410313896753,-0.049960044923036635,-0.17775190683926015,-0.09459038708337442,0.07598232499860424,-0.06729670052815331,0.19937586177630373,-0.1296737577791639,-0.0137707163647994,-0.045092467495172955,0.07854910051502376,-0.06252558398012929,0.01659255775411532,0.11939620880503747,0.028215550870967332,0.194626368538456,0.01571863473974445,-0.024452893552788756,-0.049568084967797035,-0.012842882276226432,0.04456376371828448,0.06539700504624843,0.17882100248877578,-0.17930958122448062,0.11425409922587043,-0.16305824986623466,0.060846450913749024,-0.32482234677027355,0.08501895217768304,0.1924926222094698,-0.09311049130867817,0.19926281024384893,-0.20133352291203244,0.15304442582702193,-0.28307995535466635,0.08532813001175338,-0.23052303832327597,0.01669880867523088,-0.058661306922917156,-0.03769750410974032,-0.014633291105380237,-0.05081710151614243,-0.1665758090257595,0.060760624822728086,0.05863256031721559,-0.08160296296027932,0.07359303262094162,0.3835809812183291,0.013215448635593825,-0.0018167356348280216,0.10430077263688238,0.09911827971232272,-0.013334481303326847,0.061812967623492455,-0.1576701839695761,0.28287713081126775,0.011020693939652325,0.04970221223230953,0.1887538196272051,-0.1820958203888725,-0.20053115258514123,0.23956996485392457,0.21507324406301134,0.08917970422663869,-0.26128268350943185,0.03707230162848347,-0.19308177968120216,-0.14801525150431188,-0.09287854896634867,0.05471438816485235,0.09882340569765012,0.08025834397983037,-0.08622447687438647,0.10017228462864639,-0.17168596977116304,0.01769295024071691,-0.2123666777604035,0.2140624863857546,0.08502040905991622,-0.25977490066507825,0.249408753332995,0.2971940758610961,0.03389991082139055,0.5975524150986664,-0.017194702234497927,-0.2278709043490298
2026-03-25,0.004215032837575059,-0.05510760934584499,0.04346333608101508,-0.04275428104553175,-0.033689335011279305,0.00789162077746441,0.05755841930442022,0.018185752062071785,0.09104004935587999,0.060286381232818265,-0.025602560670622936,0.002105161298139235,-0.02345449336681442,-0.00021766845409033377,-0.0552848338976145,-0.03048382984779975,0.009127876423093883,-0.007939624219244825,0.06327939922969687,-0.002019702671130115,-0.01045807534548508,-0.006128293866435734,0.004010873386753633,0.013765670389184321,-0.002237746272957253,0.00010506090179984891,0.020136925101471817,0.044227078901000604,-0.03529584804599388,-0.053098920089546045,-0.015571417828231354,-0.013697709814514783,-0.007050483940536133,0.0643379861083993,-0.04201755083943881,-0.04862461041743746,-0.014868902572124474,-0.036157264087121374,-0.06573199498566092,-0.06544140652337135,0.019196415407868,0.011949094720491013,-0.06740369297342094,0.037933039418632096,0.0034213735089052583,0.006148651298290619,-0.07538960676821574,0.019434157810313615,-0.00881728164648894,0.018654615506052977,-0.004648735837898706,-0.03576896215727933,0.02037488080611976,0.00776502479732945,-0.019659149869137978,0.0013174922340230232,0.002905756594238893,-0.008181449208339452,-0.0057529599017637646,0.0317309198719254,0.03703385810379255,0.02871501112414044,0.02523366950784637,0.025131293431766292,0.034197134547606985,-0.013807060130586307,-0.04913686876037879,-0.02008323425531828,0.014422112922184881,0.07455994532574443,0.006226971698093375,0.001265504343540419,-0.007068936593940546,0.055333267143506074,0.039307732840577286,0.026222587784122488,-0.09624635798104102,0.07147933017792615,-0.018670666740505125,-0.02577684510495932,0.058544358206369794,0.03597116496730506,0.06278983801591802,0.026579809059062598,-4.902578415284277e-05,0.08773111012625814,0.07583363513334491,0.04449441344240148,-0.0074208255385720245,0.12320954089563811,0.10622925420392995,0.024771787081968255,-0.005434193797839203,0.1605569592570588,0.0798700027578314,0.2032998032631736,0.03413734239383964,-0.08546546691125614
2026-03-26,0.00977517166202961,-0.053447891445448384,0.04107602009186328,-0.04240301465060384,-0.030922759349156274,0.001995384565257082,0.05953637324066338,0.02092763124586551,0.08908710949495362,0.05946402289171291,-0.027825714912931433,-0.006396897511334642,-0.02254367165124728,-0.0009626061746910268,-0.05665195459832237,-0.025102741856083043,0.009060975193115859,-0.009321604064537034,0.06132555394631518,-0.0014857274905106122,-0.00861215543949176,-0.006790830231110894,0.006294691266992576,0.01542890377371879,-0.0037666381231165214,-0.0036291583030388895,0.020893582111309324,0.040262245272688006,-0.035947521090362394,-0.03732580849393963,-0.014904142634885707,-0.010259572182919957,-0.00895095060202983,0.06923170222684286,-0.04281816838565441,-0.047905437693354785,-0.01367422943963483,-0.036876094842202896,-0.06600219162877279,-0.06700188442515388,0.017821885220769888,0.011041910089702095,-0.07394239924265232,0.042663748782103744,0.00024953563420574386,0.00898562349035608,-0.0721977620202504,0.020362497172570694,-0.009654226470640235,0.011613107513131252,-0.005533327631218514,-0.03986002470346412,0.022936124307670037,0.0051384669891332765,-0.019525890155829582,-0.0013914711410763433,0.002942096421512418,-0.009681380949645086,-0.00626069440480218,0.03397629704424822,0.03590525625117568,0.03650478584715173,0.030181734968510607,0.0241930454126483,0.03509827609263208,-0.015923733615569473,-0.051114156401417365,-0.02127656351716009,0.015894860936196832,0.06770992937958288,0.007230618549858179,-0.0015839415157944594,-0.004962963027688274,0.053767508333634646,0.03986979153294326,0.027250779098942142,-0.09553017618141162,0.07114061987132439,-0.016414346474693836,-0.021262756109707785,0.05748018636732335,0.034852572423291886,0.06045089082964367,0.028729087115941722,0.0009746682427469074,0.08823769376856082,0.07618604387112675,0.04892928725055403,-0.00728018421593094,0.12206267058742297,0.10536042945902163,0.024050428981009703,-0.006353676506966851,0.15756120857851458,0.07860959372021543,0.20201330188166,0.034146426227327824,-0.08520331372123886
2026-03-27,0.008443015072947624,-0.03431606552765426,0.020408256381317172,-0.029701317834923045,-0.02288902467050389,0.0053471295432148454,0.04430938231001081,0.015783457622895278,0.04518485386406474,0.03674292648306308,-0.035130578328266986,0.00580543340967509,-0.014048501259386904,0.01419093348316905,-0.028159352744435928,-0.014346400647373097,3.1321118627662334e-05,-0.012532015448483884,0.0265460859237487,-0.0025320002351454478,-0.003923684236334601,-0.01396493961120728,0.007982209285843991,0.012035318943944422,-0.0020184467539068086,-0.009365153843224743,0.011569773350761679,0.011021031031263494,-0.019211801855985318,-0.02602754680592826,-0.012379375043024115,-0.01454122875879798,-0.007841488386160675,0.04484990675802106,-0.029480970982139885,-0.02325121445527866,-0.010518844238442631,-0.012981766821281998,-0.03831742598042364,-0.03984298963239756,0.008896434327394145,0.008255959205549834,-0.0369309383703953,0.02654687134239938,0.012253991998688561,-0.00040406164726813736,-0.052877686454955275,0.02349323500239727,-0.000487750424901354,0.008379850051471493,-0.000828760830106549,-0.03597636079155808,0.009631877766632478,-0.0013958119602920562,-0.009735262433509374,0.004719033591272958,0.0012604817619929088,-0.0051511462073664666,-0.0022753289405286325,0.02136469029269538,0.030865571529055093,0.024432425362367574,0.011507955295127029,0.01609172517761338,0.031592663690238505,-0.004418886288191223,-0.018586816594364265,-0.023310104652090803,0.006160315846668771,0.06587904929492323,0.003962007277909355,0.006805262639125806,0.009725776925056561,0.04123205590275097,0.040656657378880134,0.029897170322260753,-0.043682506030538304,0.06401873233460523,0.004006851734991714,-0.006333535938754397,0.04992569974690804,0.037338389410814764,0.04159147849642218,0.03019702562551338,0.02480729736620193,0.08045047508703529,0.06509827398014065,0.045821034808457006,0.014277352627959858,0.08968421528309801,0.0748085548293306,0.04334004598859447,0.01149568068829882,0.1172706979360958,0.06978256419274152,0.12993641256145794,0.023968789221219873,-0.07196457681939963
2026-03-30,0.009731383539716665,-0.031698785994918134,0.022445090014871348,-0.03529964512156984,-0.024386848219734178,0.009229544007552845,0.041967987906453105,0.016286475113105242,0.04851565036665935,0.03631644671143403,-0.04033470260387208,0.0071210367483468704,-0.015591567782680537,0.017036390079064496,-0.02589753763891625,-0.011949507365036303,0.0010806571745522724,-0.010255346620196963,0.026123422214914448,-0.0007077733248847771,-0.006936937534767677,-0.014011621967776852,0.006243448613819433,0.01071786488817777,-0.002180721482358025,-0.010622409320400943,0.01570553450253834,0.01013189018743659,-0.020095146302452287,-0.016192436622171964,-0.0126039137707672,-0.01603895796460745,-0.009886438919963788,0.04444005370417212,-0.030857197462619217,-0.02535842832869995,-0.011637680228503084,-0.01194957828472972,-0.03869234200466682,-0.041710902566723315,0.011459345297929406,0.008955743991897308,-0.03632298652596689,0.02538671500496226,0.012746691725062967,0.003508868591032651,-0.05617958946528724,0.024115170005749288,-0.004770618260894196,0.006527696449394195,-0.003875148782143364,-0.032901428175510145,0.00891644822671779,-0.001660080020154872,-0.013327479164201237,0.006763487533354996,0.0018776511947213876,-0.0035713132478136234,-0.006250500155786485,0.019996342159416994,0.0256753300852253,0.024426421052291807,0.010969577095206517,0.019930573588187304,0.03640058073511195,-0.001494180685781379,-0.018207440054542307,-0.024620518806833462,0.004122126640277661,0.06873876213927,0.004143828177322384,0.004770427527585533,0.011105246060496819,0.0412447928768577,0.04165379071268159,0.030567449267516957,-0.04391122845539825,0.06179281792575459,0.0008003687304654235,-0.0029736257566303197,0.04954423424324831,0.039132495530327424,0.04165078612673391,0.030362679980985477,0.025107797427152127,0.08336203387745374,0.06618456437138036,0.043121470582103735,0.008573973132899948,0.088948683486912,0.07203363232509401,0.043793224635462216,0.012798928110739263,0.11586211049746854,0.06981543173654325,0.1285648433769338,0.024006400956823885,-0.06758985397560666
2026-03-31,0.007795523932350614,-0.0539936908538681,0.05774963089143849,-0.06150844523003263,-0.033117405685083104,0.027385715288904947,0.045043721042272236,0.030451867748610043,0.11972377720085904,0.07486271115046311,-0.032682826473060644,-0.014546795130150983,-0.03348583724517824,-0.0047754551994815524,-0.06243583437168235,-0.042025283491781425,0.022300660693871238,-0.0055472303034630865,0.07945211109177343,0.0012731232754231193,-0.011962437069705683,-0.00882078846273947,0.005686713721845918,0.028861670761426907,-0.005637454535445034,0.013075891315512924,0.032010478257540845,0.07033801093572527,-0.05446229310217922,-0.01950336795640243,-0.018604082984425764,-0.012977391760492394,0.019609759023616526,0.08643758632405746,-0.06435117140532155,-0.06985294665645046,-0.01688950123420331,-0.05393620497074923,-0.07523166658928636,-0.09026385471073058,0.02348119061324691,0.013646163899966375,-0.11158431350161492,0.05592980612686376,0.000349784109705667,0.02025420715348366,-0.09543687587013151,0.02061098109849343,-0.03445118502443318,0.017485284844266796,-0.02271590327327118,-0.043503716953015664,0.026716866038920976,0.0052581126074509295,-0.032077107851841216,-4.720057787388661e-05,0.01086633189547371,-0.009898941416756095,-0.010596696776292039,0.06110223951222144,0.02601610149625045,0.03875581135850831,0.04817409695040068,0.042556465583745345,0.051022311083872264,-0.015694948269093678,-0.07553866743196366,-0.005696823939524693,0.01936913968853323,0.06276239394060736,0.01073789829519055,-0.031715573106031646,0.005102165905836859,0.069263593115902,0.03687066500744809,0.03839076112527529,-0.14346355735273297,0.06007091078647646,-0.033232999329370835,-0.029876732687156522,0.07088467650508189,0.03406865945075088,0.08968024399640115,0.02585408132864142,-0.019000900441928793,0.1020255987414976,0.08310405767713555,0.05684119660497123,-0.024970642074632086,0.12091078675361057,0.1027943832928989,9.103167790161862e-05,-0.025590196214233224,0.17797069731392584,0.07972274855880161,0.24663452984383794,0.03459977449235181,-0.10032975361782918
2026-04-01,-0.07665424858119574,-0.09478165670038807,0.10452653971758342,-0.02275392051103161,-0.003515431873182564,0.07752228179600205,-0.0869960280067938,0.0901828243277767,0.10577847757922734,0.22393839376661412,-0.04585717643783435,-0.04349961821775087,-0.08242638084989275,-0.04421860372781276,-0.1346662014449202,-0.19199215383529475,-0.007637899881103435,0.07346330031280168,0.3146061620010893,-0.11218467814256175,-0.05215046006921308,-0.04566687765946837,0.05377766423925397,-0.058603783180069646,-0.028379157645649994,0.06857541064655767,0.010096458791226505,0.1392482842777494,-0.11021704645402797,0.010227412974108346,-0.09746782582095005,-0.06399620530620846,0.19025297688808596,0.1872532546826938,0.1888119832155444,-0.15366368929015944,0.11570039971554776,-0.16803177230621336,0.10557894265906557,-0.2639802540606624,0.05922273997202924,0.1463833390757627,-0.17461429300374623,0.28743123780703944,-0.04317071849429956,0.028220294514440393,-0.1949573716544617,0.060491130272420895,-0.33927644146837743,-0.005156671768966132,-0.07916499425045916,-0.0731479099545468,0.1592737147489709,-0.08531648470638298,-0.09131949117548555,-0.047039329428522236,0.026903749482368067,-0.1597843033462035,-0.06846938928467838,0.386149603558727,0.0687251998976243,0.06432675851351084,0.2218625707816319,-0.012548933484581205,-0.004275508091163307,-0.0880388934075841,-0.2836945838422115,0.40237405260644166,-0.010534070056670149,0.02819978906643534,0.38289203528129756,-0.45612350182513484,0.012841930648137078,0.23900932179349405,0.06194751262566415,0.21025087472460766,-0.2500297116555186,-0.020944126417175225,-0.15705007453813083,-0.21483351453093516,-0.02564062529576673,0.00462822420974972,0.08160587006839007,0.19166831905154885,-0.18438910942308068,-0.024573322628826604,-0.06720151250756964,0.251756336300855,-0.17957490542781418,0.08813889111614924,-0.023664408614652695,-0.16732156540354529,0.15663498621556407,0.3395148047801537,0.0525140906044236,0.6215178749000658,0.05519850426113009,-0.22802768878068508
2026-04-02,-0.0727800227912639,-0.08319964014227084,0.09552522710554273,-0.027750987246724618,-0.009792476100288867,0.06714945936041045,-0.05629312353824606,0.0855925904155987,0.14714412505699753,0.1905968780939681,-0.05104066516929034,-0.051392174963519,-0.0754429689961292,-0.03641583494264605,-0.1075629642876688,-0.19181578407362165,0.04910202040121319,0.05678835389589355,0.2747979437233335,-0.11597885459139994,-0.0555449628856117,-0.045155243664005244,0.01163248595656187,-0.05236121525291826,-0.046666999761295014,0.07784204725086936,0.024030312610752586,0.14735143515401672,-0.1106940234117847,0.013370967603370401,-0.08153384493238608,-0.03212359066110169,0.18565363779210553,0.19072957702107138,0.131696090724907,-0.15242225244017,0.1266057579329566,-0.17363648904532725,0.07735492449983755,-0.23487521463482453,0.05241063706002344,0.12968009168067846,-0.17678584680362996,0.25099719893472294,-0.027890555599951766,0.02562226149610449,-0.19729173210799691,0.05382143067981248,-0.3097780555030323,0.01157209197711856,-0.07567948055662518,-0.0849991359116627,0.1633611719682468,-0.036001898133611654,-0.09606337458203763,-0.056816778063707066,-0.0025746135602439293,-0.14264165341567908,-0.03529511346165185,0.3197348254698596,0.047725314122984974,0.05619471645061086,0.21448113962853516,-0.008277793363257893,-0.005692813939893205,-0.0654753354255079,-0.2914669078259347,0.3436830057037682,-0.00869791196282269,0.03375968481094605,0.3106668524830962,-0.43600951222694856,0.046289274522773864,0.2363815123933975,0.06591359429245437,0.2199421119877641,-0.2504753866872851,-0.014346272985412118,-0.16888466911187786,-0.18732050139230483,0.021062116655001642,0.014147415351032946,0.10790870784575346,0.1422849723678678,-0.21908889952798016,-0.0043924122112815895,-0.018439324216742527,0.20210929250543458,-0.13981309975885403,0.07433760098490744,-0.034779977600119596,-0.15441194996049806,0.18866192110553776,0.3080074376137103,0.08460140727816438,0.5701428313859737,0.06332802579294596,-0.1979221397195894
2026-04-06,-0.05192661676896785,-0.08475738334518587,0.10089654873434167,-0.0335033363210541,-0.009684172352710385,0.06010823285925874,-0.09559733196339763,0.08564028136270331,0.13299213695077505,0.15526659258375694,-0.051047037223513975,-0.025935993244396147,-0.08439316912771266,-0.02065589708460023,-0.047166557852242635,-0.1549957411416705,0.011969760951629424,-0.002912803923380407,0.3098009873868796,-0.057901180621560494,-0.04077643412298497,0.009316890140499943,0.008223317098008597,-0.04865091529970187,-0.07464865989807999,0.07794401084911004,-0.03495122427860044,0.1620525884562041,-0.14120663472969594,0.018116632143433772,-0.057463465728438495,-0.03572922882163385,0.17685483612857458,0.23959621629978906,0.07188654021956357,-0.17143529309906377,0.10383189798393357,-0.14791052505903837,0.029744053588267476,-0.22772432437818635,0.025215010728967382,0.13430258036558312,-0.1691366693450283,0.2814758044320185,-0.0006224325528620244,0.016499632481000732,-0.1580142975729819,0.0484283844617006,-0.3032276942672784,-0.012044442301841861,-0.05125584845714406,-0.08836764956336723,0.13751146114395738,-0.019113054847406843,-0.09874672313366838,-0.09998938330059348,0.03569869901271317,-0.10167907794071963,-0.08117389156108269,0.32602863394642534,0.031840538216102575,0.07623392762221588,0.19263398651563426,-0.03929401516527465,-0.08779708187038518,-0.08763126059804291,-0.3233498388692978,0.3216778881559598,0.03899697135579162,0.03600052432130313,0.2926058123609688,-0.3548736179360684,0.0491862487389136,0.2581924374468788,0.029687142606603878,0.16770585688849068,-0.2627929763385104,-0.05935759739979851,-0.1458268467080811,-0.17697142536047064,-0.013518258607939338,0.033941515266640014,0.1593381167970236,0.13558099870784393,-0.17554533948348133,0.03521952346897232,0.09523907151753169,0.21746298702809908,-0.13933698596387895,0.0035934788941175836,0.02024034720304479,-0.1422367061833669,0.15284234955150258,0.2798852728221249,0.05620905544797273,0.5691213311777462,0.07641045901851322,-0.19637052972470298
2026-04-07,-0.05147345390765919,-0.10599261893561326,0.08826291500927352,-0.017743130902893346,-0.029144328177355155,0.07362532570415735,-0.06694440547670734,0.01929059940294507,0.12819085555594817,0.2145648838580159,-0.04330390119417673,-0.044669926130611035,-0.07146723447178881,-0.04099282917913522,-0.09059385360888947,-0.11201389325107312,-0.005953415497610399,0.044963948694710563,0.25294337061620925,-0.001933351227817114,-0.0524896166266831,-0.01577511629301019,0.0244222249136451,-0.012185934691776151,-0.05282760210791111,0.04182741169346025,-0.04642322472438748,0.15974428764156165,-0.0825171146145351,0.007355117595609084,-0.07955422983739968,-0.077672222576319,0.16400534822545496,0.2065793135935168,0.08863104862723843,-0.11676657708749304,0.09156880964461622,-0.13373938020510587,-0.0014960894860388228,-0.23956232344022868,0.057182295944507196,0.15759861674534156,-0.1624505784058913,0.27476485662526934,-0.05005439026162666,-0.019462706971565824,-0.13831963197559266,0.06998556994899657,-0.3126528230144493,-0.01955351646548422,-0.05151813665965915,-0.10304951142047435,0.12725536014639535,-0.036322773482223555,-0.05616016346595773,-0.06428247162423421,0.023107150846159163,-0.10539954398924144,-0.08294735228786623,0.3060987225622251,0.03763207165801021,0.08005177054207901,0.20470874933727137,-0.010889037341319024,-0.04525261864019678,-0.12330835079414708,-0.31498425130175406,0.35530857122735576,0.04706003420188288,0.021943474234688502,0.33851459644588694,-0.30014975159950885,0.027383321084620396,0.13320562837831093,0.016776106694873512,0.1927469812958362,-0.26817158168975846,-0.06381736237139905,-0.11367364057215554,-0.1750496616612631,-0.021072526325825562,0.004013411729151482,0.18399734473497606,0.14871720053684886,-0.1887235655856105,0.03815241310784229,0.08318855535034846,0.2429623041386671,-0.12889303958543108,0.07664852046001144,-0.004979510206838034,-0.15997023941402666,0.05699700982212955,0.2806240153430792,0.057882951662339185,0.6094496249370728,0.06516800584831726,-0.21075618560113685
2026-04-08,-0.06476700751499694,-0.09512380767024603,0.09529643789132905,-0.014154407872780416,-0.048130960914866,0.05830391958162714,-0.06298515691925458,0.003622013708817799,0.15756089138876536,0.23771950812331694,-0.041028717696464885,-0.031862401296647955,-0.0720617820496152,-0.0284981030923801,-0.14560654400701323,-0.08609489374131327,0.06648121451786078,0.039676623446044675,0.22265230642847364,0.0065698884083469165,-0.0767458138573438,-0.0382250500797206,-0.003233474059852949,-0.009053796822150113,-0.02877964931048127,0.015568794532176357,0.016190443126720386,0.11978791424182793,-0.0532583321244756,-0.021491839661588436,-0.09502725624513325,-0.05650750936257133,0.11640500570784935,0.15063448926475712,0.1082784256879925,-0.09035256898722578,0.0762708886555155,-0.11574163731445404,0.003315541875930022,-0.2504895144964731,0.10392734066929843,0.1607914319969234,-0.16633609511508685,0.27061367061780117,-0.04310580557355939,-0.025099416341050187,-0.13117843849221256,0.029882606076952263,-0.23784728341714684,0.010036330487709707,0.005249473481715266,-0.13935088649666866,0.14310784140229724,-0.029325767809261306,-0.03476343208841391,-0.0802607894727209,0.013755161282553375,-0.07194918912759014,-0.11418525707740149,0.3319261795583583,0.0065061864676034965,0.10067057898126677,0.23850245436805412,-0.04613477261671065,-0.04754342595438223,-0.16776078159356378,-0.3608672267034769,0.3867859127807011,0.021782064916373717,0.027488494882043447,0.3882975030433499,-0.3332505310727837,0.002897406642722614,0.09588190186253125,0.08708025636776695,0.17839267248838275,-0.2604119667975587,-0.05039666111998239,-0.09582583308058852,-0.1798966506945596,-0.04160544562565437,0.006195854396389875,0.15419320096562972,0.15489748958980648,-0.20215282626821773,0.12590270842885504,-0.022246523837802186,0.26004412517320674,-0.08722078325272446,0.10446785142868512,-0.01427045774349279,-0.19282287282257055,0.040534449895427135,0.25115038156953234,0.09073970938725799,0.5987308096307911,0.05082738030495893,-0.2305643904400673
2026-04-09,-0.04270686889446586,-0.09048055991959841,0.0916389723583582,-0.022453734075067733,-0.050647323274323315,0.045630101569694465,-0.019184373760774497,-0.010924720581204318,0.1523894295246501,0.21332855927728508,-0.04098996597957499,-0.03597780782884266,-0.06912891677252496,-0.02919839745699307,-0.10388266785652542,-0.09550184510101177,0.08465966504022097,0.02169753707391603,0.1692557970785829,0.012718952740031713,-0.05442490236205039,-0.026728295855909613,-0.004783749760591725,0.005455852824822753,-0.027731257808714216,0.045395495971866026,0.0017326493952755043,0.1363846525838058,-0.04589061845943296,-0.013591062267121883,-0.05747102995018932,-0.02561436770455551,0.10573138851290542,0.15190350418408213,0.02859798526747223,-0.09643763382772284,0.03423354586268597,-0.10992134295878282,-0.029942389614943943,-0.20456945211335,0.07248704995164933,0.09012108026797103,-0.16026573571163658,0.20150502933386374,-0.025199840073975188,0.01309550016632265,-0.12868152672529032,0.02265067351968461,-0.19584942744516246,0.012864350856010542,-0.018262868465523427,-0.09338442365475914,0.07582393700782963,-0.01977974366313233,-0.03975223921433109,-0.05540263201517276,0.003795579786938873,-0.022850426438211592,-0.07054386144564699,0.24619729589203043,0.007714816131264323,0.07727845643875099,0.18384058931536482,-0.004261461062411162,-0.004476499565491704,-0.10021403800573318,-0.24953366170701835,0.1965729356160336,0.06838648582538033,0.0348910533686443,0.21270297844670868,-0.18744850198107735,0.011410853906137417,0.10015821500947691,0.09310472384697488,0.10273036045061729,-0.25793060459193357,-0.038993433654323,-0.07634982192828883,-0.12882911233974573,0.021046963031315185,-0.027761404680714474,0.21705092847330565,0.0834680017904235,-0.1831637795277789,0.10422835967498315,0.04210523078565011,0.15689112259650118,-0.07007929639478708,0.12065050648461205,0.026493654166686517,-0.12503102812747274,-0.017779626946052,0.21772903028421106,0.0871679110200475,0.5338118414791095,0.05821746486537614,-0.18693878950558918
2026-04-10,-0.020880365779560282,-0.0868227784271466,0.08253213666279646,-0.03437513341528493,-0.04316226457177071,0.033854310998778545,0.007542042829121636,0.004128467056349694,0.15307135814557873,0.1731846607749731,-0.038197060491484316,-0.03472593589809828,-0.06820796108685928,-0.032069495318497634,-0.07488756074749094,-0.08006786693154441,0.06272799920598396,0.007318279290461937,0.13823312131136914,0.02153488997870639,-0.027594396395072128,-0.016506258580121648,-0.004405051462151149,0.026034650585298205,-0.016768436976211415,0.04914116709937315,0.009091597524346807,0.12117545031324119,-0.07174830913497073,-0.020791600773999976,-0.027667159701159523,-0.0046633701673947075,0.08101718717780519,0.1437897877911927,-0.04992129203947771,-0.10398725683416063,0.0047253752552940875,-0.1054206394799802,-0.06123117005152895,-0.16685390021367907,0.05124749857965448,0.05521845510464192,-0.14489192791037872,0.15206394143624266,-0.024836425291752,0.059813867776102765,-0.11848922205282243,0.020598058121554172,-0.12391058905393977,0.018007363025455594,-0.03351822923881743,-0.06505530422238184,0.0370622824044182,-0.0039040870732439358,-0.040326329853113324,-0.050070234528832046,0.012193815288517075,-0.0021616492438017425,-0.04744350264645711,0.17304947873798524,0.01696321242464547,0.054363141261205936,0.1250869074374665,0.025402348494950752,0.013262658710931257,-0.04361263011928011,-0.17035968101521534,0.08115320108768695,0.08047356127221883,0.05190102091039893,0.0890327082802679,-0.10827328288727468,0.017988173745938432,0.09061838147834793,0.07497824565402765,0.031883543279614665,-0.2345601554532979,0.005311332341921556,-0.06639764639006371,-0.09094783831176372,0.05607452876554794,-0.0051308358128479645,0.20209019356938218,0.05066430092868301,-0.11808885468129622,0.11568125171390005,0.07811483313362892,0.09882262540029191,-0.04410155968363782,0.10562885457528418,0.08100654897514992,-0.06303233335088644,-0.06031359254956056,0.17599426284070943,0.08474416516975841,0.44364224666111746,0.053296357654337656,-0.1521546723943465
2026-04-13,-0.02926103093592431,-0.0892144777872658,0.0816408427647112,-0.028737839423934125,-0.030968533234202143,0.03579629314444294,0.023922226666443384,0.00793177915301958,0.151182383041057,0.16586831175689262,-0.04321020914892647,-0.04847752164768685,-0.05847149012530027,-0.04990272318777098,-0.08725414716446664,-0.09709387320668239,0.060839375384298365,-0.003587572972757762,0.1483712498181174,0.03624314237450742,-0.02268924420930326,-0.012168251067893097,0.005473672913747097,0.020192517739551732,-0.032693760238495906,0.04488591504517907,0.024179583056246935,0.10809274453722688,-0.06896401977879418,-0.042364482568784285,-0.030284611693139507,0.015209013301595787,0.09048388264072672,0.1550615815021071,-0.07745740666111478,-0.10320329365308688,0.004304497855037938,-0.10819290226749723,-0.050758896676644086,-0.14704323640230882,0.05352814810991131,0.03378529861479232,-0.13368025061477012,0.12215346156467013,-0.053562331675919034,0.0727428377804258,-0.10504808215555983,-0.00135536860143683,-0.09831455013917384,0.04055288671526628,-0.030262483615127095,-0.05274195554499646,0.03758309534016734,-0.019472029956423047,-0.024018702375947783,-0.04633158135044041,0.03310460785807887,-0.007732884683726226,-0.05186290783918247,0.1357717002532623,0.04098606011423985,0.035846895380463775,0.1125539720131752,0.04166101474085076,0.02630022728938646,-0.03222362809345506,-0.13785048496930782,0.03664341352834884,0.06597014277469905,0.06359845536197836,0.05021053235300648,-0.10659903950053352,0.017910146382447804,0.07121909769152181,0.06881054353661546,0.006443181797127441,-0.21178462448219237,-0.0022102476956127794,-0.06581361945422907,-0.07931127003209026,0.06598640582495054,0.03422574844629806,0.19080772158358417,0.06381977468995216,-0.11200511632185482,0.11233881350330138,0.09777361883316901,0.09848998864153344,-0.038354356957222634,0.08792181821473055,0.09864592098931195,-0.03706307850587111,-0.06132492969766114,0.18198035329276352,0.06597404064357265,0.41503624656475124,0.054741298434754226,-0.14387343324330432
2026-04-14,0.0037375252956473167,-0.02509160338941488,0.009634527812439668,-0.020882050058415896,-0.01282992921263709,0.009819865475945929,0.023436195344945995,0.013177905882156192,0.01924174477597124,0.02096765410999147,-0.03953785120161701,0.001795088226840772,-0.010629968259302349,0.017324359532239136,-0.005473378173754118,-0.0004322376179974139,-0.0006273230839922497,-0.002497415983095134,0.015747475816218652,0.003312341045427712,-0.011561191956071073,-0.009660899944447457,0.0027075057803349267,0.00813922204332858,-0.0013939943263488585,-0.00745512934213243,0.012526740658255582,-0.0066036491707190965,-0.0013009872895496013,-0.0007025626104906098,-0.015969353777096323,-0.0035349968570637207,0.0021198518393946535,0.028320369857762824,-0.015176449619713131,-0.009822677763738975,-0.00111847022025594,0.0028867776914887873,-0.01572568302750777,-0.016098987368689845,0.007936702107013815,0.006358306147085605,-0.013922814154058693,0.018427751255649848,0.016776666871791725,0.007709321257318224,-0.03163737426281879,0.022357552983998233,0.0006399550550735943,0.0121970647610925,0.0005716985890043946,-0.020914625043778313,0.005932105381433496,-0.004792163071993214,-0.0024733067888332797,0.012016792421952357,0.00810395443955195,0.005278513954711012,-3.5113848469284226e-05,0.021494652065608372,0.0229689062996712,0.020430013436364268,0.004075591369462164,0.015469194813323699,0.03335078007942692,0.008403940954349464,0.0015648237517816438,-0.011463949791903126,0.014904645623521439,0.05938928706048039,0.003280762116178738,0.009728474473070384,0.015451668897494945,0.030494888915451906,0.03481869361044916,0.027646943623486103,-0.00659094839326913,0.053140136711988466,0.018858540788779157,0.006434557604059548,0.03388184648378924,0.032067703681738384,0.031424102637264834,0.027923177860379594,0.026259986567377387,0.0692814359235111,0.052684324138814215,0.039240331620960224,0.01756112398789622,0.05246862038371573,0.0426660768461398,0.04050984770450355,0.020010131106054572,0.07825711339271872,0.0552002610192247,0.08449341756971855,0.01318293804717734,-0.11226339197082348
2026-04-15,-0.04343173754713529,-0.08218624655322536,0.06934074166150611,-0.010742824439436858,-0.018487310697508252,-0.00977817614172199,-4.2233612568548864e-05,0.033795952431634184,0.16589640654137439,0.21547542836911648,-0.06439093339498068,-0.058681152651694254,-0.08123645314963142,-0.0518016934967108,-0.13531595623223183,-0.07680478450211722,0.029809735786718423,0.02047422307964625,0.1631416669917641,0.09621099240988726,-0.013957276108668126,-0.030087467328161276,-0.007009871398383794,0.027022643171476263,-0.08843698415146856,0.033341512618680326,0.09759037164710781,0.11109878713616386,-0.06784076045671554,-0.07864640795825723,-0.06769112874903684,0.029076901172666106,0.09116185624348487,0.15535782247445265,-0.00016214859726024905,-0.11860825954456082,0.059623761432946704,-0.12231578330925331,-0.010427655152747276,-0.20833418684056182,0.06530751606988591,0.16089189585251246,-0.08531370800486938,0.16326461191027758,-0.11753541430527344,0.053778260437700155,-0.1045232236641919,-0.036014067362828354,-0.1984693585764929,0.08008913898022633,0.025116710475638435,-0.1394042651218056,0.13679467828887312,-0.021390987470654564,0.04089640932265062,-0.11933933238170609,0.02193851797854876,-0.054616961901073346,-0.12007295030516084,0.26802173563404924,-0.0037078439579674542,0.04143409731427847,0.1973972465344169,-0.04381102548641354,-0.08994936148647258,-0.17275836499562733,-0.315929036337205,0.31146196959541705,0.08099987526325099,0.034145535695454074,0.24178671233090349,-0.26972281386641656,0.03863840095618827,0.09863849831112886,0.07276932012431955,0.03607562694261132,-0.1752954022687722,-0.05667738742869401,-0.1503693585532312,-0.15059657867856693,-0.0521498655624656,0.047292153443879444,0.27758092897460196,0.15075469137434502,-0.24536306541296038,0.17353140437899214,0.10258785668737218,0.21907299065218752,-0.058061667698665526,0.08215509383217681,0.06831534807800499,-0.12948439587627716,-0.03654056056172811,0.19806243619289327,0.06292139129580242,0.6003487518210991,0.025914325879689386,-0.18288850451844435
2026-04-16,-0.018131780369463363,-0.07635808318788252,0.07172052690526294,-0.021582726570119323,-0.0189184698437065,0.01501712308199467,0.025680930090966177,0.015697087028534264,0.16233422196274475,0.16058711369288511,-0.06242008677912622,-0.07264327276178495,-0.06127247424952126,-0.04962439043644353,-0.10028043542708472,-0.09000742503114,0.03674531911505114,-0.0028902471811371525,0.17018802066625927,0.0745294137141021,-0.006565954653940323,-0.008123451825562606,-0.004685834225864395,0.02013187049912412,-0.05716714416581142,0.04879403007756202,0.07201180849964409,0.0997310486052996,-0.06272585236678613,-0.06178839968089199,-0.038260300346987124,0.017491986485249043,0.1032610663928539,0.154518864606244,-0.08211184365976085,-0.09963850358106681,0.03442605092544776,-0.14277157900820175,-0.031875232537137366,-0.15084370637242903,0.03414878365263733,0.08212220418338395,-0.10629989448944488,0.10131787643781424,-0.08927733945970943,0.04196260769054156,-0.09172838310978045,-0.012455079394623593,-0.1402629198401077,0.07161819695814005,-0.011590882563201102,-0.08821656032603448,0.07349043871077718,-0.015222612196453477,0.007438471800368583,-0.06861900018510315,0.04798084488540618,-0.02952026638270118,-0.07527773101277048,0.17118427837603578,0.02227529547929586,0.030891670712930065,0.1247203503512657,0.03552070200209158,0.004614594163177474,-0.05958425203972942,-0.1806720417055348,0.10829085347109206,0.09186068214995291,0.043819994259690694,0.08923070350095488,-0.1537421207146929,0.03649079235879647,0.08232424158958303,0.06052040659889163,0.005905897617070175,-0.1933997681863249,-0.016322632389432795,-0.10541731767384385,-0.09331763587820237,0.025176692117138782,0.04368213444960897,0.23604821822346472,0.0875666235736965,-0.16010795419974616,0.13712464913576775,0.1016036163246775,0.10259953913499711,-0.044546210601075414,0.08520057970282348,0.08889604382483338,-0.060649631180629146,-0.07235300541915356,0.19177407161181864,0.054635414186740165,0.49863075202663065,0.04193742137181719,-0.1562016917729926
2026-04-17,-0.018683750418758874,-0.07121600013145314,0.07401200548579227,-0.014736851595715928,-0.02799605940597502,-0.003227785246295708,0.041015204831097454,0.01591312409724705,0.17189280303452897,0.15145739447217466,-0.06173628059286035,-0.0692582715592059,-0.059881723638070275,-0.04800636014429795,-0.08884686735245816,-0.09667752831851714,0.06940170160670399,-0.0012463209220854397,0.16651914600844253,0.05296640181516595,-0.02614227364966499,0.008902322718266577,-0.014251344569445873,0.006603662279102508,-0.06108938711847048,0.05701869060729992,0.06357330622133218,0.09802292254971179,-0.05036297207277916,-0.05174373063850857,-0.023134821268197617,0.02958764371885044,0.09057557228361023,0.1639780364240395,-0.09143778520033072,-0.08820797394729822,0.01840537428012027,-0.13551476572587384,-0.021607786433019027,-0.14409207223625348,0.026102631603904858,0.04553658067414954,-0.10864501234091958,0.08518577518391379,-0.06463607362939026,0.040361311017321586,-0.09377284547299147,-0.02434167697990114,-0.13414179420873953,0.07218424443619308,-0.006973563103322899,-0.07869095166260269,0.0848808962618065,-0.005136333740877618,-0.014380070557261726,-0.06573061919347555,0.03136385552090614,-0.02139816017623874,-0.07779670397609882,0.16020373717638658,0.004075065852550484,0.031190707288143167,0.11995009896962117,0.04019271381245972,0.02215831263744337,-0.033529480254823926,-0.16886415395762255,0.035828503703695766,0.08907976664779334,0.04666520357932564,0.05039091262326666,-0.12501766568795217,0.028096168353273346,0.1058849329079644,0.08270194754883393,-0.006372646964268128,-0.18454041936918464,4.454002083697367e-05,-0.1106194994905052,-0.07717686320153071,0.035491088323273336,0.04077756295134379,0.20881782758065848,0.06779886530013007,-0.13600348983672036,0.12491619472952349,0.1273877205791374,0.07945786104266504,-0.053452455348158234,0.0958205109356589,0.09946862942853171,-0.05603882434654206,-0.048137544578449744,0.17993572946867,0.06352083123413994,0.44688207889016945,0.04804958459693129,-0.13575214305099548
2026-04-20,-0.005942878067849487,-0.0715823626083994,0.07194976305881903,-0.022828689936154528,-0.0240786415163426,0.00465274138122681,0.05006979177157228,0.015788684453979178,0.16098287550235243,0.1292969916138185,-0.057939627210884095,-0.05617244849210863,-0.046782788162314674,-0.04043119565029264,-0.07630919437950599,-0.08451010472325779,0.04917152112622161,0.009834706536138944,0.1459081925395336,0.03669894205555064,-0.029357745500925132,0.011487775805755468,-0.01656405851134414,0.013322971544117166,-0.044723813029538956,0.03957173919289235,0.0562760505454795,0.07258984301224318,-0.04637560042455657,-0.04762245854098407,-0.01609712304538157,0.02133399128058584,0.06629378845116767,0.13886511166937168,-0.0972245209067575,-0.08035921007022052,0.003960228481097717,-0.09695475658038485,-0.05191549609584727,-0.11559417296566558,0.021588713753950103,0.027374905130499,-0.10536109090160371,0.04895309925025673,-0.047167028821723765,0.033239974401393986,-0.07466239958840348,-0.01726443371010826,-0.09115625410936956,0.06494249733522207,-0.010793399713647735,-0.056205392615481936,0.06058097085012698,-0.013659591749630126,-0.01878947658708125,-0.04623632827793026,0.02703647908832852,-0.016192613052378846,-0.04901895345845124,0.1288781281373507,0.010859143254240953,0.03549091457270116,0.08775126954820768,0.0500721657911735,0.050457609042955695,-0.02263281029671845,-0.13202897074686218,-0.010362904087471881,0.06642441432744468,0.0606281357798437,0.015448776359556089,-0.08270395102052001,0.033692039140761174,0.10031320476714861,0.06284530860581397,0.0006064110002881491,-0.16942093213932996,0.029977014606253585,-0.08046357447557222,-0.05913058593620096,0.0501613686576418,0.04676591845329075,0.1594129524761966,0.04703830128011537,-0.09727951536731844,0.11969555737155302,0.11225201260911519,0.05735569560982577,-0.04222962625151519,0.10046829556797726,0.10321289800236298,-0.02758039875050848,-0.05023156735480417,0.17615837728225864,0.061760090153303276,0.3763614420596856,0.048548609858597075,-0.1244697187160161
2026-04-21,-0.011266894703576497,-0.07601571528016293,0.07060528514985648,-0.018648891819003505,-0.01787656269986581,0.00048124503112753625,0.04721270652522427,0.016606571109907386,0.1683991475407894,0.14568370907902728,-0.05770814934789467,-0.06721933385540187,-0.0524253945664427,-0.045683703477919425,-0.08339977158719572,-0.0971135845302681,0.06556492982108492,0.015460177778148912,0.1536048245882777,0.04122577643823611,-0.025868297060678988,0.01270432104837699,-0.01932445611228338,-0.01254806244730953,-0.05657950092840648,0.046191801822038796,0.05678791054852222,0.08659462050907646,-0.04724098322517843,-0.053350262418039474,-0.009976830908948723,0.028262924591930097,0.07932606174118396,0.15761700639656193,-0.09408021277117999,-0.08502092637639325,0.010168816396471278,-0.11460356788308114,-0.041568698668548315,-0.12406777382467098,0.021539697796869088,0.03149701385874194,-0.09998228740518111,0.05986799195696824,-0.05986932374596508,0.03693325646223908,-0.08366232143600466,-0.025127037775078624,-0.11120707322051758,0.07013067008394175,-0.015279785190018146,-0.05958904393041932,0.06562547661276881,-0.014686831976390929,-0.010224983602463671,-0.05455698925493081,0.02388478863303295,-0.024816230913376112,-0.05364417686183824,0.14391471246045298,0.007340228575873194,0.030657445640953226,0.10610135003705459,0.04783361134740486,0.044783432278361894,-0.03941400155115646,-0.14185312152764776,0.012593500541822223,0.07559122149640261,0.054547586778487415,0.02282852330125643,-0.1057816144856768,0.041700022652028566,0.10417145757966902,0.06495258002352601,0.0032108360472909575,-0.1806351688474235,0.011986609203347345,-0.09363008810174409,-0.06932775560627465,0.043765802118738754,0.040940092189522,0.195404835067464,0.05812604546258494,-0.11900163351531982,0.12055419775356074,0.12163761329276236,0.07185440401087324,-0.0485150850549879,0.10041548191382908,0.10127593235534164,-0.03403816939628179,-0.04954352881297792,0.17828117589255715,0.06324423999735629,0.40469454253260273,0.045446635913993144,-0.12385702128139604
2026-04-22,-0.0871758459725858,-0.07037316515907774,0.05760556157544651,-0.005797806618909879,-0.02369974206654666,-0.07390684122830801,0.04437091769538481,0.08796058182811209,0.18769316343517353,0.23787825260131304,-0.08919266322901322,-0.06425695754829377,-0.057124005038976744,-0.05561671427449773,-0.1700735365616065,-0.12205597613622425,0.21142225699101816,0.007160992726739606,0.13076651091231026,0.019981441391653677,-0.09273839108720901,-0.04214549218120112,-0.03720599545157668,-0.04928741271487197,-0.131470938891663,0.032762281965759844,0.09171228087286516,0.11156833001272452,0.14480490035202487,-0.09324232706960466,-0.030559170732461907,0.11211008204810612,0.03247999330627336,0.21956163143320798,0.1570109092228624,-0.10341722443471721,0.021168627566220247,-0.06510025688649883,0.06304260340044618,-0.16700273102968485,0.04297053038960278,0.13584233140014457,-0.03778851572386731,0.05867111585855559,-0.15183598304549903,0.12376296884457058,-0.15294819292557466,-0.23089642303822328,-0.23697068396693302,0.14054517063344876,0.09112623353197444,-0.20915390409770143,0.3548644967348697,0.07138074049812841,0.028109409196969345,-0.10220780162369164,-0.11661075565688044,-0.08017261100520817,-0.153218765521689,0.3668022404087366,-0.11202854282967797,0.0647273244982364,0.18525252882236143,-0.12525371421556247,-0.12656913083684848,-0.21358783103785553,-0.4205175401270783,0.35222096772857026,0.010934487750003913,0.0033174409787165293,0.31222694535249823,-0.5080804925159762,-0.033422466043387736,0.15769986980562467,0.26736134418538665,0.168930954435442,-0.13573706869834248,-0.130111465957485,-0.23513617450342192,-0.18455155849267374,-0.21255182792381166,0.06508492979506916,0.4783869869639104,0.1568612353433984,-0.45574319146481473,0.26395586925339215,0.15481908568395478,0.2308336782845176,-0.06543054413528351,0.38283081718149964,-0.17036596797188888,-0.2696056325462806,0.17143562321910713,0.1659606714623193,0.15613893979752783,0.5742171707337416,-0.05381866830966288,-0.1525747795810709
2026-04-23,-0.005150265018179907,-0.0556472382855983,0.03591397040637723,0.00044079237268548725,-0.011931305660864719,0.010531803903976306,0.045699161837075376,0.07003705842395655,0.1614480440749499,0.11184892968189133,-0.07416284598552979,-0.07740124886255434,-0.09697623165534165,-0.028676640994931196,-0.08944468816616383,-0.04783443168547353,0.059180203292253146,0.01327113530836988,0.23455669985137312,0.023361250532208444,-0.015610504769438522,0.012452676921169399,-0.05908071683926516,-0.05038754637352273,-0.08653887214353262,0.021711619952233745,0.03816484678333053,0.1257017686065077,-0.06849921447983079,-0.07910748124077702,0.017438409811686272,0.08009960107449271,0.09866534473187512,0.2441388419465069,0.03830424794891403,-0.16573426715005657,0.07486553112654182,-0.11482578344816828,-0.018343046799964714,-0.18465206825691105,0.0005930531588760109,0.03201731120654261,-0.10186893482716496,0.07663384193203879,-0.1122507756954458,0.04233747007308737,-0.11939343281455146,-0.11768738741867159,-0.2142888686135535,0.1362593278976123,-0.030325189990747008,-0.10482597764451475,0.1264063528728815,-0.015250994070910658,0.06733660779089749,-0.13078363048877645,0.00146476638810877,-0.03562622837138734,-0.10821001704510305,0.2294599656211348,-0.07402638675699552,0.0019644289092596544,0.22177328735839147,-0.02679974001833424,-0.08031008919731719,-0.2017488434872634,-0.2705431146598707,0.18557651545474654,0.0626272287896734,0.023389568516099916,0.1387832824512448,-0.2060818438965149,0.06666682083530312,0.23418737534052664,0.10650611095092272,0.041980430457497823,-0.1657631815647873,-0.03595740249215499,-0.1650496150278323,-0.13432397990184267,-0.058614558586162394,0.07575979837392255,0.3044765932132652,0.11510367312194374,-0.2374142266147395,0.15778396771938122,0.21920121065530304,0.2586415218502798,-0.10567553247132379,0.12169203137396148,0.03636030880006136,-0.032573376359485866,-0.05795531091619585,0.13825243307556517,0.1318418426752587,0.43162167534612567,0.02724963494061755,-0.058427338991154015
2026-04-24,0.012277579476420037,-0.019309498339158064,0.010995514846022028,-0.017972175211191245,-0.009027068827596319,0.015829144106226038,0.015537205112764008,0.016492546417111065,0.02336976471281248,0.02109006865605683,-0.035593133933727684,-0.0022583213341266246,-0.015458239171576448,0.015646570803421266,-0.006908238555459309,0.0038758239460774356,-0.00011892855142131564,0.002025672846706697,0.013409672015308655,0.003137112150505263,-0.008112095950062672,-0.005866223221438432,0.0005184236888152085,-0.0026115757775316984,-0.005117505077250947,-0.007028037341113567,0.011255308992110254,-0.003996011798084198,-0.0008050041834994099,0.004624265734767013,-0.018584858580476087,-0.010608642602615891,0.005336403699039019,0.022925218089368062,-0.011578284041699348,-0.0113283732413697,0.0019356752420501156,-0.0011367407383956665,-0.013208248778932187,-0.0104659422588627,0.006519936308321606,0.004024490090098451,-0.007887532682313248,0.009675386665941327,0.012299741905641929,0.004057441616654657,-0.030575473730774697,0.017274643236045002,0.0020436189266493845,0.014227337975127376,-0.003925450513532677,-0.02439878468138411,0.005272400327248882,-0.0050221600781661345,-0.003915781192338538,0.005293034952901283,0.009157224152461417,0.006584983356021255,-0.0017064147954142413,0.024709687527740835,0.020720314124770087,0.018312632919863348,0.00018550458906756162,0.012329082442888346,0.03459355667867247,0.0064034679503561336,-0.001175794840970362,-0.008238953714421767,0.020516847993657533,0.0551930841944151,0.0011157038446499169,0.009229328927129528,0.013356770965717739,0.0290174302107976,0.03212406278284506,0.023359238237603108,-0.0017228780759742188,0.05161972434463551,0.017198928979000085,0.009857659289453053,0.032862405706871656,0.029491860739213747,0.027064568692566272,0.02403396776490163,0.024139057050306466,0.06453044021136985,0.05346044895529537,0.04200532774964064,0.01910256851971518,0.051235124869529414,0.04046389996841066,0.03728822705920091,0.01625344808121188,0.07535730187366636,0.05319583669655913,0.0765133110289319,0.008205974434103994,-0.04609663363257287
2026-04-27,0.0038307769666245974,-0.006604162990739631,0.02137794472593351,0.0042119257644864265,-0.03442361795715079,0.0005510228942465258,0.03958608600160532,0.07401608025133817,0.21916326264373365,0.14055604476105843,-0.09922258194234239,-0.029053863321600835,-0.08395440626952351,-0.025682581897908514,-0.09569998790304937,-0.005495789238423218,-0.0220012104379637,0.026021830131841422,0.286038160816595,0.03650245604512657,-0.02462810002823696,0.06340411422236923,-0.01963374969687775,-0.07901802734159222,-0.13349107525438206,-0.030188733165469453,0.14270200147953685,0.04474584691202566,-0.10959200457656007,-0.10958590380514949,-0.010853251505999374,0.07543303263923508,0.07335299896802117,0.20268607205979525,0.09779657215600748,-0.10772482353163824,0.01556240418824549,0.027539543638926522,-0.04398312677826891,-0.12594040167494408,0.042592198595566066,-0.02766327793840296,-0.12792749551957186,0.10674582580544827,-0.025725030709882045,-0.07333847211050319,-0.07102464212498284,-0.198092958481117,-0.32149070356203563,0.15169616862166577,-0.025352752541496423,-0.1308928642773853,0.2885038850952689,-0.02324331336905662,0.09988626364545226,-0.16323061254553994,-0.044418140643696744,0.01657258168402539,-0.16322364518368157,0.14600634385001174,-0.10041250392241625,0.010607127295235453,0.27844247819206097,-0.12115739063652443,-0.11622817373220991,-0.3503134755372861,-0.3487568724417012,0.25134491246561874,0.07621794954268382,0.017576410822281157,0.28800504177068526,-0.3374680554690503,0.12710800697220512,0.23374278020163522,0.10588577116900834,0.03570082740754283,-0.10921952921186436,-0.05356064263649543,-0.136749710310216,-0.15282713188317798,0.0010949315207185017,0.11544862273945593,0.23548883109848173,0.09996279065885111,-0.39782413300313607,0.1711181028059823,0.4015548474610447,0.38391002836004884,-0.09950405401948988,0.12048356270639071,0.0400370231438203,-0.05560607243045114,-0.14287374590426982,0.14983503323484085,0.15402048965326132,0.3666022300510849,0.00507536958210336,-0.0014418139557701107
2026-04-28,0.013889641062233605,-0.027172757041784873,0.025727540664467075,-0.0025456907713621094,-0.02412649716710346,0.011887900458179102,0.043893483644535734,0.07220161217758031,0.18998809828506882,0.13874893703982263,-0.08143892310234714,-0.04750247451582194,-0.08917355797912618,-0.056182702433746415,-0.06933348508336505,-0.053961249299441225,-0.002268221661421623,0.017205932714180083,0.29621026691362673,0.03385457084319168,-0.012241809325100042,0.057270823294617,-0.004505063503811297,-0.05291858893067493,-0.10741815359629278,0.01077296637332201,0.11108044549529252,0.06945406063510007,-0.10445201419687274,-0.07867132450836058,0.006572482647449208,0.04715561416597321,0.12639852137679314,0.22406921320695344,-0.02969993721239242,-0.10329539937704207,0.03810019717407436,-0.05779858922112796,-0.06379913913853758,-0.12316391489039975,0.04593846264053295,-0.050400242193491866,-0.15555790850597115,0.0888926627115645,-0.052611257023008506,-0.07868721003144034,-0.08873400768774797,-0.13976050368760146,-0.2517592899097625,0.0894459416908521,-0.07653768822016194,-0.09610834766763386,0.2246904000710414,-0.030004949099716342,0.020043216271948938,-0.11953113654752472,0.02391867817905366,0.03540275179327411,-0.1064813832012302,0.11437381451563576,-0.032809455132542804,-0.004297735895586368,0.2480335214431133,-0.051243205142312606,-0.026197127358675694,-0.2538305852252004,-0.2194057129739739,0.06876375418633787,0.09373963314186068,0.039276026663821025,0.14685446570388172,-0.23832462454851439,0.12194499857420958,0.15584648803823575,0.09046696180779094,0.022253873257084025,-0.13988189853127173,-0.038356470889859336,-0.10594983435256802,-0.0992442413240586,0.06927750401622228,0.07446605916128836,0.24544385213106057,0.0777972012222428,-0.26464294586798387,0.12253004076678062,0.32989890314590525,0.28007333710655574,-0.08441627972134345,0.08764414735016028,0.07779955824910201,-0.002963153523699096,-0.14646078073961818,0.16373468570522087,0.09029350500148359,0.32319924817762696,0.046255278875566325,-0.006913811813283042
2026-04-29,-0.003668027383047121,-0.0021994229172279025,0.014115090774946742,-0.011208167387787573,-0.04876234486699306,-0.023728797302603077,0.053181447397635424,0.08448863257009033,0.22490657618826237,0.19517255696345925,-0.09669969428654944,-0.010865834307204983,-0.07353718815132591,-0.045999815575407825,-0.086629501043067,-0.04965551002398557,0.033010203394748146,-0.0018702882072907344,0.28425746972519617,0.012389703535841921,-0.04889463033579499,0.07044729655008913,0.012501870435242996,-0.07037265267413106,-0.11520375560795222,-0.01712495505304988,0.14766244821874228,0.03793431845631255,-0.01151125702685562,-0.09145108612517999,0.004848397969109783,0.07151481151696869,0.06505180247232087,0.18838461761352407,0.07598078645394306,-0.06410818624761638,-0.02135025092330664,0.061585000318988926,-0.08673181304851346,-0.0737497597667034,0.06066385468288821,-0.07580823996363549,-0.15603701390826866,0.08045140530244622,5.0052158635762595e-05,-0.14367904578395355,-0.07279113231874415,-0.21009595911114876,-0.32364027172577825,0.12045734649397645,-0.03541931559003513,-0.13527404305607454,0.2958594908250923,-0.02147510608545381,0.018275629481882164,-0.09434607112039584,-0.04827138227638795,0.07193441925724275,-0.14800148443468253,0.1303004361701097,-0.0733518646572041,0.004006161731924387,0.29176351734964123,-0.1245988651002874,-0.04957053954435642,-0.35104517794044315,-0.31492714879705264,0.12005440662210809,0.09094330344799356,0.022780530662290882,0.25042434934328683,-0.34233174987317416,0.1339686191138187,0.17479238585602738,0.15870965000311568,0.034421353726119285,-0.12124670464423952,-0.08082260513454465,-0.0956314223410791,-0.1185484261533309,-0.008051849114274175,0.08303871199718546,0.3700818334802531,0.05406377858373483,-0.4655975703176003,0.13900655348470664,0.43155191961006817,0.3271768188946994,-0.04837254700059854,0.20425048840126608,0.009754958632568948,-0.061884007250466166,-0.14517193988397578,0.15896259173823143,0.1136330925569553,0.32995470021215073,-0.001427717920689844,0.00397674893362727
2026-04-30,-0.02206358733746777,-0.041982984564876966,-0.015084480635041404,-0.017296909390259407,-0.0804628616787254,-0.012372480898123412,0.09112615016823786,0.06125531017789341,0.23682432016556482,0.2576502909564683,-0.08784097742255856,-0.04186966601648053,-0.03671404987816037,-0.05660482929007167,-0.07612475003893551,-0.04767725082205902,-0.018364986749238796,-0.08309782047989836,0.30642902644960185,0.003692016091499796,-0.10223560669665209,0.07834909837469853,0.02337926762800282,-0.016812739972831156,-0.0883983738244479,-0.03567030541000928,0.13021495579099343,-0.009652791103323578,0.022960890285285245,-0.07003672917338265,-0.032057017289863134,0.04699279594107087,0.12652043191663317,0.20484491286872275,0.09800546449735115,-0.030101310454813048,-0.09717846064177012,0.07281197517793996,-0.0008843642038472051,-0.09959015897072969,0.055106081100574605,-0.05618134404610779,-0.0744073064962179,0.09944147191594517,0.032794019725550676,-0.08971889723182679,-0.06612853996991767,-0.2650472631531316,-0.3107963619901044,0.14021417721719087,0.012791355450151465,-0.20167495597172347,0.29052853694838626,0.07866401699986547,-0.034469647731478356,-0.07407207608451083,-0.054678182145146026,0.059936443825403314,-0.13230613323334522,0.15471159446352,-0.07512957361587552,-0.04079855953240644,0.2502280443569928,-0.061978636991468355,-0.07850641287632194,-0.28962873525104343,-0.3105845545203304,0.0842094541145972,0.03757052890734625,-0.0017798361728153488,0.2516529161976083,-0.45692454580615943,0.1667690350758305,0.11674775527403278,0.20517668577375928,0.030166988788417497,-0.1665296296255404,-0.1404610185077123,-0.09049746751065207,-0.09309416403892981,0.03403855323618091,0.06523343991102719,0.4162149132123687,0.07010239764133247,-0.6190333745162364,0.18076158088369582,0.5068730363789706,0.32280055201527974,-0.019909623804010984,0.31733391802231126,-0.05494554959035419,-0.1423298512263754,-0.03857720828503958,0.1346073459320048,0.1678369150219632,0.2629079301552381,-0.05756468757800709,0.011453035410847108
2026-05-01,0.03401496698520876,-0.06364724316478698,0.018884521662771228,-0.03233056855148463,-0.05126884772194871,0.04795048380895537,0.06511099097794967,0.040858172618696134,0.1650361623337725,0.11175570785008083,-0.052727966404185325,-0.051001720863888524,-0.05508059300164181,-0.028612830466975936,-0.0696166823443088,-0.02597987444818739,-0.013424860531367924,-0.010396110591199449,0.18182511742705798,0.029536373687642878,-0.02840249956600136,0.04467343099411785,-0.03404642351991932,0.023803351234699573,-0.044175085634224245,0.010150685843328858,0.06351175626467473,0.032622907120163386,-0.05971317013648203,-0.029232174767625754,-0.00945654505059595,0.01498085146008311,0.08393573435352444,0.13377278427800968,-0.03473843032954237,-0.06296393192650299,0.02181553531244954,-0.07497332591553771,-0.06893406321896953,-0.12025646331935173,0.01289112022155762,-0.029146738319653344,-0.07751865511188946,0.09598070386675847,-0.021771857656105495,-0.04867800454482842,-0.08772789160266736,-0.08370260889463493,-0.10901750377995088,0.0755944887901114,-0.06646900229391817,-0.07359567358700482,0.07336965391653671,-0.010098440025846445,-0.005289868686710298,-0.03730884988865392,0.02986562767009529,0.01999564079240183,-0.01665873074791393,0.09859389075723964,-0.00111160766181536,-0.01664701042681621,0.09424952982257012,0.06612373037441756,0.01917313265852868,-0.1008559953581528,-0.10830226987653975,-0.03620668735533981,0.05283139276522077,0.042569852616780396,0.023307614463140964,-0.0912872795712311,0.05700750024592365,0.08518168427165498,0.07199355999234491,-0.020859465221977534,-0.1626546183338705,0.015605633407861223,-0.08489132090416114,-0.024784485621785347,0.10680260472568297,0.056339493064098176,0.11247969334482642,0.038551962737701964,-0.10669998807075126,0.1268563207036402,0.16385105797489827,0.17040036365887062,-0.05242649172490156,0.16111831826564646,0.06759836008842283,-0.024359361753974684,-0.08140145204977788,0.1733002484015303,0.09006254095050945,0.27321603571410075,0.0377952750155155,-0.03649529494617418
2026-05-04,0.0431580240890754,-0.06399005069271482,0.024594187845058242,-0.04104007910569695,-0.04450485855768765,0.04514412487597037,0.052549841005454366,0.04044645359302062,0.12362111897819054,0.08476691542315959,-0.048863860714996016,-0.026869045565646142,-0.04748815011768675,-0.003685474214775511,-0.047315187618229365,-0.024489499711485806,0.005494451968385067,0.009174571303125224,0.08572502092919569,0.024650079308238537,-0.020451337465306543,0.029086170794456134,-0.020167068904628223,0.03247987559743928,-0.03534883763697859,0.010121828425618432,0.04117421741815216,0.025640601331636006,-0.04515691461901908,-0.01816926981901852,-0.015099097126192599,-0.00018495318731678,0.04967716152265739,0.08858033028010824,-0.03870390392868874,-0.054933312628036635,0.013340132029350717,-0.04937711270024987,-0.06789181546431193,-0.09641960859583949,-0.00495979031447657,-0.020557225998950497,-0.07492747273092815,0.053754427219826845,-0.0019877445459391668,-0.025139748082430885,-0.07792001455840335,-0.03467953935541822,-0.040757699877454555,0.05279864199005951,-0.03410782796054274,-0.04997087505292353,0.03112599682950737,-3.349967494977596e-05,-0.023924152141194206,-0.035207480384503026,0.03353225951803546,-0.000992508629229014,-0.009552808842549323,0.0641829986066651,0.01058800394685202,0.006616122685671624,0.036878169695829785,0.03523820450567432,0.052755645702814206,-0.052764969842340234,-0.0643102354639952,-0.03852508275917648,0.035218617097160135,0.06013373391720242,-0.001078953615363535,-0.04673932850180441,0.02510653234614362,0.08462326714655964,0.043265739363979476,0.007811869704640737,-0.12379267120266861,0.057884030964684155,-0.06090299281417699,-0.010451314253293676,0.08887818543085942,0.048508779219392166,0.07488978747963625,0.02391031096327053,-0.031138306052791158,0.11585492660291091,0.12039410208133898,0.10776869571465482,-0.04464028797683571,0.14051385445458453,0.06622679386194413,0.027166932462102382,-0.04445475102696324,0.14759147028046093,0.07679140236800075,0.21577990279748088,0.030184278117460064,-0.041732069759886956
2026-05-05,0.011540496603898113,-0.0617638261772457,0.002830477477730139,-0.02495041591813727,-0.09425529426609504,-0.002014066992462732,0.10869755243276859,0.0701948006640201,0.25390479713274205,0.22975356032744293,-0.07269465890920272,-0.04622383252059086,-0.05663994310903696,-0.058685796088465914,-0.11106904494113035,-0.03679520025745199,-0.058152467788015375,-0.08207835634788949,0.27016475707736354,0.044892855818908325,-0.07840243305179301,0.09698756883849986,0.06986485207605453,0.1056527896669063,-0.11400188644250736,0.02200826072498599,0.14050810900915156,0.04497040379660582,-0.02105781597036757,-0.06684880312707178,-0.03522095380549475,0.07237918863820221,0.16332046619348287,0.2244907202126326,0.024803333423431433,-0.1056965051391449,-0.08945436137410712,0.01920373467731385,0.03975241588526067,-0.17313459081917526,0.0071168822038728645,-0.13052143366100005,-0.10429091404755592,-0.02875485761251928,-0.012358447952718244,-0.04041745878721663,-0.06423298818616785,-0.18136787139547939,-0.3788382490806242,0.1331873839619466,0.034114490904923515,-0.15295183090056502,0.1351171530551296,0.11428182548584645,0.00989710648235895,-0.09871081372726877,0.021573455763268815,0.03641525623671367,0.07599256026386277,0.09683494189829774,-0.10874594804327163,-0.08412848830280471,0.18193099300063725,-0.08961347339367434,-0.022590501004063734,-0.252884944643747,-0.2276105111373819,0.0805203854112866,0.029688848952164025,-0.050363593963653135,0.19737471610551155,-0.3859079181662847,0.17878016660295398,0.12232276981829757,0.1842809989590317,-0.13351694101497796,-0.18006784553119298,-0.16887313573370377,-0.06145591484140012,-0.014195057920846089,0.14663274158842754,0.05746331407773576,0.42845214927299163,-0.013135782445228868,-0.5332015464817481,0.17163492996542928,0.4813350595884674,0.3690565546800931,-0.07882679730110503,0.3363643793701899,-0.16166946151367445,0.017018820116208224,-0.06583686676243843,0.21559227408134482,0.14705980998703877,0.21205077908037384,-0.049797467382755076,0.025995426388648588
2026-05-06,0.039791130410046026,-0.08371212574603144,0.023565932439913374,-0.025211692582922662,-0.047597011786753636,0.043853115011567564,0.06318483525756656,0.04942595742799884,0.15133269944551336,0.10443000718893432,-0.05317858783572814,-0.04892309952332298,-0.048692578171911985,-0.02354529693851891,-0.06540574506886472,-0.036215267407722414,-0.005136792760784235,-0.0010978249559811856,0.1363687626511448,0.03550555944920288,-0.024307045155031515,0.044276766228912176,-0.029325851936603142,0.04483898611231435,-0.04385384172196887,0.026036566689450293,0.05782229548743099,0.040441590305510575,-0.05447709028983176,-0.022897104837817657,-0.00972354141284243,0.013226606526395051,0.0777118722671183,0.11012454207292045,-0.053011409422023245,-0.07438553783345253,0.0009711487328654383,-0.08309496643764333,-0.058007757943038696,-0.12131640146277763,-0.018606783947937265,-0.028051846723107093,-0.060461073295389064,0.07540574564607912,-0.019781916428548103,-0.028149153937694994,-0.08081425384285147,-0.060495180497356235,-0.08033837161395965,0.07713182357929549,-0.03977311920890895,-0.06484376765096182,0.06586615585472567,0.016321473932715196,-0.016547953193572718,-0.06621864496982112,0.03447352411541876,0.01824766533413193,-0.0016900446719083414,0.08333055749600035,-0.0014857179412652508,-0.021544919576667543,0.05914414762154004,0.04061995592610014,0.03961187074160219,-0.08383003035938698,-0.09085184396030062,-0.030826937352860295,0.04901395037593952,0.041510762947098157,0.004623322416534197,-0.07725041240546288,0.04823934983546144,0.09777788436805832,0.0673765443434849,-0.010820432681258067,-0.1559389647974931,0.017941681030814657,-0.08044212492074002,0.0024754158027429822,0.10355682265533281,0.0638862739056533,0.11020584512997315,0.024022571032606167,-0.06994385350208289,0.12206859732116702,0.14263484683409444,0.14683216981335573,-0.054262350069037096,0.15587780589354158,0.047927546729745446,0.017757108211090767,-0.07039093500844057,0.15651107249562066,0.08510177566342332,0.2679358857733445,0.03226674298899859,-0.05212806573191092
2026-05-07,0.07622960166034241,-0.09142919382633624,-0.014966450348235487,0.003636294533273357,-0.06978503949670482,-0.042186754724606965,0.10489380130579626,0.10173930077078897,0.25253185416802515,0.180828124370362,-0.05914536816673914,-0.09082781128073046,-0.06293558317389938,-0.05371709375395413,-0.15544334651043715,-0.002531675559056144,-0.09665137242070354,-0.033665166128485156,0.3085815226439921,0.07491974593445928,-0.052708993461414666,0.11148968985166027,-0.0014935344566963122,0.11303602958197508,-0.04954329866874537,0.009930587128883457,0.25530666234759125,0.01982232462276711,-0.08832388872767076,-0.103979674434209,0.006742059236006306,0.08426088795287912,0.12143764853916388,0.10563481624241781,0.05473862145030305,-0.008984267281352409,-0.12700420936167955,-0.0827639407318008,-0.04722802767051808,-0.18991368713730922,-0.020209793672824224,-0.032889410577595264,-0.09760684359277177,-0.0540013413897967,-0.03170885233876909,-0.06981072301403729,-0.0277533808432918,-0.16006073791254583,-0.31601443501778903,0.18728082549860758,-0.014257332346071796,-0.2328538706328247,0.11906482118027954,0.034543637465820336,-0.015113246132422197,-0.16254461824939465,0.09178659794289575,0.09853040379058933,0.11099223638967466,0.15483898147561226,-0.11095281422952301,-0.13381427252755865,0.24199573820019737,-0.005432071360271152,-0.044894207889776834,-0.3094886065323114,-0.2729208487499479,0.007545449916081467,0.015423469882938655,-0.030153823218309672,0.1474957416798063,-0.2552755574241636,0.23147725973409303,0.087631863450358,0.2811417640130247,-0.025128960141156745,-0.1283919525175902,-0.0839237108706851,-0.0731685983469234,-0.04404855674068301,0.16624177055153297,0.12120729352364602,0.35304610647469414,-0.0034042318231167577,-0.4978474425745397,0.1948577210900095,0.3688033854213319,0.39963261710107745,-0.041851828496011094,0.2076393312230932,-0.06228405008389014,-0.07590296874948133,-0.1399677051447532,0.15145440587613704,0.13905027835745212,0.24459298397232587,-0.0247322620261751,-0.018396824063678728
2026-05-08,0.007118194765458033,-0.013010835983551022,0.004799929759884499,-0.00649785414169027,-0.005024843477648401,0.00797711416822177,0.009048762667234844,0.012823386932768313,0.012776211714428519,0.014146722702654935,-0.02069900037818414,0.0019484430194935693,-0.011195522957203155,0.016425253933502817,0.0015316391987859456,0.005157034619311037,0.0039668175050358795,0.0059010348438007995,0.010563293800619324,0.006371233391465265,-0.0030987291782416694,-0.0016909555279258828,0.005114678111632948,0.00244977154174754,0.0005473634598270084,0.0006209577020633936,0.011041881877237857,-0.00030807400289370283,0.007821867476706532,0.012142109306957985,-0.004956588702424753,-0.0007927380405556936,0.008149053626926219,0.013796310735289896,0.0002099574066005954,0.00017011723703053323,0.008353318863596039,0.008159481393391474,0.0028287242082065765,0.003348856660644552,0.004959803451172047,0.005283696662638014,0.005134620714846131,0.010676247379310756,0.01467985126973662,0.008848867668889588,-0.013345991964542054,0.01689677148306339,0.006613044327048017,0.014952888868140436,0.005190445609898762,-0.0072261208422363474,0.007714106146919874,0.005477535901740865,0.004161596078241808,0.00869484511528275,0.012215967171752669,0.012021817216802374,0.008366455498238478,0.018889899263478935,0.017345951459950572,0.014935359296761267,0.004724446609824041,0.010206676543822407,0.023904829155830053,0.010031497078766362,0.008709952031958809,0.0038328408892314954,0.01796365989432075,0.03596683634059186,0.005153980430971932,0.01068876593635849,0.012741987876669752,0.020899131830582632,0.02366634309260234,0.019210490801978595,0.010041792647313984,0.0354974257394572,0.015789770723498273,0.01398782723396587,0.023229921387730945,0.02049370575382023,0.0198172511317087,0.01858829732351714,0.021915732689328143,0.04128537377476358,0.03481243282107016,0.028169670832452885,0.018449781673651303,0.030176101486843444,0.022804999839740905,0.028639504645277286,0.01536385572159205,0.04351854352573664,0.0345588959287901,0.044814382638679436,0.007207509717628716,-0.057386253767417544
2026-05-11,0.10738581714071559,-0.07441287260311694,-0.007602641444171025,0.005124004033817411,-0.0634172898452469,-0.013593405003589415,0.08032563919823928,0.1225102962041749,0.24101460221782234,0.1311646403233066,-0.07502220303308281,-0.07306772504741033,-0.07559314749614816,-0.05426514319917865,-0.14475625789937635,-0.04668728787692617,-0.16714376018413699,-0.030593298079778043,0.3764847208681874,0.04181736332277192,0.015652279074718493,0.09543994670880504,0.011350538509131716,0.0664161223014428,-0.09538328448967388,0.007918900698098655,0.3431219226664133,0.010207516374558115,-0.09673553820194375,-0.11839524619946322,0.029527333489533278,0.11037438129985655,0.09299062566378671,0.062189311816270534,0.0959614248290876,-0.040267607116558655,-0.07492658309111751,-0.047910776542133944,-0.08871681446452655,-0.10249114502545988,-0.05385612991812372,-0.08118582195654277,-0.0624488160190248,-0.04140330881751686,-0.07897747436903152,-0.0829808483376508,-0.059061178338069203,-0.1397067911100056,-0.30398739514255496,0.14330545537396586,-0.005926909769103346,-0.16836364051491973,0.04142256757198946,-0.08091639983404895,0.07038786985397735,-0.10835561365850457,0.07822272053138647,0.08240748141709209,0.11963778603593449,0.16376097807551937,-0.09738033382920996,-0.1184554075439141,0.2480087087346632,-0.0060509804177149105,0.008195691677556844,-0.22928556320055188,-0.21925673317447955,0.03977803312448083,0.027092409707199026,-0.010485246834233528,0.11125028733321547,-0.1979106236007746,0.1953377342932581,0.12175128356273308,0.2469134809097395,-0.03542785720390754,-0.16624335135163404,-0.057880745320183544,-0.09399193654815778,-0.07835549523351541,0.12853285746565316,0.14636288763544955,0.2661745365436981,0.011304578634906056,-0.4023784500773466,0.18869014486359537,0.24503720698501993,0.3189091289911972,-0.0883753268482107,0.1747336778065095,0.01564097727365116,-0.06499370675733587,-0.17199934749539064,0.2195415548842792,0.1034931380124584,0.29557582037144936,-0.05756908248600284,-0.004253841860616501
2026-05-12,0.18928697440864936,0.008966774220678006,-0.00775004411238024,0.03851886298453481,-0.09007159121997875,-0.09940745792247649,0.10797981042072241,0.13825118039021772,0.2530224567068765,0.10285585090914844,-0.06330894057542735,-0.10281600780402057,-0.10972561934231044,-0.051156093903106235,-0.179939835846465,0.05601032831790012,-0.20096121634061812,-0.08441048311995114,0.4247536314375963,0.04816105918582198,0.05240978738775733,0.06942285758293855,0.0952201411620443,0.014745123616030413,-0.11868003466484346,0.028742169446409456,0.5191626967655419,0.013430055617071841,-0.1787846075762099,-0.16265230081473592,0.03957359040842209,0.15004731589109732,0.08714852630982249,0.12139540575398255,0.0944776220061046,-0.030722279659285798,0.0022453881528969044,-0.03612853825634086,-0.26021868955717226,-0.09022286201236046,-0.057489404576643366,-0.1836135694775183,-0.051383857526697725,-0.09824184082954153,-0.07069151618827564,-0.2708080225508276,-0.01984508392970851,-0.06954820796241616,-0.46151871081452794,0.20611930394348266,0.025041582953056186,-0.21121460104403375,-0.13161722903417788,-0.11288647757368397,0.13106347442560917,-0.0980953778575177,0.17079552848506271,0.12787169166353365,0.23366718173178802,0.011023980931650048,-0.19621051427853364,-0.13100472600769,0.3316256936394075,0.006362151374793824,0.11773702152099594,-0.3305481004573719,-0.21778961234392066,0.00918521088223679,0.1820592832714491,-0.07208626145100386,0.019629443906624154,-0.2406107215158118,0.3632378001144877,0.11699627430727959,0.28322220529295483,-0.08166345517750406,-0.08868215537383227,-0.021788750435241228,-0.04144691682453056,-0.14514728050393186,0.21573327472647247,0.12194246957267496,0.4098775012337591,-0.07269618744652864,-0.571859843640874,0.1404263193654876,0.5624618441512158,0.28338890698548186,-0.13458181105280626,0.1852595214265666,-0.01325398732631257,0.016481864139352966,-0.385240658777479,0.17805466777059306,0.0983227589644544,0.2029647785821982,-0.057237860931554474,0.09938000119324594
2026-05-13,0.012611779984235063,-0.02048878773884369,0.005538217629592676,-0.012589218310853254,-0.008239383919323872,0.01182384340950256,0.015261934377344667,0.018203834375721255,0.01911912138508081,0.01929519106941794,-0.03347919774520519,0.0024603731672469716,-0.020100749318933554,0.01992700356162414,0.0003010074891246547,0.0005434209457213634,0.0031000232595248334,0.0034113733324501174,0.011204738097942216,0.007751524613042803,-0.00749746335839927,-0.0037963825584894882,0.0043339036493103035,0.000808807857471918,-0.004686345168895012,-0.004220617028949443,0.012302669408544221,-0.007321343186525041,0.003960619309817534,0.010634385659525878,-0.010805951616852832,-0.0027675198355879317,0.008954425271539708,0.016096864192788947,-0.005192662608653548,-0.007945829311016684,0.004000060987763144,0.0032548613657778225,-0.003984267451419957,-0.005965211030954794,0.003253843064671356,0.005001867325827839,0.00152549928377879,0.0106730695055124,0.015022040050014247,0.006713070683640587,-0.025876300049210266,0.017879947008943138,0.003611251931090532,0.013589776867117254,0.0015029054198470396,-0.01856389234626049,0.0060071629334861945,0.001312315999788833,0.001969053156321279,0.006936600814882941,0.011186691942075803,0.010494440453471133,0.00437000593479122,0.02168801322537145,0.02271663877772271,0.013837322969877091,0.0011179738788472306,0.010350679316229322,0.03097672361119392,0.009196140760792094,0.0027567603592962347,-0.0023923256467689048,0.01855374052069452,0.04982424161859955,0.005230742346938694,0.010434468082694619,0.013412374651167024,0.026747928619376617,0.029432175964475393,0.02303531551125286,0.0032092687145128104,0.045878144838811086,0.013323571518830589,0.012008546175941708,0.029128851073289393,0.024592458492002152,0.023682623184801237,0.01955033586686176,0.025335007159991242,0.05604576531345498,0.04541193113593686,0.035412365358045386,0.017084237717588865,0.043598867885916714,0.030811491076647143,0.03811701262793656,0.017280883690861542,0.05925958860330008,0.047262246460259914,0.06299465506669928,0.005036052974324798,-0.07437122369477239
2026-05-14,0.044412400141000265,-0.05996768979910845,0.07083230700472054,0.03220694454209331,-0.06507789637279562,-0.015865481023114844,0.06241410894154451,0.06142174266932261,0.22768879310310297,0.2153918034932643,-0.06317718943123181,-0.10419113051242133,-0.0674509001946088,-0.0342492103260991,-0.20845388993976066,-0.07156290682998814,-0.1250006885805206,-0.0436100397538452,0.49862457304372765,-0.028730599924425095,0.02769896728778879,-0.02363183950158306,0.03379695268371868,-0.05629708432986333,-0.07462023114172957,0.01224429765785064,0.33049644557073,0.030866184496745754,-0.15411967744318156,-0.11064815624844174,-0.02261288713589967,0.14847095382578596,0.08624394831996929,0.17070469781276174,0.13647512678794993,-0.10699548625028225,0.07691848100287671,-0.011190156898586481,-0.25668097133984114,-0.09277060576665343,0.03278474482583293,-0.08438386365090422,-0.05062772886222589,0.04271958430636911,-0.23573594766851963,-0.07111309312570435,-0.08817411908497878,-0.06176174988712127,-0.32358210723568354,0.16816941676564037,-0.01788003283900739,-0.07886333787298179,0.06811274346793642,-0.1467575656572847,0.08240811967195236,-0.07601211398754298,0.01676089176071448,0.0471039880623219,0.11692013406992782,0.03859023105259935,-0.05929478990194277,-0.022567037442164692,0.19319702849302112,-0.05800748992969802,0.034091249939869846,-0.3024768223325686,-0.14302120698362344,0.026997531326595582,0.146133311375935,-0.0462301022013432,0.07939535556371144,-0.19608462813460156,0.3757689697733516,0.03383879142987874,0.12997404862647444,0.09173510194639581,-0.20113524488887696,-0.0649392771194311,-0.163269771162322,-0.10557838474835055,0.33881454870951627,0.049859714726101435,0.22548302481727645,0.020274370144112996,-0.34447112789021855,0.06317900697483098,0.4321176597535743,0.31381973883978415,-0.13789352106709785,0.009905246289001694,-0.06540662473204083,-0.06744236156361758,-0.14255573342421946,0.22360822816219852,0.11799642498524911,0.36168693023213844,0.017731787013777558,-0.013916149352989677
2026-05-15,0.049440572886810856,-0.09096474896712357,0.03619513760077476,0.012321428839830739,-0.04696420522979766,0.01610317214367509,0.031041855720702373,0.05332998051821416,0.17858181541065093,0.19574526521341304,-0.061248937031770784,-0.09065538646030255,-0.05915200877793922,-0.016650777662558403,-0.14197136080358438,-0.07185718052905454,-0.07457793316937848,0.03326124183415482,0.3191037867652886,0.012514028065328229,0.047317833307172444,0.005592246276408135,0.021830362332043805,-0.05097264559579041,-0.08654397398809291,0.02470826906217086,0.19115200543504687,0.052835626369496014,-0.14213584454038358,-0.0928171892409506,-0.012535226049617083,0.09225054708016389,0.0804044725726182,0.15140402056727387,0.07989548152231468,-0.0734826459231962,0.03648956014668282,-0.0034406017224742815,-0.16729200870083918,-0.059246166192887584,-0.019661468574346627,-0.016640474174695052,-0.04362051775803627,0.04862039902178763,-0.1630590510858174,-0.05303680691884875,-0.11205367781663916,-0.08447209704676485,-0.20196253914865772,0.10895030660132843,-0.04425770378962803,-0.05722579246712972,0.09816165869044868,-0.12402844382168145,0.02276802452665759,-0.0448947363545262,-0.0032456714258248375,0.025924744708271406,0.0643325972378379,0.07593197885438221,-0.005516409590249681,-0.01350499724915139,0.13156109156423368,0.015023006841273365,-0.00606672450423317,-0.22021699117456367,-0.1140452936991424,-0.02996508729906589,0.11633786700581183,0.024570026897034736,0.021240125141799758,-0.1269301786842385,0.184179553194491,0.08695866701319818,0.13605000146179624,0.04938759741221743,-0.16165353838589597,-0.08600247823622052,-0.16084425998632856,-0.06979085878294425,0.19119096927161758,0.08192801449789774,0.1804743620618103,0.059451469188591385,-0.19509437898666648,0.0790916824758261,0.21672611221910484,0.25513571156987036,-0.10393771658894878,0.05585496935511039,0.020307691800930214,-0.07337061413482286,-0.12467980115859544,0.251198514651757,0.11762662802984711,0.3698659626320694,0.041680668574589005,-0.049761962742421464
2026-05-18,0.008647561274583326,-0.016610996510784667,0.0035107701415691313,-0.008831399261512702,-0.00676857801669928,0.008915336495043995,0.010499540124017931,0.014108056231339145,0.014439598165707043,0.01713770024233951,-0.027728460917305006,0.0013455888013217399,-0.015362129927722264,0.022198502613271748,0.0007925330577596493,0.004008004157230136,0.0034656415472204567,0.004998378050619855,0.010530751681822166,0.008046382502531098,-0.0041306769594570796,-0.0016175222259057973,0.005701208325599734,0.0007781521376731132,-0.0018075936308286876,-0.002265138853748983,0.010837083253029168,-0.004980045509731114,0.00664431606312634,0.01191679417717025,-0.007335511486439026,-0.0012721074946637542,0.009305170987529948,0.015459345844208501,-0.002729898354225213,-0.0046272854962274915,0.005257493693549041,0.006034137466662295,-0.00011089850291283974,0.00013754301717241492,0.003344273306676286,0.00589478127813892,0.00460568038746692,0.010336045709015043,0.015160740954794453,0.006811161610928788,-0.02003147971347844,0.016983850203154405,0.0044235647077762695,0.013605561458762357,0.004602462628007851,-0.014585981294018701,0.006497017619045052,0.002271227701124168,0.0033187848969129857,0.007863178191270796,0.012474105022827718,0.011350298378539835,0.006043507674601719,0.020378432163725216,0.02114922524985697,0.014173523640843951,0.003313247751579506,0.009933637590380965,0.027996202636013656,0.009992758017672668,0.005819542166221241,-6.627035454426222e-05,0.017626141267392002,0.04476510327513996,0.006274695570220896,0.01156445381643296,0.013021272677048584,0.023705404469156963,0.027549142189810784,0.02088614028030797,0.008670859611717633,0.04108804036224007,0.013086499589932703,0.01342321403704592,0.02651532933521686,0.02305099144111081,0.021914935230934754,0.017673809376628154,0.02375746683287777,0.04867496397327279,0.03956361419062115,0.03215850616887418,0.016909523856504644,0.03638665594478362,0.02737812523032407,0.033049572185076176,0.01597022197555332,0.05193858986159147,0.04182809577903722,0.0536344504543497,0.006094768380686788,-0.07035701385112011
2026-05-19,0.060159814701635,-0.07849115004914199,0.01704211397924241,-0.02564642246199475,-0.032911247987369587,0.029449163519053564,0.03207920098936404,0.057227052111915644,0.15342134907532767,0.1309646525016189,-0.060944338585947985,-0.053025046509450294,-0.05475348444956128,0.004667357577093551,-0.08887172382416321,-0.05431297937337143,-0.01924908167686651,0.03181346179036263,0.1695626676313844,0.018230654679228547,0.041931042321027706,0.008731919891649521,0.0077306664181607705,-0.013563811700369027,-0.07630255374233677,0.0203969561768917,0.11068478212095785,0.04046153163899692,-0.10639455559872793,-0.06110531852327175,-0.02135866403583017,0.043163673117040606,0.061401599494045535,0.13055984588123923,0.009154111173435536,-0.047218813882016965,0.03527567478652085,-0.03945736851756848,-0.10508224651289522,-0.06250550979901252,-0.03840289111403948,-0.009213349849363962,-0.03454607231272619,0.029254463739263964,-0.06914315895523675,-0.01195150349123941,-0.1066662780672437,-0.07409229777349521,-0.08842120188860364,0.07590472264959823,-0.04643132074548864,-0.05229572686600706,0.05534804760919218,-0.06332109235494676,-0.0004059427329010899,-0.029818504159868524,0.021967032492366666,-0.0030932194972551844,0.031034738591030536,0.06566966997537582,0.025242343609886815,-0.01901737508403998,0.07728153364482782,0.023333474086460054,0.025453736958132845,-0.122242673577015,-0.09659453065814921,-0.0532906512241495,0.09534673308750449,0.06682875197404876,-0.01677855100546192,-0.07171319100927849,0.0850884463925348,0.11604065787643707,0.09218151151326684,0.013145682003095275,-0.12304510463469086,-0.029550109540290394,-0.12364087051352458,-0.026713568580238177,0.10414600843413428,0.07982613045897001,0.11485226869674887,0.06830277188173207,-0.10432701657166088,0.09464395853508484,0.12151160814805995,0.14352587749666038,-0.07825075340761359,0.10556078418834174,0.0674980523813039,-0.02402464793151081,-0.09113593321127017,0.21824169500927046,0.10719645995129935,0.28755952034081106,0.025627738700029754,-0.04240185801445652
2026-05-20,0.05038495741929924,-0.09375570138750054,0.014258522411320688,-0.01614507425564654,-0.032919483900244476,0.04527318977793912,0.029790613246232167,0.06501792441854765,0.1754842823565912,0.1678360014323965,-0.0705789470180447,-0.07679133113750829,-0.054435922910373524,-0.016617074183123928,-0.1196710782691238,-0.07179380640790102,-0.024498624846679917,0.035338844632633766,0.23326379805133599,0.011328680247018929,0.05265868012196471,0.013442151065233152,0.012404565303728979,-0.04042390523529549,-0.08766048247998898,0.04808786557886878,0.14931968921844557,0.04975268951295099,-0.13782598713316047,-0.07958996149584875,-0.011507130856570907,0.05883795701434837,0.08332955794140474,0.14288598671138264,0.029389120763871915,-0.04886237122882928,0.035795245137973775,-0.025752273756274605,-0.11775756289569474,-0.046133106951931895,-0.01961112744072338,-0.012164481395580315,-0.033702068802782884,0.054621458071215094,-0.11989949638252938,-0.026588673759951408,-0.12179866313056271,-0.09868926417344435,-0.1433040653483696,0.08682241771464286,-0.07126665444358353,-0.05064576648396747,0.07546544569662181,-0.09674202664974531,-0.0021092307971035517,-0.02546189764878598,0.004632904449224019,-0.00028145414848935145,0.04606731617484139,0.09334782024701098,0.013816015188345953,-0.01918138016509606,0.1102158567625006,0.021725836749387994,0.012094706677328987,-0.1671426408974998,-0.09688571826789139,-0.04322292745082301,0.10320271548715562,0.045648227384329686,-0.007531333589513333,-0.11369562790719592,0.12603612837003908,0.12272063685717942,0.1165642799577288,0.025224013068077252,-0.13803298404460274,-0.06895229774096084,-0.14827374248888883,-0.04311208699168128,0.12854319394018612,0.09054550367791461,0.1458199911384594,0.08090626746151801,-0.1395439344458944,0.07511699559346863,0.14905024676028183,0.1912124482184169,-0.09417179599071368,0.09485575859084738,0.04552506526937709,-0.052082078590088794,-0.1096922990377609,0.26075439739937406,0.10827196538769042,0.3286804777212376,0.028701316848272478,-0.053564184662190775
2026-05-21,0.010203763399203767,0.01020338279795788,0.010203772544616742,0.010203495276648381,0.010203542182785293,0.010203822886826103,0.01020390483271708,0.010204027351842582,0.0102039698383354,0.010204062065930773,0.010203063344163626,0.010203727524704359,0.010203349597195073,0.010204178942331638,0.010203809066833696,0.010203971710764037,0.010203884808177853,0.01020402553788341,0.010204147359481556,0.010204014557306237,0.01020358631450323,0.010203783466158155,0.010203875312259648,0.010203731135441612,0.01020379427849378,0.010203787485713498,0.010204126631994043,0.01020382213566688,0.01020415773734072,0.010204249639935936,0.01020369452218471,0.010203717352542678,0.010204031193359064,0.010204101449469562,0.010203834549407287,0.01020381162251818,0.010204089292255155,0.010204156439611036,0.010204029226159985,0.01020404599278571,0.01020383985320134,0.010203904479436029,0.010203947790486813,0.010204117794381379,0.010204279813992054,0.010204121500655684,0.010203542755727987,0.010204331395602177,0.010204055058519172,0.010204228797175542,0.01020394874448215,0.010203625450293762,0.010204020470113801,0.010203983332617765,0.010204009282939882,0.010204096448045138,0.01020425731137449,0.010204242112989531,0.010204169002377134,0.010204380329578627,0.010204233035484619,0.010204180722750054,0.0102039876807944,0.010204076256960924,0.010204479996673118,0.010204235778045788,0.010204159053730759,0.010204043128157906,0.01020436542187242,0.010204904734380566,0.010203977640035281,0.010204163116597617,0.010204180592376376,0.01020436401149428,0.010204479439463727,0.010204357469644232,0.010204275958346548,0.0102048031360102,0.01020436127218014,0.010204325393712252,0.010204377119893047,0.010204320377014558,0.01020437550154407,0.010204350881628948,0.010204422976353284,0.010204973056913324,0.01020480814519047,0.010204649722490097,0.01020441426836995,0.01020447843136421,0.010204363550951737,0.010204569908882135,0.010204242800539826,0.010204999497749246,0.0102048039159984,0.010204996300080553,0.010203993682357828,0.010201462896470215
2026-05-22,0.01163322481279174,-0.014534818021136433,0.005594715110913657,-0.007700610555450271,-0.006247545425753424,0.008444161478027177,0.0106858462710699,0.01539958086112674,0.014184263917850926,0.01743245362274516,-0.02433743173367514,0.0006718931417731295,-0.015636230510056366,0.019645458047098923,0.0006366976741143376,0.004751140132093907,0.0024272123140564334,0.006527304776559524,0.010477695432685133,0.00787660468970442,-0.004320380003351916,-0.0009407181903344705,0.004170186266286764,-0.0012907717279916214,-0.003298920211927389,-0.002380257307484597,0.011623094726784598,-0.002851296248926223,0.007209880851900572,0.012667225748313476,-0.00724989818820714,-0.002545981013800878,0.010014652071431552,0.01413341097152214,-0.0025885397261439583,-0.005852163489766747,0.006691301423136557,0.006016934298474082,0.0009741640404282437,0.0015565217150194446,0.0025765817121888458,0.004234515076666181,0.004534646877732081,0.010575105993422762,0.014452350887101364,0.007378104895121198,-0.018970677567043855,0.015696713094780563,0.0054740666058575495,0.014688069596149007,0.0044439456258163765,-0.012489863004436353,0.004700741475327606,0.0023753999300735774,0.0035763237047259375,0.007105258410705734,0.013253546950873128,0.012362966875973498,0.006376714545384075,0.02132157329326404,0.02009862815507501,0.013692289938169833,0.0036552401099966634,0.008945241195770488,0.028065318772538428,0.011480801751570884,0.005000957233973984,0.0003460449832137988,0.01829566416973196,0.04413572639665123,0.007173446175704461,0.01190431758682129,0.012372703883112414,0.023284272038701037,0.026605665056755844,0.020400504666998942,0.00993960442693876,0.039024443038332156,0.01270441643835753,0.015491280138179759,0.02568956617348415,0.022402722572360697,0.02238586012104829,0.01862999066274841,0.022025420618897132,0.048187255046072484,0.04032616721518318,0.03218591766167237,0.017246578725206914,0.03455200646204647,0.026375340231366742,0.0321999002209963,0.016758499970577916,0.050874554286921225,0.04237095699651241,0.052747996104088445,0.0068855988316706435,-0.07779704507903357
2026-05-26,0.05613491888763505,-0.07819480785703464,-0.0026688725157572174,-0.02152940565867647,-0.03065034500711593,0.04819433440293054,0.03097136562060422,0.05788160568659182,0.12399963951470366,0.10612873308213884,-0.059441076205988874,-0.03425863267027313,-0.04870064196621274,0.03260618347199924,-0.06616007649285938,-0.04045290060799959,-0.0030705724685070376,0.040556777900607306,0.12295256680156966,0.01720386093489761,0.04224488982178761,-0.014282492864099284,0.010862742109357256,0.006938118673047975,-0.06904550021945378,0.008358700933978482,0.0766360797601511,0.02615271541531526,-0.08933771589506707,-0.038582886326696014,-0.03671928376415803,0.03614747505882748,0.05596771936306994,0.12014975329196778,-0.006436546946126125,-0.05125396155445366,0.028440895499171753,-0.031686881506622126,-0.04995992363734448,-0.08290071086666506,-0.050358659204386494,0.0016911382449501973,-0.026982934588375397,0.005988456730428591,-0.03941263121367298,-0.02424349879963856,-0.08260358371946636,-0.06665014685836156,-0.03793972732497378,0.03913579904029103,-0.029202134736388982,-0.03940172834421595,0.020115863497236534,-0.05656917841219797,-0.01813458328344196,-0.012450327084575353,0.054507075228964356,0.000871598173154289,0.02883352009686955,0.06420382813718484,0.03266950078916129,-0.014043561850897989,0.04022666414763989,0.02015306996389289,0.012410861421788988,-0.10992307894746332,-0.09250349118026513,-0.07841903263148706,0.07284526610943703,0.09411883615844142,-0.014825097002490054,-0.04107774858619137,0.05461462816201141,0.11443593523661381,0.06854719099827972,0.01785732472360243,-0.12726998496746816,0.010225194613652193,-0.09624353088968066,-0.006981980223956559,0.07068623501971498,0.09873530759968935,0.10464234056213212,0.0801177820587985,-0.07914668537128587,0.09148060172332069,0.10085470568706487,0.11824680764944567,-0.0767330680227367,0.11013765339826062,0.06152410575220096,-0.020355914887099633,-0.07253791851769352,0.20421861730787874,0.10907765528990808,0.24450362820442967,0.01945589749092428,-0.04631870376819963
2026-05-27,0.017170017860329997,-0.018386905418364248,0.00657325003686951,-0.009400667616662408,-0.008137757945427869,0.011805433220867533,0.012957346507303721,0.02011467975347265,0.018192888010080496,0.022226762765648,-0.027773098756735996,0.0022017737143268674,-0.01978574511767777,0.022671479115473084,-0.0026574414703179894,0.003730724746175972,0.002022478240402815,0.005355219706489627,0.010429357586077744,0.009129615542211166,-0.005167803298747298,-0.004656942682531081,0.004105822765695798,-0.002177764145724145,-0.007801246208864755,-0.006509520981100922,0.011931027044747399,-0.005565145065047688,0.00535101460728223,0.013901557615391615,-0.01103530175207911,-0.00473590471985548,0.010663806926224385,0.015794149477808377,-0.006208400111258625,-0.009816769581905293,0.0061755207554470655,0.003487718601376824,-0.001630734669419813,-0.000726583533297966,-0.00011414248865321622,0.003788337079214708,0.0028088931011134265,0.009782237686098663,0.013221906581388424,0.00512568080362847,-0.02441604613510017,0.014284655674543439,0.0035087392759287047,0.014652997130833775,0.0029070896789016084,-0.016504751444800764,0.001322072779919978,0.0003198857233237245,0.0019017276466260589,0.006102229496334901,0.013095356711722985,0.012134725306435612,0.003882042067703568,0.023326214806525143,0.022788715469158144,0.014143754687461504,-0.0004248600985365999,0.007794291967047649,0.030305316701640002,0.008877859753855641,0.0015912549989317397,-0.0039538098925425095,0.018890541777883726,0.053151226019898086,0.005642208015407763,0.012266230109318373,0.012584863902520924,0.026186053278489274,0.029112238467258626,0.022459631020257997,0.006686507349307233,0.0452045662224024,0.010391361600046604,0.015222799857497093,0.028354693963811878,0.024916883751580278,0.02407736740887281,0.019909428409212032,0.022564586960104088,0.05471073452917042,0.04565691301926497,0.03581471399457732,0.016748639323429033,0.04072077706241639,0.03047173127221396,0.035825097285227266,0.018677392372294405,0.05827926003343895,0.050682494372192376,0.06215123641584309,0.007235688775194345,-0.09066615316252088
2026-05-28,0.068792039484357,-0.07035118485511462,-0.0030439236073341435,-0.028033676636447957,-0.03134195091206019,0.04363431115328501,0.0411005089585279,0.06288548663727485,0.10189927393199225,0.07450351310861862,-0.060081867139729864,-0.02447638057902727,-0.048447188740443466,0.05021002242147286,-0.054602617920303215,-0.02359020229438428,0.03324002819422781,0.029064642880162438,0.10459625461259087,0.02784246787244858,0.01595785831796232,-0.021299764493439316,0.007058100230008487,0.003762690903318297,-0.06560125184545902,-0.017489294580253202,0.048603277629103096,0.025191188467279656,-0.04727679231284716,-0.019766318027441138,-0.029795818224961787,0.008834480423353887,0.06795096780019846,0.09021238795060407,-0.02710294265901994,-0.035989903257939534,0.04398006598897148,-0.03020992940581977,-0.06193582528963547,-0.06544524420492007,-0.06622418578555651,0.010380813125240721,-0.013353476438797024,0.01381882042030721,-0.044422982382139424,-0.02778254255528713,-0.08980900973455126,-0.07991031994129771,-0.02463781341708164,0.03343364275553213,-0.01762292567834224,-0.03238592881615244,0.008468103128327794,-0.02015144655073469,-0.0035800725239092546,-0.0019102762254055838,0.05522221354623883,0.012054648331264529,0.014968808257848644,0.04110872524755561,0.05684083417170418,-0.024754126408192724,-0.006207002666414283,0.028443075965321217,0.02116103316434836,-0.09119938701993259,-0.08474672333849746,-0.0649094683151745,0.07684417769103827,0.11099632292726226,-0.014871171960498948,-0.0073727699596679835,0.05241115680483465,0.10739723954097352,0.03931515554872922,0.04095136693314116,-0.12226906018328855,0.03182766004740048,-0.09520266309400796,-0.0005562913321520233,0.0508869172675721,0.06036152579005454,0.08414804530500773,0.07244947162502632,-0.06369293325566387,0.0873260726568246,0.07600371869136353,0.08897646561843613,-0.05871611395343068,0.10166515607520872,0.08142032625025294,-0.00613611242551757,-0.03662548584912365,0.14583971142232047,0.12770954565444714,0.20964633849217618,0.030983739697524784,-0.057448032321643014
2026-05-29,0.06314182925603097,-0.0712786373593879,0.0021334035049119775,-0.032409240397535496,-0.028570064213023244,0.03793572651290494,0.04183905866296197,0.06357980447583644,0.09382502266889768,0.07291041834877765,-0.05002227513077673,-0.013780583751477464,-0.04506094560191926,0.04661333204863266,-0.047950683104183545,-0.01987139584140858,0.027100124542356045,0.024258668974806795,0.0815844148784537,0.029737239609221658,0.009791438016401584,-0.020681367618638584,0.013269359219636326,0.006481780543121285,-0.05736001630665198,-0.01669598501027835,0.04036367270093661,0.006833131587137239,-0.03773882334731315,-0.009754088490703068,-0.0347731368624426,0.003761028855365934,0.060116201012058564,0.07559878846236137,-0.02462874654639919,-0.040633943023239645,0.03528097504291265,-0.02850947190868025,-0.05042937624108586,-0.056627242628790264,-0.059949310358506994,0.007243923640968054,-0.012553759034685358,0.009571988160516789,-0.03173206515782253,-0.025157334182541978,-0.08237325305902503,-0.06671930215525045,-0.012974845443837287,0.03922215161349678,-0.02008017908145731,-0.03700157550254677,0.011962598384349722,-0.015298985753513046,-0.00474708256935096,-0.0019323782285319367,0.044528814854009925,0.007675299780643871,0.010957701922818884,0.0410514244257631,0.05346818141264159,-0.017643816824865613,-0.007030856529742139,0.029668570023105315,0.03965164598378083,-0.07314944114635245,-0.06986193926442995,-0.06002109835483305,0.0626158682053428,0.10723904235911713,-0.01850447451381547,-0.004068339156703252,0.0454962078204615,0.09460968432354225,0.049363180442444435,0.04262153669781388,-0.10323780678271031,0.040427458046980586,-0.0840365963693583,-0.0075636986225579485,0.04076701925403797,0.05923007777017713,0.06541559373246264,0.060380295784399095,-0.043657327244251795,0.08348536235069336,0.07316664423261246,0.07909640845798135,-0.046702080596014085,0.10568911640282853,0.07809878789767528,0.0023295755011723557,-0.028102277715382665,0.1355561146553373,0.11557387365705983,0.1897315386263678,0.024504455384692335,-0.06567971369699731
2026-06-01,0.07035665736531817,-0.07815355201154164,-0.0033785404508260702,-0.03335522806706099,-0.024757090103556915,0.04095306322551738,0.03550568558875201,0.06695186791537507,0.10013792325109999,0.0788586853048981,-0.05202046077275533,-0.03419862426410302,-0.04892854833389899,0.03890147624370795,-0.06367389120345926,-0.029255604095492056,0.03548576857699618,0.01601861367268367,0.1465702973255839,0.028212514316156498,0.014919101471079516,-0.03048317434996025,0.02037720634856357,0.004920964272914927,-0.08113636264304916,-0.014977189967490019,0.049498990036753385,0.02004366209013471,-0.042909415699492075,-0.009895221795774465,-0.02940452441642804,0.01722535175279776,0.09192841999386925,0.1002198191789715,-0.017415490866782207,-0.039249895888965984,0.043482729700083524,-0.022168512928949634,-0.05981817407124938,-0.056915946926595865,-0.05914270105327801,0.030287578144336913,-0.010917886834501607,0.013129646472558603,-0.07493003933104993,-0.04612473703053004,-0.09391578388247172,-0.10338511433103974,-0.01149325308955128,0.047145695527454165,-0.02253949898637366,-0.03984442968094032,0.02587320342539702,-0.03481934995430851,-0.006159330871461735,-0.0017965136041190929,0.05640577267819869,0.01684204254181179,0.02198179072213822,0.04361060256735642,0.060678987328983684,-0.03437769983852512,-0.006333508486843236,0.04080777125556293,0.020062281371886564,-0.11532581201971438,-0.0976141926267328,-0.0618177569771286,0.08229082350316193,0.10339187314336483,-0.029960043465157106,-0.005853531948896628,0.06761783195793875,0.11375429578269944,0.07995654794873377,0.05366918739335359,-0.13199958773169998,0.015503543786550191,-0.10661910536110578,-0.020425494712022353,0.03775869964147909,0.07799234327766828,0.09599042511606673,0.0770803351703829,-0.0901885565080614,0.08304465216632853,0.06842549502521937,0.10561819304461992,-0.05388289669329162,0.10628694157709116,0.07530915047179705,-0.029206693334646455,-0.05025579587285051,0.15684792380310567,0.12040828132945676,0.23454892572546154,0.03891817081027368,-0.08078304725796254
2026-06-02,0.09323657290929413,-0.04683654059450814,-0.038115895146052695,-0.010439822860925442,-0.006538295801922502,0.07818420494361723,0.030567606882069998,0.10935018842275467,0.035472942983909704,-0.007238053661720636,-0.07304263450147522,-0.07536259971045321,-0.06398523870029703,0.026019761997223653,-0.06764380535074865,-0.10484720669211714,-0.025931644274830717,-0.03087812906848817,0.6048959186627513,-0.027262454335533114,-0.0011813597278257596,-0.03402232485483139,0.10367241727969685,0.011262856724082117,-0.1377526967405267,-0.0011574894296616737,0.018659430988855363,-0.020623819844513065,0.03387550967993326,-0.028719628575276324,0.03260262348178949,0.07672817185046935,0.14969704259518485,0.20054093921964367,0.11267578960226256,-0.04047842428357153,0.11888916123825988,0.07592632532895233,-0.1605727846600787,0.03445952824883123,-0.0872434318844409,0.09205347289267994,0.020294374359729903,-0.021894150546976965,-0.372912912209111,-0.20728492230575454,-0.17503599568759756,-0.20579775828989116,-0.12930301277038225,0.007144088818175106,-0.06295825569822548,-0.08076299157116452,0.18427993717833896,-0.25846905841361506,0.003302739822168009,0.0554001996480134,0.009380885644952118,0.05580144869955823,-0.06274469290226609,0.15034674797176617,0.058708545455430756,-0.10316641763033428,0.0914130981601643,0.1506311669580901,-0.06532176915607624,-0.23586147197013055,-0.24756136313569987,-0.04472090016675252,0.09746634120819074,0.09003593600506957,-0.09467500437639759,0.13556436357728313,0.12165437285226452,0.21191480147471323,0.17647776712566624,0.17451324501444979,-0.1843574135285801,0.026652894415605727,-0.16189955287135738,-0.11901187384830363,-0.10042322574720984,0.16635324817478286,0.3274662355051338,0.12100555126439214,-0.2498645459832397,0.08542798635436766,0.08600120073949123,0.27471257799503934,-0.09060086154271126,0.11867673090166689,-0.03299490232486211,-0.24027181280790882,-0.02866937864075341,0.2578584045868248,0.12739853564677767,0.2305386913730556,0.09055971780070646,-0.0793137758390291
2026-06-03,0.07611895381789306,-0.05034017073000364,-0.018371984168971636,-0.029506384491128648,-0.030650645993734967,0.038261140735638674,0.04275870790502424,0.057288076331918125,0.09570445428772331,0.08003829955641316,-0.056084534536371314,-0.03032772870998017,-0.05086609041761046,0.04046439722259703,-0.05401002415401966,-0.03240804733118356,0.029250117876900378,0.03180442555433318,0.14180628085843244,0.01772640829654138,0.010786053601503564,-0.033244653735659956,0.012052811202963268,-0.0024912782192640873,-0.08441133694676033,-0.025010715706928296,0.03625984312061887,0.011113126940754163,-0.03799722714035554,-0.0016223001633579176,-0.023686248363267798,0.020343498794180133,0.09090499577822594,0.09998542381639512,-0.0022193249020482746,-0.03797399317537671,0.06108135662483296,-0.024039519927998403,-0.06959926335678417,-0.05661747210414274,-0.06905462110402516,0.02050349604202911,-0.008502945120505768,0.00793860604758229,-0.07988417336262564,-0.05143401611853698,-0.09444768843495477,-0.09227767841372476,-0.007512557997756823,0.05760379858912254,-0.02996663363432895,-0.02495613491420641,0.02473793706270348,-0.03226187186799557,-0.003091220425306006,0.00574177751278181,0.0675536456562902,0.008996044598094874,0.0006054838868028867,0.03997414611526886,0.05259557901802994,-0.03611230031148781,-0.019104785219403245,0.026102603600356038,0.020849802352806826,-0.11087799925861981,-0.09042858742922602,-0.06469339685939712,0.06609325182084971,0.10926169113338001,-0.02130181868955497,-0.007162499744959484,0.06191188964772696,0.11764299295959031,0.07928752005444317,0.04530985120634999,-0.13124799786828378,0.028985207023146074,-0.1115086122028719,-0.022736387898136944,0.03202588781093773,0.07574793948040832,0.09248260520718915,0.07577724961440627,-0.08200884416584153,0.07450517322822305,0.07569410966262956,0.1225515966786316,-0.05676811034080467,0.11476445190416444,0.08631145017687998,-0.020212396791092553,-0.04870338338444503,0.13942045418150498,0.11599139264100598,0.23805145462710214,0.044380132230326594,-0.05541198826061407
2026-06-04,0.08549472347391335,-0.061684926216809086,-0.03201701116591416,-0.015266728527384204,-0.012500935184827965,0.053724844578174516,0.04509257432515865,0.06029024119453788,0.11777450263440468,0.06962898252587399,-0.05752237096824726,-0.06327079769359306,-0.05448485461661409,0.04988829430698468,-0.08561340432366986,-0.06980562859678582,0.04841728472410672,0.038984512515176095,0.280408250454626,-0.018647374667369022,0.019697844558719722,-0.04107490006985666,0.0005099715276622174,-0.03823802377737203,-0.062227055061547104,-0.03925952013363785,0.03635835031657199,0.014477550410294379,-0.04950286813201617,0.0050125215451204495,0.00950742366408002,0.07749764427231487,0.11777275299006532,0.12355498011186192,0.05308419684158133,-0.03843956311887923,0.06956193081142953,-0.00210709758966862,-0.1236747829393386,-0.019418918661413917,-0.10192906692180004,0.009552890800148116,0.0028173022792829334,0.029278502792146194,-0.22107399791420557,-0.09474349670152925,-0.12414005838546045,-0.12657250101882167,-0.021727929539404875,0.06017360680822752,-0.04871333553416851,-0.0026119709136519665,0.06921304027725506,-0.09144981480786754,0.02060322167324192,0.05931484867002348,0.069565407506697,0.010450721074471198,-0.037575910402893375,0.059946754959232906,0.06487311730072953,-0.08194304303460426,0.010520146684201355,0.03863711469406752,-0.024207540637740416,-0.16847492624487695,-0.10897338940902468,-0.11093505081104442,0.06989953382201387,0.10770462744454479,-0.06336034310906348,-0.012345596063200725,0.08360753081830846,0.12529229429552677,0.1326058282178445,0.10265729888361974,-0.15938709372826226,-0.010831494479662035,-0.13983005216662425,-0.06818699880162495,0.004150030946980523,0.15493921426913337,0.19104756228945707,0.08997423969108559,-0.12306823367231855,0.07658229367169998,0.08633978387883977,0.20876671988828122,-0.05786458320937522,0.12433131050963668,0.03945362124281091,-0.07999990770011353,-0.11365274462690514,0.18039006517119466,0.12570084896570338,0.28316454217405457,0.05259126535501236,-0.0425288235589422
2026-06-05,0.08979140969805369,-0.06915261917040641,-0.0193435781007254,-0.02844023834492803,-0.035883501166389616,0.02760797403173651,0.04887681887545717,0.05506433884293317,0.126164962714275,0.10994101098031342,-0.059105924846093116,-0.02525144312910213,-0.047820817431915255,0.04254581164021611,-0.08170878652286856,-0.04331364299757568,0.03918288474052108,0.03982164758853659,0.15471247993312495,0.024583059157571543,0.007538421862766228,-0.02757665930231236,-0.03323238809074371,0.02366786443385478,-0.06075172531899865,-0.0419011276547569,0.023832923105246914,0.0031654019485202528,-0.057571456382118164,0.0057304139356048655,-0.009750256558216855,0.04313468579387094,0.08407513624176352,0.0922117898539701,0.019331023005317846,-0.011155518171023846,0.034189366991364586,-0.041682306373388905,-0.09607299276411216,-0.051241741891409384,-0.07880405654247065,0.014382064819155042,-0.0020311655416320983,0.0071956010676624115,-0.09776548622787912,-0.04519229904755449,-0.09645135755388543,-0.0535475800537072,-0.010268532040141309,0.03819903920254682,-0.013688851029369028,-0.030833383715471736,0.04014182349874865,-0.04263926379196856,0.0046066772252185955,0.012404835662307274,0.06709412865888845,0.010018826718758447,-0.018707029077478537,0.04823104699038863,0.06094813550059551,-0.04067654015326189,-0.007599827805329031,0.04488219840292523,0.005285283769147413,-0.08708204755244503,-0.08812315911567127,-0.07940054171626369,0.06266477607191195,0.12229932824986318,-0.053859201333907425,-0.00977729128979476,0.05095768963033886,0.09319722987665528,0.10308354708527949,0.07096017907075844,-0.1519922099778246,0.004651420350626515,-0.1061658444031478,-0.0452017274357569,0.03758721211693249,0.11759556377806257,0.10480936197521465,0.08928753554479851,-0.07662517937964079,0.08062915430198617,0.07848407287073444,0.12813053812153227,-0.0476841017246196,0.11030866293368854,0.05673224068940635,-0.06046950773945346,-0.08654513727031102,0.14151806712511847,0.13535956252148446,0.2607412312026312,0.030181942539354058,-0.05565035721166922
2026-06-08,0.14256599257184988,-0.15832857293932198,-0.05897979381013822,0.0015954136548003428,-0.027111757411315184,0.05191667634964148,0.057571211826967617,0.13507846032258353,0.13414226551672548,0.07945813456368439,-0.03207910399240998,-0.09968663876574715,-0.11518825947847712,0.03872809974725716,-0.12877345898660839,-0.1336529960544745,0.037066737772800645,-0.016908068070398255,0.5743461750924234,-0.0254508263252122,0.0180049714230651,0.025917592489149703,-0.09475721854827032,0.024255318031566005,0.028080809545730438,-0.0497647382729308,-0.049617045114452175,-0.013493936070200404,-0.06172116039196693,0.03516440851250615,0.12258054962736184,0.13585779359419645,0.10572471565651871,0.1684463020570244,0.11530032501849456,0.048096766643097914,-0.05322145172770926,-0.09809831941206641,-0.21127026717112563,0.006884080519028659,-0.2030152313786372,0.012324961841328844,-0.002489432540079283,-0.016373570935297406,-0.37350315883013074,-0.04786129012584575,-0.14727912375961025,-0.02096075370276746,-0.005645058982091002,-0.001231268876570886,-0.09897116019380234,-0.036426475537637656,0.19853990078030684,-0.17138350860224516,0.06483099044212141,0.09567216237639918,0.0490298159879063,0.08421331083978911,-0.11837527030287255,0.11673174546140759,0.10868223915680252,-0.14247612927981848,-0.008267086438054688,0.11044391539548484,-0.11453875910929753,-0.09552740020692413,-0.1005912654162251,-0.1854229085414717,0.05793486130498599,0.14000028679810936,-0.19421403300990833,0.015135569619066204,0.0593420466643642,-0.004326905732385174,0.2372983589426076,0.2564547475053595,-0.2387170236467291,-0.05851878849573394,-0.1300335732443333,-0.07882518844196801,0.07253983859679976,0.40622295552938753,0.2672944474064852,0.0869772643905755,-0.04778308846733088,0.14522696157096193,-0.043766951366195475,0.30258211687065684,-0.051848621670717465,0.068510797109638,0.030671715180891887,-0.28500145198207,-0.1622458999958885,0.13530488568928184,0.19971118570600524,0.2530234898846149,-0.005225538747740623,-0.04253384148460701
2026-06-09,0.0933154150752263,-0.08553931613382683,-0.026012670075179524,0.012365049233564735,-0.04918042647597303,0.02122391312981134,0.059503936979949205,0.05543567787364333,0.1283752606154673,0.11343919270654687,-0.04655063482897424,-0.05046766287659759,-0.0561525784937798,0.04435886034069808,-0.10579864129064835,-0.06615195102237609,0.029371265525943463,0.03956327329233767,0.23143162562888422,0.003906422192055481,0.006788081337695987,-0.023558439153847775,-0.06039763942592896,0.017920911735322013,-0.0439581454065035,-0.030554607629627833,0.025730536480884136,0.002585805757700686,-0.0654065925303723,0.014090482235492197,0.0019973112869892985,0.06999739783342562,0.1033810060551047,0.09717585611454496,0.04979064764492062,-0.007600232426183134,0.011141584966096246,-0.03859092336146528,-0.12133311311559465,-0.061676677478602185,-0.09948011412712537,0.01320710839204927,-0.0018725627402569611,0.01167582292871182,-0.1600257625328964,-0.035536890182503035,-0.10963983976596255,-0.042150115151358664,-0.0005997839650125174,0.034041460708141034,-0.015913424336574514,-0.03230644129705583,0.07070213350854056,-0.099688234135207,0.032182148851540394,0.04887134094915553,0.089566888778821,0.006407013966061817,-0.026265557654697798,0.05404198299306651,0.06566249960455724,-0.06309760502681566,-0.023266203003708803,0.06492553775366477,-0.010815431396410372,-0.09910934787795783,-0.06911953441261733,-0.09242170909506309,0.06480926206764755,0.11660269167285003,-0.07740062311541569,-0.006164631058350882,0.05177754724398625,0.07714441625176419,0.12490463588564364,0.10347361576284218,-0.1997361342997301,-0.012756339108884131,-0.11814970316586541,-0.061828011811090294,0.05306214282680046,0.17227313311285786,0.1283096887916917,0.10300409670096661,-0.11545191670015618,0.08807142237087576,0.07697992090150302,0.1811291268132655,-0.060905938489326114,0.1284599413087399,0.046363585154265044,-0.12959305872704405,-0.10857660890307855,0.14296433247463008,0.1573090849760657,0.29526685619094345,0.021558974603612467,-0.04683615378191957
2026-06-10,0.09140436474019069,-0.08581313384870737,-0.023498760315820884,0.013650191428530651,-0.0485577231727977,0.01792038206742984,0.05627988205306651,0.06184130642621082,0.12316956204655526,0.10856213558019193,-0.04380106359492126,-0.04712019997215826,-0.06120587113691797,0.04541633713561634,-0.10414152551333719,-0.0620978957668822,0.02735094358724882,0.03901223480489804,0.24179942288001063,0.002225854663967358,0.00532802306776301,-0.035058769813008456,-0.04297056359484349,0.011329033862594911,-0.04636079842511627,-0.03331426811153749,0.025229945810265948,0.004139095263715645,-0.06090905001074985,0.007960045864910047,0.001503838712151628,0.07439883242118407,0.10626952081340081,0.1022451393658446,0.05809757483697232,-0.020927960762939735,-0.0022577411859521276,-0.039352430716312316,-0.11770524520139654,-0.061031703456664685,-0.1006889842092361,0.026607971698180646,-0.005654892324633837,0.004159439629175308,-0.15666416535333041,-0.031263503930341836,-0.11486605887883337,-0.04000561997539344,-0.010664251126515588,0.02975165692942925,-0.019799721456180454,-0.027075831737210176,0.08523524067302203,-0.10017317300088086,0.03527796844398172,0.04561246284666563,0.09898732007751691,0.004232684293850084,-0.025747164423920194,0.05426510343787636,0.07040397183868197,-0.05376672949291708,-0.015239073295782465,0.05568206465026776,-0.016155405563808817,-0.10451870474522762,-0.0706419083118369,-0.09043550332808027,0.06670109879557477,0.11248634059251397,-0.08157510234816724,-0.012920326469164597,0.05607962840869364,0.08176825579591387,0.11993647394202896,0.10693469017602249,-0.19496603139369512,-0.010684604071356662,-0.11876829774771767,-0.060855415944177635,0.04821418062675142,0.16631924365534537,0.12694788419157826,0.09786043751149134,-0.11740719914233451,0.08859215744782466,0.07815578046136067,0.18759365477676537,-0.062415981690912545,0.1310293750418191,0.04367945722717984,-0.1263148250382599,-0.10253822837076154,0.14572907870642282,0.14778988132464105,0.2922910028378057,0.024381222674615594,-0.04990798817497599
2026-06-11,0.07882316842506217,-0.0727065077785485,-0.011840070220917842,0.00958297669752256,-0.04149695924448838,0.012452395952363679,0.04946296628883977,0.052692815068421724,0.11312638599056037,0.10663136936498344,-0.055253802970002305,-0.01620296787400926,-0.047197498815541,0.051701319231758164,-0.07740939304275665,-0.032790755527033776,0.031193896285223857,0.032041050031987296,0.11508398252936694,0.009819506750708619,0.0062902423806767945,-0.027001848645493015,-0.04235125568957563,0.0038362589019285583,-0.048591595703830176,-0.029001917493819515,0.037679122886622604,-0.003621344554902449,-0.05884869352484959,0.009847201087625592,-0.03217443705419665,0.026045182401888023,0.08541101516495311,0.09526875677858605,0.011989021205116664,-0.026844318405244344,0.02467963197877536,-0.02665181907518012,-0.07105022421276527,-0.06950878347709336,-0.056844093611561536,0.012357740790283374,-0.0007385734783349491,-0.01740147052152481,-0.06009852183718792,-0.018761573276771762,-0.08897926551588796,-0.03326822812686812,0.011745500199889757,0.01832028065515928,-0.010228084400049525,-0.020723138655766797,0.03270514113692768,-0.04815616512595882,0.006131714625374347,0.013284996110051111,0.08608334954647083,-0.00047913686450013274,-0.007414036793611899,0.028047329188767053,0.07004341508117319,-0.05218383178302871,-0.009824660445273631,0.037895298901712476,0.03489268644004777,-0.08343520860949726,-0.0804458563688444,-0.06647363063060024,0.05947845955146837,0.11667625978029572,-0.055566427661299794,-0.003895269663037491,0.042526288901479886,0.07690130055667166,0.08787017892642053,0.06962709168004548,-0.13476381405652485,0.017346782062487576,-0.10024746675244317,-0.045347409512612395,0.040667765736872225,0.08854656471071057,0.08531522631908704,0.07174843135223935,-0.06524964731113643,0.08709607787046386,0.08394685949687562,0.11996882837369545,-0.04473642231112866,0.12310930663301375,0.056728874354519364,-0.052187954120415624,-0.06766813182678681,0.1369339919246984,0.1226622627161082,0.24266750633158213,0.021790566962209233,-0.051112129748871186
2026-06-12,0.01193867485740934,-0.008816367100052203,0.0060256346343357265,-0.0023002978076710704,-0.008097658797113676,0.007637719306535494,0.009046559000550514,0.015322001509550912,0.012234405002748605,0.0162754616282674,-0.020061377288955323,0.0023403168476931278,-0.005436981564653444,0.016776295332929826,0.0018490381008774842,0.006947857247467371,0.005830271410989622,0.007613826379620204,0.011877821737657357,0.008170975720662742,-0.005167983493973566,-0.00013663147021760955,0.003649228988079874,0.0006902248532648907,-0.0015741939195388875,-0.004514368961390618,0.011197849979405254,0.001458607909617481,0.010146362657331664,0.01808021185527614,-0.002059816200808081,-0.0009119107283052773,0.012058390440155331,0.013411072263732463,0.001614752854568531,-0.001950549056796664,0.008787823497963304,0.010592756571741328,0.007022799681593023,0.0046605037352908645,0.0060408328950601504,0.005892425724864805,0.007984332059160687,0.009128028377213274,0.014125946427253091,0.009697652974108198,-0.013406939247436819,0.016037556438938068,0.008479353783261964,0.013461930117806515,0.006215445228480749,-0.007719853393768244,0.005049653957796418,0.0038480895957188127,0.006328392160349463,0.007568542649245365,0.014345887207617758,0.014343774277940185,0.009850502309016315,0.020376839514756058,0.02129878467609555,0.012383184395688446,0.003385698838316053,0.008484679243306498,0.025120944844009813,0.011517221624527273,0.007901152913814848,0.005081590540363323,0.01874119535820798,0.04125349930812276,0.0047962188580995425,0.013068193107518887,0.011887800559533972,0.019730286934514313,0.02438779318352662,0.01849778415956263,0.014543354346831325,0.03450644510793633,0.014716833847696953,0.012708703042650312,0.021549384406921356,0.016522031416259284,0.020134962856395242,0.014647102426534536,0.01980474716278864,0.040708892981247524,0.03458235038966207,0.029084444833216122,0.018099977293838575,0.025559876884310842,0.01993251866833731,0.026863796287672444,0.014314359159518892,0.041508210190271164,0.03520507666080045,0.04340808506610056,0.005170376863248864,-0.09098525911066954
2026-06-15,0.14669425610607334,-0.09930019130509694,-0.028597923138316182,0.022067404213975017,-0.06095970497497766,-0.03456776078044454,0.05425528636110723,0.10699537454793052,0.13733556030357305,0.11246428057013944,-0.02867086050394159,-0.108227017521526,-0.10793443985893023,0.057830273424483394,-0.13033482601501747,-0.108918905537725,0.021333686833482107,-0.03162763527765067,0.4969947722135991,-0.002125633227515902,-0.016611910867207737,0.009616488060891703,-0.058218217250302046,0.054855695222037364,-0.03281981314246062,-0.049976874842716734,0.019287487291714464,0.016773975548402452,-0.08572838857987383,0.011373591494916077,0.060426800735843646,0.14308003962962465,0.1337400074891527,0.14813612841237972,0.07238850875720328,-0.004244606393725581,-0.059690542746349176,-0.047823881241309985,-0.23950447379206966,-0.04493647842960243,-0.16627026797907365,0.044005422724165716,-0.01001588570539144,-0.030280129955898988,-0.343544224344247,-0.014211844027966858,-0.14199547147555744,-0.06644769738476473,-0.0025716448419495167,0.026087496799061027,-0.05289585545145463,-0.054655938529672585,0.1544313253670742,-0.154009173486715,0.0802052674214833,0.12250993835277209,0.1480218824633664,0.06314101638784622,0.016769844432411855,0.08717017224330267,0.06896288348282588,-0.12811253148420007,-0.04432879582461509,0.04963431511391986,-0.15485105690439666,-0.1045499374496119,-0.037140538764035225,-0.13438471994078569,0.09931468855144585,0.10327262007860703,-0.1094132568544296,0.01915326045814758,0.04545926555141756,-9.024061463369822e-05,0.22989491028666392,0.20716397743428538,-0.19459311832280962,-0.0468335857618245,-0.16165346985655735,-0.08872633471912238,0.07210349072577277,0.3662790807418049,0.16270811329474968,0.028693545492736193,-0.10898125615924263,0.16086277778299174,0.04121081689261013,0.24754794084993703,-0.050120478704520764,0.07480564218031004,0.04547599614669355,-0.27865203278052686,-0.046833626543686786,0.13096998140743146,0.13951966959019824,0.2989595778884392,-0.002927498155877872,-0.05007383990867214
2026-06-16,0.12862635107452725,-0.10411935726640348,-0.020506622497998284,0.01465095382213293,-0.03384113250343733,-0.048232271677630986,0.04390062352521298,0.08434637503620959,0.13749624404585511,0.11732099509003095,-0.040296548530989025,-0.0884504349804749,-0.09887521899837022,0.05644780818407238,-0.1306570566042206,-0.08226647469740309,0.04228017911196097,-0.004119455803112109,0.37012730822243284,0.00012913304769715354,-0.007545948666020928,0.010297499294858809,-0.059822762034485555,0.0038746765390226074,-0.038873525008310386,-0.03920802819002122,0.029461953381183986,0.0400025792115114,-0.08903658243916393,0.024814810446943183,0.03158471219075915,0.10492146898079953,0.14515758443253662,0.135542696787015,0.05372521728730013,-0.018215731018088002,-0.043218248985427955,-0.02134148083651255,-0.1816235262154853,-0.07006812017380795,-0.12162517766465746,0.04432291373054318,0.007517638554719442,-0.01357554929623401,-0.2528259896282646,-0.024164864277346328,-0.14309415070903644,-0.04351950583934794,-0.004295816670603813,0.02973759216606829,-0.037333230053746856,-0.019766527391828076,0.10789525694996167,-0.1552222209778559,0.05794645948909432,0.11123726347594273,0.11517241958475638,0.021987463724931364,0.004577926396979638,0.08423711825203324,0.09005620697014133,-0.12892328568761094,-0.049426946416344666,0.03573465407498302,-0.10631670524624591,-0.1168201020323797,-0.028542022952417596,-0.08806556467286165,0.10531227961073818,0.10537395264446883,-0.06846720400985655,0.025227008516808522,0.06444953727843901,0.03607577151838004,0.19625798420278326,0.14204388204879967,-0.19662127461301254,-0.05721398768278199,-0.15367851876804448,-0.07396274339686872,0.017511017401741172,0.26559463929134297,0.1609575881777899,0.04661960918049493,-0.13346032256246265,0.08336467751072968,0.07159213898131493,0.23131025614208284,-0.05049664983167961,0.10562470339129745,0.0813762490563921,-0.22217657512005337,-0.05474944388613476,0.1490693967327601,0.14188580179047047,0.319748405664596,0.0347338805013568,-0.10459795620996358
2026-06-17,0.020501444457052875,-0.014496838745019723,0.006981437859968799,-0.0012790562607718613,-0.013437678372867115,0.0059062104629296775,0.0116593901462151,0.0232925029064142,0.018192999213441058,0.024008205207405577,-0.03401095682508304,-0.00035679626190222163,-0.011152877677724453,0.023126944234041123,-0.001314326059448312,0.00564417241793369,0.004459390287636595,0.006998538764237281,0.012356219114761268,0.006968833900949562,-0.010447314001148901,-0.0035289213622224404,0.0010523476792071735,-0.0020582405936437637,-0.008772151933529966,-0.01413959163944078,0.01083612848676468,-0.001123103140934929,0.006982076661208264,0.019756267195198584,-0.008959944335249102,-0.0034211232475921706,0.014070341230389579,0.01673401631808795,-0.004614849055485927,-0.007989556363767256,0.007133604895566916,0.008265163883522159,0.0019767451390151018,-0.0014098995397702034,0.00468604050974213,0.0038856607918092015,0.007946847927017083,0.007967347678207068,0.01398898905249602,0.007732441299313528,-0.025654492131270273,0.014091818603298424,0.006654124248657999,0.014483073751033127,0.0032570281816889273,-0.016048895186728626,0.0016926269298445946,-0.001055406454045709,0.0038361324999133944,0.006949532654997186,0.014296918430131329,0.01365382938865687,0.00850237057388481,0.024043039876182948,0.026720643183264947,0.011944754218460467,-0.0009658342985207832,0.0059841035445274944,0.030748999938463764,0.01046552218096608,0.004113673342644112,0.0005186940778640018,0.02034903711541189,0.05492067519575016,0.003213136306859824,0.01440543147435165,0.011997105177010496,0.02404136640391092,0.02991422546010708,0.022327687206915282,0.012038563026164337,0.04278121346663487,0.01105999901592841,0.0074829053809270536,0.026553625321340653,0.018918999739121242,0.023482631739049818,0.015126352280809857,0.02110083634387903,0.05341843643036433,0.04353120394030312,0.03582569654237561,0.018235755292935016,0.03433049090847609,0.02566688185863005,0.03275147292898611,0.013327607995668433,0.05665154392349432,0.04751688897043095,0.0588055353688576,0.002786412864371598,-0.10139105753791101
2026-06-18,0.14162871578866276,-0.10318599458490327,-0.006927804625535274,0.018424873111584156,-0.039853268730082755,-0.034176322483818154,0.07019589617044313,0.07784638149323599,0.1540220800377906,0.09682561164087669,-0.0321643292479416,-0.1213796188967919,-0.06638807687544165,0.04912971452865696,-0.19042799254857973,-0.0914316249438062,0.08221006095839863,0.07869664853583579,0.33267759594239504,-0.0046396026087418,-0.030935870836578012,0.019884137870733433,-0.07072167637762115,0.06485142135898302,-0.07447581300346043,-0.006747786408252738,-0.004402182094019845,0.07143713240413431,-0.04632400022009305,0.04593101784281967,0.04872548057487451,0.10011679139169917,0.1222236717242937,0.10313862759058823,0.06343058507245931,-0.020058669286500297,-0.07735779884314917,-0.09199894524885058,-0.2744869512034765,-0.091381886691155,-0.17285017198210145,0.06655742839261798,0.011201430848888286,0.01446799814794449,-0.2456265960789527,0.008529092516347994,-0.15948484829363224,-0.05574904345011071,-0.04866349034547079,0.056571595720999415,-0.05650581780025342,-0.05469675906729776,0.13202262259513334,-0.13001327406558233,0.03791332917187274,0.12417889644284831,0.09503479761271964,0.010085143101245635,0.05810429815904262,0.0815079287439508,0.10338112400360727,-0.15902175892678536,-0.06048440241710733,-0.010802140220838372,-0.1499191756686918,-0.09500466383428298,0.0323093140726275,-0.06801581176274099,0.07002109279932761,0.09093145511407044,-0.07427329100549046,0.06500851810925541,0.10536210693602888,-0.00488594813145115,0.2028368483902407,0.1510973963114121,-0.173281315798697,-0.021869293888234713,-0.16117826093197912,-0.0270202848266365,0.04225726417903388,0.30577717570109525,0.11619835733835868,0.02331265174238276,-0.163007138797187,0.0710184952071764,0.06581849203553687,0.23781491405675173,-0.04493494723570959,0.1395101139255048,0.08143533916590921,-0.2712244957160184,-0.06871911424528901,0.1288016642718492,0.18027507669768958,0.3657119432841177,0.047277221640951175,-0.10702931022566291
2026-06-22,0.08489835047998112,-0.09112978029524055,-0.014880123067442982,0.011756331985699846,-0.01984313301681695,-0.030060175948588307,0.06151274023760481,0.05571338325167431,0.13786202088160307,0.11925160546643436,-0.04839194167675409,-0.03782431080599114,-0.028793665301059826,0.04426496872098921,-0.09712908780699059,-0.022561748410565574,0.004816753606597166,0.07240499222783112,0.1553901365967643,-0.026855505845001702,-0.014533763734415861,-0.019010057966364596,-0.05907733269310368,0.02000359715932449,-0.10152217730740336,-0.042512798355456315,0.023287489183854503,0.03208239306615711,-0.0223592122832812,0.020750661942130832,-0.01811600469446572,0.06036268500628925,0.07877078236647393,0.11021477930551972,0.044358699172421294,-0.042978540003424284,-0.01892015389685983,-0.049830367508880875,-0.1137020952003226,-0.07188320141180986,-0.07449483393447004,0.06705690586423182,0.01847049580759811,0.021301103215157696,-0.07449783103558329,0.010096316924817933,-0.1080330617188351,-0.07789549175584612,0.003177743344039065,0.026279889454131553,-0.03733613458357786,-0.012326000646728513,0.06816928359775412,-0.04803773199089302,0.04077589769921518,0.02329109812698798,0.09354966406350294,-0.03277567774714504,0.025495051047677436,0.019816517019014802,0.10077285409829483,-0.0774652473892054,-0.0314633058502019,0.0390201090305103,-0.020661663831693954,-0.09585817165420253,-0.043024107350379634,-0.08854308284082926,0.0638450881778232,0.09144640591755435,-0.05785370643017314,0.012508591683251608,0.03821185936312263,0.038630403004938155,0.11404744260861462,0.06494438817189346,-0.1553002035535048,0.020487807236782944,-0.1164296262295033,-0.023242874645814746,0.03804489977548093,0.11909325815202185,0.07395511167781371,0.07134814341291403,-0.11656831039426675,0.06306427932207118,0.12490533469397827,0.14488228372707715,-0.043797636481174344,0.12311399384732842,0.08045346204437193,-0.12359172910914755,-0.0939699109371251,0.1561878553442805,0.17524376636615832,0.28657389575499154,0.047503508526189765,-0.09838556141840156
2026-06-23,0.09038700400305488,-0.08624622257097883,-0.007188554978155381,0.01701012943693453,-0.026523269965318612,-0.04913452222596349,0.07680047865593642,0.053388838944024526,0.1355202811917437,0.10773003773079168,-0.03508737470490408,-0.06455831762735581,-0.0238640531959054,0.05194486722659302,-0.12297809595761534,-0.06022825345728078,0.0016853045310569175,0.08535121088028497,0.21175310612208992,-0.05198331790898953,-0.03550832803835436,-0.03056278383732671,-0.07400367785042114,0.0342222112050049,-0.11218378754300228,-0.04895329430589095,0.03449400589120015,0.05273537123669029,0.0016370935823079111,0.02265621422140219,0.005146268673283645,0.10349404203427805,0.10097564407811942,0.08311470976062864,0.10519261116974836,-0.07887436848068577,-0.07110836208643712,-0.05004589406648196,-0.14327043735116388,-0.05980495249723103,-0.10934149127812268,0.09787975369625906,0.011625365123863434,0.037414465173693366,-0.11588311236626424,0.019786568242708392,-0.12425506151802844,-0.0770273539151859,0.0038797089709763748,0.0419788958530537,-0.03626985506359013,-0.01547635822946951,0.11238761919317995,-0.07349265982221592,0.06975007095678845,0.048526494666987184,0.10149263674790397,-0.03540544477554626,0.039885144649140836,0.015312402913073325,0.11390924310033095,-0.08971864048640685,-0.05184011680295166,0.021483637929446228,-0.07765243212056737,-0.10538464623913169,-0.03040052767459863,-0.09659455418948293,0.059154158619668926,0.09197651183891077,-0.07540365775789919,-0.00485822981209047,0.03644111584405758,0.036529679165088334,0.1633370174240362,0.09468761398873805,-0.16258524044076386,-0.001848147029266372,-0.14128983216795116,-0.010364131929855617,0.04290529959283851,0.1927311013826779,0.06520209831386696,0.044207381060721494,-0.18197091186096834,0.07210822743377446,0.10218168341368875,0.18944334982352667,-0.05124931285774836,0.14409705097070516,0.11588680445483106,-0.20334991285883036,-0.07159363897279826,0.15440050214007417,0.16650253208073706,0.3517979447552934,0.041260331342114105,-0.10003870261873224
2026-06-24,0.086038589910528,-0.08214351692953455,-0.010791397705324215,0.014037694076692368,-0.02373697286972335,-0.03908744722234555,0.07191354277808049,0.05560113491244537,0.135406101881398,0.1113729680844626,-0.04287815721502856,-0.05913324347545397,-0.02962549446794404,0.048328399601173376,-0.12237089858577803,-0.051140388430518956,0.012104903122364945,0.06976538815021098,0.1700745220362776,-0.04203574137278866,-0.028358899814165367,-0.028745106223811788,-0.06820125055738606,0.032014414897991283,-0.11894641351178985,-0.03766152254460879,0.040381153960497386,0.05092474969030884,0.01050348683668935,0.012473093992475598,-0.009551230871377317,0.08576488628643705,0.09571748137399984,0.09231298499187371,0.07663059841052465,-0.06683561136888422,-0.0408540226577809,-0.04344189179103062,-0.11716421402074752,-0.06718564993175102,-0.08804649124214255,0.092498510966817,0.005344799466243748,0.02689834423696876,-0.09590950150186507,0.017960827371562033,-0.12225594171661773,-0.08478651719062427,0.002660925433594347,0.042176310544370606,-0.02730769224984153,-0.02300416132735588,0.09019610689167291,-0.06285733611150643,0.06471156661073058,0.036654221649517864,0.09611285124806197,-0.031037359445626772,0.039805183167959696,0.01259850124175434,0.10785913014397218,-0.07921100393883371,-0.04526473346353685,0.028191505090687408,-0.05315493934957907,-0.09468385725155394,-0.041554369611974146,-0.08958648569886499,0.07035774197336672,0.0878904787723589,-0.0698349131588876,0.015613534208405909,0.031117683748988552,0.04023510684057898,0.13406706169523408,0.07980010908365356,-0.1572863733419058,0.009321190393095643,-0.14210602341168876,-0.011531160086443953,0.03553949662922352,0.14853013675318802,0.04955259690121908,0.05395011855107637,-0.15205358574504527,0.07610698749113987,0.09443331738464661,0.18022726391196361,-0.05509931055044691,0.14123978782214344,0.10711551839559826,-0.17355017482791726,-0.04655646556275936,0.15997697768369906,0.15023671053703927,0.33333995978650655,0.04749035151229494,-0.10460954078097473
2026-06-25,0.10116579413457344,-0.10160423834751645,-0.00981621424812327,0.018570169546835907,-0.037326093564859615,-0.03132891973109377,0.09635709902251424,0.05325170460790323,0.13296403308509774,0.1019648700145597,-0.02642713387986005,-0.09617160742174095,-0.04147511189317525,0.05153477332106279,-0.14641132450547534,-0.07564173771251644,0.005269305365788615,0.08126268026187777,0.2613105804226513,-0.07489738277990377,-0.05282311359874707,-0.01617087587539382,-0.0949174650485259,0.061109835996381826,-0.11481894799876889,-0.04393127360605453,-0.0005783421981515619,0.06404195745607838,0.008309241320441868,0.03805852209514371,0.023169486800465006,0.11996169394003726,0.12535715971121328,0.11048445622885779,0.15014937971228995,-0.09968500312782004,-0.0963291742145346,-0.05397529948278426,-0.17503458445032763,-0.04427923210555446,-0.13138088506916973,0.10851863014031282,0.011057094039187802,0.04118509253834879,-0.17768460560045243,0.04015255486674364,-0.13773458466376182,-0.08755850288598763,0.02495613362645942,0.06514022727396133,-0.051466658356492806,-0.013987948884367241,0.16321640827249564,-0.09177245447542191,0.07740581674786896,0.07775100920577013,0.08873180232943023,-0.03043695333201772,0.053191421049770385,-0.012547880173297847,0.1257752045254013,-0.1417539007714847,-0.11174279020895336,0.01478348207357853,-0.12735010064923377,-0.10676209935122985,-0.015166702882777895,-0.1308322803272487,0.05879089319580259,0.09442279845217631,-0.07927316171381475,0.02460472405499963,0.04473051548453013,0.016784685653141132,0.18678350929755774,0.10962419315915671,-0.1472042424974799,-0.003772347110520647,-0.16481826613754472,-0.0023498640706088696,0.047058939301322135,0.26611957437909256,0.06434258438654271,0.03686190339706622,-0.20163359966501482,0.07375987295533608,0.07556675914726584,0.2580346935765126,-0.03515398047658637,0.14726677757235357,0.1510836145209976,-0.28007957381552906,-0.05521627990118261,0.1412817934625812,0.1674078093021012,0.3686069604113101,0.0390471997399719,-0.09701468237181364
2026-06-26,0.09027498640580349,-0.08475247760836258,-0.016902046189130375,0.01422540512848866,-0.0279439695801824,-0.03639540846509755,0.08995345718557769,0.0331507403325377,0.12579184318463132,0.11478342382457112,-0.03700350102943529,-0.06084741802743164,-0.01735115682862242,0.05180753886163129,-0.12551113088116245,-0.0435637481973097,-0.014327548196591421,0.0803110044470131,0.18922928637720374,-0.0564935186374519,-0.032428168283209824,-0.02459721239050991,-0.08329027155371939,0.04617590626187141,-0.12921404515687201,-0.027021827392680768,0.005882124687959974,0.05285927992930687,0.01039242499137959,0.0380280798257466,-0.0025187413722986465,0.08510505248792945,0.09313831265715601,0.0937623636012259,0.12850733326036914,-0.09065984329036622,-0.03756982434007791,-0.06953133550197922,-0.11117673833481198,-0.07170086903576886,-0.0995444839242222,0.0859522367361962,0.010043580670299916,0.04419165225225279,-0.1089627969262189,0.02752283517273369,-0.1207719280079813,-0.11004111304087945,0.026898610140044195,0.041183900037810375,-0.028788852470047567,-0.025574974715246536,0.1077043008245353,-0.06794526037504683,0.07504729932315801,0.03647011167638632,0.08678741399713744,-0.024915875914393884,0.042511817084765986,-0.006493951444839363,0.11888936783258625,-0.10801021659852278,-0.0826887108310939,0.062408083509968064,-0.055430752062916505,-0.10223452918237923,-0.06014890098118403,-0.11035934003986853,0.06090958651237498,0.09906489962894369,-0.08856911338895862,0.02176608318237297,0.026814360027150715,0.04894066097870511,0.14593256566658946,0.10921363024389671,-0.1588204881640752,0.029599228408768857,-0.1392312940631369,-0.019288128237459658,0.03463601518905859,0.17448278146184248,0.05538382190717252,0.07998658561918481,-0.17170139103515258,0.07450818698938981,0.10824961252039937,0.18494365724779904,-0.05528407250723899,0.13963232031037387,0.11533486799737903,-0.192547214130023,-0.07093415486029354,0.14841400642739072,0.15475146740591256,0.33280161784153467,0.055803191378492364,-0.10107057645875785
2026-06-29,0.1158876567279107,-0.09330115740205241,-0.01326550518017803,0.02412358200328204,-0.046298666125346735,-0.05396153046440616,0.10684148748866097,0.03542568717886719,0.11825898950954193,0.08064247643259628,-0.01494751547270194,-0.0791555991327429,-0.02577764543631631,0.05086303331044154,-0.10941489273696653,-0.05597003644766978,-0.09588904318322153,0.10102776284717727,0.2725868803238448,-0.07250902338868771,-0.062299797915095004,-0.003218687237769741,-0.09865882588736472,0.09238290393263622,-0.14881103900885823,-0.03616043914255199,-0.07276819420943902,0.05726716735976841,0.012636661924225804,0.07108913461581559,0.03579667647462733,0.1322603579016569,0.11063685330080936,0.10606323800041474,0.2172454764040428,-0.15277747889573828,-0.10606687769678198,-0.04745104699365625,-0.14670596718326917,-0.03582183822315206,-0.14940907563602177,0.114495793149172,0.021144859022912254,0.06518432141638451,-0.20435898954912918,0.04791425885659191,-0.1329153772264605,-0.13643917523634147,0.05004086665253336,0.04412632777043795,-0.05268809700094605,-0.0352159335273814,0.2347788815342112,-0.10329801234344449,0.10495642666912855,0.09000985732272074,0.07649685251093397,-0.008698163900371208,0.06683602266088604,-0.021989653138176107,0.12618038185274144,-0.1581721235606026,-0.16082942308153853,0.07062563146777283,-0.1883792971739799,-0.11041550802010275,-0.06424591033801642,-0.15094042308670585,0.04260317100532602,0.10597455450677411,-0.13199457640065657,0.01307138055737026,0.012766359374053628,0.030354711708436982,0.19116422156795942,0.1570939960498415,-0.1721297857536619,0.0052008877699024165,-0.15679004216399275,-0.020250317555504813,0.07755573348695548,0.31936183516214284,0.08602645362102865,0.06177180271387596,-0.2587418537562935,0.07969498100595244,0.14023156889733052,0.27323254115076573,-0.03496352598702854,0.12451896846990126,0.17273128102935065,-0.33341508037483,-0.02982789462227947,0.140783427449773,0.16747168397757342,0.3795319398700444,0.045297983270463575,-0.09292694247013651
2026-06-30,0.09681889847325889,-0.1049626629214535,-0.005613230153265989,0.02047397143765339,-0.04645938651493087,-0.039599311667931014,0.10964109120565946,0.01593924083386235,0.1336287331394169,0.10750222354584485,-0.019402980782331186,-0.05548023272194891,-0.011863479317578468,0.05582313026360776,-0.12061626305000363,-0.05086404498095392,-0.06003327399839008,0.10497252674923957,0.21423870551078314,-0.06511002989121327,-0.058901774197716875,-0.03656641526905693,-0.09749291975901389,0.07041997818336178,-0.17452689688890866,-0.01686300645757198,-0.0503789503075682,0.05641770116142743,0.02058813602508356,0.05069590549704472,0.0215969705836995,0.12366154862402441,0.09265163341995547,0.08478065300820928,0.19849630453202435,-0.14027794761351334,-0.08123995588317294,-0.05282516244634364,-0.15681113789923776,-0.0439443072796348,-0.13198092234273448,0.10414425782168006,0.0168011809652561,0.08385414492442086,-0.1764970702246277,0.06277522762756745,-0.11515262526647187,-0.14093007430112814,0.06025433657123659,0.04000271155792204,-0.021451908742488562,-0.021093888790325095,0.191328301695442,-0.10512060669590267,0.08728176249969989,0.059451903717631545,0.09908368640523002,-0.032746821229967936,0.0759890989522428,-0.015566879114481716,0.11931663141295085,-0.12299251340506746,-0.15137731652776878,0.06762711514556151,-0.11659846541392867,-0.10295070231535641,-0.08318649186730967,-0.1538737867038821,0.05115864062240488,0.10880161547054337,-0.09820726649114057,-0.01622760585737066,0.027573060054698152,0.041559495896342113,0.16327787021845597,0.1536552101310367,-0.15386911389305905,0.0060359910315654335,-0.1492356829195932,-0.028491506334323027,0.05052054533204065,0.2432296633042904,0.07950077865987855,0.07552651562719426,-0.21065234688482232,0.07233300164433881,0.13743916533508735,0.2455562849564765,-0.03264546902486991,0.13488538266847502,0.14896478783814884,-0.2712462282410069,-0.05646282217776233,0.14668374573033136,0.14346385379653284,0.36750744735673146,0.05477842883235652,-0.10031771123079851
2026-07-01,0.09807550956955764,-0.10675335713775749,0.004138030422943138,0.02261780555048744,-0.05596410298161733,-0.012170948702610587,0.09163957100809715,0.036626121774882364,0.12608926333122403,0.07916610107377951,-0.02615162755351117,-0.03402597954396036,-0.02357515213830421,0.03135057677767214,-0.12358381845297943,-0.04786750176734678,-0.07252266480891513,0.08209049445111133,0.2810800452832575,-0.043163466492950664,-0.06944580150157856,-0.033459270427312254,-0.10779514037233583,0.09842054539547407,-0.20875958518253115,-0.007170361090422546,-0.05378615932973366,0.039756611135918364,0.04230919340878525,0.01116551225148031,0.037704881061802364,0.13700133810820989,0.061759733028231595,0.10149272830263568,0.16962937074913054,-0.1411608597868637,-0.07244989763758401,-0.02557245686119302,-0.19159004177973218,0.004960378435961157,-0.09078449378851484,0.1292605786233615,0.013015223231049974,0.10287415789474222,-0.2223898562661941,0.09939912419075861,-0.11200359456620929,-0.19193823355444575,0.04973639696021923,0.02435978099580014,0.024452621912975855,-0.07807534644929269,0.2428796578604731,-0.10060304073731409,0.06897533461340025,0.004715943733210695,0.09710808529430655,-0.0079268791384289,0.07744795214187827,-0.02375969190579711,0.11054514062251161,-0.06977543592380667,-0.10371566683693517,0.08630250843545775,-0.12564453131687534,-0.15815805415294104,-0.11260758680160801,-0.12719112569600458,0.07098408132504865,0.10429550234626041,-0.12722158379562862,-0.08678327035826656,0.041491161041029054,0.059752209562874546,0.1747029282576799,0.13764843029524454,-0.15787768328066712,0.022038626281787967,-0.15134586743076603,-0.06342688952925886,0.03985534844229673,0.24277691296983053,0.07405702703591455,0.10200062143499194,-0.20759934036060437,0.12840069624817096,0.12085684128261538,0.24373692473135258,-0.002419508407286549,0.15398986504160353,0.1614032504374528,-0.3588060422509836,-0.025925782181899955,0.15698553557638978,0.13508215469935989,0.3626421730228351,0.056659145256193186,-0.11455805464074988
2026-07-02,0.1489557597302374,-0.14256443330024016,0.020948943732450404,0.03255614129035961,-0.07796395968768512,-0.020589520912106925,0.09142630054479842,0.059430442249616085,0.12152551286535393,0.06934601220552218,0.002408810301457215,-0.036432828695924346,-0.047245436183494895,0.029140212590532837,-0.09298567655075901,-0.05488914848118068,-0.1614004504347411,0.0999498873438806,0.37144897104041225,-0.028734518148796337,-0.07745099363013619,-0.0010502695366810932,-0.12574286754787278,0.11428208032698152,-0.2922535146212082,-0.0018083451885445474,-0.10534540443083537,0.050460283842374117,0.05274521418515667,-0.0016267633542484273,0.08536827188654157,0.18779949941943125,0.029295318653844854,0.12941162138698367,0.19765593373659865,-0.22227713991810033,-0.2348225275627591,-0.02314747820395565,-0.2789757550113515,0.08560235103561302,-0.11147537594597334,0.16193224049478977,0.022026259970050605,0.20181034762466085,-0.2902402731637331,0.17459580259494603,-0.10501929213020214,-0.2664371887295232,0.0923870744716831,0.03979164331902499,-0.0048776597257372874,-0.09021977573256577,0.39949353711220686,-0.11144807527628037,0.09131432921506172,0.024466114323415177,0.12589521949969476,0.04117150312703368,0.06416159242149366,-0.043360419821066615,0.12266727570307341,-0.05038415907480261,-0.18797678182962269,0.11258251091421675,-0.28993517035435795,-0.18530784935243974,-0.06897502848095612,-0.23576773181006014,0.1225749866421541,0.12381480802920128,-0.2126179571200992,-0.12057513828844209,0.03826558057254211,0.02048588573963909,0.25631878087525095,0.21537568290502898,-0.07403190973142024,-0.007509265604947959,-0.15561382484763855,-0.08661937145268774,0.023729955635790362,0.29986871613817395,0.11862647817611462,0.06633169618762626,-0.18653933704174858,0.22345270117308985,0.08960648823565712,0.2514967341552145,0.05464150045801389,0.14495666562782242,0.24860210062266627,-0.48567527499206187,-0.10753399016557609,0.10718461887709302,0.08861288323714446,0.3993855883764727,0.0719647588495986,-0.11390174760122673
2026-07-06,0.12380841841765523,-0.11387654704097386,-0.01207227229290945,0.022741375768548903,-0.05974454071592088,-0.044898742860316976,0.09666209921420983,0.07627134715459805,0.10889525015535952,0.1051871978701011,-0.016874292882252333,-0.02755641355597832,-0.04319057275049476,0.04531333132982364,-0.09706161315046148,-0.04069386218655846,-0.09553189463948558,0.08708118294142851,0.272428330673424,-0.03869950564550566,-0.056330160548377556,0.014372170384390218,-0.12798716222092907,0.03935165251706534,-0.21916856645283259,-0.022426581866251113,-0.06347520106760643,0.054693395341730934,-0.005247682352580298,0.042233833480743804,0.06145700692950504,0.13406148291116823,0.011287849142356286,0.13378916916209224,0.1684954543048722,-0.1288860668937196,-0.13157252419116913,-0.07650678136483648,-0.22835706870340336,0.017599043103516895,-0.05743278372752668,0.08505441396391696,0.0163766690956081,0.1560112826535615,-0.18431488768226198,0.10782367560425322,-0.1027263254664757,-0.17161045078194745,0.04945752895672946,0.04081288366852998,0.02472602510651483,-0.0498712886403993,0.2399944255660814,-0.01720819469458429,0.05004800323910086,0.026824360679898983,0.12114063669002853,0.01528537178165907,0.047873578549446946,-0.0684481353656903,0.1223059783284716,-0.046246713893999966,-0.17142437448511363,0.07241313858527909,-0.16851194167738112,-0.1609319219069604,-0.04182665514539328,-0.14636682343693255,0.10467014640416272,0.08175121480369073,-0.1914262246621575,-0.19178951561007518,0.08714702240225658,0.05101100407631659,0.17202605419974518,0.1678793595174917,-0.1253745126931389,0.01223080534542885,-0.14726566692856707,-0.0684744259836372,0.067933171004356,0.26904249433513255,0.05424292871098594,0.07858505334220511,-0.17447941869327296,0.15856560624126834,0.17982155881428635,0.20604068682304577,-0.000818135602685309,0.13907522678314388,0.19136171011895747,-0.3773145879281289,-0.055768978821187976,0.0902180293026699,0.12456252872568022,0.3874807483725216,0.05993891419861695,-0.1056718095835515
2026-07-07,0.09146238548751992,-0.07278261420964939,-0.006836314570265277,0.009426641398865883,-0.014692590195825543,-0.030975495524048373,0.0637120440609345,0.0539836898715879,0.1205819414514584,0.06695749811484131,-0.05600245641143052,0.0016651308253698826,-0.010374525221902428,0.04872580444040748,-0.07003720394591148,-0.012505022818690733,0.006712574799768771,0.0569044985768787,0.06303575996372332,-0.01625223282838114,-0.010364718707289755,-0.01578330146676142,-0.07177115686231375,-0.008978387086970489,-0.1104039038434157,-0.024816776553532878,0.015125009392306973,0.039386917397569304,-0.017389733809247104,0.03180317601793494,-0.02243570979880436,0.03807600552025468,0.007689124120788631,0.07106978250419616,0.018979672089279438,-0.036124729270916686,0.023906162334288647,-0.046246630535095076,-0.08784666128529947,-0.04870508430576803,-0.04327696415241532,0.01951253669545157,0.005536182208598385,0.029406576470854567,-0.050285759589345946,0.015056441046115164,-0.0909634479096888,-0.08816038791216108,0.012254682827218165,0.007705408906044495,0.007976205362406183,-0.0024098094888613773,0.03294883318250012,0.023215183767584857,0.01058691823044998,-0.0009258407757729292,0.06892399311571534,-0.0102973163700178,0.039711432151421346,-0.003172041384803226,0.10455787583030857,-0.009059303206809982,-0.04356012315049906,0.024872525826460885,0.03262921989943889,-0.07720129643581708,-0.04379613350661811,-0.07262318913644505,0.054987024313841365,0.08621222947224502,-0.0955423903943292,-0.05713100282105499,0.057082854542252724,0.07330660565732655,0.06260630317614939,0.06847493816262765,-0.11252984739539348,0.043848113439836855,-0.10381292946428852,-0.03129108676855747,0.04782381988538225,0.07357384359843543,0.040232500042166594,0.060281956141525456,-0.058368455978744155,0.09481006341340417,0.1363664292838186,0.09052866923312318,-0.03901300920925791,0.13984136167385539,0.0851302653773551,-0.10532959574857609,-0.03355190257735156,0.12579861574368184,0.14992222161737864,0.26464856890436517,0.04534199105554284,-0.10128912599452904
2026-07-08,0.1451939151553311,-0.16161499487485237,0.01103462038845882,0.02823454877624175,-0.08584684002406155,-0.007907647615770995,0.12477479308210157,0.042957976293048164,0.09676987734970742,0.1406497660703169,-0.014991486478743763,0.01683981526546149,-0.03587337322050846,0.06895486752086771,-0.08662933001069331,-0.023314488478247693,-0.11902274406650427,0.15657549256031283,0.1805323579063871,-0.04668223852076574,-0.05522854736507758,0.022513699747116492,-0.2002756818478738,0.02374495790277227,-0.29148233073441315,0.03782767956445882,-0.114778560472164,0.0809482477084189,-0.028055831493194426,0.04500260763537722,0.07777785950959666,0.17555196851957122,-0.05046022993614102,0.06394275044877572,0.201800828318469,-0.14634270303176436,-0.2470129355471521,-0.0799903133064395,-0.300331437132398,0.0900259698051346,-0.09128258982216417,0.047618071189146724,0.0008291378573188485,0.23649343984868249,-0.2588523719806329,0.24841534527799652,-0.06469188837638477,-0.2365855801217923,0.17428253591505713,0.07189578711364505,0.0033630056673610966,-0.00904083766965678,0.38622753526717174,0.004667016807150027,0.008507005781691116,0.0110431378290046,0.186790070154735,0.014940445629464678,0.08687040843946017,-0.10071467241197005,0.11183424464282415,0.05590162892185031,-0.32609810343980195,0.04245173089981462,-0.20479423297590255,-0.18234018948831973,0.03351769521171952,-0.29826019085372996,0.11547101028205396,0.09840914969113188,-0.15182609560686408,-0.3308980242679569,0.06998549781775412,0.003228025085406848,0.20915650956979068,0.24008129522613011,-0.08322085723953618,-0.001732378932456348,-0.14160625068049928,-0.06048162815748849,0.09652006260386573,0.2802936884902025,0.14138581199932124,0.07144463507493794,-0.16822749798130937,0.21666366249394975,0.16962061975555504,0.16028699871331295,0.04098740446621895,0.18674046334006425,0.1790972127552156,-0.41238908167776356,-0.17821648486683675,0.03285198790468659,0.09562631559409175,0.4652131244692034,0.07976603929785624,-0.11303168590493613
2026-07-09,0.1162378984564061,-0.1218068669770307,-0.0014767639276970206,0.017501836277464003,-0.044083774560827745,-0.009615963340135711,0.1129791553857632,0.0476860692847311,0.10938931184545818,0.09370969296458066,-0.02780085898563786,-0.00537528261861084,-0.030495324394391912,0.06318910393070556,-0.11145912418681639,-0.020810931597788643,-0.03807020856475055,0.11574043689709633,0.14777019990346515,-0.04239581194330745,-0.036278190999366966,-0.004838899419534625,-0.14912810680652966,-0.018394745055045444,-0.19001167424781007,0.008717527963466054,-0.05355260651239448,0.07056649449073923,-0.011408099125693854,0.05288961695941489,0.032525809256052696,0.12047516682748467,0.00027162321733526645,0.07217704566357681,0.14083232405707458,-0.08303414512262708,-0.10631058225440536,-0.0671228532676477,-0.2196804221697651,0.009112125111933224,-0.07401409636729976,0.030892237403940148,0.006262120522301645,0.13375466337586348,-0.20323486716480707,0.12038683950132986,-0.08912600297855032,-0.16403080890101043,0.06109850160299167,0.03195631034223457,0.023612531628691674,0.0009819307877549609,0.1883803916627594,0.00933379954110523,0.03750790424455393,0.01891254656330389,0.13651972470430115,-0.00036791786510079194,0.08451829909804859,-0.06813615591062201,0.12874390177370834,0.009499499229358305,-0.18464926238632431,0.03553079993722903,-0.08221072895150756,-0.12859330655030243,0.005845908349659732,-0.18491060569018888,0.08421978731400766,0.08846665150403837,-0.15698909857430918,-0.20868437500964385,0.10241648872950719,0.038653267184001305,0.12167846101054755,0.14218716476296236,-0.1307300099790578,-0.010193395420302809,-0.1408719716904255,-0.04599656770814169,0.0756822103446588,0.20330699317308196,0.09072578974562019,0.0706281606140764,-0.13986443222762676,0.13351528195701126,0.19687498889031815,0.14092213692591588,-0.011788259500258755,0.18787707344365104,0.12668593590908991,-0.2883794258019634,-0.09464899282185427,0.07845996847597889,0.141588636461134,0.412558879434687,0.06890874584581294,-0.10029445291087123
2026-07-10,0.16048330163999872,-0.1561737116770869,0.006752939098835139,0.03004667452852436,-0.08847500828931294,-0.029408252347130383,0.12828067443012564,0.04548217256881266,0.0859429687986646,0.13140312623955386,-0.011383059043557875,0.024769847975584614,-0.03344512351233544,0.07105299120484113,-0.08583009098760849,-0.014490203991638832,-0.13127258470384812,0.1500074547422904,0.1868545803983927,-0.0475938027178579,-0.061276682233500204,0.029900832786832934,-0.19578770102101997,0.05102410492306793,-0.3122469301183724,0.025963833224497357,-0.1062860798367144,0.07577457936628275,-0.031977664125434006,0.05004008787671296,0.08181804664621144,0.16679500413460274,-0.04259839364894618,0.06859083384697495,0.20954651622420165,-0.17129899054522227,-0.25917017959010674,-0.07843612324025512,-0.32275090401311934,0.08231270896640344,-0.1020837411941734,0.061758675374318575,0.004044132349057437,0.25892508283968646,-0.24643210664245974,0.2525480544909274,-0.06018053885998689,-0.23880267449354456,0.20677920124123597,0.07221406665904467,0.009442406377451336,-0.023389102452543747,0.3909778875877788,0.004123814175463591,0.0009167085567253486,0.009146566570877259,0.1964452593300903,0.020962057772988568,0.09046604638383574,-0.09721667630469279,0.10973331090185472,0.0499788676991855,-0.33578695083729276,0.051659770947583124,-0.2262938173250299,-0.18382493500787883,0.016978602053014005,-0.29580930876581407,0.10547902836492416,0.10272368045728705,-0.15511943022822025,-0.32772381448029686,0.0648295324177626,0.015643984923390815,0.23113081180124684,0.2268222624616359,-0.0643544208377238,0.01303011745803037,-0.13650583135610364,-0.06552185910432856,0.09375604080698288,0.3093786069844696,0.11674003611752519,0.07653744633416727,-0.18684306254319294,0.22819628809110276,0.16620873517164614,0.1566113313111107,0.056626565638464604,0.17055323960183202,0.19920580499787466,-0.44715552667146596,-0.16966414020983495,0.015616082105221016,0.09123426154313855,0.4695010114708526,0.08164551890449702,-0.11880475493804203
2026-07-13,0.11972160629738418,-0.11888810081191327,-0.0026580017046868055,0.01676254236630305,-0.0411812396821318,-0.014599499643684491,0.11172272780177055,0.05100920660903207,0.1082847392587502,0.09778876363674673,-0.030767835326854495,-0.005410223417210928,-0.03314252112830851,0.06526516900513876,-0.11328951367722863,-0.01869272024008297,-0.030212498616487386,0.10533384579865157,0.14549049406459905,-0.0403047054131464,-0.035394187912539836,-0.0005027328057842628,-0.14544998845301388,-0.020100749278101765,-0.19876022164573373,0.006482559695996238,-0.04548543552924625,0.07381914184122913,-0.005580005929637916,0.05059882408141798,0.029601943948828292,0.11516711503156885,0.003545983295747195,0.0746812613530376,0.1309513905928785,-0.08102837620335496,-0.10062179488065416,-0.07275826956723051,-0.22687894122162622,0.0017360423135926104,-0.07159934845465679,0.02782500810283136,0.005238983607884723,0.13959992498935864,-0.2031240122062878,0.12078615115397136,-0.08944048851019734,-0.1785951576060455,0.07449534909212427,0.028872711387354137,0.02713428846813591,-0.005573337677343441,0.18236916925352778,0.007179783904556254,0.0390345286400526,0.023755058242106723,0.13725820499021396,0.002700297261392302,0.08710846214332599,-0.05975754710825622,0.12731921572906318,0.013037428906549417,-0.18208988061221976,0.042484494795547646,-0.08382124495399212,-0.12429844721623769,0.002610147649195221,-0.18531327966505182,0.08718004948859098,0.08882531911290595,-0.15361719112590003,-0.2042967154525319,0.10319853653838996,0.03883423494869447,0.11002577688743799,0.14061857657383947,-0.1297813151096517,-0.007909060326405834,-0.14178500768311914,-0.045780359268928705,0.07221326963849004,0.21113121108424487,0.08162230501880853,0.07846668168707048,-0.1346933819898921,0.13922411290239795,0.20693896888525956,0.13183756642807629,-0.014278161289270322,0.1822506920114006,0.1240472337439957,-0.29514694460776164,-0.08395901954508654,0.07292094508437282,0.13507525007214985,0.41317840972852465,0.06629354313313116,-0.10408778478014946
2026-07-14,0.08942544511588928,-0.08308910422696653,0.003541727985413197,0.010394750880490269,-0.008490318859477103,-0.005692632339493945,0.07698630388466321,0.046051528618254164,0.1284354429845865,0.071222319111977,-0.03336680521909454,0.005305514651235353,-0.018083248399618834,0.05484715897576388,-0.1191974703652663,-0.020592522921035458,-0.04112544550988236,0.09460320337936208,0.04918901243190854,-0.001725147994936253,-0.014457614592197144,-0.017107580160326652,-0.08301807588727665,-0.020919296900806614,-0.12348267511924828,-0.014737577415005388,0.01143699568909031,0.0470521110092856,-0.02666842305065261,0.08261786502788135,-0.017179566577359633,0.027072277622991893,-0.0010224411022781016,0.08987343929543162,0.05007128511490322,-0.04624340092228108,-0.0017692560751817622,-0.03012374326039053,-0.11227121533625217,-0.03337251672908468,-0.05348455696451658,0.012177800594618697,0.029428262954919064,0.03853467933847307,-0.04068181126281821,-0.0018732176677691541,-0.09838450337736232,-0.0800785930549248,-0.012386008408251282,-0.019092259571320658,0.018404652106373303,0.022749975161949917,0.048155814204502406,0.02669085223036563,0.013524057104878369,-0.021669747330434842,0.08467245091805202,-0.04350900736690723,0.06639306540740841,-0.03389039639187601,0.133128366669475,-0.008487190177186838,-0.030363119003927408,0.02636391037702749,0.006414148899548906,-0.05717038734611189,-0.0375614880759085,-0.09208117599650666,0.08284499482603543,0.09704046407363474,-0.11866477457329817,-0.08660286481860557,0.04893705090242746,0.07021201775736148,0.03907862612978303,0.055416459164584264,-0.10082033127529794,0.018312807316997193,-0.11775283238204072,-0.03096663874105641,0.009100034377221618,0.09418745753478706,0.05128723696396279,0.05767859141119941,-0.023384275279812274,0.13262190110293387,0.1516970946211516,0.07265209110003769,-0.016897857278856225,0.11613244688168935,0.09122204186910063,-0.12321644512096493,-0.04181108052727754,0.10252217050560164,0.13670953544080897,0.2989818992097785,0.09638965954088739,-0.12322235751955914
2026-07-15,0.09812870425782189,-0.08237420574933153,-0.0043317324368714535,0.011235896302991957,-0.0007883185896089724,-0.012089817835066482,0.05834954810222832,0.05076789600587198,0.12499487261724503,0.07478307897812123,-0.03224351511803285,0.012004307766055293,-0.021838288640305396,0.05648052316209514,-0.11903302475911799,-0.007579710837245306,-0.04245169926770753,0.09693229484465012,0.04534332114373446,-0.00306988760789894,-0.005617420516389875,-0.01571002006139796,-0.08533386498635875,-0.024970516938531993,-0.12426368708805867,-0.022524634077350413,0.009912764448171693,0.04805909324288793,-0.01829361364946342,0.08594394537192793,-0.009353069858477484,0.018847628087280716,0.012456351888240456,0.09648337705213553,0.03231346362247968,-0.03642403171192305,-0.013167481062013037,-0.054497337468548276,-0.10068343734214448,-0.03915050796486152,-0.06833604746707053,0.007223955088679546,0.028105562410066787,0.020615483019716253,-0.036469449998924014,0.009049478856313771,-0.08233268067572372,-0.0777538638620379,-0.015036168561464622,-0.024993568101312882,-0.004817706114486021,0.017954726418341626,0.03428701075248156,0.0465724839750012,0.002038733606626807,-0.028227573397923783,0.0909419952351132,-0.03986140271148888,0.0784147001066281,-0.05897058042237112,0.14017765256087142,-0.003004016954613083,-0.02145351017453514,0.03238417639622095,0.003556419993742889,-0.05675199368532681,-0.03360140469298891,-0.09952097039166816,0.08296756167351574,0.10795165161507936,-0.12628718028271665,-0.08333243476456728,0.052833139479399306,0.0685741504882767,0.01866747031719987,0.06409567611157256,-0.10745891060100764,0.02247697057180907,-0.11518732393976107,-0.023864709221126976,0.010608068229631942,0.11343452109045885,0.0528766151635233,0.06018970076032107,-0.020300062661238426,0.1371680634994049,0.16596231950944565,0.06848343376166328,-0.02962212710380186,0.12182624136380601,0.10143787790043729,-0.10648980525257114,-0.04191301854133703,0.06749945024716736,0.14403674727395696,0.2936076308463145,0.08736938320247224,-0.10504978527243035
2026-07-16,0.29484719315669455,-0.1415378712380037,0.01234557670323711,0.03303410733303411,-0.03425593072997053,-0.21969120495233202,0.07408435205352798,0.051969065722783876,0.15167552001071022,0.13537683824060479,0.012362283604157372,0.0013281905510716206,-0.07729939774489819,0.10100193126765768,-0.16551461573572324,-0.027800663755853307,-0.10726911470760538,0.15603752668092247,0.11318424038384747,0.11120261874846189,-0.0022562695921874276,0.04013748712948828,-0.1778935306097376,0.04481919424081768,-0.3537772175879738,0.050001470223938006,-0.16171388082228544,0.1642726870835941,0.09102959995678944,0.08638840345531407,0.0816991968063665,0.03229447125362124,0.010856280722760101,0.2383665397376709,0.06316415853068526,-0.07249681727215679,-0.2968852255473786,-0.20982651287382245,-0.4050096776319765,0.08107913621685534,-0.17692939112595896,0.07372427047616113,0.024902063630717647,0.05616432596517223,-0.2627862582862455,0.22249573462110372,0.008669058677262066,-0.23502806362099007,0.16419886162584593,-0.07288195959488343,-0.048314973479591704,0.026515155127691717,0.21862418404851697,0.04869345831542725,0.02166416611039963,0.03673869603591307,0.2540813400526587,0.009242863478693011,0.20993656197861574,-0.2477657333247984,0.2214021328229475,0.03401281403868567,-0.33482242711565885,0.17581052375780198,-0.2942384527530223,-0.033264902192671086,0.023561470186959133,-0.38266411219937724,0.28852987161241284,0.16227472297942633,-0.3735391125787361,-0.03371255971788995,-0.019851983993807637,-0.10386242617595916,-0.04737998469456297,0.1517902739809712,0.10836057370070011,0.052560302993650214,-0.20771860866276382,-0.02867065854452333,-0.089654161135498,0.4374428847748048,0.16657353122712915,0.036244133622515586,0.06817723973304099,0.522210030402797,-0.026623774196795034,0.0986605198146441,0.07514918513706804,0.277725056568267,0.058379196181119926,-0.4471895746521051,-0.0709033531393879,-0.1027618396306862,-0.08546226365166674,0.5571838168887806,0.22469785203415663,-0.16970043714718433
2026-07-17,0.15693450460854713,-0.10293720511244486,-0.006136102548005366,0.017473149670625385,2.9207362842649867e-05,-0.08760311116194601,0.07639771413319597,0.040734002069501965,0.13341798700098803,0.1047379821147706,-0.02351188356795869,0.007823332732537252,-0.04236779378165931,0.06181537331324581,-0.14603467691903332,-0.01276200032012296,-0.06133145453535342,0.13944760707708037,0.05202404054394061,-0.006197176689523796,-0.00584891776671837,-0.004145896995561468,-0.140504734721184,-0.01685280577700208,-0.20353756177932825,-0.0026140226356927507,-0.047354754126597565,0.0977569486441056,0.020631828814919304,0.12282499660917083,0.021706263329760764,0.00536525450968636,0.041524915365257375,0.15986354783533993,0.08856111358555672,-0.02891922979507286,-0.10177657834163205,-0.11205258286522772,-0.17837676051483828,-0.012179572039907638,-0.11055717383014702,0.022849710653607164,0.0417634694762979,0.06438375192319629,-0.11054904793649625,0.05960808328490271,-0.04226279918439646,-0.10949469850109306,0.031823778770390346,-0.04236694896071303,-0.031104667273223037,0.03139036169252355,0.09665265515609366,0.041465560170866805,-0.00020374986720581197,0.0024535286176951424,0.13519441528554438,-0.043062868381020414,0.12658076054286505,-0.14701455604538372,0.18163331151644718,0.012147930806855079,-0.11481876792641398,0.06475563892156846,-0.08615090048628914,-0.08027897529972516,-0.044428661485314755,-0.16233991367876438,0.15081927248504756,0.12892626036672303,-0.1908021978734168,-0.12541353439303365,0.05907614594526235,0.02569435756957604,-0.0296454047667185,0.08734804822442419,-0.08596277042959079,0.04666740966319928,-0.15356850542239683,-0.012747669486443033,-0.015190406492893908,0.2739657547155788,0.08047724170796469,0.07709270067706411,-0.05071090165557546,0.22780411285148852,0.1356108229958353,0.07236728349357609,-0.021513699135818576,0.19086568572106827,0.0966828118906737,-0.238529603928989,-0.06365252601232162,-0.0027483265124708597,0.08523707879589952,0.4540532012336062,0.13611254015040938,-0.13240935766665704
2026-07-20,0.15137163057703118,-0.11465456385593578,0.007040797761329757,0.016974266624795058,0.003022481024036415,-0.05718865449059658,0.0401895221728723,0.03403521137418965,0.1586625123240603,0.08067728289253212,-0.023051206722439578,0.005770425137980519,-0.036091857033876004,0.0566262547798978,-0.13265779969541155,-0.012557808305689458,-0.058558847095263725,0.14021344614336276,0.04978519788861019,-0.028743383314033123,-0.004374102344065954,-0.00468264374231964,-0.12714592234785713,-0.02599983558338772,-0.16070492865478403,-0.03290732159965941,-0.03979303263716704,0.08023306859746619,0.01665734827123479,0.11973985071551634,0.01159067939041585,-0.010236125351438854,0.04245279686815264,0.16915121449986914,0.056930069496047724,-0.033947062065686665,-0.09331851865315353,-0.06703717392910723,-0.13141559612000664,-0.009921009433984046,-0.11142949207191302,0.031052681708037613,0.03602649731263925,0.09035606048239482,-0.13052829432309349,0.016586273315533244,-0.06268431614993993,-0.09395601654259489,0.01611616170026607,0.00099551968072948,-0.0020940042068703715,0.012586004906047523,0.1067099786482864,0.05323204575360713,-0.025742895697767942,0.017548384765973826,0.07866203515435216,-0.05056829784410999,0.10853534164256605,-0.11245828462873382,0.1797773246881666,0.008801417017814669,-0.009546486775093494,0.048975183177658574,-0.0824069765356232,-0.09805358946153256,-0.04498475084467519,-0.13458100469414472,0.13343402943237656,0.13131233608753404,-0.15706826670250626,-0.13876907765735516,0.07082846918812657,0.07086334792837055,-0.006433858411971348,0.0897655515132241,-0.09983248687960387,0.007033520484680596,-0.14470433708690006,-0.0020094655524276004,-0.034428457217658914,0.22536714194284999,0.042386444368348736,0.06845754304042066,-0.0460116496013159,0.17882620443464628,0.16187561406327297,0.051045734168400095,-0.021475959567616755,0.1298794682074679,0.12093459841777984,-0.16671463498470804,-0.061050597625224634,0.022980561829895784,0.12250940439773322,0.41703592539819345,0.08206578553686344,-0.13116605289441424
2026-07-21,0.13635724647595784,-0.10532491301517938,0.0034150443271656486,0.014985991845937869,0.004525944749129109,-0.040844403192961135,0.03990930907685926,0.03687274965784155,0.15304311736990975,0.07536852054563287,-0.02632261279058383,0.0038026942572002877,-0.03267942416438277,0.05476133161643027,-0.1303825643134531,-0.012664747564743348,-0.05028865874869454,0.1299098108548732,0.04687263545525542,-0.025206156611272,-0.0025740135880908312,-0.00987427918602843,-0.11091603044746853,-0.027027723697946378,-0.14366506330304174,-0.034468530024988446,-0.023753162628366527,0.07021551028902184,0.007228667550513499,0.1121619287966973,0.0047285519596292885,-0.009905405890578279,0.034440679737140295,0.1556691360674637,0.04771653003619911,-0.026975907055417372,-0.066201596986756,-0.05901386858214622,-0.11132532962366778,-0.02028872589125369,-0.1027553979949672,0.026265511687127006,0.03201299279753426,0.0733067244336692,-0.11051266016206138,0.004693303587095897,-0.0700349720938703,-0.08336421304454708,0.0032209740134271836,-0.00022663044718543128,0.0015506012121899553,0.012858083280466379,0.0816672687421474,0.051392079687929144,-0.020970489456338927,0.007744799001436263,0.07182559777552706,-0.04760434795058355,0.09653276679665529,-0.09197160054569212,0.1710990697980853,0.007957221855363582,0.0019903154733064594,0.04125056205916156,-0.05449548746025351,-0.09116046465064352,-0.04370288178587669,-0.118312800352264,0.11885477948489255,0.12448109335086083,-0.14727616158751575,-0.11990172809810827,0.07283202958080424,0.07767090078278807,0.00011108077546104732,0.08392646098873381,-0.10993832986872855,0.008484771432902551,-0.13782006181532538,-0.0035998927655121297,-0.024685331569424138,0.18825685024020916,0.039666282219788025,0.064922084447177,-0.035140580668198175,0.15579832570631594,0.16336874081881653,0.051514317952319096,-0.02964046712465885,0.11877949174644602,0.11135543763331233,-0.13606736995608146,-0.05455541381440604,0.036917459535683976,0.1345668063981121,0.38616113295532,0.07424627269735638,-0.12582719109801688
2026-07-22,0.20324671967759944,-0.13673531847802478,0.024500279055672407,0.0299166820557119,-0.021782156486109337,-0.07211192158846869,0.013299347705752355,0.020941955813838686,0.2474600228771689,0.08611931880095348,-0.0028777948733551186,0.011119607779171379,-0.04386287034030864,0.04396313263518192,-0.12693018617589266,-0.03172842541092158,-0.13331981933551093,0.14291241204186197,0.08873641217179827,-0.05864293336699915,-0.020573533405533015,-0.030315531088791592,-0.16013394192456856,0.01863309127772355,-0.23149135134769866,-0.012232447845549133,-0.10184092270503967,0.12036701916693289,0.06348138363917798,0.12098238664281044,0.046115525595398985,0.015350288820893822,0.0519679517526411,0.2367618656722409,0.08971073638746291,-0.10132170406387145,-0.24708515636494266,-0.07224391419875355,-0.23894275649604124,0.011613661328086871,-0.20709092019415568,0.05814917959026321,0.04616392643808317,0.19434860783794358,-0.1916180221607129,0.05839416778550445,0.0005165886883115763,-0.15848946930745075,0.1677441559915692,0.01648056226148759,-0.019400016138054636,0.030582876157070067,0.2690522800293879,0.02309706707251391,-0.07153877728811174,0.06708987103993885,0.06588278734348768,-0.036306814698791504,0.10800425424309296,-0.1613429278775491,0.17145343197612342,0.03752756738786756,-0.006641519767851328,0.020301916650612616,-0.20521688391487988,-0.1599702171848586,-0.09342963649242496,-0.23177044206459219,0.20034244304268675,0.1494482960054343,-0.15995355486091206,-0.184561425478927,0.003959540569786968,0.024547092857900146,0.021741504994192674,0.1858863633125324,-0.02227325036956687,0.025413461038235233,-0.1585263877700569,-0.0026954472080892196,-0.05181317858954916,0.40363309968298533,0.054529435907441325,0.09212610260695323,-0.023048290232834744,0.2991339995254693,0.14432679309728455,0.058363663991269916,0.020191481913853185,0.12858205341057882,0.149666647858572,-0.3637002374745164,-0.11608345456149251,-0.06047844117631708,0.06840963594184392,0.5671102798273037,0.061344573586112436,-0.1506235102536979
2026-07-23,0.1962014047674856,-0.13331137818707892,0.03208427109889306,0.03206021931265275,-0.02670322037878147,-0.05775233886982668,0.007651659050633388,0.0177003675743689,0.25570862964565033,0.0861901961806456,-0.0023145368795677267,0.0036341635824404424,-0.03879781515445441,0.0392280366596711,-0.11944160346644282,-0.03509905460294433,-0.172917818238662,0.15751154780576543,0.08306307459277736,-0.05580115232047771,-0.030793032088443147,-0.039616321534040363,-0.1657644589682226,0.03959023479755025,-0.2417412509760576,-0.010093731591872818,-0.1256153224580238,0.12129805644534077,0.0704809057474329,0.13948747881688886,0.04755319788059447,0.012166821817171658,0.06432227029826314,0.23724728725332617,0.13692993787941793,-0.1406901860358127,-0.26562213097571913,-0.07128191128644751,-0.27531670008845166,0.022655302776371698,-0.22120601851606747,0.03803906557872707,0.0573751717242675,0.2166360424043337,-0.1830413692343,0.04719881504757998,-0.003050590948058535,-0.1613805808136367,0.22412374132860224,0.030489157824376563,-0.023570350514403336,0.024588035142370963,0.3110385813880148,0.004991778338475479,-0.0771826855502095,0.08437418002100418,0.04883478783622895,-0.04455683673636326,0.09357286210553474,-0.15214239571558927,0.17880070378945273,0.025156894378684947,0.0016788447641361611,0.004032004203031363,-0.2571310899226819,-0.13824197084888726,-0.10434961625124373,-0.2393664057263333,0.19550959147659666,0.145383798552812,-0.15554147855491102,-0.15720627825159372,-0.0015386775766510433,0.0381608039337225,0.032948464310151415,0.18003898155989564,-0.025933137673255502,0.030420565149171477,-0.15828499212954394,0.006883009731354816,-0.04700977926015491,0.44605435925607956,0.035257441214715024,0.0979746604194308,-0.04380740722197958,0.3173426878443398,0.12387526659678014,0.07904019924313671,0.025816563978662315,0.12285447337073586,0.15289403401076337,-0.39085073280365,-0.10620070806939345,-0.07951391045966862,0.056743206068769085,0.5928472905486291,0.05950367212283955,-0.1534638223668452
2026-07-24,0.0974561034766196,-0.11453517126810989,0.018042711867006858,0.014208841093643494,0.01595728184481992,-0.006953160907030338,0.018734257014898677,0.05246102615529098,0.1834761174442787,0.058456403057590076,-0.03842446364124998,0.004113021802505512,-0.02720173083974678,0.038697537421259254,-0.12237439753677896,-0.006056322468245579,-0.058238073358091044,0.11313543142723236,0.040909788292248776,-0.004563205521444139,-0.01924721296093855,-0.05180923666006709,-0.09298027525678583,-0.030051892302003176,-0.11696050097786596,-0.03507404640842447,-0.006290989309968261,0.05116596458275908,0.013774369262029271,0.09619831694525942,-0.003500649807206902,0.0017194072245296631,0.039255950542300036,0.13145928934951415,0.04914404287446337,-0.02027667110326442,-0.05185224395645647,-0.02244179627775736,-0.1009466335100687,-0.0159828147975834,-0.08640773625472448,0.029966547687526886,0.04058454374123217,0.04156362538343565,-0.08160563197138644,-0.059542913379491566,-0.07153302894802281,-0.06496535661529862,0.024935598695496976,0.0015974971789575135,0.0064064478152488285,0.01366393329472867,0.07394530028788904,0.04948653890290693,-0.014153206543950638,-0.007518215839844326,0.10510348972227557,-0.06827501837123535,0.07280259254557783,-0.0627539097921835,0.1549635708561696,-0.008714176363381858,0.03185372448525678,-0.0010009937059064344,-0.02921675237196769,-0.09108282364977503,-0.05700835325991792,-0.08481402039123125,0.11656193171917001,0.10175625630679358,-0.12099641735504806,-0.0844099411990835,0.05667250329488125,0.07999565851921181,-0.003101292923354657,0.09020782622369346,-0.11246184883308313,-0.0013469268863030466,-0.12495620803865144,0.003667016214961051,-0.017404424137731023,0.15371997277115412,0.012212076567811647,0.05666611857398618,0.026514337507926422,0.12129701713663074,0.17819097213716292,0.04276319599527363,-0.04803295171853234,0.09953729316564718,0.1163795775004146,-0.07701277033690977,-0.025777742099636382,0.05737950062550386,0.14456288079760124,0.30665830120413906,0.02008740810655444,-0.12021496678773032
2026-07-27,0.12779101731480733,-0.12953861527143382,0.022674293050790204,0.017404894149839437,0.0067281626806748145,-0.016941600317124557,0.014629066291688963,0.07280840968622738,0.19932824924501566,0.059577074598032416,-0.03640445020115735,0.005052123392710119,-0.030038443131337335,0.03925607082267529,-0.1342706771392499,0.004809431993529157,-0.08051774249540043,0.11650497422691208,0.07091378245829062,-0.011899731179243455,-0.028107509413966565,-0.04382694327110709,-0.1265423814224327,-0.01777778131639316,-0.15173214470825264,-0.03907730945264274,-0.05607690529191808,0.06706690479902924,0.024833960244353335,0.1095541667933253,0.01075984184250262,-0.005411060440071841,0.07520494440347096,0.153861895243343,0.08332064706805772,-0.04820891930691079,-0.09707245852322816,-0.01567661236993674,-0.1313937716528521,-0.011550397463715134,-0.1140644929105418,0.017464634708536445,0.038669346868843685,0.093110354172557,-0.12499568559933859,-0.0532680994195352,-0.048123404790659324,-0.05766416456769871,0.04336814437853597,0.012687034898682234,0.029498562893317377,0.010477158996709037,0.12870922705716686,0.04319516149935716,-0.0031922856958158004,0.03418676360734276,0.08156967540874148,-0.08128384442819296,0.06859534854926531,-0.10057219392851047,0.17226910034756773,-0.014834418492790118,0.02600078185068897,0.010568844920440145,-0.07891368172416449,-0.11880782098370042,-0.06847053276748213,-0.10964577180871261,0.1402569796707207,0.10918590673796005,-0.1362750920844773,-0.12691924003051377,0.035832414965636696,0.07693229767235932,-0.00699313303290768,0.12190164838285023,-0.10578564031190173,-0.0018694920405042705,-0.13116461495393847,-0.0004511292526548222,-0.03187400006880385,0.23730811629788376,0.020185752508179472,0.08132700062991999,-0.029017651925912748,0.16129669509938882,0.19149747024414898,0.036000642117855086,-0.04084562324496234,0.11651911447033621,0.12667386836121378,-0.16625549226472122,-0.039394793888657034,0.028259296254639757,0.1527807072394506,0.36703949012307885,0.027518469513169413,-0.12021816616634691
2026-07-28,0.17297037330706105,-0.11850001536470074,-0.005355996208927474,0.022494068817804743,-0.011789187368556922,-0.027934513759930363,0.03655442457625403,0.06927147778386623,0.2167036966048757,0.04284056892868186,-0.016605589793083478,-0.003906381225005744,-0.03195377613007479,0.052751137719872866,-0.1507001964305263,-0.0035562653602305063,-0.09915865451808814,0.12447250014549538,0.1607434356817949,-0.05546783543417895,-0.044263578934939166,-0.03385564791075227,-0.16388903216567793,0.03935470062388036,-0.19373144687882105,-0.05690060831985204,-0.10078242136422223,0.06801512351838299,0.01127510627814044,0.14285984763574888,0.039084338899374606,-0.017233409451830543,0.08264329596731149,0.18817707650573387,0.141165166743946,-0.11306569135869944,-0.15923195638462112,-0.03327981706838021,-0.18480400482783177,-0.016651171392042495,-0.16001014928753954,-0.0016956697767181363,0.05879490739487297,0.2061248707164659,-0.14629233805702177,-0.029052502607012795,-0.007583695211880017,-0.05067283402102323,0.09011323765341278,0.01752404821124152,0.030805949154273357,0.021069060452223867,0.21215911473276808,0.01250204617333158,-0.02311166008843242,0.07790687011291313,0.03524558499854272,-0.07614350669884822,0.05033770714148986,-0.12976030308721803,0.19282094776952227,-0.01892276490457165,0.015698058684951822,-7.516806877371981e-05,-0.16803233959614805,-0.13423326598123367,-0.09906548414440293,-0.16191510596441747,0.17163941985950362,0.1335687832527955,-0.14742071422027384,-0.18899685550804013,0.034598591351735514,0.07358781943018824,0.02081352711993802,0.18585335312589546,-0.06788682057000901,0.04892644544958009,-0.13983936314869744,-0.018994705811251907,-0.04518833751126412,0.41016513317835074,0.02379129517927598,0.10719059556328946,-0.12946493056632616,0.23623406619122528,0.1520707212899336,0.025928617365890867,0.002532127835050392,0.1249210498462647,0.1266659665137988,-0.3534984218544843,-0.10266603907154648,-0.04776852077281083,0.16042978689242293,0.48943583302368937,0.06085506747533119,-0.13077824869747523
2026-07-29,0.18083130472892836,-0.1223412132398939,-0.005583369887971678,0.023989703211258782,-0.015164656664339788,-0.016229962263113275,0.029731804043396287,0.07194599088442014,0.22281232406924847,0.024942134816339133,-0.01548648993050753,0.0012890556871177367,-0.03918522930921319,0.05087641388191973,-0.1436564669379731,0.004020491420205709,-0.09645854460965855,0.12356108087732146,0.18307338273830676,-0.06487738986140194,-0.05309073148993315,-0.043681374711073834,-0.1693579628140246,0.039271793382900835,-0.19389328413760187,-0.061479445741376065,-0.11970052498236365,0.07081124172784078,0.02680020201734773,0.1478655849171045,0.053587487418766566,-0.0010611811696330017,0.09420665137434363,0.19118217762796236,0.1533651754481683,-0.12912882044632332,-0.1816446891737144,-0.02626180088624678,-0.19697320081377612,-0.009806690178192997,-0.1852498157702326,-0.001780758294961899,0.05546166636454892,0.221911512726705,-0.1782745964108691,-0.03581851052586764,-0.008498178568422396,-0.07226573622110904,0.11987977742936591,0.02222073655671488,0.02637714483661048,0.0223257365396899,0.24446841903789227,0.006625242624464718,-0.016878027309921134,0.0930101676334287,0.01005652044314377,-0.05686325579337689,0.03224598242108802,-0.12361483224353627,0.19835777750142985,-0.01843446420356277,0.025869817205503687,-0.005949604531264583,-0.19543153829172472,-0.1422796613608242,-0.1011078451410711,-0.18716141937743166,0.16856980472935515,0.1382698916402944,-0.14721292494716015,-0.18097231445568626,0.036489126862558216,0.0667636656744827,0.03506401634315669,0.21224915121267787,-0.08113458900872184,0.04133026738372012,-0.1362029451427369,-0.015235810596213201,-0.04004064496501194,0.4284793663202202,0.05207783171772162,0.1086141562988507,-0.16331514001577055,0.23341293328695611,0.1562343137713085,0.045787886268518894,0.003848747735075252,0.12067880205538072,0.12503021671743647,-0.3791982952037798,-0.11267200576119449,-0.05804273749372302,0.17187026779104325,0.5103447545691692,0.05351892252302669,-0.13290994361192887
2026-07-30,0.2166939147087468,-0.02855876240030293,-0.023399626186835477,0.02510416218751519,0.007161677523220346,-0.13268909123832934,0.021294490198480634,0.05181372135243646,0.2726250635741295,-0.10981323725319732,-0.020570009967917677,0.020175645008985665,0.04972772424239695,0.09066861708804186,-0.15718894407441228,0.03781712823103008,-0.13240667367396414,0.2857897699108375,0.02805767165314322,-0.11527233043342557,-0.05536184468242532,-0.008685855340197618,-0.21188677787428375,0.11307790093611901,-0.15669731190387418,-0.08547696658526334,-0.11661789944897814,0.03841003558046149,-0.09314938784808348,0.32237792908953794,0.024719273011033605,-0.1224804398474512,0.15534998064157732,0.2168314749112412,0.08001371111832674,-0.2572880123987366,-0.1122865400290512,0.06790335835104912,-0.12187031574662914,-0.10507456910110975,-0.23848509412605168,-0.06540976695276794,0.1238682263638215,0.3475072731067635,-0.05309332401961399,-0.2181857996006978,0.029519340376603406,0.05392785851783147,0.11515455990304775,0.01747621152285821,0.052922015442611235,-0.0050338859499087455,0.26596704500776996,-0.00026252383158536716,-0.04843789441030565,0.28234682951373025,-0.19649955029033944,-0.09462720965957562,-0.057827031986337374,-0.141332212532823,0.2930126129788567,-0.08102395414482047,0.22740359216191286,-0.09737062695324042,-0.34783935226416224,-0.1314486404654908,-0.22912160814625887,-0.0414585098472797,0.09441827030476088,0.18422525824604366,-0.11996349892554285,-0.1133570699530226,0.06262872908604088,0.19353546255246498,0.09799623562241072,0.005631175816946324,-0.07000406402489143,0.05305167838656363,-0.059059965467878145,-0.02076547400154672,-0.19883492311864062,0.5519062102679342,-0.006106614497583781,0.1312152962461615,-0.41687114969841926,0.2335860641351336,0.29771348748082627,-0.006345354211007735,0.07051572272594266,0.19259362049004625,0.06356156640923556,-0.48925989014850185,-0.1046775018816988,-0.21807328274704138,0.3189407236107985,0.6492215911474215,0.07651012112294597,-0.1744196579742915
2026-07-31,0.1300868374950104,-0.06237338483688033,0.0038538192300270214,0.008625141054539764,0.015391087658479123,-0.07242956661110346,-0.00998650976960073,0.03182710177456773,0.21924857308079143,0.026967275931881148,-0.04078406436186673,-0.004514279431929093,-0.026518562371435572,0.08621395399107142,-0.15179393638315034,0.022093611633547887,-0.024734730527728607,0.13900028150039842,-0.01282980784917668,0.00690534517279834,-0.018680930398720208,0.001825667822207857,-0.14098313361454712,0.020483378645401427,-0.09730040290031348,-0.028912074302075694,0.0020682543429075845,0.0735469661954091,-0.051462816515240026,0.14901142547951873,-0.010814476305691047,-0.02800370868199581,0.05446261857776786,0.15541070914663196,0.026807354189972085,-0.08295463050061223,-0.04220372779573283,-0.009389427616138918,-0.07275764947617981,-0.11242184870758269,-0.10203538381211469,-0.019063217870615976,0.051034606855839444,0.07795960183913342,-0.060848324495865885,-0.08367869692366946,-0.0436693503413068,-0.03520751084936976,0.03560467178086556,0.013732186891955926,0.05718946345062649,-0.009202448226369687,0.060327639441093095,0.08385379352312433,-0.08093702913791614,0.055670461377106774,0.03198820447229728,-0.05696366753962458,0.07687451507667199,-0.09673245267107188,0.20543159624694937,-0.0979582629158099,0.07042746648107105,-0.03555307315596945,-0.07679946888675915,-0.10175692957734844,-0.06875474327600767,-0.0603856517094241,0.11046257695870389,0.14038194269848991,-0.1021004616369586,-0.08260860439561069,0.0888589542771462,0.11745961602068103,0.00025204026242896076,-6.109450074159688e-05,-0.04748655010851418,-0.04784260586529019,-0.11044323718902914,0.014795110562668995,-0.042727623598815025,0.22939771529639943,-0.011283652964871363,0.07710266013947192,-0.079602000250148,0.1466864671196125,0.23730622994974135,0.03502943837070191,-0.015251343777591036,0.12175396955751956,0.09873727745496011,-0.15055140942684198,-0.010801905536228085,-0.014752375465177223,0.1783210350768077,0.3715049901550627,0.028285754302038967,-0.14335064349933727
