date,SMALL LoBM,ME1 BM2,ME1 BM3,ME1 BM4,ME1 BM5,ME1 BM6,ME1 BM7,ME1 BM8,ME1 BM9,SMALL HiBM,ME2 BM1,ME2 BM2,ME2 BM3,ME2 BM4,ME2 BM5,ME2 BM6,ME2 BM7,ME2 BM8,ME2 BM9,ME2 BM10,ME3 BM1,ME3 BM2,ME3 BM3,ME3 BM4,ME3 BM5,ME3 BM6,ME3 BM7,ME3 BM8,ME3 BM9,ME3 BM10,ME4 BM1,ME4 BM2,ME4 BM3,ME4 BM4,ME4 BM5,ME4 BM6,ME4 BM7,ME4 BM8,ME4 BM9,ME4 BM10,ME5 BM1,ME5 BM2,ME5 BM3,ME5 BM4,ME5 BM5,ME5 BM6,ME5 BM7,ME5 BM8,ME5 BM9,ME5 BM10,ME6 BM1,ME6 BM2,ME6 BM3,ME6 BM4,ME6 BM5,ME6 BM6,ME6 BM7,ME6 BM8,ME6 BM9,ME6 BM10,ME7 BM1,ME7 BM2,ME7 BM3,ME7 BM4,ME7 BM5,ME7 BM6,ME7 BM7,ME7 BM8,ME7 BM9,ME7 BM10,ME8 BM1,ME8 BM2,ME8 BM3,ME8 BM4,ME8 BM5,ME8 BM6,ME8 BM7,ME8 BM8,ME8 BM9,ME8 BM10,ME9 BM1,ME9 BM2,ME9 BM3,ME9 BM4,ME9 BM5,ME9 BM6,ME9 BM7,ME9 BM8,ME9 BM9,BIG LoBM,ME10 BM2,ME10 BM3,ME10 BM4,ME10 BM5,ME10 BM6,ME10 BM7,ME10 BM8,ME10 BM9
2026-01-02,-0.008275104410222384,-0.0596376997458182,0.017726735215445395,-0.017121310730259943,-0.02179007819200804,0.07280004684476128,0.03158900455999415,0.049179214226793916,0.12385658282576953,0.14474336428800144,-0.03044399581841828,-0.022509924704741655,-0.03132957658851575,-0.03547091939018938,-0.002275220848469848,-0.03564136692999053,0.001417908087825744,-0.0278256070686331,0.07685694699265214,0.028195203354780783,0.03734056779624174,0.009655043562746633,-0.09522324258811578,0.04366607815597837,-0.03474178787743616,-0.03973986007377764,0.05594899292522368,0.03384990557155784,0.04318913914223838,-0.11438146389189512,0.058869571568064015,-0.003953397378680227,0.021552003844116787,-0.0006345756309221445,-0.09873579899049412,0.03085292091334549,0.02862145698251601,0.034095390093981645,-0.02266782477396126,-0.0999257597971887,-0.05490405604720272,-0.06953768849185411,-0.041879334744985224,-0.03272393233839718,-0.0022690792168653887,0.01370722912172947,-0.059110842689265336,0.06911313858400753,-0.006599170357944438,0.01761610130539325,-0.05184892976454741,-0.05697624268224298,-0.023696738143023477,-0.05504107971076713,-0.010450917019757535,0.012313289725149884,0.05006528365502882,0.002185627584567234,0.014921905216148798,-0.12130121915211557,0.007451522177665738,0.04840515163760262,0.033357417258545616,0.07132582271063338,0.03655028547153533,-0.05435294123308329,0.018821006241367004,-0.04358443177450449,-0.022715030735269745,0.18800059462161137,-0.00030243235547248656,-0.027907062669756642,-0.020513850138669437,-0.026403590150676504,0.09220134080228362,0.05699043060315511,-0.046822485794705423,-0.08448468069896212,0.02860936997605206,-0.10348522183777997,0.08440170531045714,0.01727844679273141,0.00654035770531223,0.19029854259383697,-0.01588263098459501,0.1051882961667684,0.10975475497898118,0.01826170583098282,0.02321191872914822,0.11939009406309595,0.14378106473045038,0.06455753939273187,0.00016289427534159177,0.1143871522391216,-0.023847628635818838,0.20955070304972273,0.0353717780259487,-0.08881281473114237
2026-01-05,-0.009307843197819356,-0.06008220738876026,0.014483138980243167,-0.01737477993427504,-0.021825367931742286,0.07268927702674934,0.031706291097652974,0.04902657587523615,0.12472644698152917,0.1431839607646979,-0.030541327458757775,-0.0224797949910236,-0.031222688456765527,-0.03455077461554795,-0.00048622966102065783,-0.03462885376933083,0.002797727452507502,-0.02543362106702736,0.07814848576054516,0.02803387608077454,0.03845642043795003,0.008392167288653982,-0.09378148139049935,0.043509924155127985,-0.03479780049059721,-0.04057850574576541,0.057193285265041326,0.03312415559428801,0.04306287257393093,-0.11495657368076105,0.05972243185276396,-0.004142590176028556,0.023378244624183954,-0.00043880529638682525,-0.09827228890043775,0.030816259893961306,0.02960765093036411,0.03277330735553809,-0.023225377506234518,-0.10052296779209127,-0.05499399763545254,-0.06921871478155381,-0.042018741755001254,-0.03208426765916418,-0.002907501735399982,0.014248738413909038,-0.059271568831694016,0.06770864796218383,-0.008376970591825334,0.018927644615098722,-0.052196318688185396,-0.0581467336511213,-0.025415368486924515,-0.05600672671123946,-0.010251803127124924,0.01161351806276151,0.04966832313379217,0.0015921312787589483,0.014212106626424574,-0.12084108495767605,0.00780288930400186,0.04868433782624035,0.03180803921586744,0.07177457986674946,0.036561837622352586,-0.0561102868629938,0.018829173872979027,-0.04295847485554552,-0.022816470339701314,0.18774178481666912,-0.00027766917610984494,-0.02826761097355944,-0.02115962301613672,-0.02634158519037058,0.09280774780843719,0.05717415838482697,-0.04728419657247944,-0.08318497689898116,0.028103122818446936,-0.10348172540773955,0.0853372093487916,0.018740975957027037,0.007684405214863662,0.19030964557853075,-0.015376654786116726,0.10387621740975092,0.10856967679845496,0.018605445967481413,0.023282501043234947,0.12140810806593043,0.14416147558930492,0.06476922469141917,0.0010223328310270275,0.11352076897290217,-0.02416061797566841,0.21005402890658767,0.03476411849887019,-0.08839784637677849
2026-01-06,-0.00965312638322075,-0.06026935188263885,0.013282669709286637,-0.015649832928918132,-0.02273143565473596,0.0707436111735691,0.032413700051196266,0.048265060373375905,0.12562856676827386,0.1431160076903391,-0.032358393022432506,-0.022738815331881865,-0.030817865993315145,-0.033609600800883106,0.00036309121077490736,-0.03287149837099598,0.00411053247046907,-0.025913369562933587,0.07852104028736545,0.02923172770903916,0.03653437616117105,0.009227366758635608,-0.0926483121326111,0.04483124596630635,-0.03479873698145733,-0.04156323839926976,0.05435181386432558,0.03507483360595627,0.04181875190560538,-0.1156155370293528,0.06069693868682529,-0.004322174472992721,0.02349866721487408,-0.0007299122134380685,-0.10114979305655727,0.02784491422950955,0.029732840372932022,0.031826902048060046,-0.023838345692908443,-0.0977425778269921,-0.05472422750526812,-0.07055231970604467,-0.039047093519569434,-0.03210858126838992,-0.0023858808484482352,0.015587732266008904,-0.05948012604655338,0.07131653356441219,-0.008772390283770559,0.02120211564977693,-0.05453627322905019,-0.05658237286951803,-0.026190870364652702,-0.057943418713343575,-0.013220377098745873,0.012108659174750557,0.0495545289780512,0.0019516398439721958,0.013438301098508965,-0.12129077067534803,0.007566509854158906,0.04814539706368784,0.030925120462058912,0.07190553834105769,0.036218792278186626,-0.05752075862635418,0.016986493148447364,-0.04174328013670051,-0.019614979906675815,0.1883544104067961,0.0007052678793576846,-0.029225213366843028,-0.02063149742948222,-0.025549512524211504,0.09322658812619736,0.059722584126283826,-0.050254062848554173,-0.08085594012838383,0.028170419685020265,-0.10305022590420668,0.08787973835674949,0.016138768968918853,0.006948547986342975,0.19439088391468695,-0.016225037042042867,0.10582160855405108,0.10539428885460005,0.020474372149918492,0.021792862666351782,0.12175713562456074,0.1444023334850395,0.06461057416425582,-0.0011840785411656,0.1145483272001961,-0.024874169687466766,0.20874740179308418,0.034356799702018,-0.08887955761707288
2026-01-07,-0.011237377965288555,-0.06456702134918746,0.018730058873127974,-0.016406779968521232,-0.02811777213377112,0.07008004310467283,0.025180498837579855,0.05103227872387354,0.13485421284278767,0.15187668635344384,-0.027389276833735945,-0.02364080997706463,-0.03298743738027391,-0.03586140138064062,0.0019280569881048072,-0.03505180503070299,0.006585568111371459,-0.0370767841122023,0.08721939909127417,0.03552468747940264,0.04441244656601554,0.014072146393175847,-0.10513735135915792,0.05226998350691236,-0.04262992933840849,-0.04203278814590537,0.06505031327823371,0.04176529377536312,0.051190887219447714,-0.12759716782834482,0.06975363479152963,-0.003257327832650503,0.025710519518545756,0.000830449408869777,-0.11781688886289592,0.036388535397509976,0.029095435598689504,0.0325435228485336,-0.020061841297089003,-0.10439776863828305,-0.0660486892797093,-0.07710772443303976,-0.035490933677706255,-0.03853928945316067,-0.00420592395236956,0.022135118995306638,-0.07501324079376966,0.08165352359972014,-0.00834120832358933,0.0204038810383766,-0.07184333833220924,-0.05970416271728948,-0.031974534993198696,-0.06583742647948655,-0.005476381670638785,0.007557676132038264,0.057380237952932824,0.011406725682926513,0.014567641554559821,-0.127238453758928,0.003304601064319528,0.05864587800190208,0.045197952040348606,0.08882838892365275,0.03544025932563764,-0.06184596969117544,0.03274778709920774,-0.04552234344764843,-0.017403698574799426,0.19416998932370005,0.0002794177621074489,-0.041178181437373375,-0.02823153566419047,-0.030959339721715787,0.10099970920051239,0.05488106225100324,-0.06338876240044147,-0.09362633464389594,0.030140422986787048,-0.11306382727630271,0.09669208421545783,0.010510647585851983,0.0029116413908255563,0.21820735008268424,-0.040558799255694084,0.10629523930795975,0.10536775744366363,0.010721403197240272,0.021438077478972445,0.13491877171745192,0.16572089881264188,0.06453399666762104,-0.015441558350868799,0.12472609389800614,-0.044877092372180044,0.22906500835210594,0.03199240312081343,-0.09075002477929543
2026-01-08,-0.00021300305855045248,-0.06414880908837989,0.019540941104066234,-0.017477954151160123,-0.029733931580477546,0.07508589524477755,0.028990836134533744,0.04594651463461261,0.14380660987773647,0.14876195357404934,-0.029337136905705226,-0.020846235103332236,-0.033823927596762775,-0.033471623552841584,0.004199327366876264,-0.037501074857023614,0.009023103202899493,-0.03789839071531191,0.09043255445450787,0.02864028659767507,0.04184965279408161,0.014868900099933673,-0.10376422488460779,0.0520682165411993,-0.045472352923286816,-0.04419903930301342,0.06263146594580551,0.05027556460532836,0.04825946247609065,-0.13085415332314984,0.06369481349096529,0.004450373133557526,0.03003168115922087,0.003863997364239975,-0.11968223979598501,0.041288806464271875,0.024975200624887176,0.028053133435607606,-0.01738243517742566,-0.10878651211303532,-0.06806534131255666,-0.08005350225154208,-0.03329904728039166,-0.04219903800220289,0.001980965173829438,0.02513886475044648,-0.08352054314476987,0.07040693149715493,-0.010657702470973704,0.013255431404584076,-0.06932639974984323,-0.06350979742688857,-0.03213201515411339,-0.06734844164939674,0.00329034182693572,0.013651066039485672,0.05843586812363863,0.012672682135875041,0.021753859626149487,-0.12357527336836745,0.002606425774189224,0.06465115305001096,0.04204024524584017,0.09657018001601199,0.03053088629574177,-0.06244462014803223,0.02012214705342216,-0.04557197924350983,-0.023648014156536376,0.19670286400862264,-0.004595324235327535,-0.04011393536492758,-0.03117193666070401,-0.03608009367378133,0.10216457422140658,0.05632426230312829,-0.06467132952364325,-0.0868812588878487,0.030541603617084155,-0.10969503038194822,0.10222086394925481,0.010536352943577548,0.00971520215067273,0.20595897802810023,-0.036421692598965924,0.10044316965079372,0.1129014868173743,0.0070137386132103265,0.014059888310529773,0.13479712200343608,0.1653552068725943,0.0627427404443198,-0.01847748365167523,0.13407414215760974,-0.04274071108605854,0.22639761585765528,0.03298090772574978,-0.09198350246130578
2026-01-09,-0.0005156865732438218,-0.062009357210890764,0.012742782747536822,-0.01594766652124671,-0.02383380676771403,0.07755160077850641,0.03301574346780678,0.045950429417788936,0.13212019703035682,0.13878685899359403,-0.03380908490369464,-0.019030689099540428,-0.02988109246770832,-0.04589324443554437,0.00758549802750041,-0.03324115474890728,0.007992686349192007,-0.026670112398888397,0.08274979111079295,0.02347263417598246,0.035734409754555475,0.014308544140019619,-0.08834234135161559,0.042317385653286785,-0.037402120101926964,-0.04495932447665172,0.05239944443319707,0.041628999232821616,0.04288836394047781,-0.12166692124096253,0.05445746671823181,0.002837858287361574,0.031518490734006616,0.004140695607183702,-0.10503037900054253,0.031682235478592044,0.026645392186818093,0.027753389854077395,-0.023902937798715447,-0.10127492512547291,-0.054934175228166945,-0.07599578428644335,-0.036438747043601546,-0.03377186998311678,0.002567863780038134,0.01850978299530962,-0.0659410662810799,0.06124534688509603,-0.01006888043350831,0.018597643038045175,-0.05222518934686814,-0.06075049094088898,-0.028135342040252684,-0.061580075707330165,-0.007062122345467022,0.019094830030885857,0.05182216044322095,0.006642322770797704,0.01672736435746513,-0.11633002168664909,0.0072576419250692265,0.05510032373052941,0.027940336634196136,0.07662481905972822,0.03264177956343317,-0.05877584407449066,0.009112391230301718,-0.03954662454770994,-0.031018980700823526,0.1881823602807764,-0.002545629284180983,-0.02898247518280528,-0.022000156780670264,-0.02987405291981235,0.09772202729303626,0.062412475788429254,-0.05162149923417212,-0.07302300022246933,0.02687497464224904,-0.09922878943619202,0.08988657753339768,0.015001574275843439,0.012011932942351419,0.18242090582795506,-0.012620559715361529,0.09983600466829695,0.11013322565958913,0.01778445096342962,0.011133769375238104,0.12465866868814578,0.14370738754023404,0.06305428083670027,-0.004121497623709825,0.12332598180816531,-0.024091924883910952,0.20881515953621665,0.0351190086399362,-0.09215062671084621
2026-01-12,-0.0015872935704123285,-0.06659826993943306,0.018819421018255046,-0.016846985649112765,-0.028399284415835196,0.07840197394350526,0.02568121726179356,0.04742475038779642,0.14649144662590266,0.14586933952080192,-0.02873114322219346,-0.02061575976083751,-0.03148486277067369,-0.04971389308450703,0.010597054110172144,-0.03549331120731716,0.01103516511865713,-0.037845008640368744,0.09328168047773874,0.026960323919507284,0.04509832087923316,0.017134831231020525,-0.09828507094033426,0.05029974270138719,-0.04797277420563974,-0.04646292693389515,0.0630984679635976,0.04956249555852868,0.052429241978372294,-0.13480026919075722,0.062325030965444284,0.004369093467365713,0.03546490085823623,0.005806833487534515,-0.12359065617434457,0.04040922286831192,0.02444084443294771,0.029203749402257763,-0.019501962051365188,-0.10904003514871706,-0.06539831302118726,-0.08426679413046495,-0.03279107741370403,-0.0413878885883842,0.0023690625591120604,0.027239785829381344,-0.08528705430048776,0.06781984972426452,-0.010740457930291334,0.01785354816503546,-0.06827297775300427,-0.06390667449150436,-0.033773610139193756,-0.07127163015482343,0.002926478328737829,0.01598174976798245,0.06144275942230477,0.016839965965305872,0.01896331672758129,-0.12039387374114723,0.0025827991396544688,0.068133390461759,0.04125962839947824,0.09487223434623178,0.03236396300453227,-0.06249257911006055,0.020999105049155906,-0.041974350455992404,-0.03155618188830225,0.19377101822137976,-0.004270536244017431,-0.042393556795651564,-0.03198249861224955,-0.03695588999699253,0.10793378830449964,0.05747314894453959,-0.06338298054334075,-0.08244935224411334,0.02854724780781448,-0.1069540237756227,0.09971204427791569,0.008069892692725967,0.00938097256011962,0.2042651917506973,-0.03557422071335625,0.09693683821980612,0.11340876707334913,0.006197050734692022,0.009726659858971103,0.1365591063247084,0.1632670112628916,0.06219502507621491,-0.016811774699338734,0.13553134445764448,-0.04297591386183011,0.23005746819020267,0.031781952933579424,-0.09643359624983198
2026-01-13,-0.0003445658494165161,-0.06567311258113039,0.018596769153462617,-0.016238657164121144,-0.02822004907166655,0.07772844232605457,0.026564250474564566,0.0472063626046482,0.14951748864526496,0.14517070185471145,-0.028635643668133703,-0.021240788224231123,-0.031440231956023926,-0.04982290578964896,0.012250629217966255,-0.03409932778977457,0.011378669833557929,-0.038097184967646996,0.09445926798837097,0.026600741493381763,0.045608791882792724,0.016993844890389954,-0.09831900771180929,0.04508179719422206,-0.047614278420154525,-0.045249074339545184,0.0625855783270386,0.049229291288109135,0.051519648411118044,-0.13761251073548925,0.061269867142899136,0.003891432833097716,0.034978908642149566,0.006466277277870481,-0.12221549268389824,0.039925677931840764,0.024354408500191035,0.029307083420642817,-0.020448406117727018,-0.10881930602532797,-0.06627033106299259,-0.08465035749565569,-0.033603865084746505,-0.04062738679472515,0.0024947986389904832,0.026981264163115443,-0.08462869224875938,0.06882989700499537,-0.011526215832088836,0.018318529045152743,-0.06732396239744282,-0.06447688900734425,-0.03324320064377395,-0.07013362520664412,0.0032569251132311535,0.016769910958167166,0.062035221030109736,0.01755832833027184,0.017875402891997513,-0.12052738074506937,0.0033531619881400085,0.06861258043756019,0.04072687260658436,0.09556989494020333,0.03144163667468482,-0.062297241915399634,0.021622213405645168,-0.04278486773561147,-0.031147300903607247,0.1935114095532884,-0.005722483657601104,-0.04271128517886905,-0.03226411473159872,-0.03645135810373402,0.10830885149044395,0.05843112226092113,-0.06430648838321522,-0.08193231373343741,0.027200389019110323,-0.10542776754302895,0.09877825943252042,0.008794923704811844,0.009663970975591369,0.2045978463400389,-0.03678581573174113,0.09825942357644524,0.11166879096200208,0.006543877460814928,0.010270316490369136,0.1358316618332336,0.1636354310853596,0.06161282015013636,-0.016732568029826353,0.13548315032397634,-0.04292920760771566,0.22931962420136437,0.030710917424573533,-0.09616009197782217
2026-01-14,-0.005407347577005509,-0.06675208043101125,0.01732407552812557,-0.015744454413173514,-0.03037093671912043,0.07898203065976644,0.025402509938181515,0.04981654309422464,0.1449798728182077,0.14682428043849646,-0.027539435550007152,-0.022215997856564376,-0.028346511534147925,-0.04864822213591256,0.013826471447143586,-0.03509847862253034,0.016916212358756438,-0.03916345905037728,0.09596634566834103,0.025819829816594395,0.046421264011858095,0.019367940516010117,-0.09277972537104723,0.04392320578238858,-0.04961591071738609,-0.04553584691797961,0.05750410343402825,0.049313824243766506,0.052347359574931876,-0.13530901657833325,0.061139327377098714,0.0016985693107797618,0.035518121075680524,0.006587084729053855,-0.1144926187000124,0.039138620728231543,0.02444669175861239,0.02518053593102554,-0.021105198118744027,-0.1115728502381059,-0.06319844952099248,-0.0835185669242395,-0.0329983893044484,-0.04001225179115829,0.004945047725039972,0.0302346456546589,-0.08242606588059245,0.06933029087710973,-0.006980548990269534,0.020176845848569595,-0.06830814377432338,-0.06497096603551299,-0.03231969014473669,-0.07352396681274433,-0.0008677407149621872,0.015995703450293726,0.06083679104224958,0.016509048741824565,0.01934693250886361,-0.11811626159870907,-0.002186326948263588,0.06487117798253904,0.04247662668022848,0.09329619122145004,0.031652567745070054,-0.06327626017291006,0.020827363165245395,-0.04537003440154327,-0.03889968857882429,0.1912870073244271,-0.005626419079085681,-0.044494603248781225,-0.028283801785257308,-0.03582062230474929,0.1085044271449454,0.06038021336591873,-0.06758740158714538,-0.08100415330979976,0.025610638729390806,-0.10287440572953872,0.09788719088329763,0.011380938724160274,0.010151499879957985,0.20271408955467088,-0.037743633516475285,0.10021645053731902,0.11444804650057672,0.00850294255221657,0.012308807149410055,0.13638130166589088,0.16597173987298044,0.058384063803999485,-0.019454485558619436,0.13404735901569453,-0.04231445307506423,0.23072507149247215,0.02972397460141695,-0.09569439436298603
2026-01-15,-0.004712703330870158,-0.06694332525761432,0.019418655366227472,-0.020382739838762133,-0.029080050356360118,0.07705389080682257,0.023407877694102436,0.051262572760046386,0.1427388716894935,0.1478639698136192,-0.025889005365216537,-0.020801847514981084,-0.030256221137881394,-0.050444252638680236,0.01424938145697089,-0.035265637040531456,0.016811107343647245,-0.03925614278850262,0.09645284380200173,0.02542715149449127,0.0483337703170085,0.022390269069631846,-0.09325869982195789,0.04265615762301686,-0.05255680567988388,-0.043110592839283285,0.0585747167331418,0.05054374480599735,0.050572407449472674,-0.13485395746311252,0.05986630621437074,0.004353204667919001,0.03343676627020186,0.008003371194341222,-0.1147404768519716,0.038471793080134625,0.025652606587764432,0.02423326677010519,-0.02269572071259396,-0.1129700498788649,-0.06367495641528094,-0.08590446650849123,-0.036058906422905775,-0.03946714790313426,0.004369106167507384,0.02844612111019984,-0.08111490089758198,0.06846198286579996,-0.008664025925910349,0.016641797210779775,-0.06868092879232045,-0.06526650161929777,-0.029909797426445943,-0.07324382914119057,0.0026147752745768844,0.014885120562058648,0.060816891888129665,0.01791991596690521,0.020292872055982188,-0.11612507833672335,0.00494311861756834,0.06073388006548809,0.043010659963825276,0.09101813121332084,0.03538483699104969,-0.06218066275751963,0.020221127650134438,-0.04378091526930188,-0.036898770039421776,0.1918783049909985,-0.005213143949189914,-0.04330410115347258,-0.02883034302101639,-0.03718722643621328,0.11011753668180202,0.06165000054167426,-0.07123416911803374,-0.08080532288189142,0.024312210219578276,-0.10345062740267885,0.09747405978106022,0.01082786533256831,0.011451332486238516,0.20013945816615178,-0.040417998325486634,0.10044100806311916,0.11118062963402077,0.015003768450890458,0.014071119200860764,0.13798723707790075,0.16735243660912644,0.05495458509070425,-0.020978922160028245,0.13464051971690458,-0.044313712386052764,0.22891011702864217,0.03618658923078095,-0.0961891361102194
2026-01-16,-0.007830519495326928,-0.06879903932328248,0.025259593448687924,-0.02185599264644382,-0.032758520705762864,0.07728700243612299,0.014417608495293482,0.05291899808278393,0.15598065384025883,0.15325827032239436,-0.0192143952202128,-0.01884520273150335,-0.033201804702210805,-0.05525775438979651,0.016428375107318285,-0.04101100236747844,0.015475559734308982,-0.0506230755274513,0.10372177364411625,0.03112320885677252,0.05854895196201179,0.02390714352703404,-0.10327850277902001,0.05050750749677547,-0.06489256560096594,-0.043041302244166024,0.06943032182960296,0.06243045206341134,0.06211818116645832,-0.14660416174022436,0.06640387947228535,0.002425214140010695,0.03805985657046605,0.024682858587788018,-0.13481472586033702,0.04350863597120355,0.026439683692344257,0.021795078453211904,-0.014919469930612222,-0.12191087570659913,-0.0756573201202327,-0.09590953471568954,-0.035342858880546155,-0.05046116364172249,0.0039332992369822874,0.03991509082507997,-0.09480568742047034,0.07605387190664173,-0.006759556556517022,0.016313178985029868,-0.08819377073736179,-0.07008399327356304,-0.03661531064998342,-0.08469546070066901,0.011500906105538347,0.013645423652127762,0.06845160340368943,0.03300224035171872,0.027101407806362228,-0.11650363776399196,0.0018299933147324712,0.08134096290909411,0.056479971125639475,0.1117488316527835,0.03205856757605585,-0.06201975621979963,0.03504706914540407,-0.04788971782186427,-0.043533514978263445,0.19402354233851957,-0.005765858263286886,-0.06130212425407092,-0.03429476903040755,-0.04172223260696651,0.11992023159191778,0.05769386804956236,-0.08816742806004657,-0.08934129119233444,0.02042542625212894,-0.11055476823752318,0.10274689414815277,0.007721353333119199,0.013171374610427982,0.2215494245903425,-0.06755369349289375,0.09469985959828416,0.11031670500074693,0.005413693301922461,0.013564969562129815,0.14880613787848448,0.18485199125794036,0.05570665421651396,-0.03472814931301328,0.14206573618023055,-0.06177280476362679,0.2521873384829732,0.029683517672984293,-0.09656663129768385
2026-01-20,-0.01061771659114699,-0.06567198768206806,0.017952086202342833,-0.021914345477188735,-0.025106822071837794,0.07679450157900929,0.024623362996038296,0.051656025071803655,0.1401335409945111,0.1479684020282806,-0.022721807225203415,-0.016136205649827776,-0.03198277701886904,-0.05352959925679737,0.015428425600366804,-0.035120327928759625,0.013108650979144968,-0.041906259623436075,0.09016489732470571,0.026296405573671806,0.049531560683872516,0.021192025596073978,-0.09572903467837723,0.04678422641651459,-0.04844833903478205,-0.04397875394043336,0.059476231603973126,0.0548614125900766,0.05164813195211141,-0.13608337127571388,0.0594018897121113,0.0023860458105857026,0.03190140224168582,0.019583386271721015,-0.11395537971046425,0.033730752276082486,0.028590074035021527,0.026558250713515252,-0.023638674507933763,-0.1114490630286288,-0.060469757162011306,-0.0899460196983458,-0.040557806204324545,-0.032343072223309934,0.006323700263384023,0.030623425524377912,-0.0752249334594828,0.06930875446610768,-0.008275339466282014,0.01783344280158852,-0.07370759893119168,-0.0669783440132879,-0.03161967904580607,-0.07304812955948581,-0.001540981383530534,0.012930060682666148,0.060596098553841723,0.01813719988655807,0.02528592281327237,-0.10789064579731744,0.011505320861240722,0.06446832621373744,0.039965732472786744,0.0860173008953566,0.03428540825456411,-0.06510617886789405,0.0210059993948939,-0.04566263680108686,-0.043265185050886334,0.19121863406293027,-0.007903639588816904,-0.04536947244982165,-0.025215458815201527,-0.03460735259995301,0.10636849850402337,0.062311053065520004,-0.07967733526729545,-0.0799685814031816,0.02254192560726595,-0.10971169187900569,0.09194609277858491,0.011368000061247299,0.012868609157706965,0.1973261056810911,-0.03859686361540414,0.09990000808590536,0.1103134464530371,0.018153745828083222,0.02119344751780091,0.13963840205390618,0.16147131992257113,0.05579252089809583,-0.01992642918680894,0.12857683738952477,-0.0456410285630081,0.23315933814353668,0.03720801653000084,-0.08916975734422002
2026-01-21,-0.006028801824961913,-0.062311526528173636,0.020939639508986446,-0.022769600099731807,-0.022944543799446895,0.07894724082193441,0.03543195394439497,0.04123234680412489,0.13145459608371307,0.14104813669760138,-0.03051511713024624,-0.020003268578297262,-0.03287555780529489,-0.0471778304283297,0.007689478498548068,-0.028882949367865528,0.005511395043825902,-0.03158174643691507,0.0800786185796317,0.015196373210679633,0.050896980912588145,0.025859084440746617,-0.08384907702924535,0.03430057373587801,-0.03677417724490445,-0.04269524114775236,0.045470891547582715,0.054143575573361274,0.0421890516858689,-0.12716412302000163,0.051955456463182,-0.002158068656326095,0.023690650863232642,0.023311626730395267,-0.10230427927661077,0.021982864131819886,0.0257624279553706,0.027545698279143306,-0.021966599082860437,-0.10774948750121509,-0.0488960229486262,-0.07516272907108908,-0.044261995344683974,-0.02102771503364325,-0.004103187258351775,0.023814481741760086,-0.05775576330292337,0.0630892619830398,-0.014938980571222242,0.009192405913313773,-0.053170983485412035,-0.06031629161302522,-0.025546432292415447,-0.05734691101560892,-0.009858697383242352,0.018395012893768894,0.049299165124023756,0.012466032637639748,0.023417670505034457,-0.11273148910525714,0.014904303243438078,0.053302353570845167,0.02546997537680227,0.06707242840050978,0.042915064861680584,-0.05506149328364425,0.009645881899952405,-0.03639785821296913,-0.0406374149779043,0.18224619514143903,-0.009413799278117465,-0.038111982720425465,-0.020328491015537034,-0.03001038520507951,0.09930168750450481,0.0705644480749251,-0.05902667309671021,-0.06781784788039939,0.026952596537475594,-0.10262472073316183,0.0810777092235206,0.016593236066885935,0.0172623028244404,0.17335045699817267,-0.01828426003142171,0.10418110577180702,0.1143465595530339,0.03370975698086424,0.01832970520420176,0.11647331662528386,0.1432589959944959,0.05454946602554896,-0.011055957272229395,0.12221557188722157,-0.030047452452476982,0.21817733432608596,0.03536510429563378,-0.09189071915620307
2026-01-22,-0.006569396044818656,-0.06536765157856335,0.027516379115263744,-0.024862717568956916,-0.02811308410368131,0.07946016829617832,0.028326176938887664,0.043114247143066844,0.1449123138490827,0.14957034930818416,-0.026124406822784996,-0.02153938853612776,-0.036224022570324414,-0.05147461179330082,0.010087563122120308,-0.030947848133076203,0.007666735407150636,-0.04450432102410385,0.09173882501014291,0.019070781110902962,0.060866037749773824,0.030297972943585057,-0.09509694866409708,0.04031465277108706,-0.045797152577739156,-0.0423227352685502,0.05363096360631152,0.06250399858974298,0.05160772563854553,-0.14019849843221927,0.058814767687536046,-0.0010808230050298826,0.028273045846452224,0.03195010712750215,-0.12008498918567127,0.02906018946712323,0.024311594630695342,0.026309537682820447,-0.01728797213058931,-0.11465893812694912,-0.05961537684961675,-0.08296507229063606,-0.04086186749153514,-0.02640996969145859,-0.004335417187173934,0.03486932765334737,-0.07426943236960289,0.06753081868815063,-0.017848056657382594,0.005418607674346229,-0.07089465669970665,-0.06284047378123249,-0.03277905487844443,-0.06305954547551078,-0.0009499382358591334,0.014848627932145985,0.057889299195471484,0.024632897447835533,0.027889934557596918,-0.11641314267713031,0.011227725501793153,0.06687706822360677,0.03779920073296546,0.08439846131447291,0.04346787309195986,-0.05757654482825349,0.021326897377932235,-0.04063842239858137,-0.04326576212551683,0.18785133689068528,-0.013358907559304455,-0.05337435808972728,-0.03168835975881933,-0.031918448063390926,0.10748768010845856,0.06655538972369852,-0.07402335417119117,-0.07812972263699632,0.027210355791860937,-0.11251180295734174,0.08947819273914215,0.012928099260252403,0.01601950684792138,0.19525388849715786,-0.04403278674752538,0.10150948818336664,0.11671039136371393,0.025931229791009446,0.01588242624217962,0.1268069296014476,0.1622885156221628,0.05329734430864777,-0.024070075276137644,0.1321616809271895,-0.04714225244585892,0.24278954647859186,0.030520427660523666,-0.09103499556127197
2026-01-23,-0.005728137194675487,-0.06505991855850499,0.026055302709792186,-0.024699076505062013,-0.029228253006084476,0.08112549318837313,0.028845907772184258,0.04217583117356897,0.1433276643891253,0.14844418332318546,-0.025967040908258632,-0.021511503134937042,-0.03725603181218831,-0.05167177266578979,0.010779727971429258,-0.03273736946782613,0.007210293577266164,-0.04284942357671819,0.09249102244694461,0.018424541106124792,0.06195365261389493,0.03208476145825128,-0.0931893640972557,0.03878628904957107,-0.04592720802178596,-0.04273445985329089,0.05315067680115196,0.06237869536610549,0.0508515578388941,-0.13877607406843975,0.0570640350184205,0.0007090543978205532,0.029761374586601802,0.03141837780995753,-0.121812586887364,0.029156703484599304,0.025464279648032447,0.02417494623293577,-0.021348645001850602,-0.11361838875600057,-0.05526937985185333,-0.08249134800917253,-0.04119749174557761,-0.025787225425451595,-0.0024363194577335066,0.034798589457129415,-0.07618351351670499,0.06935762613439153,-0.016398584044984295,0.005602281863941356,-0.07009007771827805,-0.06120741270624232,-0.03373587384446276,-0.06295877262502506,-0.0005012809238674094,0.013700149527761496,0.05852223653178898,0.02565856044855254,0.029209378708993317,-0.11576858673600961,0.008966798251004318,0.06493926338961026,0.0382663112830945,0.08560608305760993,0.04372255560834379,-0.05855102589003064,0.021149271023833065,-0.041017073126538614,-0.04483632344018278,0.18802685940300776,-0.016431141196684894,-0.05224684429454863,-0.02846864074239882,-0.03135999092155527,0.10741035143380585,0.06476584688305358,-0.07290858184962708,-0.08018957439993202,0.024648231069917766,-0.113018759210762,0.08805638102207561,0.012283243308309797,0.015744683568105048,0.19465759234147662,-0.044406359223299975,0.10144601851747521,0.11761366323009564,0.029313106407640767,0.01678078932954967,0.1255469863970472,0.1632715544726174,0.0569575856895147,-0.025625280399394497,0.13177133695862503,-0.047413459156521384,0.24351464558467423,0.02954891374529641,-0.09207709263970142
2026-01-26,-0.006515518837993969,-0.06661569661239697,0.023642522695046523,-0.024394292705504618,-0.029799783354697094,0.08152905164705923,0.032119572759001826,0.03633524468126703,0.14683331520627094,0.14946993222611585,-0.02509908117946765,-0.021162704380658315,-0.03673677863250563,-0.05206519045617775,0.010440086706670092,-0.033337418450218634,0.008823683118385498,-0.04290619875412452,0.09337847120065838,0.017354783250201435,0.06283883736146054,0.03297288983184454,-0.09285489628390677,0.04055624404884557,-0.04709485981165413,-0.04202930400470478,0.05560886549538648,0.06542708626088306,0.04867915023142625,-0.13885009834251938,0.05632022534815049,0.0036648523003571477,0.029820222132366084,0.03178296239809881,-0.1236623284367762,0.027312769456613914,0.024403845896383267,0.021404576524578448,-0.019452192358528277,-0.11267350029431368,-0.05326652581826552,-0.08276147954882689,-0.03885259958739443,-0.02805969764974542,-0.0022848590664945184,0.03617208114809423,-0.07361538714825279,0.07071924735043184,-0.015463172562903795,0.004590188144519127,-0.07118269358000336,-0.06262657131139159,-0.034590934117578485,-0.060568877458717946,-0.0017742620454843823,0.011717244018206209,0.05835426499393124,0.024192776356238774,0.02844188176943721,-0.11263895935596739,0.009483760964110119,0.06523597683868401,0.038228273964781685,0.08405566228492413,0.04165495824378747,-0.05975178515067435,0.023867769556062294,-0.03872983086263059,-0.04813316672299756,0.18695799637689778,-0.013633041499439577,-0.05361769888801772,-0.02833683608777788,-0.032536645064396,0.10453002702601137,0.06629379030890782,-0.07148012006502355,-0.081347887474493,0.021320591786927044,-0.11373734858207636,0.08530945425882022,0.013277710305423546,0.01755575741487513,0.19343564561139537,-0.045199316916443126,0.10221533495247931,0.1185723958674759,0.030815876231355926,0.016578115995019835,0.12016007998124564,0.16080402731980467,0.05527104237464091,-0.025630346201603947,0.13337484957186294,-0.045850468054844204,0.2484124907709367,0.03127194776676167,-0.0926700566135291
2026-01-27,-0.008093495219367067,-0.07035457171568972,0.029963163407324953,-0.024371107527702662,-0.03364880373472202,0.0814105075329888,0.023884815428566124,0.03576900045909172,0.16016246591743896,0.1557020223938031,-0.020015831883982878,-0.02187899051749133,-0.038739977621357946,-0.05619839563133454,0.01400704964414036,-0.03620279920096105,0.011223971027950684,-0.05696236184743253,0.10418216338059828,0.021542798999826217,0.07352455386725362,0.037183072342526935,-0.10168368533803594,0.048169567450229704,-0.06070380460680885,-0.04215953944687247,0.06476417493669233,0.07722580218437812,0.05824851974408724,-0.1509006093015417,0.06233291937257509,0.0033427344376901523,0.03394543223907537,0.03939182081669399,-0.14265855400382244,0.03335300442692643,0.020825516515430617,0.018820816320779934,-0.01105337602719817,-0.12016191967629429,-0.06159376038720449,-0.09185920067537318,-0.03315624458012818,-0.03612804432486262,-0.005169933710312718,0.04859358756987131,-0.08891068178536464,0.07448215479883061,-0.01844190152539274,0.002004241581642141,-0.08996475234432653,-0.06576451468749243,-0.04173206565398468,-0.06669588124304661,0.007582657666421713,0.009483454719444522,0.06923716318737994,0.03722035220767723,0.030381527144859997,-0.11541874703515854,0.006286498645905989,0.08045881378385883,0.05288985176908139,0.10297483959021307,0.04016673598365859,-0.061090744971410774,0.041131682026710484,-0.03866297892680605,-0.050586985644613496,0.1908699498471826,-0.015079425849035521,-0.0727799731732472,-0.03886822137931539,-0.03504347568859484,0.11183495491273635,0.061474389654051914,-0.08668728270295942,-0.09125069679482421,0.02149684358138057,-0.1199243989317325,0.0918429873152911,0.010328624618531599,0.01709140507959571,0.21370857128809306,-0.0741595369836326,0.09720732550763633,0.1225996814240848,0.02270833926823187,0.014807920043673883,0.12723973020100363,0.18071687329815866,0.056264051285285416,-0.039216726065788514,0.14282369780331558,-0.06467681827606508,0.27516864435085564,0.024250451876610787,-0.09565307823605557
2026-01-28,-0.006811800888447834,-0.06267328575461956,0.018458611760638094,-0.022156094427063254,-0.021004225294265398,0.07945052082436238,0.037798858468230716,0.03731012641120502,0.13228401926304978,0.14139227829937573,-0.02797619758653895,-0.018997213197805063,-0.034228587933625716,-0.046290930514999114,0.009113800768065637,-0.03090061031094419,0.006872698225148287,-0.03232856956423601,0.08252320698742883,0.014791650799911953,0.0519913064292304,0.02901544257507875,-0.08384734781289813,0.033658661306060315,-0.039420327957135806,-0.04531626877999001,0.04790404634132461,0.054903320026856155,0.03978248116771876,-0.12392557863686114,0.04754365554020706,0.0020507545330190474,0.025866001391214748,0.0241777475473927,-0.10529923102515991,0.020468615992386533,0.02718754617589078,0.022521269273099054,-0.02573202895159408,-0.10703603171258384,-0.04641209736602717,-0.07373307887895408,-0.04412993995449089,-0.023329244712500967,0.0004385833291526888,0.027032910066828363,-0.05987251900337173,0.06622165569614388,-0.010186360010951008,0.006735876605133846,-0.0546439883516443,-0.05896316017093979,-0.026931911654638083,-0.05142431026336881,-0.009668229205369973,0.013299485062500548,0.048854038052509374,0.014914061125689555,0.02315745919702774,-0.10892797536842849,0.009435997790267048,0.04989352813240891,0.025369017153721266,0.07002607244197216,0.03922162589609158,-0.053695876717594265,0.010025799922527563,-0.03867483866654664,-0.04405622718891906,0.18199515345198167,-0.011268863546604104,-0.03762141356511511,-0.01870742221655338,-0.027859583214171035,0.09616510944333143,0.07072434113074882,-0.05966035393610429,-0.07100698299122564,0.01709050711175579,-0.10363337141905511,0.07866748371258524,0.01666845237193152,0.019554369999918227,0.17590344773903818,-0.023042873430981402,0.10349797944698913,0.11440265759827149,0.03747280053634974,0.017825652163521433,0.11292792960774153,0.14311612171935353,0.05573894074454877,-0.01427736342586017,0.12553656026389762,-0.02795168162163425,0.22280709926170297,0.0356415663805381,-0.0838049060332572
2026-01-29,-0.00885692731931414,-0.06806520836765892,0.02470235361098304,-0.025038126123243902,-0.028225776543803045,0.08080786418948596,0.03142541987817162,0.03495947448858604,0.14473335273691126,0.14921226713118255,-0.022301610535797774,-0.019385803631937218,-0.037564272828925556,-0.04991867719663268,0.0116272913729091,-0.03409116798150153,0.0076857836178048575,-0.04346756568860346,0.09263812802079886,0.016694581135144937,0.06323928536861124,0.036466069977987785,-0.09225215169986194,0.03951935682938562,-0.05116361770947353,-0.04403452047322131,0.05506990497197642,0.0670071883530218,0.047409283135729396,-0.13903562707183903,0.05571848636856334,0.00435861551517655,0.028540240168630382,0.028376851931332436,-0.11512682704663078,0.027004294743661138,0.024227385416335734,0.021314319788966463,-0.01977076451014219,-0.11372959863834671,-0.0526743320534757,-0.08140180959007039,-0.04342621870331967,-0.030500113726338728,-0.004961810613961722,0.03761801670591646,-0.07556248806226587,0.07454580063780393,-0.011215360309488236,0.0018595575810036631,-0.0679728717593302,-0.0637672285033703,-0.032713273225714525,-0.05445243372584013,-0.0031596888489621965,0.013040956481998862,0.06015582931758107,0.02656105022498083,0.028970975747753223,-0.11077809139650553,0.005992004427029115,0.06279879728937103,0.040927000750792614,0.08268420808650781,0.03605121980351495,-0.06120875224120645,0.023605351681407444,-0.04215930518427277,-0.047564620544761266,0.18763297797183384,-0.010998971067643625,-0.05627173571421465,-0.027540072058123623,-0.031765821439283776,0.10534541057730322,0.06885645320414613,-0.07158420471615168,-0.08152317878839344,0.016886024735338154,-0.11137318881728617,0.08511866784825439,0.012639178440336126,0.013242295019259099,0.1993973099159854,-0.0484543762632102,0.09886279776563675,0.11780827547820653,0.029837765174034678,0.015287347130238584,0.11935965504090887,0.1620932893427985,0.05884920765804576,-0.031643814621304354,0.1367261122671465,-0.044186429343386104,0.2502649384508045,0.03177260599780499,-0.08664044482028466
2026-01-30,-0.007656898992749456,-0.06932245987421175,0.022043140547623206,-0.026180050560049614,-0.02878513816857505,0.08308777913412026,0.0320216710328324,0.03380623585234426,0.15065292446045556,0.1506617929676661,-0.020422638051804554,-0.020137943466174056,-0.037265372763077495,-0.05222818304275959,0.01008527987932199,-0.032114976785250327,0.009076593805414321,-0.045388008792535926,0.09398576851907485,0.0169372130508425,0.05891460662822585,0.03846227941936307,-0.09334254960521228,0.04100744045304475,-0.045633407037500934,-0.041053556259952224,0.054144565668845915,0.06962507408655651,0.04494360625036361,-0.13804616337255657,0.05496460546912202,0.0005827153182114304,0.02973023798745504,0.021627725593660167,-0.11097246662143298,0.026450396847243658,0.023132457236171952,0.016844933793833172,-0.027250188418330767,-0.10238945746398488,-0.05285713306557012,-0.07424356220220485,-0.04857004905770573,-0.030196331686840633,-0.010538004286549168,0.029094512022329738,-0.07442851294030033,0.07315169124846933,-0.00929451566186012,0.0021646787450746875,-0.06658740967988398,-0.06364284027639272,-0.02922952293662323,-0.058630740566609996,0.0005071341919749422,0.014460027540167012,0.05525078068874508,0.024795361308437007,0.032246209901519295,-0.11163221687256043,0.003119147761305001,0.06356156433669231,0.03100638386682343,0.08368212654795099,0.037536039728367956,-0.06646372959841661,0.021018534551548222,-0.03969858996098252,-0.054715976085511375,0.1871298828629291,-0.009153586237951193,-0.051818173942223676,-0.023379713305770614,-0.037182320372357004,0.10780814073131437,0.07203220309137123,-0.06535164866882369,-0.07674395543626658,0.015014077327462025,-0.10699425149983371,0.082021546805394,0.013997424657091487,0.021053173577285957,0.20000020578198374,-0.05019369148802878,0.1008033986273222,0.12274896589037439,0.025176696861170845,0.01685504393316308,0.11846122855236517,0.15672783814777988,0.06258877106438826,-0.03237810925952792,0.14116437141491503,-0.0425612169859581,0.2450274576444305,0.030992097647688746,-0.08931049970871628
2026-02-02,-0.00969223740540937,-0.06975242259505614,0.02646160321809797,-0.02559573412812477,-0.027587234625441846,0.08058872275836335,0.03540779209237109,0.030957783428006452,0.14830175261669215,0.1521645196288967,-0.020596782588625046,-0.01989598072751804,-0.036726638586092215,-0.052144292974648926,0.00958539172767232,-0.034185171359168445,0.00846673974123381,-0.045228856300971655,0.0948123147524824,0.00907110769080495,0.05847965674793052,0.041930842768194504,-0.09128219222007786,0.040182528825110635,-0.04815237090099812,-0.0385314299764299,0.05426595608832761,0.06969720338878665,0.04534387875350861,-0.13372834439348172,0.059281149731110684,-0.0014049340770499845,0.02756242208823391,0.024579096241437427,-0.11137770819643485,0.02726978275883571,0.020011010677758234,0.014582311155710641,-0.025314962149065437,-0.10286789839051222,-0.05482905375385512,-0.07571764579597505,-0.048134255368989964,-0.03060926238639166,-0.01548817308591696,0.028687016682969295,-0.07421631493269329,0.07109197803312484,-0.006638360567428102,0.0039515414693491995,-0.05986938194961229,-0.06475236837124915,-0.030277064036615654,-0.05939397975398314,-0.0039384753301419835,0.01750200278287691,0.054883233539966755,0.032613670320996,0.03430652662609372,-0.11630145576880051,0.003415526907466028,0.06517193071184592,0.031197665959905536,0.08009936648995591,0.04074709213061171,-0.06762009070993938,0.020686731174942283,-0.03750844137587327,-0.05299962352561827,0.18445299456398628,-0.005729792214483687,-0.050850618540344006,-0.025917177023398373,-0.031487504327418675,0.10688416910046228,0.07210495354105581,-0.06827053832290961,-0.080843742403213,0.009790288183871463,-0.11094023451291042,0.08092299516753503,0.014823172631267357,0.01874293693405693,0.20268495231050151,-0.049033760830279334,0.10119462945654338,0.12306519399907222,0.02631518402517813,0.01906474882065226,0.12065440398555409,0.15738528967415033,0.05997782089468111,-0.03449380378198124,0.14431454797918675,-0.04270988586002979,0.2413559147278631,0.034804893414187306,-0.08926074299431762
2026-02-03,-0.010201992468515051,-0.06884866054449386,0.025700743984714086,-0.025912927023831092,-0.025668941273091536,0.0816925891985437,0.037681126207447846,0.029094087670602557,0.1480089051584292,0.1526017336307949,-0.020887147808581218,-0.022276465973420985,-0.03563617358965007,-0.050850124001178575,0.003206455970675583,-0.03464158176156424,0.010628964733179083,-0.04440057655471579,0.0976344096680966,0.007127898181538068,0.057587743451983156,0.03934495348376971,-0.09113234530052318,0.03911695550958012,-0.04909251615973805,-0.03933802390060996,0.053718898356774354,0.06912708560220203,0.04012565636159138,-0.13378908855322538,0.05692173862567328,-0.0013715347024446933,0.028692456064231993,0.021705441536693917,-0.10944450070368508,0.029609885525863126,0.020670779221578638,0.016967041315111918,-0.023486833796095383,-0.10142927199950941,-0.053485959727818055,-0.07364828201747899,-0.04630072136551658,-0.02912402381309826,-0.014548569723204641,0.030206799051257845,-0.07391251002034943,0.07046142675792319,-0.004867652304062654,0.003290257057149971,-0.058949200938460455,-0.0637001199286937,-0.030460469616729803,-0.0637232859594272,-0.005529889432428941,0.01675446911275317,0.05973475788672037,0.034504837747034056,0.03340058135675315,-0.1173193033781033,0.002481897368425629,0.062370515720080295,0.03211610335890182,0.08147412944391584,0.04271177580774678,-0.06427486822350051,0.02188077614703572,-0.040868142939719854,-0.0555106553631316,0.18241469981218078,-0.0052452120446047044,-0.05388621266495505,-0.02534937703738012,-0.03074827110371202,0.10881452977251305,0.06921532714741666,-0.0690957038761053,-0.07933797182000686,0.010648277750903785,-0.11039058092616233,0.0794490990678141,0.014154701366783888,0.018782472362792155,0.20226145283792996,-0.04822324192112354,0.10198418736123648,0.12555387939798798,0.02782309752813917,0.020072940765826327,0.12195547847151213,0.15725183113538688,0.06220191504227339,-0.03179952206729906,0.14324373630245685,-0.046914852865093795,0.24064638600640437,0.03443589083967741,-0.09364047205096823
2026-02-04,-0.012567768297598479,-0.07006529310680464,0.024862643786114608,-0.025660725345123356,-0.026102193408493922,0.08358005256485036,0.039196581648294815,0.0293387913106642,0.14821630490674384,0.15170776025396213,-0.020129295053111722,-0.023898813397104403,-0.033575686009735,-0.048966854397853386,0.0035793617568003,-0.034179099798557794,0.01212147467008718,-0.04457166594772271,0.09649144431444634,0.008704175938441,0.05796313248273425,0.035894294970077394,-0.0880376163245507,0.038723967399643046,-0.0509376209589181,-0.03793625796206764,0.05288339022409853,0.06691954491185542,0.04199040210669929,-0.13356341180267958,0.054011647409720635,-0.000861285321868235,0.02980030838859688,0.024695128803105024,-0.11026067668119573,0.030204076664256493,0.02120906335170651,0.01942756489195216,-0.02712140180096341,-0.10281883464650382,-0.052220624714810544,-0.07446412742979004,-0.04583960768943314,-0.029693327882142823,-0.014379634740770164,0.02805138605111386,-0.07371671225645145,0.07036468616955839,-0.006619926209178105,0.004094950436444751,-0.05777126451929632,-0.06590809354538095,-0.030201733741648334,-0.06190408367446848,-0.003064458779298807,0.01736075100867986,0.05791973247036619,0.03729456794672519,0.03244395895064528,-0.11529285810567207,-0.0007419996732071985,0.06101063827150326,0.032100371655579676,0.08460986780983387,0.04213331810199623,-0.06476931546295668,0.02327037155158438,-0.04291775318884444,-0.058440707398042455,0.18310803625434852,-0.003880271840422821,-0.05306500414486076,-0.026972669856491452,-0.0311185500416331,0.10896855935941822,0.06663760128223142,-0.06644517902823636,-0.08430811173692164,0.012452302671419864,-0.10912936755413678,0.08066748106891543,0.01613885173070027,0.022894229351002635,0.20084362042243092,-0.05075325391014373,0.09941449371647798,0.12721301629423307,0.026196461665962532,0.020463152806830982,0.12168328989570458,0.15550803952821332,0.06257671419288179,-0.032344390272887324,0.14575805462683977,-0.04623397089588655,0.2397881328087257,0.035183381841206555,-0.09421963414255989
2026-02-05,-0.011571089695770831,-0.07020343252454929,0.022578651502123563,-0.026343880037897102,-0.030975748221514283,0.08539366143673313,0.03943994222314144,0.03022545025208187,0.15141385474096467,0.15251558413344385,-0.017796656034277117,-0.019951385925060815,-0.03419967897708863,-0.045875512696923255,0.0004006930711462041,-0.03754791924849353,0.013049525674291435,-0.04027455083576457,0.09389736376806544,0.005169755126117386,0.05528945450625023,0.03914521678027692,-0.08533505316600258,0.041286573447503055,-0.05274999827555711,-0.03573598326762324,0.05649175306154327,0.07606609948931524,0.041629400749645266,-0.13272548424251626,0.05636647944560123,-0.0045496874724245025,0.027057883549588498,0.03012227625892283,-0.10746097011279078,0.0267309504087299,0.020657411094511392,0.014706155071352273,-0.031029072059671245,-0.10207117412583565,-0.04673121512141253,-0.0706294396919702,-0.042750216189058034,-0.03506054034059869,-0.019962302273996764,0.030229385663715705,-0.06552552870619938,0.06734999121046076,-0.001002162604806768,0.0034651271558381967,-0.06586577042233688,-0.06743448288730862,-0.02994209682363714,-0.07875576569664132,-0.00727651106818294,0.015035090922894899,0.06124900499834311,0.03712471601460409,0.027077388664383188,-0.10974950509002276,-0.0011335219987835318,0.05820589940046006,0.030424363067377197,0.08597238038772333,0.04894040241563888,-0.06309885475715019,0.027806520809362793,-0.04518798843435877,-0.05822240954046304,0.18116831918740783,-0.0006413117131705021,-0.05728366377739853,-0.02726957949676368,-0.027731616972253084,0.10687347200041358,0.06943694272272814,-0.07675497042081147,-0.08704103001120278,0.009728817512137644,-0.11175905705306306,0.07928364902873263,0.017162099242608326,0.021879127055665137,0.18816511894822557,-0.053603069936359965,0.10955269592657275,0.1255467788129959,0.022543599993122367,0.023740329495063498,0.1260266486306966,0.1640926993668602,0.06582881535562181,-0.0303141155678507,0.14668770247662666,-0.04240993531105762,0.23487377835802684,0.03673314026802042,-0.0923042020570574
2026-02-06,-0.00790726925343174,-0.0661747239742024,0.017312318049369592,-0.0253000806509752,-0.025412936459467815,0.08301115363461836,0.04201235554453866,0.03538389229809012,0.13334107564530556,0.14333196660480743,-0.023903479651742623,-0.02032792307362613,-0.031804485049714164,-0.042716214709841535,-0.0030340380744381737,-0.03806329242966932,0.00994056313911808,-0.03320976452520072,0.07924694352161553,0.02115627893239934,0.041002838529176466,0.03736786132574093,-0.07713094142232609,0.03467593944358459,-0.03822642427073403,-0.03636055639766889,0.048375723080022054,0.060776404944956626,0.033477055964757696,-0.11935497237487148,0.048512395790800925,-0.006497058741729339,0.019401308125733364,0.025638626060602104,-0.091142109397891,0.022707074841984677,0.02318753679653904,0.01967778052120097,-0.03230851052066998,-0.09880611957973523,-0.042027150815769444,-0.06682613253754917,-0.052857227725313094,-0.022497981981039736,-0.016793953476676088,0.022036928412731346,-0.05621819953859533,0.05777754834950202,-0.0014862247330873872,0.00561441335576964,-0.054009116975098165,-0.059015106223111555,-0.01967709587668197,-0.06384496003004679,-0.014060445647637266,0.018748695414646414,0.04890024338375489,0.0141401699109892,0.024428434402161844,-0.10994202759605852,0.0009680958748033118,0.05052645681942031,0.019690203845043202,0.07098978402246628,0.045244881345941165,-0.05421092432002324,0.007245535333006652,-0.04395604446118451,-0.054753279499371685,0.17631903334059204,0.00046564692730479036,-0.03909426738701141,-0.007813008859977147,-0.026182726864327266,0.10136101367370348,0.07479227329302554,-0.06406405966066454,-0.07440235938089565,0.008966484892103194,-0.10057689340426959,0.07277967989593276,0.022825592689495185,0.020810481093547332,0.16724187766918552,-0.029616919433456707,0.1097769006521834,0.1258669701228577,0.034077146551903394,0.02218784202375821,0.11376830142895322,0.14649766766227582,0.06338067066578554,-0.014964795851899302,0.1346799960061289,-0.024945079136314864,0.2134874789663227,0.03696220325555642,-0.08057886210181746
2026-02-09,-0.01579062497212934,-0.0762285347612689,0.026703361032499942,-0.02912759483857659,-0.03130105975920444,0.08266841145322092,0.03275984270011964,0.03778824724478987,0.16787453602614508,0.16278619596274058,-0.016907456080984977,-0.022174930749154186,-0.03725912953258549,-0.04805065473623299,-0.00484989528763591,-0.04185064604703775,0.014850635480330998,-0.052266735619957976,0.09825733639715485,0.029531426668708796,0.03814637405603245,0.047771439797590035,-0.08942942454425509,0.04967669793300901,-0.06589413254577475,-0.027216021777078693,0.08113982606607653,0.07473300132088795,0.03994307158086413,-0.14016879204096253,0.060670089509449625,-0.012976107991530402,0.027857054439398704,0.037315768967721194,-0.12064892271807885,0.03469974623648792,0.03028397820283564,-0.004240905944596323,-0.014353066573596118,-0.10089359198076801,-0.06120453296054468,-0.07095477683584185,-0.04989367115175689,-0.03096853484828105,-0.023518087358679086,0.048603291848434774,-0.08764821350401512,0.05639063843934304,-0.006351309049646292,0.00047724275481659216,-0.08372024299492818,-0.05732773935704545,-0.043235765596868286,-0.08739640695540984,-0.011066066840306312,0.021674556577327576,0.05981457959806793,0.03314163383002066,0.03206519385390621,-0.11430185445135216,-0.0028866293614119454,0.09460541842795918,0.04003264622612149,0.10390187062035153,0.0500753276802299,-0.06178117678668299,0.03675491615867173,-0.04641826275793748,-0.06125613691091021,0.17867698248615846,-0.0025802758759578947,-0.06397182212945032,-0.044752880131427586,-0.02454139824691553,0.11913444768395552,0.06794425002611296,-0.10008344879866857,-0.10514624383700637,0.013841836884467393,-0.11949514088016437,0.0912700828041222,0.02231539915419402,0.028892463029432665,0.19598311232710688,-0.08736964203191448,0.11749021970983516,0.13565644349780376,0.01816970136878676,0.027459465031144763,0.12824192370937654,0.18646584153916954,0.07114014611869272,-0.0521232723684397,0.16742183309692865,-0.062299882097159906,0.25432566974818094,0.02057657693455508,-0.0840791096212067
2026-02-10,-0.014392740084935985,-0.07121203083144786,0.02161753946428612,-0.02911825784220512,-0.0248446858455193,0.08277201393253038,0.03780970679555666,0.03713969524494976,0.15514756667338325,0.15438257700745106,-0.021397717624258808,-0.021567138639698037,-0.03601298580207508,-0.044234287800962425,-0.005182625755523076,-0.03714003902646002,0.01251815822203559,-0.040459084487304765,0.08854433624810046,0.025531052505588916,0.032386358231865295,0.04180886233158948,-0.07974596896992936,0.04233733265406528,-0.05222988193823846,-0.028627413302412447,0.06629488951598313,0.06398862064095977,0.035569035935880296,-0.12983173139913975,0.05388665161011859,-0.010040091689597403,0.0216070003041464,0.031247790298390164,-0.10549773854292133,0.026305954590353404,0.03498100816373935,0.0040046158514933025,-0.02371834912778644,-0.09777041509586361,-0.05519021956489188,-0.06623742888977044,-0.05299274202802924,-0.023490240642409066,-0.01836250175921423,0.035341646812024875,-0.07247734879810352,0.055387855061978075,-0.005426965427764689,0.004705120581639765,-0.06822473032964223,-0.057858279392128203,-0.03550365315302508,-0.07639970776698782,-0.018955357392430476,0.021795405730672415,0.050375234952808844,0.020937355053415624,0.02993863530629657,-0.11060030527586308,0.001054715014846417,0.07871245970790024,0.02525124250511515,0.08729346642340564,0.046431147112164096,-0.06102700247729634,0.019814489363330273,-0.044744379117541686,-0.060148417889083275,0.17653667499386017,-0.001759372358730034,-0.0447180533968463,-0.031616744033380245,-0.025568006827797092,0.10897598061444984,0.07421529471091463,-0.08378803909681672,-0.09334841980012885,0.012757642019275034,-0.10973998135518288,0.08391545971019163,0.021364202655097822,0.028046572170156665,0.17939797517258796,-0.05646550673839476,0.1173855082791281,0.12835421400160615,0.029800807616345418,0.02981167022492115,0.12293436578003995,0.16882457042159335,0.06630033631438421,-0.03539982118295646,0.15517115830795825,-0.04588940995606932,0.23408874942257513,0.026991458946188936,-0.0828363627525759
2026-02-11,-0.0121491826976281,-0.07252281811733759,0.018839231232256892,-0.025138913361822758,-0.0421786810763213,0.08795139099131673,0.035968869831755124,0.037756744612087584,0.15377275638731816,0.1574932156943885,-0.024958541184360437,-0.02032418176969631,-0.03701560119014331,-0.04375072624438827,0.0027879379002562895,-0.03242475953692772,0.026179034707660254,-0.039404196050017944,0.08433413907709558,0.02543427771985314,0.030952352117711815,0.04131196521122593,-0.0798855502739693,0.043907011515803784,-0.05950739022467505,-0.025290816695422602,0.07279790155227653,0.06729394877412558,0.03464803641767024,-0.1238274280068201,0.055016445940571174,-0.011092321775279081,0.022649193765803433,0.03265803257710849,-0.11312127472930966,0.031099585132879005,0.02536560093396579,0.004322860289640979,-0.019957854754929276,-0.09762218755280166,-0.05384701830977216,-0.06953652705437226,-0.05194898134621377,-0.02934730881245904,-0.021817180476688507,0.033385651302980664,-0.0640425372143641,0.053410867928310665,-0.0016510993901535029,0.009391766465506135,-0.07194270526786507,-0.058541800076612624,-0.034300606825366245,-0.07672071940742756,-0.021734957763444473,0.031794300246213915,0.04972768796523243,0.013746217475043324,0.028604393071736095,-0.107636016738759,0.009978782003817186,0.07118230406297735,0.023666522411150408,0.0864387194023768,0.0464724656144767,-0.06331811168591747,0.009155122787936995,-0.03914304014744474,-0.06012131145855691,0.17574493389349652,-0.0033178189100533436,-0.039646428910353984,-0.026493182093681907,-0.028092759175064562,0.10503601692443085,0.07027627954281009,-0.08413273284374823,-0.08752456639179376,0.0022621769762230168,-0.11046727105854164,0.07841796318237086,0.02196438257501726,0.036296504462939035,0.17686286207881854,-0.05518034005293415,0.11410695496194864,0.12683338190535318,0.025559400362667774,0.025569715925913623,0.1228914578777375,0.17204955286238505,0.06970121414945778,-0.032160948033270194,0.15949558008721146,-0.04633263456018383,0.23135363208099854,0.030877512006938154,-0.08562382573035422
2026-02-12,-0.016059776697681348,-0.07593816080618122,0.02250040041578918,-0.024758140489331178,-0.04245593067428487,0.08368677505819691,0.03691063434384685,0.042043878282104485,0.15833773864018988,0.15714238383639456,-0.02193493204030536,-0.0214638924768411,-0.03645301297046889,-0.04539806071176742,-0.008485134030691515,-0.029394813178688008,0.024978635486099764,-0.03241392900229179,0.08857187176428283,0.02893319319518667,0.0307840964758143,0.04079950595078662,-0.07947870733865664,0.04238336754669434,-0.05726009527200729,-0.028094239672901734,0.07192132951106214,0.0634291385263109,0.032959040114774345,-0.12416992303133668,0.051927223372907165,-0.012555449388025058,0.020684708088660665,0.032335335033188854,-0.10865993822567625,0.03295368935034327,0.02486297782785296,0.0067002587594562155,-0.025048439396389413,-0.09664658964293577,-0.04931373835602034,-0.06643192416559565,-0.040966482044615185,-0.026971680066976894,-0.02249106375726064,0.029757129755176165,-0.07041078225810062,0.05069228908984759,-0.0003836259960994324,0.01293423336371846,-0.07144813944601426,-0.05978715960306036,-0.03662505862355253,-0.07686719783600306,-0.013000754038355664,0.033570347077607164,0.04286834671603541,0.016019711474780516,0.024023018570413945,-0.10798394393992314,0.013043317424410776,0.0682280376006372,0.024926086944601893,0.08174097237853205,0.06166757501874337,-0.06577551406421255,0.006584911282837662,-0.042817179467294395,-0.05554106714685843,0.17085665359269145,0.0005644476322574938,-0.04036232639807404,-0.027623370240141464,-0.026397289544044536,0.10449545549349627,0.07166547126511627,-0.09586926134280298,-0.09241514836273824,0.0035486910601600407,-0.11421035109305243,0.07620558880582375,0.02999091970826806,0.03281540197784126,0.17837754533848818,-0.05986863334335818,0.12004031573788265,0.1296204619064791,0.02285041277139334,0.018299740455767627,0.12142705975374475,0.17194877075178996,0.06268289044158887,-0.02338794992844169,0.16288520463619105,-0.04883679052931056,0.23163104150600985,0.031189223338746117,-0.07954185781265256
2026-02-13,-0.015787213091351532,-0.06804605014259045,0.01680307446800247,-0.02322006164993195,-0.03442827401487955,0.08713069793807474,0.049229435608800484,0.03832790363278686,0.13801666357769493,0.14531103118679797,-0.027712591799713707,-0.021079494085718117,-0.034906217068941384,-0.036501851842573464,-0.008708716344897576,-0.02600273302998645,0.019358370227170553,-0.024178640357513187,0.08330700362978659,0.028760176669593462,0.024948008327532176,0.03427214857324067,-0.07448016565753689,0.031908160382976745,-0.045868539507407935,-0.031071742619815365,0.05738069289482333,0.05420789223294452,0.02674878032135728,-0.11254305722660021,0.04498528024883375,-0.018016944964704483,0.016846473775670036,0.026946809630106552,-0.09413842400865194,0.030446181312800386,0.026862222462674737,0.012429882938071334,-0.03131434840388051,-0.09571770767669667,-0.04134595652272148,-0.0626363026026521,-0.04180975938300766,-0.023655067225359233,-0.0222829951872896,0.01784607554601124,-0.04935976033654729,0.04983985651615137,0.003888513965018217,0.011509478246412113,-0.05753716231253295,-0.059227607336387725,-0.02702076442925823,-0.06293610587096593,-0.017678362208572093,0.02819528299426144,0.037767644448526407,0.008804338258175464,0.02339566869117015,-0.10435915449372579,0.017771431862395555,0.05435763293700025,0.014971656727023802,0.06267613525215046,0.05356225936844627,-0.06251770510828929,0.00017350096309480187,-0.04344171753481386,-0.05514274679730308,0.16862545393890768,0.0016252652716844933,-0.02903233270985609,-0.02004278438475529,-0.018361249666113716,0.09413310967881659,0.0766087454507266,-0.07833426491142353,-0.08038662180271862,0.004038903482278507,-0.10471287619621966,0.07129047748118349,0.02483856161436999,0.03191983211928423,0.15881278015625297,-0.03219573909017896,0.11679364836487814,0.12195797920466891,0.033826462163656715,0.01921321790035317,0.1154863847982099,0.15425670697644764,0.06515502319283017,-0.012120740897452189,0.15052831070938497,-0.026252675642215624,0.21140646172893007,0.0355588708100534,-0.07894933471474343
2026-02-17,-0.02352872998585015,-0.07495629197276997,0.025195240134688032,-0.027119248960465164,-0.039534420978193895,0.0890777586546912,0.04798694253270247,0.040232489799747875,0.15590150019481389,0.15443409176934542,-0.02272595704450899,-0.023554435472742594,-0.03471196703819773,-0.043213268059201934,-0.017671007979694016,-0.031368148965074616,0.02324164189709862,-0.026139251518090947,0.09598939145330743,0.035080689920781984,0.033129942186346385,0.03877744441371775,-0.07500522335784693,0.04044674658389596,-0.05550534249053715,-0.03498053859412222,0.06566507830628929,0.05640447768156828,0.014358470709735931,-0.12578510802096546,0.05497201480374348,-0.020993063097597006,0.027574209238743472,0.039471898699743845,-0.108177561635336,0.03606017002344142,0.023235534451118534,0.008441949139055093,-0.03344479315610083,-0.09978049704426326,-0.04735780807883152,-0.06951816376967666,-0.03720941351365076,-0.029584579338381406,-0.03013386758294443,0.03021947250455024,-0.06796231039220266,0.041840554018816596,0.0033018803653453816,0.0139858611063228,-0.06948242499588071,-0.05995423214068003,-0.03247531981266732,-0.06687466211172353,-0.01737803102493106,0.03646159248917048,0.06023138490816388,0.03116426996334533,0.031385810748036584,-0.10750844811435963,0.008095684258871621,0.06680133394715927,0.031033910024946473,0.07796136100975663,0.06650141812896163,-0.06376413805277048,0.0016621546003943166,-0.04436043505691899,-0.061320958254773544,0.17586909039015264,-0.000369840683516599,-0.04171626933608958,-0.03719880638320358,-0.020917620547363576,0.0910621914142719,0.07259544561255073,-0.10068705984600337,-0.09170897460395176,0.008151664604097865,-0.10923986438965727,0.07342746649857781,0.01754097698628592,0.04398789160272879,0.17178358899194696,-0.05495930016416557,0.11530104951710136,0.12383443063323005,0.02893606542896319,0.018500098508974668,0.12556789940903135,0.17702228491002153,0.05214957753836603,-0.027035715526917033,0.16548496920050954,-0.04302729146529048,0.2396977455797377,0.028679035604786268,-0.08597545254164149
2026-02-18,-0.020755378740042296,-0.06957410071906658,0.023255263106524968,-0.02698246938465102,-0.03729207440489627,0.08690727958237009,0.05284185127231723,0.04153196591701523,0.15095450711729888,0.144359778721427,-0.025816744393449324,-0.0174278874202662,-0.03118649449611194,-0.03425239107125372,-0.01569645741817021,-0.030110797223337454,0.014620156460250035,-0.019970807431665398,0.09087393069559567,0.02705395314969769,0.027477307991222735,0.03651603733303125,-0.07143171224358918,0.032062593211425044,-0.055836504292124625,-0.027074783687030528,0.05665908563464753,0.050037793068651915,0.009806337784947789,-0.11824546064616905,0.04527099944245457,-0.026393604486279587,0.025609410061604637,0.03419584265393786,-0.09764332959381468,0.02631942320655216,0.025533643226945298,0.01512232741028284,-0.037845854522282424,-0.09590481076280104,-0.041835255031740286,-0.05652306185555715,-0.041156801021349734,-0.021806694493092187,-0.012471341817015645,0.01095461054902987,-0.0527346074487742,0.04689853672394271,-0.0002834379768879014,0.020410825138095667,-0.06011203285079007,-0.04559273024735422,-0.021976356070531833,-0.05190662835290471,-0.024461289504853323,0.03215050560407356,0.047227563552443876,0.01878648066064147,0.0236041987400128,-0.12048505324079693,0.011294287858995227,0.05536811978831423,0.019611971002767355,0.060800809069976945,0.05283906499544557,-0.05827873859404975,-0.014640124979676818,-0.036005366545076856,-0.05845539687672893,0.171589819454882,-0.0007278414985331903,-0.029950655867708252,-0.029881652639782555,-0.01640211982372663,0.08419751540652778,0.07979619897735322,-0.08034416005197624,-0.06682856488527202,0.014895497325056111,-0.09998336813413623,0.049243018640158044,0.028077027308138193,0.038589410878159466,0.15100964207299222,-0.02729323099144769,0.11574583211467245,0.11859890714070767,0.038299747737031445,0.0175067668482718,0.11656677490083363,0.15616305859543497,0.05454133833123638,-0.01722253963582808,0.1500022040678542,-0.019447368039781435,0.21148008820504535,0.035061341803305994,-0.08207256912722634
2026-02-19,-0.02081180505635106,-0.06998738377305319,0.025450369893536832,-0.02809179499386707,-0.038511288251294795,0.085459550871537,0.05546376602352868,0.04125824633725949,0.15245284377082546,0.147015730414228,-0.02659883563330028,-0.018144996380175908,-0.03149537815721447,-0.0348464020134996,-0.016082573160690984,-0.03247131142041206,0.014076057748022175,-0.019982846286084342,0.08778168883521752,0.02810572912456901,0.03145139947535218,0.03615199085575885,-0.07356578282934191,0.02799486816444078,-0.05356897976277722,-0.03160004399564664,0.056356939513157074,0.04929097892879988,0.01139268143184187,-0.1176635500601395,0.04768388772474562,-0.02638472137084691,0.029202228544671194,0.034099611718724304,-0.09976352870674855,0.027658118338688427,0.02863845716804867,0.017132146380705246,-0.032927737637104146,-0.09786643270760488,-0.04421886291924383,-0.053807021624192514,-0.04392242888276527,-0.01977768636554316,-0.011597294796766985,0.010424300033347286,-0.05010159491336222,0.04263834448689721,-0.0027296583770272144,0.015240641429243862,-0.057549496756808566,-0.04762493965612631,-0.02409196610273885,-0.0532506274738906,-0.02461347841902374,0.03162206061778043,0.05006542994183696,0.018096498247199555,0.021593858728859237,-0.12569525277828036,0.009492358189421271,0.0590240104748375,0.016882816210054816,0.0642602876204519,0.05555240899321432,-0.05777075659669953,-0.013648904508119132,-0.0337642669181494,-0.05292842850877473,0.16512456257881677,-0.0005900530431640211,-0.03137302098994701,-0.02898226124034939,-0.015103642479796018,0.08665049435399672,0.07848118346445275,-0.07911511398479759,-0.06425216692679839,0.01384669233106011,-0.09878113591777805,0.05087845063815819,0.029693034870963704,0.040394741874469314,0.14977170933998413,-0.025678379731378438,0.11528722814844279,0.11768483366737288,0.03807263676534339,0.0165732920216567,0.11525154919304574,0.15426404604803443,0.05138763709887706,-0.01858486437197924,0.15048983505880478,-0.016196354681352006,0.20880773240460584,0.035982187436888656,-0.08153710237077065
2026-02-20,-0.02156749168916596,-0.06979647620198683,0.025450417721037837,-0.029271710150403002,-0.038055235984415896,0.08590728580697506,0.05534455197219053,0.040959693228231446,0.152206968235095,0.14646553079965255,-0.02649260598019,-0.01801238459895127,-0.030869374902636984,-0.0355857788733732,-0.015051495112280861,-0.03174347526280719,0.016576433364342186,-0.020163612660656548,0.09044054012502385,0.02845334787532188,0.03187739352851454,0.03479724642707627,-0.07464188069008622,0.025839062739893524,-0.05404611693941164,-0.03461618958570903,0.05591161035542882,0.04772333152393299,0.01158917518100227,-0.11856400413674044,0.047306607813324957,-0.02471852423789738,0.02782894405645095,0.03450936736702847,-0.09864186105576557,0.02617221843578056,0.028055130818407464,0.01611537553141907,-0.0325417134284579,-0.0970437466685112,-0.04278594628525864,-0.05162622497268318,-0.04450155201817294,-0.01941776582938925,-0.01192512329605845,0.011927625518622234,-0.05083677062475485,0.04255381788565464,-0.0052160668846957595,0.016572055458088833,-0.05715539517423937,-0.0482353022522434,-0.021696367759281916,-0.05225512829687088,-0.021590502632619295,0.032128854066669786,0.05040654146237928,0.019815353399320133,0.021527115646308773,-0.12490652312458055,0.008976805960554413,0.05951458131378065,0.016025466463056928,0.06307565559693776,0.05678966796277894,-0.05823964942001639,-0.015356471984065404,-0.03346268649105284,-0.053558677059612064,0.16246214479138438,-0.0006402988082723302,-0.028858520880123868,-0.030208201884676662,-0.01694036618436434,0.0861942119712141,0.07759493181194499,-0.0810660894181043,-0.06638187960592096,0.014803024182704872,-0.09711826066274212,0.05069924292921486,0.029058582392595088,0.03933722966620521,0.15185868225360938,-0.027240564385865196,0.11754112852366298,0.11797518119894128,0.03755010452670975,0.016338783920014224,0.11463946463638763,0.15603326294534636,0.05116859143672102,-0.01962763226193543,0.1515931638638513,-0.012175885518612458,0.20829282529409412,0.035001958168645715,-0.08253875627787007
2026-02-23,-0.021544107968117038,-0.06983015562529205,0.025439470627338985,-0.029281399688035448,-0.03808897805618272,0.08586755001652421,0.05543062274285628,0.04105367016586957,0.15208739538548782,0.14638687599938502,-0.026534069806871265,-0.01804619126239254,-0.030871575773112593,-0.03565641888858884,-0.014916258472028132,-0.03161129012719912,0.016538470799749933,-0.01993898966904837,0.0905173497916816,0.028505031632194214,0.031770573626612286,0.03501081583747586,-0.07451157689959108,0.025823761542157042,-0.05420734512753672,-0.03462603762537418,0.05582486572045922,0.04740018350697434,0.011607568473412766,-0.11848396830816844,0.04700105336538482,-0.024642624075000813,0.027777745947705344,0.03454852453729512,-0.09867650562097298,0.02611882737732906,0.0281554571855918,0.016185416550955824,-0.03243392014596852,-0.09696025124015123,-0.04278328327042612,-0.051585525744157756,-0.04451766970427245,-0.0194428493605366,-0.012010641972851463,0.01194490723214038,-0.05071981051197794,0.042558289054944715,-0.005205500280154766,0.016532776503354475,-0.0572643798056956,-0.048148631368853646,-0.021676753334987107,-0.05226230471140298,-0.021599384865372405,0.03208807249363091,0.05007100200214934,0.01980660657992538,0.02154893114468199,-0.12489392699701447,0.00899213901074324,0.05964194353365869,0.015991381550682533,0.0629238109767552,0.05692033153470028,-0.058185785952937524,-0.01551567886443682,-0.03355827562122242,-0.053475764525841796,0.1624281856082959,-0.0005761634497153216,-0.029032296452075307,-0.030127627587458815,-0.01688846737735753,0.08613603095363426,0.077493446612413,-0.08105393474757783,-0.06632839850710934,0.014775891696896207,-0.09713732874443332,0.050627911070420466,0.029116409859817657,0.03949247699796448,0.1519635799561042,-0.0270911673555028,0.11758921278513237,0.11810326511580643,0.037371989072012904,0.0162799779751095,0.11452225702803996,0.15633697054775114,0.051170453468086984,-0.019489845016001962,0.1515706650069139,-0.012333046878488815,0.2082206401005478,0.03496821491127143,-0.08247289382853194
2026-02-24,-0.025045140199680162,-0.07648624476449989,0.03337291353137823,-0.0323224437630371,-0.04579722018170028,0.08874366414206046,0.050043740613247796,0.04035282498372244,0.17339323788747382,0.1568341234772374,-0.0220481913571485,-0.02000888108999465,-0.03201959211747779,-0.043572577375995826,-0.02034468149506912,-0.0350055378912827,0.021462328250610632,-0.026090362178476732,0.10256511828158078,0.03277754903922633,0.038541314756026165,0.044701705505040365,-0.0812918878297085,0.031596470887132695,-0.06637317348585865,-0.03715947573289786,0.064579717467464,0.051161803192995396,0.018126507388390885,-0.13342064454468477,0.053888944705148455,-0.026489780810516804,0.03116440013605383,0.04277318111785043,-0.11401453546826928,0.03316642567107236,0.025328637759703062,0.013195846898821804,-0.028329657664193986,-0.09993462963833837,-0.047951377637155554,-0.0550265721325245,-0.037711428490628175,-0.02090131573902794,-0.016775390713759962,0.017076051072965615,-0.06199901376982113,0.0406683507770107,-0.006304310171663408,0.016117159119700332,-0.07526407953689289,-0.049355657542456154,-0.027870241636892036,-0.06261984919680552,-0.01545808185455032,0.033637781487754606,0.0619424299508666,0.029265009384116893,0.028542082696790733,-0.1363899712394731,0.0016067824222307583,0.07810564514390253,0.02583941665474019,0.07370973103609123,0.0678620800171532,-0.060454888623050804,-0.00542562403266574,-0.03040567821494254,-0.05731807282531082,0.16426765215646033,-0.0024987097947900046,-0.041956925754347105,-0.04539060434162781,-0.022304480218424114,0.09477174202004657,0.0759081865726024,-0.0987805620984419,-0.07428194314179588,0.014830154913824438,-0.104915019838408,0.05055875939539847,0.031488846068368964,0.047590233093656995,0.16744369038123427,-0.05012394329620704,0.11676422290069136,0.12327187224546159,0.030509148939697334,0.013716864838407398,0.12269604010133486,0.17561229837135714,0.04882158035843929,-0.03076875180996981,0.1708956131206256,-0.026132741092552494,0.22557873965958317,0.026059821033647082,-0.09278854929338239
2026-02-25,-0.022598152202934922,-0.07967558209639852,0.033427871100902416,-0.03313907788644006,-0.05185841223829616,0.09098177056642355,0.04965950522120362,0.03931792397413261,0.17566527497215825,0.15976239081599433,-0.0270212039629995,-0.014132923512957295,-0.030288131381109126,-0.04568983700565424,-0.017283152844374067,-0.03987289123276636,0.024463759534232292,-0.027984902155400483,0.10075722418165008,0.03559609435381559,0.03918631803556874,0.04672798258858877,-0.06800744020705146,0.021528259067400066,-0.06592435459329458,-0.03256783818282951,0.06362001371390573,0.056958029052262736,0.010825718896355318,-0.13165503939583634,0.04922340892983547,-0.019121590776797627,0.03160785929813955,0.04391455359526649,-0.11856464919442998,0.031283877787874066,0.02359909317555764,0.010863912369790821,-0.031035800193051494,-0.10156293731501494,-0.051283478222258545,-0.05509720881863067,-0.03947524065287092,-0.020378021044336392,-0.012698314373927032,0.016831465203019872,-0.06307732300036498,0.04020066831348982,-4.665425058087043e-05,0.022020131280951434,-0.06878562459895325,-0.04619166512909501,-0.03255257184602413,-0.06289566208929774,-0.008258592836654066,0.0322946589152811,0.06055155661759582,0.030656696911460078,0.025519897302093513,-0.13262320176313622,-0.0009069808336708857,0.07557051573343089,0.03144483772309003,0.07260038893211108,0.06678967678604936,-0.0644254448090817,-0.0012863637588700488,-0.03839087421211489,-0.056886319378663106,0.16130827793006622,-0.004375988481441098,-0.04274725783912327,-0.03527466567610254,-0.03151621285561074,0.09221577800549147,0.07658709260760464,-0.09727006382662537,-0.07347254943324226,0.012135757286866548,-0.1065732127227856,0.045829074258337134,0.03038821672020594,0.040406066026479726,0.1703046808426622,-0.04778440507766382,0.11920235895222253,0.1181254325782098,0.031953304353563736,0.01101961074433772,0.1218990965854709,0.17520251746643903,0.04568442771998016,-0.03408571424868139,0.17271065086296708,-0.02101195474382149,0.22737567247848592,0.0318638931358158,-0.09030776060357283
2026-02-26,-0.019181511059626344,-0.07290786456044178,0.0240857873826701,-0.030401807797171103,-0.04385823777059828,0.08887772874809557,0.050325940573544926,0.0385422508897308,0.15783123878323724,0.14812875110115867,-0.030313750345294238,-0.012319995286885122,-0.028714293485041946,-0.03870264157224488,-0.016290043007750263,-0.03410943404542704,0.023038929626495883,-0.020844700523524905,0.08984947230657647,0.030060973713027697,0.036752527422602196,0.03870376288761679,-0.06270893856856617,0.016837187783368998,-0.059627232565214544,-0.03227865733685877,0.050872175944941936,0.04666572681619751,0.008534262804944499,-0.11906697326053002,0.03992656831304518,-0.014284409166726587,0.03151241618457467,0.0314902967806681,-0.10146426023161433,0.028189090169588073,0.02974801943725662,0.012689553571829847,-0.03722965135516652,-0.1011534908502571,-0.04146302286754404,-0.052237623299998905,-0.04805883416876627,-0.018230665058059807,-0.006960849865575608,0.009589945791088869,-0.05059640163070254,0.04416052238012726,-0.0024377591103428645,0.02176353249434916,-0.05387796305187449,-0.04350973594703112,-0.02407260344027337,-0.050777674163689376,-0.010710958738057367,0.031918507898832375,0.04855258207878812,0.016677189535509663,0.021673400004834018,-0.12534559950614804,0.001569977444686739,0.05529794767184713,0.024354102120480732,0.060408672089601836,0.058651672608745396,-0.06220013346040537,-0.0066708848133239015,-0.03764103599794326,-0.0520915269795837,0.16151957506856146,-0.005202996331475676,-0.03190083322339456,-0.0192451524331168,-0.022558021659404216,0.08656725000760124,0.07785739602864615,-0.07883665192927614,-0.06458376189855676,0.012359754471802525,-0.09176197562263536,0.04604108127934647,0.02927755093048854,0.03969831800005858,0.15229678999286067,-0.023588251983097705,0.123387564970406,0.112999391986821,0.038876659006706005,0.011615742384962845,0.10777939804657681,0.15484029133284777,0.046399220603274234,-0.021033149660919806,0.1560429711872749,-0.007501016514274058,0.21040858428166095,0.033919899385304465,-0.09061517618085291
2026-02-27,-0.01863413450186087,-0.07265275446293859,0.02360354774435961,-0.030633166094560856,-0.0430363216693848,0.08901055924224031,0.04972021843024838,0.03830684388615326,0.15715487629818067,0.14822458841859285,-0.030949959464126868,-0.012145119829214445,-0.02822425991174457,-0.04278083196604769,-0.01599668607523934,-0.034346995495913926,0.02501192570889564,-0.020364244406870284,0.09052699574527655,0.02959929034825693,0.037138401056424936,0.03915465457194813,-0.06398219005247273,0.016748162034912275,-0.05794306209176929,-0.033111738679644086,0.0513636467052268,0.04554296128239985,0.007264363355164626,-0.11886639662470773,0.04066396024808167,-0.014437203803390015,0.029904166005694344,0.03254951681485189,-0.09944943003958379,0.026057723273848657,0.029301680127652337,0.012561542533588382,-0.03591143962151678,-0.10037395940506322,-0.04178029769656292,-0.05121221805933741,-0.047704297971167466,-0.018069489183919776,-0.005818214676584043,0.009000986634176238,-0.05094287792162079,0.04381648337551534,-0.003785381693078061,0.021967565104498914,-0.051842174890546336,-0.04392657743805402,-0.024623228256347225,-0.051238222466069835,-0.011175153418985432,0.033865456894971877,0.04917260680633378,0.015974755902754132,0.021358117299646304,-0.12408637442575286,0.0037347993383338206,0.05556331917298031,0.0230476588583385,0.061581887526138857,0.05875697560141015,-0.06280682201062268,-0.007539982937996811,-0.039058624896587735,-0.05210260270519023,0.16140872476356355,-0.0039590877512107134,-0.031516418931854064,-0.018722037239185578,-0.022561509803238067,0.08490539196691774,0.0777616452413669,-0.07859912757879031,-0.06568957493760752,0.01271379922476425,-0.09113788320085289,0.047829696975271056,0.029033021335822667,0.03961094119928533,0.15016845294799425,-0.022423500328725213,0.12595279822753744,0.11399103369949533,0.03853467808923764,0.010526499798868215,0.10743825551621529,0.15327698659856082,0.04514394983613623,-0.021486099928758086,0.15580929541824393,-0.008086757905637993,0.21013179330901702,0.03344577081525971,-0.0891985388603197
2026-03-02,-0.01945240546505969,-0.08256349761665312,0.024571093889173848,-0.03190785133598588,-0.05146771235140543,0.09357362452752341,0.0493637531675282,0.03614218945983343,0.1791970207285422,0.1608415603112792,-0.028723128510446012,-0.007759980689546931,-0.030495660776904056,-0.05076016535598792,-0.027148583338718432,-0.03882548206020926,0.03169223648439193,-0.03242465393874008,0.10205110958162311,0.03786440043684613,0.044543808874183397,0.04257027908644116,-0.066304506104921,0.01854192191946791,-0.0539334208862199,-0.02868675771155077,0.05955242326919623,0.052338581363323276,0.008042448456699493,-0.13426206406746738,0.048940485503698845,-0.008303276646740103,0.03505776763105019,0.04895693293865046,-0.11847671440593772,0.02594830843659191,0.025300389709087975,0.004533349706408547,-0.035921012826101946,-0.08949068720013012,-0.04884740761015916,-0.0613828863055287,-0.06033773388790413,-0.025659644367305237,-0.009028325196654497,0.01942163018122077,-0.05935496306464502,0.04307696674289516,0.004525417830464175,0.016370744139599856,-0.05765842484271086,-0.04347413683377485,-0.025785831252482558,-0.05719464645988072,-0.008772988247278615,0.03429859531443916,0.0640243536874778,0.008225010286637385,0.026355102680206986,-0.1244221670153282,0.004458925565529787,0.06503268375670657,0.03467538689577085,0.08981964777379278,0.05947931419872193,-0.07632214885436059,-0.001856185925789386,-0.034472198153689036,-0.06206272559969196,0.16271606993018642,0.004508259035333385,-0.050658673260513126,-0.030386255666867243,-0.02577696986454997,0.09059643289336575,0.07647486453640882,-0.08883194126273039,-0.07174887792481116,0.012872519298200834,-0.10149017990011293,0.049288536465817906,0.0271033920348226,0.046830965267235264,0.15475961625380408,-0.05226160030461893,0.12859343831376951,0.12156096073696096,0.024665374994884484,-0.0008918708144703517,0.10211889900768802,0.17277535529072674,0.033545563007743036,-0.03485346787439547,0.16664109514599634,-0.02039792715497768,0.2335694452158024,0.04168900893300346,-0.07885952196279787
2026-03-03,-0.019546933335286128,-0.08042454919013785,0.023408301006864505,-0.032536464190982974,-0.05271502377493022,0.09509525161552966,0.04741064299918976,0.03669126028782081,0.1777005672749265,0.16467127916263075,-0.02562645399893515,-0.007997088338145617,-0.030133722948776615,-0.04926767815670527,-0.029639363632571705,-0.03556020797079792,0.024204555128704945,-0.027921779526507172,0.09960797613404929,0.02960320219367401,0.03406175675887404,0.045305977038453134,-0.06575295482579858,0.012425699631287973,-0.04591246432159247,-0.024025191657874145,0.062317015204421435,0.05608656540542328,-0.0005869224707095045,-0.13002361105139598,0.051462008375784886,0.002687100243879301,0.0270605068530684,0.052723167869018775,-0.12368366233941967,0.024131408636110314,0.026410239967289133,0.015020738478654672,-0.0413752516357634,-0.09396885770500046,-0.04704551657770247,-0.05727975451238235,-0.061727502549683635,-0.019682334781185244,-0.011782194688770667,0.020777224580562317,-0.05440763653372026,0.04615164977071787,0.01192566998209394,0.018533250489799112,-0.05773773924490158,-0.04156486161962996,-0.029857879243282752,-0.061066524823958634,-0.014315236174260443,0.02565591580457391,0.06213703294783103,0.010568884064116489,0.02308376278196821,-0.12848461974195166,0.0014231996108052484,0.07016326236423001,0.03503964661527014,0.0894426641611037,0.06121732914691407,-0.07207813947605145,-0.007169984022271618,-0.03805280414454862,-0.061715899800540264,0.16173344812748933,0.004800492600535379,-0.05057899060462794,-0.028721566511203986,-0.02612147070671071,0.0897055315559945,0.07177304036843658,-0.08849852202649335,-0.07282809957805406,0.013417058594486737,-0.09645854220565,0.050045240962973525,0.02017485465401494,0.053168397909845844,0.15914807850421142,-0.05585074538139759,0.13195115169963098,0.12531770387895644,0.021094459698338425,-0.0005086917310361833,0.10495165431901643,0.17548359138079078,0.030157710146270084,-0.03591069526383715,0.16298179569159688,-0.024277949758880306,0.23958060401102263,0.037677078473273194,-0.07694452238846215
2026-03-04,-0.003211428617522053,-0.07308757678316159,0.017861059424259754,-0.032799923045059756,-0.046991560515550646,0.08778443999185541,0.04953489343683898,0.03981631182052117,0.15618769347294706,0.1478354330673151,-0.03167935617086635,-0.006089538956219798,-0.029003354554944717,-0.047843188447202874,-0.027102243815354005,-0.020017409788195037,0.01837131680937907,-0.025147622587689926,0.08732158550678802,0.025217862653264943,0.027443051427771738,0.040275950920101465,-0.06323501488904286,0.00428943305950234,-0.03448730267857341,-0.027739593609670654,0.06568408294995652,0.04395426513091418,-0.00045935230342270504,-0.11139235996189269,0.03908305735733294,0.00031493302777017666,0.02620535184600293,0.040177504641042146,-0.11145752963867352,0.025209432889569484,0.028928457195319203,0.024356860357027266,-0.037033489905739535,-0.09172075725781574,-0.026998994585467576,-0.0591048703861425,-0.0554260345478481,-0.025159403073844233,-0.003038742772598073,0.012739031054903902,-0.04945260041628966,0.04772003039286069,0.0077893581877878865,0.01213563426436209,-0.0480283190861711,-0.03862424909857813,-0.02110367739248347,-0.05314634600538984,-0.02582418766339148,0.02735265141886991,0.049801517683495264,0.00621172864329119,0.015815225930768534,-0.12018110459164653,0.008156722568622515,0.05296769792245831,0.016722789062002294,0.0675056594255012,0.05745248832835264,-0.06656491346698712,-0.014059085317708697,-0.04306272015183172,-0.06517149249499223,0.16022560071073108,0.006156652463990681,-0.032394174330881854,-0.01873337926214627,-0.012523767718912329,0.08475828054950732,0.06802295603852963,-0.07977483322155081,-0.0632020445361854,0.008699126982186433,-0.09407534641002246,0.04489031444861509,0.02850378705526576,0.04330079961290944,0.1418118805902637,-0.028138536243202297,0.1290450886056031,0.12302752459064263,0.029669135104609765,-0.0030969118715502442,0.10439656991529454,0.15165595539844173,0.039075829117694416,-0.019955271145879687,0.14735043840479572,-0.006305384238475693,0.21976552510641997,0.041015777895512445,-0.05594976090299464
2026-03-05,-0.0006590976833538743,-0.07269360322355754,0.019244396555250693,-0.0345169976052173,-0.04676965068038123,0.08707127655116444,0.05003084933630318,0.040937382711231624,0.15450758549567362,0.1483569336187266,-0.03470131014816585,-0.007916498619964745,-0.02810688497181619,-0.04784202507421632,-0.02707594360847987,-0.021492672564557093,0.017637431533752516,-0.02302446834983192,0.0879725085082977,0.024288958375410574,0.02877193022482883,0.041387789173198034,-0.06300367464390406,-3.7690905545159636e-06,-0.03436157183433067,-0.026524510942877402,0.06267671380572087,0.042459397160734755,0.001757237442633744,-0.11056358574283007,0.042085575297933775,7.238805015456068e-05,0.025337180054656353,0.0400857011310575,-0.11293886782478069,0.023635641037257314,0.028986201480092955,0.025340557490978178,-0.040552673971750997,-0.09497848090076892,-0.02621674404292374,-0.057970837913082676,-0.05568054832085652,-0.023597535715607257,-0.002352969122767874,0.01145508362735077,-0.04682171701740736,0.04611580116704015,0.004994797367585956,0.012227699759815363,-0.045676953370027196,-0.03790442097347013,-0.019148356227004434,-0.052195262189438006,-0.024238882884876703,0.02863956143815599,0.0517934747895461,0.00628277158861958,0.016009612254813822,-0.12254005836532207,0.006536923098784538,0.05415324696809901,0.01683305152478735,0.06866303071705063,0.05799532138134543,-0.06381992970142888,-0.01429049936004524,-0.04428998839541191,-0.06323736779242733,0.15911385610899978,0.007406606545971258,-0.03256299284188807,-0.01753397331288494,-0.012497077211618758,0.0879069340821657,0.06709760781961736,-0.08371431956983794,-0.060706716805574504,0.006337902854128436,-0.09294340836804309,0.04403314963403319,0.02797188522875286,0.0441398952992368,0.1428306486910906,-0.028132342447423034,0.12797354008257666,0.12269305564892956,0.03179113175883297,-0.003031777342422645,0.10121737355082543,0.1515350383836244,0.03704114790562808,-0.022512057039772493,0.14663812411649046,-0.005986635075797131,0.21853985919785293,0.040220732900233244,-0.05150284163834308
2026-03-06,0.0019593086847831936,-0.0745551642892256,0.020045600943189384,-0.03608623709872789,-0.0469053635059246,0.08385231497729112,0.050416101248507934,0.046146360311647296,0.14863278181959966,0.14991892558601783,-0.03054493959529976,-0.012126118040099719,-0.028700924039085876,-0.04759609312187324,-0.030351635632231068,-0.01734948945341732,0.02368894003823926,-0.025938546323067926,0.08710188177187961,0.028064161922326164,0.029680277594947846,0.03587374859339778,-0.06543143563786195,0.004962454575666856,-0.03824224783384762,-0.02813607848033873,0.05414650647270219,0.039049436790583224,0.006849286991998186,-0.11175249062716607,0.037381480861321446,-0.0048381724206910115,0.017370564859984575,0.05377680487849238,-0.11019112874234983,0.01817766240592459,0.02960938891886434,0.029693226889716463,-0.04182085707581649,-0.0966145373164444,-0.02458712827537169,-0.05758372135032204,-0.04871834081598903,-0.02500673300602945,-0.0039263666692746,0.007646614340870682,-0.04981281694778627,0.04175457788738264,0.0018800770711975192,0.011451803786516081,-0.04971219127239123,-0.045415145359904215,-0.028776724113039463,-0.04629474645716458,-0.021535317622286616,0.03064056607691624,0.06468920402151829,0.012473264131263333,0.016893600599932848,-0.12064949720654365,0.006934875401234342,0.044205553040266625,0.028093319150227503,0.06910643478192274,0.05889883076853687,-0.06627528378882593,-0.016922161323027027,-0.043716890296131454,-0.06712232188114463,0.15702272823132069,0.011752995575938287,-0.02559607733255065,-0.02340637937949777,-0.011239501619919318,0.08102790958366468,0.06870863740323996,-0.073733291660219,-0.05875315538044053,0.0009515050260709371,-0.09775370363796863,0.04705832898355686,0.029613560557153674,0.03393979045049667,0.13779559969535396,-0.025528543400488463,0.12756959594980127,0.12378708470431975,0.028536642557214213,-0.00010139090405381773,0.10533677523573937,0.1414590720552703,0.041187396516014566,-0.023126157267020414,0.14540201057185884,-0.00354549796470879,0.22596013351782707,0.043043573893767666,-0.03519873453790725
2026-03-09,0.0024234412984712453,-0.07602971800124574,0.02138880595912908,-0.03534790345330861,-0.04695738128734316,0.0832576806141837,0.048197183521694074,0.044212115793705216,0.1487283656198385,0.1511036026454348,-0.0317277401934934,-0.012247882166890498,-0.028984336333458635,-0.048566584887682236,-0.029679360114706545,-0.016153623707140033,0.02307911071919197,-0.02784601902672508,0.08627828823472125,0.028648011887770497,0.027724566518358758,0.03822684743817012,-0.062163787569827156,0.007071642999460713,-0.03921590010336808,-0.026675107635077695,0.0528147266141912,0.04063906152347996,0.004368288946958031,-0.11170600817819115,0.03720571296857663,-0.0031403043118753433,0.016996384849848632,0.05207414022656422,-0.1102199926273518,0.017028839197804263,0.02902966434410688,0.030973135865028062,-0.042643705788285295,-0.09669666459858715,-0.02472663470785274,-0.058504409858040715,-0.04744265494184643,-0.023967403747990654,-0.0015782363855183432,0.009308671929243235,-0.0472478349652436,0.04296910052727198,0.00014377489159814183,0.010459416710084659,-0.05031300093167781,-0.04641515879014502,-0.026401669307715717,-0.047240249491649525,-0.022071784278344407,0.029581675105744394,0.06261306466136153,0.01180176964567816,0.013267915565679984,-0.11919566864918014,0.004190925919828361,0.04391460498475571,0.028554944983897226,0.07135273904422545,0.06142306873912691,-0.06685312631057314,-0.014804372555962448,-0.042854759351225014,-0.06770997919348873,0.15835028194843714,0.010959376007011466,-0.02771371004831539,-0.02425665180950664,-0.010218959049779494,0.08226672370471573,0.06771394031784407,-0.07171131941650485,-0.0599325820017336,0.0011870220667090717,-0.09933399928016401,0.0453692105935374,0.03195914839621875,0.038707217873632405,0.141996575506252,-0.02699166053914192,0.12678242522658267,0.12310727523085588,0.027359137058399458,-0.0019610520954587655,0.10478718381567052,0.14060900725837194,0.04256567481223524,-0.022238606261406807,0.14020410143173698,-0.004966668663735338,0.22321271337503396,0.043059779205111386,-0.028593911706780877
2026-03-10,0.003338920922595541,-0.07510544823288362,0.021296766307970325,-0.0334227932641903,-0.046123988963463834,0.08420342444495287,0.04748517403434797,0.043258023768403944,0.1483607993943613,0.15286272816942556,-0.03408613108755366,-0.011780230171504489,-0.028466389288271075,-0.04775414683672712,-0.028826819107278953,-0.014608893449976906,0.022284243675061932,-0.026729572575496463,0.08601671131976753,0.026381710491858813,0.024994439799599852,0.04200013428529384,-0.06743738719328508,0.0074980276861044805,-0.041843510715588055,-0.026779182795586526,0.05360441880907686,0.03963475876896504,0.005608663922596605,-0.11240224355393892,0.03567539860964928,-0.0013709743507639705,0.014522772359810117,0.052150639207274974,-0.11104629186317837,0.018817677564269213,0.03191919229075872,0.03059453750231579,-0.04324062549681724,-0.09995524713882926,-0.026469465505281647,-0.0577791647228018,-0.04597020355640632,-0.02358318709536711,-0.0046300965173326405,0.008352323851991719,-0.046531588866100745,0.04551001319680184,-0.002344888684404505,0.00889998535143773,-0.0522601040356629,-0.04213304489117062,-0.028141886341180936,-0.044437200056680566,-0.020805785907549966,0.02935187590580287,0.06546993706860288,0.011722369171126177,0.013271270046047924,-0.11723546984311202,0.009596991488437269,0.04357559390725339,0.027562313606685603,0.07151880829543238,0.06091587394671968,-0.06808876763657506,-0.015607959496792676,-0.04237412864258797,-0.06579349819910447,0.15622856144615016,0.009407158263231323,-0.028062307610786083,-0.02413148999790035,-0.010351782982602616,0.0853453079556817,0.06939610666077117,-0.07126269827866842,-0.06055568275923168,-0.0029273510444783966,-0.09953689125486936,0.043298663483081486,0.03266772198507166,0.04000249083627348,0.140967400657074,-0.027571554254048232,0.12622870698562305,0.12224437622936737,0.026453333861168854,-0.0025825616449694933,0.10402062443640372,0.1419014442380626,0.04166634898474649,-0.021701535297147877,0.14214694693741636,-0.004210006878017279,0.2210024741310129,0.039523745132813454,-0.022697753308584256
2026-03-11,-0.00014806448299809621,-0.07609331879493426,0.023599824323383124,-0.03195767208256521,-0.04325639934788174,0.08487316856272616,0.04783279217326471,0.04251339261895624,0.14758425831753744,0.1502022506761561,-0.03183524788138385,-0.01147278284107752,-0.029970695969362436,-0.05147401105700215,-0.025581514684339487,-0.02107806502058212,0.015611474021939516,-0.027522377928102,0.08756815132119239,0.0267393025737166,0.02607867706679013,0.04377858491479455,-0.06569107620093344,0.003525396652809097,-0.04623832649601013,-0.027483655538541187,0.06005659361119977,0.04460307553945508,0.004459904367588859,-0.11448956472537121,0.0351481922368418,-0.004755343369430976,0.01618934941651392,0.06159330350893231,-0.11125441389713553,0.01858152585873387,0.03514168374674465,0.02713461245246404,-0.043864671220275694,-0.09813873962078716,-0.025001248454544885,-0.059095421272038914,-0.05176377072088445,-0.017533894920674087,-0.0035013184333919974,0.006475538391090361,-0.04639056179182937,0.043893197296028315,-0.00396915735821172,0.023049346249488616,-0.05505875213861172,-0.03902365544744796,-0.021952818387293488,-0.04304188773787292,-0.022247374910460964,0.02549552544310042,0.058673980040482236,0.012044968134768418,0.015013835870415751,-0.12270221292989524,0.010887469663080861,0.03604565512221439,0.017604420873449225,0.08375712010467817,0.0693945200575221,-0.06154787568511444,-0.022543588935286442,-0.04772054014288858,-0.06609206723451518,0.15490248276445623,0.009512677329407884,-0.02729655252844658,-0.02396900798066643,0.0032791180357605344,0.08032413861976945,0.06641455844037213,-0.07158216279792103,-0.0587300985040739,0.0006936973870433818,-0.09676590007844192,0.045177885691365625,0.03694706048966305,0.03308260223646658,0.1438538148478055,-0.02531164700869471,0.12766723606806124,0.12236431193980854,0.020471875192313752,-0.010244018759078167,0.0984716550631436,0.14400536935317299,0.03490424722821511,-0.019909737132187424,0.14692045170805618,0.0011561619636977008,0.21920333745938145,0.03506572814547552,-0.024268288722308913
2026-03-12,0.0015274273737397367,-0.07589884406996378,0.023900331847747255,-0.03145175309079009,-0.0403400917678475,0.08311667316849786,0.051412494158601545,0.043910567242482344,0.14961379642235423,0.15051686561857813,-0.033924085330386704,-0.011228965460232035,-0.03009782992229887,-0.05087763891281911,-0.027536344448950714,-0.02175734345731377,0.011763223085165496,-0.03150403741297957,0.09065427556635634,0.028371382145307544,0.02798642787794421,0.045298997495775394,-0.06760333564913926,0.006109235054662233,-0.04391253398777086,-0.02645131177050257,0.05748509459209869,0.042942916542586654,0.004593502886456179,-0.1138077654114257,0.03315852880516676,-0.005238534852735987,0.01157744407954761,0.06045550826274792,-0.11217881963435332,0.01827695472836237,0.03497180621667623,0.028499563124349557,-0.04339300795922702,-0.09531075127837901,-0.023963193662081272,-0.058057921054760014,-0.05082309422078442,-0.0193893433752593,-0.004126729640810239,0.008077010057202808,-0.04970400371723384,0.04190280959866539,-0.003747619746281154,0.02440781295888656,-0.056741473178073765,-0.037524451153417654,-0.02062815239337995,-0.04337024754603246,-0.022738155184747,0.02759539447095407,0.05919426713909756,0.013499593585263581,0.01753034415678324,-0.1209296413188982,0.013583063800233053,0.03691752914675408,0.01915944356497687,0.08384028248823608,0.06946123433066421,-0.06260202950982047,-0.02281212185406608,-0.045962283883066134,-0.06313422793432041,0.15517259458861682,0.006476982192644386,-0.031842835018822804,-0.027954395942239176,0.00253870376103208,0.08346114704174586,0.0652421466567006,-0.07471730281249801,-0.055070845410362834,-0.0006882292507666577,-0.09563238778136757,0.045425812278339965,0.03791255722517174,0.032411836225565635,0.1411505306839694,-0.02435589063229736,0.1269697225069267,0.11875272489345058,0.021959364080991153,-0.006962654246704536,0.10255599861059587,0.14276036254058355,0.03512227354468144,-0.022218882996468847,0.1431185307224396,0.0011981250207267567,0.2203717271283108,0.03530720785760474,-0.0310090412713434
2026-03-13,-0.01169198298272288,-0.0769789845837235,0.019037091188203507,-0.03479652689549806,-0.04538097396349103,0.09530756561401646,0.048839893205925765,0.04230526493265712,0.16862250850400823,0.1597284962816993,-0.028684767359384807,-0.005113900073984419,-0.02412276343605671,-0.057151655523283176,-0.04985375010266931,-0.032306954892461555,0.012413140271583988,-0.03817078872073203,0.11479610294841971,0.02229598745850047,0.022986146682724688,0.04735548046095403,-0.07864315025449174,-0.003784773053115205,-0.05242373541753098,-0.023380688471836823,0.07270026743341748,0.05358961408262004,0.017113494044538546,-0.12278271478799314,0.036722797268431466,0.011191403238171069,0.028830687839815433,0.06177537190881505,-0.11990457533869643,0.008254821175679852,0.030609925653717347,0.022937914128005322,-0.04148561052021203,-0.09076173776374447,-0.030582282370432583,-0.07074003992382384,-0.04534915859049584,-0.012879494404633629,-0.03271944576081749,0.01693232812705736,-0.07314122245310657,0.04006660000729533,-0.009960397412854061,0.0372399710106166,-0.07047355763524012,-0.028669251136291006,-0.02001266357356976,-0.050680927060632805,-0.01668426647331534,0.021656297717092078,0.07674922357605272,0.017455781949680862,0.02448222205250397,-0.1222781637244318,0.005760626397397186,0.03049700550799659,0.016950331316778804,0.10526961543165955,0.07887808129896184,-0.06308786715121281,-0.030939941186325835,-0.039310404435004,-0.1017508037145109,0.16094066119941353,0.013870510011215772,-0.027710304748589078,-0.02980791787200171,0.019135167434962953,0.08605460669750356,0.06725640898899708,-0.08099329295136262,-0.07301893628171253,-0.016504656873053913,-0.09611721974491468,0.04708248791429386,0.05316034262937672,0.026539996579600794,0.159753954705945,-0.029660311818121197,0.12203987197833022,0.11421382458831603,0.002074522511292899,-0.0060654840402007155,0.10062187062584087,0.16533779644783442,0.01922818485507152,-0.037600160202132686,0.1670157176813384,-0.0026892726067994973,0.25529431102378836,0.03363484468370337,-0.025759660984607996
2026-03-16,-0.009945422134565505,-0.07777681539641067,0.019489498659231514,-0.03507905235973096,-0.047222918513837815,0.0936790781964057,0.05303629229611738,0.039952078754846604,0.16603391712166862,0.15856687788490956,-0.029549493567352494,5.611244792461979e-05,-0.02435201552678523,-0.06191820884722686,-0.050687877508901205,-0.03177887897762897,0.010822761920726835,-0.03051934554537762,0.10981533471121382,0.01606054453955965,0.02212584246514015,0.05115085084106413,-0.08221282644597255,-0.0029341323492463912,-0.057092419572275274,-0.02404620604641553,0.07556316324251311,0.054648762213491534,0.023023207902974664,-0.11937440074202067,0.04009075682545745,0.006655009453599274,0.02863122765340797,0.06029745319280989,-0.11920023529269046,0.007936688954399721,0.03418463538903366,0.018603536278911797,-0.0472359804273031,-0.08638642980081829,-0.026911158628230646,-0.07187967224685135,-0.04715022889771488,-0.011436929725017619,-0.02889735656248448,0.016304225556467846,-0.07325792893224423,0.04716991006103368,-0.004221131756979201,0.032661078452944955,-0.06657611067239316,-0.028639747417313795,-0.01806375538000008,-0.05255139364226753,-0.01472280298493848,0.015414515479738149,0.07708564993446448,0.01670246743758872,0.024138077124887747,-0.12435872002675884,0.005379546927165437,0.03080635384670466,0.015176157213216263,0.10519734153321748,0.08537111633488614,-0.06191178483348991,-0.0328726457973202,-0.04664744131833064,-0.1047556089727173,0.1558327302177128,0.0168402434710931,-0.03226089556882532,-0.03224993484499339,0.02254502527439768,0.08434767032968907,0.0737983898995028,-0.0743695785989186,-0.0791723565148525,-0.015919401006907363,-0.09820873568484167,0.05024173896618745,0.05315583422019614,0.025786343213605907,0.1614207650226143,-0.024460383476304207,0.12226038733727451,0.11427929165626452,0.001882513401465528,-0.005834528729356336,0.0951260205782009,0.16741499207947155,0.014251658610343089,-0.03657180365035621,0.1685110873306837,-0.0019133756450452708,0.255362218981493,0.03175337023648207,-0.02351228110438862
2026-03-17,-0.009090216921187408,-0.07786125221219807,0.01916582510699326,-0.03579975313990975,-0.04761690071740033,0.09426368420823354,0.052131637190380706,0.03799992417675097,0.16613471524522247,0.15842404683108421,-0.028818919187410356,-0.0020789508932720097,-0.025345056410128824,-0.060463484267665776,-0.04944491551831159,-0.0366590527205796,0.010794652663106733,-0.0315776927324261,0.10792648178776588,0.017285371303914044,0.022637380372348442,0.05258613834301951,-0.08307822776639809,-0.0010641949919582023,-0.060400724316611726,-0.024366031143597144,0.07541129757093834,0.05781092708471376,0.023410821292299717,-0.119404335302787,0.04091519716799914,0.004518860011692623,0.02969176459310531,0.06176245837518284,-0.11653624939719999,0.007150970653426653,0.03163675479929489,0.018416801095972157,-0.04651620637812196,-0.08605209810069199,-0.02673933786686916,-0.0733801494597502,-0.04424696140547325,-0.008083789605592183,-0.027552923188648423,0.015172877452631546,-0.07302814191060779,0.048761472746883486,-0.003257432741459572,0.032406540714395964,-0.06719389150503514,-0.02934489377561491,-0.018944851072295467,-0.05150009147338742,-0.011785055650059753,0.016007704093856684,0.07481999570253492,0.018515171617948453,0.024016197371560178,-0.12364157924535245,0.005749566841236748,0.030336554678475944,0.015621164749391542,0.10676660884726358,0.08616747833077765,-0.061679934988972146,-0.036072382334848586,-0.04660861803249613,-0.10729944667462499,0.15612238523680005,0.01125031263099301,-0.03181766328141711,-0.03418436936880492,0.023386019773647328,0.0823754847167692,0.07282033546728571,-0.07347673702519551,-0.08464563881238772,-0.015166613947935963,-0.10080108778364162,0.04942564372473143,0.05561093268036806,0.02653631765502283,0.1627067461113762,-0.025285916307244298,0.12549572310792048,0.11266073126752067,0.0019306359732657145,-0.005931314083984019,0.09294593424285175,0.16627316452441,0.01313705760258814,-0.03549739625407086,0.1683335783448623,0.003872180259588664,0.25755256856177045,0.032624815622952684,-0.020137130611501346
2026-03-18,-0.010419180347214679,-0.07305395225769584,0.018442023454720367,-0.03705358406672961,-0.04965206499978724,0.08921247322202816,0.04939204530423715,0.03925351668159292,0.174354432682786,0.15526036274314,-0.026529617688018217,0.0007117636169723732,-0.03051744659332297,-0.05653977416358387,-0.0487269495995652,-0.036519069957103724,0.009831153586784894,-0.035881306388574244,0.12406137413210305,0.019102673246206972,0.024357885160446513,0.05148567055539042,-0.08982655327550579,-0.0065506463217833,-0.06241662793059738,-0.025380203626722816,0.07651664488953411,0.06050655725930625,0.018093599692444312,-0.11882575574723199,0.04163822484452107,0.009339170701158885,0.024984950712947384,0.06231460848081988,-0.11554729428434175,0.007397239366005951,0.026887384800657894,0.016104037750942612,-0.0476812621816309,-0.08765852135742269,-0.018887860570514628,-0.07392954747361141,-0.0489411385208348,-0.01171954434598804,-0.024706773148898187,0.007110194731913473,-0.07707840587750985,0.05237231656112432,-0.004020822170450137,0.0312156174748906,-0.06022856719538744,-0.024651860961606938,-0.019697689192099042,-0.05264700128174768,-0.013292857268243212,0.028097490404913675,0.07117375486863631,0.020961177120718464,0.020610699311521114,-0.11550996839925139,0.005210247403600765,0.031097643419405963,0.017234726238521354,0.10530861038186268,0.08142065001606469,-0.06485469841568606,-0.03782847343432535,-0.048529753268017534,-0.09666837632790319,0.15566737773014336,0.02063850919823556,-0.03219431267858821,-0.03525170233902049,0.026173540028534947,0.08799323129166228,0.07003481226509635,-0.0762902301154244,-0.079609139407667,-0.01573322521069525,-0.10583027032240724,0.04356050091853575,0.05297010690364256,0.03475131598303186,0.15384158784567423,-0.022227928631266505,0.125403491455606,0.1120110400496333,0.003363498123447795,-0.004637766484022353,0.09269726744853277,0.1672393746586699,0.010560505653316458,-0.04173458133350174,0.1655460014186543,0.0058602683630903625,0.2589032648859127,0.029596299866280346,-0.022390609744121104
2026-03-19,-0.007748324292978439,-0.07157163398419154,0.016961977962358453,-0.036971540219246216,-0.05124445027712826,0.08786915579804494,0.046279089752629385,0.0383030397501606,0.18049040071483247,0.152283019779497,-0.028980836717990836,-0.006063214869693112,-0.030646511501916454,-0.05412019829458781,-0.05142276871850387,-0.03562161380757918,0.00832600119882778,-0.034099765209522126,0.12312747463860825,0.014187247332072956,0.025028496018511554,0.05237860741724042,-0.08724480966808329,-0.008582493874879473,-0.06213082795875882,-0.02973093711739963,0.08028744307437563,0.0635957547726052,0.016272493356246708,-0.11708715788534384,0.04623166657293975,0.006066292716336188,0.036540178870635924,0.0627848781125175,-0.11003285575363975,0.002750855580310195,0.02948211635846848,0.015009126424292925,-0.04708759327616348,-0.08632732363100146,-0.01945485966550075,-0.07200166049284693,-0.05415866036331567,-0.012315061235785118,-0.031323977989983286,0.00971951744805294,-0.08452330316157293,0.0530170043612027,-0.003241674108496337,0.026008085328121523,-0.06075350772685745,-0.025740979038685503,-0.013667141711362114,-0.0471904222693558,-0.017667179831161277,0.026695543843060568,0.07733471491099699,0.021484730042504743,0.01678121528930836,-0.11055562113619966,0.00556295520706274,0.030957511265563516,0.015377989739545477,0.10291191916236542,0.08584862812892421,-0.06814206734934411,-0.03972878303460684,-0.04702799014532098,-0.09123324054141564,0.15857840015303248,0.025718822776239398,-0.029427489914637707,-0.03265273628802733,0.0289679487290372,0.08735058162467067,0.06989988218822656,-0.07902106930677444,-0.07968742207080434,-0.021652841697968807,-0.11043486590852919,0.04288097227107883,0.05573415743817672,0.031516127032089634,0.15391611040394892,-0.026027680587537932,0.12108544211854043,0.11515451025350316,0.003807504514347945,-0.002175491086234856,0.09243960647746383,0.16333310560003989,0.012225005222119115,-0.0441229484603573,0.1661232085668298,0.011965816336296311,0.25619365013493867,0.03152319449616631,-0.023725645083677444
2026-03-20,-0.009159969102511508,-0.07176422601326986,0.01653986851729179,-0.03605010432600611,-0.050362608160105855,0.08821782510267606,0.046035893777752586,0.037463106884330966,0.18082196338398018,0.1522113399435746,-0.027845111249462776,-0.007023894526838858,-0.02936355371830411,-0.05236788605323224,-0.05178327267195968,-0.03634221964545877,0.007902333826936288,-0.03565790499984769,0.12404308005426865,0.014722291808061172,0.023795264527720378,0.052156009454401714,-0.08729325538221418,-0.007755640806419261,-0.06170015793577506,-0.029643779632057138,0.08068117246903234,0.06321969523463983,0.017059000273517665,-0.11752692290869195,0.04497701723341608,0.005577742242067623,0.034048366606874,0.062185259986347705,-0.10793042636735889,0.003489351008002869,0.030378168505303692,0.015785329817935175,-0.046635016622329474,-0.08733687571132344,-0.019502080124918622,-0.07133021831659843,-0.05473333602043788,-0.01349559024119871,-0.03205388897317541,0.009226845394374933,-0.08531641620813621,0.05348469705969524,-0.0036518248014677946,0.026168946812711133,-0.06107916372643768,-0.026112465377231275,-0.013712398044315443,-0.046940806852702716,-0.017725105373281938,0.027395694625123174,0.07745664955660767,0.022958678093083048,0.01548623422968122,-0.10874523304743794,0.0050674776538132005,0.03140372495693379,0.01580496305035719,0.10163625851628866,0.08507448683257449,-0.06923581757511103,-0.038729140330382,-0.04611925029774659,-0.09447932059693209,0.15830344896123677,0.028707475957796387,-0.029002061774731934,-0.03373901277860299,0.02820541055307979,0.08667222087684523,0.07054359113658704,-0.07913692861999047,-0.07720465209688945,-0.022146127333250935,-0.11046139134784048,0.042571405710110935,0.05651588877126742,0.0327203885575712,0.15561830271535343,-0.026140237445975795,0.1189933221633358,0.1151969272387988,0.004833159120841713,-0.00202369024249989,0.09320193478641038,0.16459940296880582,0.012716978256543495,-0.04549355458292992,0.16670213316281599,0.01100900017226977,0.2554091727508531,0.03161249110588195,-0.02475485444238977
2026-03-23,-0.004116713127934782,-0.06519452158389055,0.010003669552770385,-0.03557761510479999,-0.03530100099085151,0.0836249727661334,0.049256156905446775,0.03680007887566706,0.16289014588778017,0.14292263717572004,-0.03525754748230013,-0.009401958234366624,-0.029898937756034784,-0.03780918424520299,-0.039575256319704114,-0.032369004137451085,0.0036321778566480636,-0.03290669534125763,0.11155442367698466,0.014562705495254277,0.0216792444093726,0.0398434440971906,-0.08450291582176643,-0.0052461829951130825,-0.05417779392606327,-0.03663733251507162,0.06605113453648435,0.056908287494164086,0.013163805921085719,-0.10092602505707574,0.034033464100190744,-0.00016116243890625798,0.03076911153530642,0.04466658992606781,-0.09240247560242947,0.002406908702719669,0.02998700112066139,0.015195331505123637,-0.04370067244661432,-0.08514494067859855,-0.016661839286630904,-0.06342376378084032,-0.05218898038221691,-0.012128851078960027,-0.018952646983703095,0.004679756562776281,-0.06763919869988569,0.04558636237520353,-0.009453229231308155,0.02434470328452417,-0.04782382583879172,-0.036394415358923786,4.357824260640443e-05,-0.03932950376049243,-0.02045405405048717,0.0276170667360722,0.06705520439655147,0.013983717482252486,0.012562714818552215,-0.09794662376729342,0.010633311442166239,0.02518886187679626,0.006450192910953417,0.0823357596656476,0.08004783520118167,-0.07045828513302445,-0.040365537609206,-0.04868385672996512,-0.08338476202551247,0.15986923960633817,0.018051240032222658,-0.014840959518256027,-0.023748576470256383,0.02529040214426468,0.07528993249408715,0.06590279570505865,-0.06940273110503027,-0.07142624056136376,-0.014831578827014304,-0.11080368474089555,0.04234432608890186,0.055823259174417224,0.03578531279189063,0.12347267041705907,-0.0074478947927086505,0.11411906744275156,0.11187684968156801,0.019511634473178552,0.0007172915067781022,0.0920547246828691,0.14640983296501242,0.02428946354570922,-0.023786133018175483,0.1533964484088516,0.0279762120640868,0.2353509729916592,0.04005610040636862,-0.01618302460275419
2026-03-24,-0.0017591151205844698,-0.06579274606052281,0.009115561516098032,-0.03623563750143189,-0.03541694618278247,0.08351513957021446,0.050841569202818675,0.037634250983856234,0.16188743339879733,0.14309161636808546,-0.03623504695299665,-0.009727769429684568,-0.030041556661337843,-0.037496103734831115,-0.039914994038040746,-0.03302602469221061,0.0047977114587631755,-0.03368891654051957,0.11243621192674398,0.012804986265313408,0.021976263858213933,0.038799989919157014,-0.08281378607571091,-0.00475179331102522,-0.05349622778160665,-0.036164379452667456,0.06600538831752009,0.05593405317367053,0.01382762431033065,-0.09771327404036054,0.032776657852309384,-0.00011854500943796892,0.03022620431220363,0.04191349463682558,-0.09171324405843004,0.0017945833749963957,0.028755809289352854,0.012886166378064157,-0.0439398638400489,-0.08429590439876795,-0.015539481917511281,-0.06261004148146213,-0.0526187421582741,-0.013113860322284886,-0.0190421128029327,0.0036748555088653677,-0.0696646197172212,0.04322547211814176,-0.009297087080274895,0.02429991799333084,-0.046222490271753555,-0.03682158678710209,0.0004709763539263376,-0.03837845832376376,-0.01975256447379408,0.028292885256995158,0.0691893813760486,0.012144369747300886,0.012298811849708869,-0.09771410852607271,0.009736303595337613,0.0259496268568815,0.007065352181438092,0.0817990293116157,0.08155938429292221,-0.07252465348904279,-0.040414348882981926,-0.04932374883625114,-0.0817768972762336,0.16002733602099337,0.018066942857113195,-0.013795772639906454,-0.023887731902140358,0.025554722742569674,0.07593760957512832,0.06644025157408967,-0.06904651306761488,-0.07195462454100122,-0.015108103287086975,-0.11140179629363214,0.04374963027025051,0.054985916881331684,0.03451019417597699,0.12193600275070905,-0.007848215745104659,0.1147631476169198,0.11265087918122105,0.018771931322564307,0.0008055351993516025,0.0911941076138755,0.1472189707313922,0.024532013608357252,-0.023937431379323484,0.15520583774454233,0.029302295407422296,0.23527265826975086,0.04143484091991936,-0.01695104093356172
2026-03-25,-0.004399665964961974,-0.07071036394867543,0.009352832171869418,-0.03886337249951746,-0.04739703437347209,0.08842548210766915,0.048554264041117685,0.04092738785124569,0.18500039260274914,0.15054183901453203,-0.03258470688744625,-0.007988176740744807,-0.032725391022671475,-0.0436380916570082,-0.046156620757275425,-0.036281404811222474,0.011546472521245969,-0.04003169027305672,0.13112508858265923,0.011360220914944616,0.02516316022271805,0.04532944506642474,-0.09048180532915805,-0.008438796433713801,-0.0623833995255952,-0.034505305627964555,0.07860994533385181,0.062180437211893085,0.01396477550899776,-0.10732617849525523,0.04294384583654043,0.0025709479541508483,0.030895465085868427,0.05299247669515455,-0.10685394857576581,0.00025245743290286914,0.031531462352880034,0.00792534571711186,-0.04504544633291531,-0.08441616042922702,-0.01478604369077374,-0.06384960509150556,-0.050763536673152775,-0.014090020901137453,-0.023059039973925576,0.00921751825986894,-0.08231986045173588,0.04597807144972533,-0.012667123628116771,0.024790327816949276,-0.057570780134281754,-0.033520830119782775,-0.006508896695680012,-0.04202020066727699,-0.018378208704331385,0.03263255093266812,0.08132918837919352,0.017077768236060012,0.013224316461947739,-0.09793114669557858,0.0016629579287791574,0.03347828124699708,0.011000133322329861,0.10277003883081963,0.09605963662874278,-0.07598366970862327,-0.040085704657105106,-0.050816280727352496,-0.09052471066220871,0.16141587851869146,0.018506488697598217,-0.02384278085834663,-0.0359340715906347,0.028953822703768603,0.07809456322203724,0.06613908030631224,-0.0823363103175562,-0.08536778940056818,-0.02040242652433516,-0.12438235558210163,0.04230885791398889,0.06583280473726305,0.04084332507008558,0.1269718169430189,-0.025984646946174993,0.11816609469027901,0.11474227820095398,0.006426161730038017,-0.00660246908866551,0.0922500485314058,0.164676670181739,0.010946517985773683,-0.037446567460629715,0.17399710273844693,0.025704457826606887,0.25976751097291073,0.039273005911453954,-0.018028383965752272
2026-03-26,-0.0030689277545767144,-0.07071645337095585,0.009392792368575046,-0.036736408492747445,-0.04758152726499643,0.08613966280620892,0.05091853349222568,0.04124119023563752,0.18571737908354913,0.1497293865199839,-0.036580216331501915,-0.01752877275007709,-0.03031006736074466,-0.044684532838636784,-0.04796691283115314,-0.03131965229417658,0.009968810117618713,-0.04312004121619152,0.12938867656271777,0.012526220045756554,0.02717357341012641,0.04702471572090036,-0.08860039636107049,-0.009553835399216502,-0.05956740254750033,-0.037667080516790304,0.07564685535144075,0.06038216409196109,0.014323584308840348,-0.09225166361957354,0.044350084020672094,0.009567430368189817,0.03189131447082708,0.05681831190752576,-0.10684545144808445,0.0036317023993015837,0.028610998411881347,0.007613105605079645,-0.041504577722984,-0.08517826615938845,-0.01888545223081064,-0.06579635643050552,-0.05376672740611123,-0.012494620963737215,-0.027350329821163102,0.013043547699293206,-0.07941786263262925,0.0435459003092725,-0.011062871967288215,0.01918193212277174,-0.055520553043913276,-0.03778341925839981,-0.007072180538551414,-0.046037465949077906,-0.017016408525200533,0.028619509953283925,0.07995217455786797,0.014734323095783222,0.013066793197881206,-0.101181565828612,-0.0017193630611573515,0.04213822478171383,0.015935436089654188,0.10116374534928138,0.09782059405866773,-0.07689350695587341,-0.04340047751526552,-0.05332484752562387,-0.08747262061196881,0.15793756447647178,0.021197949726572504,-0.027623558724918264,-0.03151427537845518,0.025046703821530146,0.07675955253127015,0.06791788112191258,-0.07811107363459083,-0.08877003362091451,-0.019476208418930517,-0.12026317772051066,0.04262647488590203,0.06284998686958067,0.039586775040069,0.12903237175754448,-0.027222843872836473,0.11701844981357322,0.11395427825655907,0.010712363026266866,-0.0031418587859458075,0.09176181477943582,0.16682554529994406,0.012728658124222322,-0.037848324658065285,0.17433366727520974,0.01959799765447779,0.2584722457065293,0.04268872670043164,-0.021357508020571014
2026-03-27,-0.0015188909292665753,-0.07355580045371884,0.006706847097330193,-0.0327840632224739,-0.03888773169296675,0.08319205672177367,0.055162962578780256,0.044133430415025744,0.15900916867653328,0.14296699409398336,-0.03561219489607824,-0.012646620796294113,-0.02724674355079778,-0.04082373559210171,-0.03938809080445151,-0.028437233496215575,0.0035746296861084055,-0.03022012605473686,0.10977758012753,0.011900786731726808,0.021880625635928286,0.039177247582269696,-0.08022468472225264,-0.0029731758169230255,-0.0493669145327696,-0.03577110161318526,0.06346817828097066,0.05604451962493346,0.01096916810685366,-0.08747600409118649,0.036885087830526506,0.0030299350658878343,0.03434014380740964,0.04752428136363811,-0.09309912082221533,0.0052944060062899935,0.02623596476598431,0.014943401893019483,-0.042286281597109295,-0.08450264052228361,-0.016478928435174872,-0.06336502271406937,-0.05674338120371612,-0.01433094023461205,-0.020638467770486252,0.005500366151588467,-0.0702526307112214,0.044187284821825656,-0.00853745338368806,0.021443667840423182,-0.045827459522758504,-0.04181733047314566,-0.001349634047685913,-0.03932915770689885,-0.020682127156088748,0.02846942676256147,0.06692038316394958,0.01200989004398919,0.00991043204378143,-0.09673784624061035,0.005243946719687785,0.03279263531030815,0.0062380627999391565,0.07953272064154861,0.08774526097653958,-0.06671620492383552,-0.04478371609942748,-0.05187265428656096,-0.07979707316280711,0.15716285412867972,0.016788275554011117,-0.016006277484239113,-0.018903019108636898,0.019134288559589575,0.07439499744875841,0.06702134543242254,-0.06698650462126557,-0.07679074813632798,-0.01617052349081719,-0.10815169067121769,0.04159830006128753,0.05311149898918654,0.033324449589178864,0.11875627017428357,-0.008058648234038264,0.11859432403141935,0.1163303976776487,0.024319421876696685,9.380417120149337e-05,0.09153277609728573,0.14967011906110345,0.020801148849979603,-0.024898978614965504,0.15618790967491755,0.02780300289033802,0.23241913137503353,0.04310324419928094,-0.026311479569626484
2026-03-30,-0.0019621678261333483,-0.08439979303250814,0.01024255813481023,-0.030046534420788383,-0.051379984867529656,0.09048757808487234,0.052154008919832476,0.04350277540905622,0.17920678908540527,0.15222169698612478,-0.03513091991311493,-0.013142464788079304,-0.02960802023815215,-0.04682594798823382,-0.04991490727206661,-0.033336001074393995,0.007748917576140116,-0.034314679053278035,0.1291043319117398,0.011802116505098718,0.022016615483641873,0.04573613821033028,-0.0888332295857745,-0.002679799504084219,-0.0578149732677815,-0.0342169043566065,0.07594792566345336,0.06252067492813827,0.01608307228722278,-0.0938855392601761,0.04551508921532796,0.006713529093114558,0.040122879069170496,0.05578843953355833,-0.10519293602871803,0.0018024369976883201,0.02360540453963901,0.006539039429086548,-0.04124521095912989,-0.08463032985406246,-0.014120645986007848,-0.06895945835312751,-0.05849060322526975,-0.014873648340312346,-0.03282155805490137,0.01683364629340485,-0.08333837229906436,0.04698258791173665,-0.011918057527312726,0.018500457352238375,-0.056393454340342375,-0.041562984804461585,-0.0069932270582120076,-0.04204157346501586,-0.015326576022203104,0.031327266413537426,0.08243379854283724,0.018128689477711974,0.011506068731734756,-0.09803699269796735,-0.004046247224912284,0.04411022351067051,0.015219504242588222,0.09957275472912563,0.1033247311676353,-0.0683244796374185,-0.049045367026756916,-0.05199361361173541,-0.09198564055895248,0.15878316364592315,0.02074157384776254,-0.02815708070645826,-0.029190408186155287,0.025343950863701885,0.07920960942165847,0.06837878578509805,-0.08236184580106633,-0.09399011281800274,-0.02214561804791749,-0.11644611903772088,0.042308076087947205,0.06304831458338052,0.03410285522291308,0.1219891455007839,-0.027178484330323147,0.11992461651988391,0.12165362773754596,0.016159463063306023,-0.0052640965822963875,0.08781030719698579,0.17044724835937045,0.005788132530306689,-0.03759460574510138,0.17574222625390135,0.01928525064433733,0.2582146091552772,0.04316448313592698,-0.027735970213055947
2026-03-31,0.004210017236015342,-0.07512451126080791,0.008263862395336254,-0.030415905977052404,-0.0406727596226121,0.08196680240416981,0.04986982299210345,0.04662687670142121,0.1512217891419821,0.14500656283290506,-0.03591384657622568,-0.013505029642954304,-0.028151748718576328,-0.03992161073641486,-0.03917044981681894,-0.032351156352955615,0.0031727735486873215,-0.026264531552608404,0.11062192340293468,0.00951855964985585,0.017587511407990575,0.04532988529768225,-0.07923924728254837,0.0026108296835490197,-0.052231379360823865,-0.02866718126897537,0.07209087661044823,0.05483645896968507,0.01574477984739336,-0.07836143193423396,0.03876115442233249,0.0014922131069620807,0.030051703058539173,0.04460692291438857,-0.09355096541523111,1.4107035005705981e-06,0.018589050397889224,0.015638507094066223,-0.04607492440803816,-0.08523305712258478,-0.013691677409637925,-0.06297123471112484,-0.06170799436291734,-0.01884635285270357,-0.021112924419126773,0.007706281623711186,-0.06576488732871937,0.04580756040492404,-0.009857709644865436,0.018545502420054625,-0.042219398007826474,-0.04553592404233334,-0.00228209710687091,-0.03774388133143513,-0.014676463404067917,0.033439127988554106,0.08451655237192487,0.008166661585278914,0.007555592209866821,-0.0916713908747216,0.0015009492372337462,0.0315635539078411,0.005183616161373069,0.08037100026881402,0.08706966667088577,-0.06961959429165009,-0.05757611222794545,-0.055030598910778605,-0.08436160069570632,0.16190940891688538,0.014082394841685691,-0.0177609952551245,-0.013894633569330976,0.02101287861898867,0.07395692148061395,0.07055232992815487,-0.07198108484578095,-0.08423332064686335,-0.01646180445768817,-0.10709597288119367,0.04368387866661338,0.052062556432143456,0.028206091277485495,0.12260205078653313,-0.011298947777467908,0.11826326908263364,0.119133014108774,0.034017302117970646,0.0019593860590001646,0.09017194567204184,0.14810761092444866,0.020620888101085394,-0.026521016397928338,0.15264830608611218,0.02702987843104343,0.23391035971302043,0.04283415362019679,-0.027243629032460574
2026-04-01,0.007230757959521101,-0.08372980234822866,0.017489463416107506,-0.03194373111752079,-0.06036379441632396,0.08808069891805893,0.04753492882163145,0.05199887345242702,0.1852915438767746,0.16726347102882255,-0.029177521292742453,-0.016036883132433587,-0.0403026108611632,-0.059093813569853895,-0.05450431781158101,-0.03914337626130851,0.016088298800180152,-0.031190021465204845,0.1536654123361672,0.005775277128269163,0.017742469709620623,0.06506897437704154,-0.09008129326696189,0.006185208312954317,-0.07456875425521382,-0.017132594848227475,0.10507493429670331,0.0600992833931069,0.025421874123147312,-0.09093939669821673,0.031540751895801404,0.0158650466701301,0.040056547534382925,0.06274546425088488,-0.1272288039429681,-0.0037214099830013316,0.008951984216113157,0.0005118640586727636,-0.04661088157123761,-0.08383005701804434,-0.009255092445848231,-0.06964820738041917,-0.06452760951576719,-0.005839096491446911,-0.02914039027930497,0.012954722167793753,-0.09127128998401357,0.04334697354650062,-0.006688007834074977,0.012365948231647878,-0.0612318926304479,-0.04314697112846443,-0.012676808455016604,-0.05179177945788231,-0.010760518291575693,0.04229076367872815,0.1302829387821981,0.016337217719752183,0.0069190376436198495,-0.0888006253062729,-0.007048799716596341,0.05101818753376733,0.014502829957626084,0.11745961205886214,0.10997943298204363,-0.0847121039631163,-0.07185776834712036,-0.05690582019136127,-0.10731052585528035,0.17108201589207567,0.013004136505521933,-0.045574215202024475,-0.03650291516660239,0.03594659439763312,0.07733688368188306,0.05771063417355607,-0.1005671003815761,-0.10687196015911077,-0.01692793279485269,-0.12686985809612344,0.05067021850135524,0.07084322175207486,0.04744854061689837,0.13725380444465413,-0.0575651524208667,0.11577475078667922,0.11329492208280827,0.026310374615954674,-0.0054032180960554375,0.08280331557782983,0.18989446220742787,-0.002798410864177073,-0.055997777163823786,0.1839654125056964,0.01183079115270867,0.2804331158784875,0.04031011655281956,-0.03576319272566837
2026-04-02,0.007291693794416404,-0.07825953470320395,0.015107326972076649,-0.025935846913464275,-0.04914354950384462,0.08660451735138201,0.047414558023874134,0.05109640129232111,0.15737354056870925,0.1586895109283293,-0.03239836332616714,-0.017091125275883218,-0.036797169502104266,-0.05253500453071644,-0.05346909445531581,-0.033378411516522384,0.008193780940136319,-0.019710045286675082,0.13430999313798492,0.009193663880330456,0.013739892049061309,0.05484410705023196,-0.0837177666367506,0.005963216925614985,-0.05784688226366931,-0.021106059185124336,0.08832914867422312,0.05574700837596366,0.021631541870122346,-0.08566286404502736,0.028019137113706995,0.00826635657672449,0.03556905315522411,0.05350905978240248,-0.1125597998304942,-0.0015000915192606,0.014336905634364128,0.01021845920938877,-0.04670552515529217,-0.08734064621126784,-0.011451542749066382,-0.06158824437309039,-0.06149100933077556,-0.0060785979781021685,-0.024996532144133117,0.009361270815856611,-0.07897521993441202,0.038080662507133586,-0.009364502848423476,0.01663461145129386,-0.052304574643396676,-0.0451028730727117,-0.008343631718387505,-0.04636304995666438,-0.01692152256463885,0.03797151978134409,0.11212968059297394,0.014874445217117786,0.008799227772739905,-0.08728486852536733,0.0008857754598769144,0.038121313032658394,0.007815974342958934,0.09659079171780621,0.09770062819506438,-0.0788387518395613,-0.06491741535393204,-0.05904231626791738,-0.0939947368176466,0.17114461875980094,0.012622657265165746,-0.03102760957594862,-0.028744365605437083,0.029328151704836054,0.07490618402072599,0.05965411322172291,-0.08623583114991683,-0.09018355320411872,-0.016768417523389492,-0.11986010392574527,0.05032359246733717,0.05906896279744837,0.035841207542817534,0.13166542912182405,-0.03328270588681273,0.11620392290111159,0.11557597593300313,0.03702812701647782,-0.005395088137796451,0.09002854400213021,0.17138711175214513,0.011185963580743533,-0.04364361740076341,0.16505712002785816,0.019492107555952896,0.2593959933060828,0.040673243811919155,-0.03763933859357789
2026-04-06,0.0055142590546951205,-0.0743726114500179,0.01004711801599252,-0.01442127634930527,-0.03975924125136539,0.08487437740392488,0.05296489944690829,0.049281289036410804,0.1401943489383516,0.14576577490620105,-0.03606066740524652,-0.01912634923455169,-0.035103255444591516,-0.04595504142856216,-0.042532588234777596,-0.02766419982941555,0.00029302205886560725,-0.014954600270819287,0.11528863557520075,0.01029318890928309,0.01088761859763898,0.0425165355989656,-0.08199990367302644,0.001366330804782781,-0.0487138260838959,-0.024083369831356866,0.07719613763217242,0.05122446684687433,0.017813721789847956,-0.0799372664571122,0.022756093188066408,0.0023245659795356373,0.030333887565161588,0.04760932666977921,-0.09902645391147463,-0.0018386794346322843,0.018737526130772078,0.015694674903195868,-0.04622506626803076,-0.08596823765016005,-0.015456522661161152,-0.05516471288689494,-0.06067266397102117,-0.007328743265247456,-0.015013723866748157,0.005983430170605523,-0.06734962328460654,0.03557359821774378,-0.009246419161423441,0.019260224997501543,-0.0419456644563115,-0.045897431842264955,-0.0018601508681574258,-0.039735094768875046,-0.01776622447510782,0.03146452393027261,0.0950293567489301,0.010647024385024911,0.008619642696552115,-0.08627545267187404,0.0064897924233201405,0.029689940311284628,0.0033257218025696247,0.08058174767246605,0.08548405533809522,-0.06897927900104553,-0.05909086378352456,-0.05800123018150853,-0.08504951948273838,0.1677449941713628,0.00953120217577992,-0.017079485891240934,-0.019712972754614144,0.023906244195331806,0.07288135318292299,0.06437635756507125,-0.07435067898936058,-0.07769072539446166,-0.013206647417204663,-0.11201246409759659,0.050129822103181114,0.05054625457920182,0.03222684647676691,0.12269765665840891,-0.016036911689141932,0.11626889216584908,0.1150420468194451,0.042251793968949354,-0.0031043847411036316,0.09222447316089215,0.15071687522243862,0.0249971171919143,-0.029792345535524685,0.14738421030429608,0.02903097370745779,0.23169995395991896,0.04269819244522735,-0.03591954645430756
2026-04-07,0.003889356986439517,-0.08078270874733315,0.014008560308030816,-0.016551004782275947,-0.0480478621443778,0.08874296109313977,0.05107469746574942,0.05083960833722876,0.15277044565769957,0.1612413334224838,-0.03302592712884764,-0.017406912385294168,-0.03845037775527081,-0.05409628988382523,-0.05304360739381245,-0.03324663653310436,0.005001923320949635,-0.0200070689225647,0.13463176715750236,0.006338379058832368,0.011649325715842701,0.05559747269230944,-0.08766878160400794,0.002603509236769461,-0.056201863463415505,-0.02123773952227615,0.09258746375246552,0.055620380660833225,0.022782070204132067,-0.08656224654434866,0.027298538939408867,0.009336648198267855,0.0360445257897776,0.05927686063120678,-0.11636983642692993,-0.0029477718049631552,0.015592588956215469,0.009894261349428331,-0.048802118841594265,-0.08580552029023662,-0.01167837558299614,-0.0648890593771205,-0.06198637528383476,-0.010334599279580763,-0.0180279548712044,0.010266885170432323,-0.07930318759352056,0.036473198069344265,-0.009419648467665994,0.017092071605458205,-0.04955698771461107,-0.043008291027566446,-0.006546030259025523,-0.0479157206852232,-0.01665002210085055,0.035163792027173894,0.12030012893375966,0.014340756084894664,0.009049776885378363,-0.08352746742150571,0.0010556751585442375,0.042557004521799634,0.009347249614050554,0.09510875456175684,0.10161873455077747,-0.07743402659768416,-0.06183052078805332,-0.05951388762104519,-0.09540057657198321,0.17042479998708127,0.012990405152646971,-0.028412812358546362,-0.03013723023157605,0.028283190251848174,0.07434155064730778,0.06102582797149681,-0.09123986650715674,-0.0905347266486561,-0.014958068991425757,-0.12441024739049221,0.05276153850578241,0.05712842300307026,0.03612558544607037,0.13264383969817317,-0.037057627956789095,0.11727944870757613,0.11461922490663973,0.036954077619141906,-0.006194037472780965,0.09031612778505235,0.16941040781665048,0.010857812866796166,-0.0446137005091477,0.16352436386626024,0.017942319757697233,0.2561215882005512,0.0428866823431034,-0.03999859716650865
2026-04-08,0.005896761522177608,-0.08234499150025935,0.014689163835199014,-0.01919658383989796,-0.04714576250831805,0.08745892245521569,0.05114158878955696,0.049789925004034515,0.15247815748254992,0.1632066718287924,-0.03373760795608994,-0.016034668547343915,-0.03792778292816296,-0.05260448590192307,-0.05285250045720179,-0.03335150531232912,0.0016764107076600535,-0.017532598734312274,0.1362572409841773,0.005369144189770158,0.005923541086479802,0.0560843403191649,-0.09017941376457841,0.006436458105259404,-0.05601368649268927,-0.02009820149015832,0.08985221251575308,0.05364813341639542,0.021710048295306778,-0.08718577936472599,0.03317504231393394,0.008840095208356475,0.032812499946261245,0.06081944483585111,-0.11594225473279031,0.00023940012934273516,0.01257201855770011,0.007619287655721627,-0.051548110505273345,-0.0817070478203838,-0.016461731851627116,-0.060949629354929855,-0.05914685984777858,-0.011795882012425657,-0.013081245334981463,0.010777024441423482,-0.07541167937438678,0.03928232126580504,-0.011192968833311124,0.010063776070998974,-0.04898502511131945,-0.044868583542619904,-0.007781633350679653,-0.05136251369013759,-0.012774081712682793,0.03260207306575121,0.12388343182649353,0.015993275376161926,0.009726283066146585,-0.07810881802800694,0.0014936685929867414,0.04733440702309844,0.013229669560056136,0.09235379023851245,0.1002977628169232,-0.07134475333837521,-0.06255863531939446,-0.05896078461189974,-0.0944953917148883,0.1697393776685914,0.009339153578492472,-0.02218056732881362,-0.031488099136783534,0.02379929174411093,0.06936461002111069,0.057483310441832344,-0.09474179476639648,-0.08417863125100644,-0.013746126046593416,-0.12297998097291159,0.051068594373722444,0.05731313667097116,0.034049419284811734,0.1309558943159986,-0.03775817682491847,0.11532515011053177,0.11270954810197399,0.032586742037610444,-0.0043538359498345724,0.08988663010872039,0.16583508280797202,0.011620470521678156,-0.04396771175186903,0.1657349065833108,0.014683389017394327,0.2577566603191272,0.045205021631668875,-0.03911225895363813
2026-04-09,-0.013200233340873302,-0.04768215227400173,0.024718018272911087,-0.05010229986173576,-0.007897276642002323,0.06116278120941332,0.05128024149616646,0.03530486716084081,0.14690749281321305,0.1339903759841835,-0.032571085726630804,-0.009224961341341499,-0.02443008303669033,-0.04205858624823502,-0.08187725155157911,-0.045143106812948135,-0.0010461930735229576,-0.022535766752211868,0.08660808743773137,0.026009961302865724,0.014972846051616421,0.004482488375902146,-0.08344216482562754,0.016699138010396953,-0.034009050795048616,-0.03733699324758579,0.06951591505358139,0.042920073302701964,0.0016062470693574346,-0.0626792449690438,0.003343500527292079,0.008515283607861614,0.0635196469061267,0.06769636489965905,-0.08752202878343017,-0.050650795995348524,0.009806804700495199,0.02017504758524744,-0.015930661556128663,-0.10312641734235173,0.028540667869841926,-0.036081860236415214,-0.07127884872659909,-0.012945493169121238,-0.03250536039081042,0.0008731425163040814,-0.032370617694345225,0.04333561269708715,-0.0033299789363032944,-0.006294920622707185,-0.041763731158828615,-0.05797846239539163,0.013210859858502497,-0.0275248933779889,-0.020979454787597343,0.04700445620346875,0.06395660501755893,-0.02894566563461816,-7.021128581045921e-05,-0.041177806426662494,-0.0037678559117309794,0.024758960083737867,-0.014037840985967375,0.06754196347494956,0.060735624910833425,-0.06311241437488553,-0.08235053776575804,-0.03317974263639297,-0.0345269465383228,0.12169183476133805,0.013815818423988211,-0.04156154158206279,-0.04659361526014772,0.003494693752261798,0.10401383417257098,0.07171819292489466,-0.1126208011342513,-0.08964800424840445,0.0013229593001392714,-0.0789876087702784,0.0449333011494456,0.10101101274183549,0.012475637040758934,0.11232601356191833,-0.05012505285409737,0.10011926565384124,0.10899692962439658,0.10375240123805882,-0.011864694118766736,0.09889674858209303,0.10641386546008932,0.06531530757418715,-0.003806989720923004,0.18271145434862365,0.07382477445921949,0.2654754609745821,0.030945324336385867,-0.030550599558950155
2026-04-10,-0.015344686377053595,-0.04986917982304019,0.03062993346749491,-0.05060466777004489,-0.013301344700509062,0.04461004549065509,0.04909401298133504,0.036417988708374725,0.16550320406663135,0.1442963437694602,-0.02802057989942719,-0.0048124800457521825,-0.028818176067279114,-0.04560149750040074,-0.09289220704939966,-0.0530912872674026,0.006402633198281974,-0.027394801960113437,0.09555613971956062,0.02511816511961618,0.016340643336655532,0.00843906987643396,-0.08900496819198447,0.015904994681687178,-0.03435461995222641,-0.036142745809856255,0.08118048721148802,0.0498626269894256,0.001977875431442979,-0.06747233302929166,0.003086411278199582,0.01591841403049233,0.07295288172715557,0.07738081880247823,-0.09415565976868503,-0.057250277856192466,0.008307981086948605,0.01571985030059424,-0.007899833969081905,-0.10530439265256393,0.03712382597171345,-0.038300136292217,-0.07614480159212962,-0.012594436364826196,-0.03970329262241144,0.0067721748816461,-0.0383398588392496,0.043040107721163165,-0.0014103831600263163,-0.005141339533912414,-0.050039621317935316,-0.059884628617597135,0.014657361740050829,-0.02384727807383822,-0.016261237990422492,0.05664290897456456,0.07888651569161333,-0.03132793710791206,-0.001270134195539195,-0.03903494152915356,-0.01027799084000612,0.03281006343912809,-0.011877747419828595,0.07853649091726993,0.0697579671846711,-0.07158054241856893,-0.09191432171355007,-0.032329191191805974,-0.04459796061671111,0.12046467630488648,0.019743894821415985,-0.06026633451220992,-0.06224906851928329,0.0096293490561138,0.11675067313226684,0.07010084809283523,-0.12941753907879888,-0.10641487488117793,-0.0019711641785014437,-0.08971353114170177,0.04523961799976722,0.11406384583397852,0.014997478090006063,0.11642238032466312,-0.07805763071225848,0.09620997888921859,0.11263277199174064,0.11747594099794052,-0.01753428734456649,0.09545555667289495,0.10945744544936252,0.06132981365011604,-0.012067719003847002,0.20145910016949545,0.07132497559708706,0.28721106732398494,0.02710023685975975,-0.035091918553474724
2026-04-13,-0.011918945008010691,-0.04934797282823017,0.025186349767180163,-0.045700658198457325,-0.0077190140245449994,0.046883855859335036,0.053207278952586,0.0390196859391494,0.14688537922138312,0.13748306452191714,-0.03366735719263151,-0.0081759925463937,-0.022842309600712832,-0.042578237230570706,-0.08274049437699563,-0.047569688606667646,-0.0009641507371191856,-0.02339013578710987,0.08631367644455562,0.026413258915638678,0.013674448764772465,0.006964286728642911,-0.08394740724707025,0.01717763276285949,-0.03661913325628963,-0.03572029546569692,0.07168182557100428,0.039474366947775466,0.003428748669240406,-0.06559053979446411,0.0019407367930996,0.008913123228803773,0.06307086487055318,0.0706742893169017,-0.08643915491392666,-0.047666662477400694,0.009333181060584183,0.019292105628268025,-0.017171099331949283,-0.09962992509344586,0.02988513097001501,-0.03476159204559489,-0.07107070804138013,-0.01485273306156275,-0.03467699136182197,0.0036856727612911144,-0.027125833960255696,0.043120711489764464,-0.004830007711499452,0.0015513070364025078,-0.044125168901272445,-0.05801888060964672,0.012063057974232332,-0.02928851369086391,-0.018090989707171753,0.047931206248634645,0.07006866455914965,-0.02549260703958705,-0.004396885835514338,-0.04249693651583155,-0.0006205978685987681,0.022390726823485453,-0.011937908179915585,0.07075794764984725,0.061116789453582086,-0.062156265914283026,-0.0820452918194588,-0.03595083463615757,-0.039790915167051834,0.12375797439690357,0.01643185679847066,-0.045996717269306875,-0.04634649827045454,0.0034857889100831903,0.10400362604730719,0.06676217951173681,-0.10911345461645455,-0.08841187273026027,0.001120174231958598,-0.08185904586936064,0.04223232671355519,0.10073615340195344,0.017928668715704324,0.11168212098606813,-0.05354174694410588,0.0977605633811129,0.11665833422557242,0.10622081521855291,-0.01243964877254809,0.09359396988596054,0.10706248955114192,0.06280270985936647,-0.006235869826703698,0.18362724050193363,0.07113551156278561,0.26293488235453916,0.031244621268608268,-0.03569769236961958
2026-04-14,-0.006336155470642856,-0.03982166957043056,0.009994759907213855,-0.04665853539086816,-0.03316424866023241,0.03212960469744528,0.056996318380229866,0.015043974719314943,0.13721657972263362,0.10300422260421731,-0.029122656213487176,-0.019569305248197638,-0.008784452520041739,-0.021177925793230176,-0.09077712147153827,-0.02807237098906932,-0.004795414075055118,-0.04630506339224009,0.07556522735172498,0.023666466823156613,-0.018028503435745892,0.017768471977002646,-0.05044713821511299,0.03468241198075888,-0.02090280970618541,-0.03970866581472772,0.04526098564122367,0.02604744022177604,-0.002500925358459239,-0.05036096834572837,-0.015264239682913834,0.024779501261397177,0.03586372209777921,0.0673520365080741,-0.05082546387179587,-0.055149007093255153,-0.011969696833998617,0.006282554560936201,-0.06349455534962696,-0.050760314762113665,0.028009951962774796,-0.010210386048609918,-0.05393258598707021,-0.008381348678094274,-0.014246789401491001,0.001653844318508759,-0.023478142300838237,0.023874278140135714,-0.0139816454807424,0.02290973315876376,-0.03566519513169714,-0.04106780188813796,0.027856190059116853,-0.01867047306931694,-0.019175341728181285,0.03171119009873391,0.04305793844943965,0.001154946241534607,-0.03958441559694894,-0.03750233213090014,-0.0019045581702154483,0.03289551968472977,0.009582770638103033,0.07240575982729294,0.05967423048236763,-0.011391520514200731,-0.08139974962434644,-0.031197769528049,-0.01430710528083111,0.10972249538772129,0.0221898220847224,-0.03478513334321013,-0.04823365980109692,0.005835241409882215,0.05742736903076189,0.05228325157119557,-0.11773277787839716,-0.01762691866152414,0.008489022428001413,-0.04703264482699876,0.04367755102009826,0.07329511907703898,0.030792316402750104,0.0560945254636034,-0.03394380224179569,0.09155964681192383,0.10205301958863502,0.06352195720045468,0.004530850933545621,0.1193157215925065,0.11918475752456481,0.057001368665135,-0.01826086350915577,0.1848589303123763,0.06466003180371012,0.2654180579242604,0.02462597556987599,-0.04526749523260272
2026-04-15,-0.0015288927318441396,-0.034335591249440134,0.007064297941267514,-0.046403167507655003,-0.03262219936582569,0.02090624355057437,0.047065520082619404,0.016444426493023995,0.12871218139733237,0.09849612848208089,-0.0287663651597328,-0.019723507150557998,-0.009886477545404624,-0.020690617622645853,-0.0865432301223423,-0.02604377065229338,-0.00831520490708289,-0.05140983241361555,0.07474310794609589,0.02565276072436821,-0.02290437822584944,0.014043694712642676,-0.04253489233093704,0.03622800795477424,-0.009513776931163806,-0.0387645544197534,0.04195114523378413,0.01772523661196654,-0.0015740863155478176,-0.048239460779699796,-0.009297496432350888,0.022261170407877534,0.02380794739482911,0.07189225149682693,-0.04544735785477778,-0.05597880631955757,-0.019817755647750436,0.009160732392911455,-0.06103379617564578,-0.04408981297980536,0.032463301752849866,0.0014351925889698018,-0.05654504712507481,-0.007189299311421227,-0.021268993425495035,0.0017757604452195222,-0.026510428649612658,0.018180286378000822,-0.0006207952273575151,0.021879867504163784,-0.04590820857387815,-0.04530272371266874,0.024257754832176744,-0.01559892169227811,-0.02099624051063599,0.028434576858007266,0.031640378800795725,0.006342012879119341,-0.03975961955891149,-0.01796954346833416,-0.0013171588010931629,0.03488251617654149,0.008687146963349754,0.07050272754330905,0.05501721175031879,-0.007981221036681507,-0.07780102630581422,-0.028992578847963267,-0.005143026371289638,0.10534630682688224,0.02100524031241157,-0.041721658248833365,-0.04874430535184192,0.02769910355302816,0.0604662453699857,0.058967155976121115,-0.11646021198852043,-0.0076623042213284035,0.010847057115689781,-0.03590832075766148,0.04252377091526972,0.07133437406644365,0.034378467872436286,0.043948575696936956,-0.030191773778192293,0.08475053462136796,0.09220441822408229,0.051516947659252285,0.0006605504832802554,0.11990225289768422,0.1182760829489527,0.05225275493234606,-0.005514238553928878,0.18961996735643843,0.0710469307394621,0.25552367397724846,0.02334741281612896,-0.05669873529715022
2026-04-16,0.0013920792664812841,-0.024507013550991656,0.01508668649623475,-0.053810056866662515,-0.03412858732112481,0.01890487370365987,0.05305490578303045,0.01370393366695595,0.12648744346468108,0.10089837900944414,-0.03355715935821683,-0.018838716814956337,-0.01681296627815624,-0.020154755314241025,-0.07494680069880602,-0.035803578108509405,-0.007136627776999966,-0.05987261702847682,0.09654821412605066,0.02358464680655941,-0.028239600039675912,0.01956523273367186,-0.02727738820016417,0.03917987551129546,-0.012381055102998176,-0.032700885015197474,0.048526661652575055,0.010614856735706961,-0.030707692645143343,-0.05392955511980839,-0.015562494985054428,0.03178768171328366,0.036043758810629586,0.08816402147520656,-0.04439641373124273,-0.07813615055188157,-0.014550366820858274,0.007554883485612046,-0.07243343671664212,-0.041814664237581955,0.03566546138061796,0.0010663076897827212,-0.06549580952058572,-0.0102000075383886,-0.02709768370224573,0.004722414261833804,-0.018009202914358945,-0.00041130554099902406,0.011225991191548343,0.019867670248691252,-0.04745189272086214,-0.04239092136583476,0.031810452925692186,-0.012977454947560777,-0.019542975693850606,0.01750688530648892,0.05197517261213656,0.009193713907511638,-0.03362313227053067,-0.018537045519825657,0.0028229490428569827,0.04552787546041323,0.007307110951484025,0.07361459218204171,0.0719780623644116,-0.008430523885155456,-0.08393428675999068,-0.044089090075796304,0.01616109717311063,0.09690358494855919,0.016948837089233008,-0.05793854700458574,-0.06429947045846973,0.0194421275003065,0.0502445832860124,0.0634404181568061,-0.1338260656677572,-0.016045464788954265,0.009632161285345161,-0.043410043607342505,0.0449600659894093,0.07556377132377225,0.051645568340563684,0.04870018398076237,-0.04767953105399017,0.08167168508949918,0.10368395888039843,0.05352188015695746,0.002368569704809597,0.11628765528853711,0.1217583457522652,0.05002295038450297,-0.013084596134727318,0.20350267716047718,0.04545866849596862,0.29887850587382747,0.021692701275481792,-0.0676991576479932
2026-04-17,0.006371691946117274,-0.019634039084079985,0.012038515942362276,-0.04195027226031859,-0.03491492517348812,0.010933887184624354,0.05358539050209248,0.009269267285676244,0.11616389844423274,0.09588589635111072,-0.04081076075572133,-0.016758983133364602,-0.014818351708293908,-0.015723484092283947,-0.07033804650197281,-0.028581615646616272,-0.0015379304368057997,-0.04964119684655555,0.07565256493896066,0.02369365416975957,-0.03229574167042948,0.017654546001443432,-0.029536844997343693,0.02967450424050913,-0.017541458466196876,-0.03176545349260636,0.03506265219655816,0.011960444483214058,-0.024720923365813025,-0.051314049865695203,-0.015694327941838622,0.03146201280682519,0.028450604841741722,0.07762085063302755,-0.03427626945966127,-0.06457901590060694,-0.018218123123057428,0.01305452498752932,-0.06342193234541767,-0.04616100636324537,0.03358338527182145,-0.006509616597561966,-0.0559824184837011,-0.010393805266788706,-0.023034973394710376,-0.00021233401505022648,-0.012668832037373545,0.0014193536211409043,0.004077181700850191,0.017452018087971737,-0.03705282734416557,-0.04216726714599176,0.02373416373018314,-0.015461870326739775,-0.0210006146773725,0.007021665491150456,0.03423787667766232,0.004658712511071624,-0.023119608409496936,-0.01180412271398351,0.0017673135415490135,0.03354741211296742,0.008785905800296243,0.07007197940890818,0.06608353368817806,-0.005183512633400111,-0.07687471152120205,-0.050918678515546587,0.016514903753367827,0.09476907544922641,0.01085026954615431,-0.041923115345538414,-0.04910952052035146,0.02763103621596691,0.05855586753659196,0.057262501537276175,-0.11660487744847124,-0.005357045557812124,0.005615276387277832,-0.03972375034651533,0.04289432341437107,0.07113188526800107,0.042930831513268104,0.0488215883090942,-0.02185746344645051,0.08254291317872578,0.10764561762616881,0.05460215930891201,-0.004201068175320835,0.11818851305931045,0.11559664493722023,0.05657769862754594,-0.005832026891670028,0.18715831384485085,0.05721679802166571,0.26068300967615066,0.02756244085214927,-0.05849826321620398
2026-04-20,0.005976076584770734,-0.0197709374607052,0.013215723299728943,-0.04245443253431378,-0.03668042501194881,0.010540982931095452,0.05593227530804182,0.009990401091738873,0.11745442472323607,0.09503125576636295,-0.038708600989538676,-0.01791127091958304,-0.01344417334286114,-0.019484593497094874,-0.07116503346303067,-0.029060971535788953,-0.004912531323784856,-0.04848034219893113,0.07354530866721197,0.02139728935669145,-0.031559719641543714,0.01969131915219774,-0.02847801402373893,0.026217940978224344,-0.01697648276363077,-0.030918051814676245,0.03896972906137343,0.013033509210434674,-0.02830427237768273,-0.049860417130005705,-0.014717976435138178,0.027225738808181778,0.029320375519610378,0.08003791104949129,-0.03213283384178581,-0.06142355183515312,-0.017291642799334997,0.01229687006854064,-0.06225996755881545,-0.04501392312038104,0.03329899412706844,-0.0074253240172040946,-0.05829135653254085,-0.008569499530935372,-0.023037414434268495,0.00043429245718123316,-0.014647173078167165,0.002393702680535976,0.0013143541366156062,0.018402457300572057,-0.03406639299008155,-0.043176034962796365,0.025252246345844324,-0.016170275668622745,-0.01778365144719806,0.0032330031070368567,0.03752948814791695,0.0030488963471134002,-0.029270362842979646,-0.011219933806732122,0.002966568028407503,0.03550653642329635,0.00746008896270884,0.07218541089531923,0.06678725460995669,-0.0051810477299042736,-0.0778541903837301,-0.047825750551191856,0.01692135177901725,0.09343628253402841,0.009559989255133223,-0.042864557930856396,-0.04813069778324348,0.026381998112245064,0.06007201563611871,0.058291409930577374,-0.11455386707967062,-0.006381364991937097,0.004816072310313187,-0.040881585972168184,0.03791403155007081,0.07087587030666749,0.040650420962741116,0.051622137416652454,-0.020192327733008393,0.08603950344325091,0.10845028564176731,0.05410215369886948,-0.008265931799041238,0.11499352953318945,0.11778954993941906,0.05723427964013672,-0.007604909342997996,0.18827368396274544,0.05840772693461463,0.26147959029324136,0.027296878130037276,-0.059895369928598854
2026-04-21,0.004146776276686059,-0.01805566561023597,0.009207903901102262,-0.04010136714754581,-0.03338948248798364,0.008228927780648447,0.05492380250637894,0.009186979555367819,0.11707782012024885,0.09424630337905532,-0.03987330804917333,-0.01794701073699051,-0.015017636603405346,-0.01887794552197155,-0.07101026630099432,-0.030383290239617722,-0.0028825480592627496,-0.041874852999864806,0.06936243748019914,0.021570309979280226,-0.034394703759459834,0.019556310425189488,-0.03207426069668599,0.030305264368731613,-0.011642833437491005,-0.03180119910055242,0.03976218430513235,0.012080299363064186,-0.04520574162217909,-0.05128518315613867,-0.013094821042836829,0.029069179287639094,0.030188724378943647,0.07826925069585185,-0.03040819671375808,-0.06153750542499864,-0.010194535128778858,0.007661879829787176,-0.05958911097018477,-0.04447800099227429,0.03433444163445232,-0.0037903732642086234,-0.055582388717556136,-0.01037592850438229,-0.02118667600871145,-7.74639383723831e-06,-0.013040016103374756,0.006368759150839178,-0.006847357059999561,0.018870690471292778,-0.033864699935145195,-0.04024267197044798,0.01989444684980867,-0.016081347558063668,-0.018868923345800342,-0.004617660545222583,0.0393755220830554,0.0018788181240290414,-0.02942591088455039,-0.00844255545795721,0.0034286545245755346,0.03210304033440947,0.008978578765452282,0.06722090505619575,0.06120717247589532,-0.005552719542195867,-0.07905463515627119,-0.043823656735272616,0.008585049706834783,0.0959817983361597,0.008629203532712806,-0.04314223536910181,-0.04203400153048316,0.03253026031693259,0.05815193002040481,0.05954986546591533,-0.11098590552096066,0.0005861039907870871,0.004595586447443225,-0.04003838998233201,0.03375599889297678,0.07310164075085944,0.04325372216092935,0.04940267092280434,-0.02292996614295196,0.08470224134200018,0.10731314727913384,0.060542947185890136,-0.005021942016056885,0.11882164777704445,0.11796281975540485,0.05500063969004074,-0.008665518160295404,0.18416565526493597,0.05840775861818881,0.2607313272079606,0.029275431347313904,-0.05481013740842301
2026-04-22,0.004352227022932021,-0.017842253125229135,0.008065756348210138,-0.038318477438539236,-0.03396820393860902,0.007665436132767033,0.05178556904163767,0.01610348680577024,0.11593814993969134,0.09273772130023109,-0.040495947794716367,-0.02014740596295085,-0.015111989412706183,-0.01639137132270812,-0.07092516608152274,-0.027606501534018092,-0.001415268193682229,-0.04420136127513786,0.06665083299343187,0.01996707194105566,-0.03171073549843192,0.015350978124394902,-0.03775319525903884,0.03180364501190571,-0.010183850639850245,-0.03318994339190754,0.03876222408145724,0.01592981802107428,-0.035550654658322495,-0.050667322359586986,-0.013795241375741866,0.025577312650606844,0.033962006756928884,0.07801699556771916,-0.03143960933790051,-0.0618362886328611,-0.008685824008226277,0.007473022362288535,-0.062192700160890665,-0.04259264651391763,0.035114233131244184,-0.0034316678638760915,-0.054521701944845735,-0.009783222093691745,-0.019258431007189214,-0.005230412982756229,-0.014732499346930451,0.004347091025064834,-0.011718553880529602,0.015108766400781095,-0.032727410263572884,-0.03976096851682768,0.019796216478075,-0.017291280611002977,-0.017259998886925344,-0.009672929713363235,0.044256250947408295,0.004028365066988979,-0.029602212833200088,-0.004373458664718822,0.004240087337923476,0.028174742430931918,0.008257738776201444,0.06604177769219174,0.06207366136212073,-0.004248323252817652,-0.07975264371743826,-0.04158671171892025,0.003493659210722197,0.09532625685624187,0.010868683500851148,-0.0394221188506654,-0.040051616949566236,0.028562824765949603,0.061151392705364495,0.06534555010321251,-0.1153533342936202,-0.0006837413668064358,0.001798067320196715,-0.03866852561216866,0.03239809653211254,0.07224791467956793,0.04287698035683236,0.0483891262568245,-0.022217140357659607,0.09063077441096908,0.10339753795327594,0.06321025149248326,-0.00016455481615978117,0.1199350422579238,0.11478496730670176,0.048127437023977794,-0.009351367689827765,0.18398949918394378,0.05931336760168409,0.26106301976994395,0.02640789439480494,-0.04801274328304246
2026-04-23,0.0020433785446762904,-0.014209651051564782,0.013667557780258938,-0.04169971812174665,-0.04932658015816176,0.00860861017674127,0.05079635661916049,0.02077956029942963,0.13461722531418277,0.09319235342468515,-0.03539572011250797,-0.022409026101511735,-0.0236688907156129,-0.02687562931568014,-0.085714495328426,-0.025383134993805095,-0.003798338538601823,-0.05113747321391878,0.0692246790607304,0.025570254583214852,-0.027121051306503163,0.00858241484922999,-0.034009697946085854,0.03175847627208588,-0.009394736942331299,-0.03212452369045255,0.05071644313562335,0.023937656498467144,-0.03886147142819479,-0.05140885844827335,-0.010177334708619855,0.02652668803738035,0.03391139066573859,0.09826946408331262,-0.03766955950345447,-0.06886131050005372,-0.003064752300911208,-0.0011377320691032741,-0.05168883965669819,-0.044429056400320514,0.03436950385362178,-0.005277235115888023,-0.05031156775698466,-0.0024064963015521783,-0.01484031670528282,-0.0035792234101657654,-0.020528643514656116,-0.004365997227161574,-0.013443453030773498,0.0026067385872843617,-0.04270291092133597,-0.03471049715594386,0.036429797281407834,-0.027094968179545306,-0.009519218340021748,-0.012166480778798677,0.03541389562692401,0.005661618192014081,-0.04167108476044988,-0.013159640373281082,-0.001067999139842157,0.03709783457500121,0.017773285513512878,0.0720139617992975,0.06636217857192762,-0.0026615535891625006,-0.09557443394601861,-0.027241315836050557,0.016750245653078144,0.09222558907980144,0.01564557369865579,-0.05467015642470821,-0.05521741438455856,0.027272636811805633,0.06093605864209621,0.07141665954321902,-0.125191679181626,-0.005388818078878019,0.009232058953282827,-0.046823011271372374,0.033823958634151406,0.07721044751525961,0.05469621972384013,0.0504134761418617,-0.04297276461735254,0.08172081570440111,0.11732913323920977,0.07337061981817683,-0.01437916336987728,0.1291345409593178,0.11865479921487446,0.048079881176349495,-0.023137867635969783,0.19975724767756128,0.04876555813942983,0.2814102382175195,0.027111628765401775,-0.05521721705540533
2026-04-24,0.0070917892749140544,-0.008875685880422398,0.012968900936427354,-0.0351853949982624,-0.046518965771909115,0.010928886135330978,0.04927675470857764,0.014468508241488617,0.11203329659197635,0.0873169362866298,-0.03631719605727211,-0.015450492050645187,-0.01496850243158855,-0.019568085074807694,-0.06619970073641684,-0.02028706426240618,-0.015869487995925594,-0.028230034699448264,0.06584837762501965,0.03040568428999199,-0.022573453886433552,0.007129514853043617,-0.034400708219877396,0.03382967009531403,-0.006692011316880709,-0.02409019467114775,0.037022697461749896,0.025040578435767083,-0.03586621003232461,-0.05042459032008781,-0.02291891926240916,0.014923519872958646,0.019968878369751072,0.08266076028150852,-0.041593027076425794,-0.05891107786662475,-0.012728118224221622,0.0020423389905375577,-0.05695508571216604,-0.055686118343030236,0.024366750102252276,-0.017386899964217717,-0.044656390050136316,-0.005557998914434497,-0.0013454916992471436,-0.011165501619491107,-0.01573959049155753,-0.009829067247139821,-0.027463722012633862,-0.0020786998766765923,-0.0229958296920656,-0.0337392440968498,0.029315263936467086,-0.031725140447149434,-0.010391469031758528,-0.01563849515619095,0.023303958808926994,0.00997458077018854,-0.036197510791776945,-0.011255492377198176,0.00624266730136431,0.018592531836288576,0.017768395849332583,0.05381598118479078,0.05587115385335478,-0.0003117353541121741,-0.06952189670068584,-0.03974454257861581,0.022587129434047677,0.09471309488706053,0.023682041806176588,-0.041920902106986235,-0.03631343568511821,0.025177296713129377,0.05314708311758072,0.07084823449929187,-0.10433533625188236,0.014908738953168715,0.012380848605044851,-0.04929249727929357,0.042238969120043254,0.07395911211613362,0.0424042658911873,0.052611742557121206,-0.009937108517707226,0.08546465361267104,0.1264148330517888,0.08017726323901492,-0.009753723142448987,0.13315783423151106,0.103675339584629,0.03294851597986298,-0.011467738709754078,0.18249878138611506,0.05187984477217241,0.24100621753071866,0.03291609462614155,-0.05093072712270162
2026-04-27,0.004854979826947654,-0.012145522086178364,0.025134837427294037,-0.04195653262142398,-0.056351394081426115,0.005367963239276042,0.051488701314155796,0.01363280876740744,0.14782751750389395,0.09583911068229431,-0.034358025807957125,-0.012471320042745518,-0.022979341861770912,-0.02610075387759992,-0.07930455728716382,-0.03026401700443812,-0.00673958555831604,-0.024720041268457726,0.08928816760009074,0.035418241806070255,-0.01987199100526276,0.013115038459071958,-0.0436457707294068,0.045013397533944545,-0.019510069182616885,-0.017328239027667718,0.05023698688939257,0.030101293427587106,-0.051795555238277585,-0.04949645760883938,-0.026643831589575027,0.029255943412329816,0.03323580477046296,0.10126783842873635,-0.055096058840114134,-0.0698937707395295,-0.011607196102878478,-0.014711545472056378,-0.05349107350907084,-0.05921223135984542,0.03016388180360042,-0.03047489561277727,-0.049837082988546895,-0.013722027258469457,0.014365379149865218,-0.005551306179428854,-0.022639748967458094,-0.018111292572527457,-0.041401207722228446,-0.00662072139970594,-0.014852810058933715,-0.03334306408249475,0.03607178241159408,-0.03861868945072861,0.005074815273003468,-0.017824313630039355,0.03480647225838125,0.01656777101304174,-0.04263033210426555,-0.012391020277154061,0.003922133094667843,0.02763389621516816,0.04874541280485173,0.05651930137145775,0.06640974038064655,0.003105281582424896,-0.09536880236063086,-0.04182695455094149,0.028081648965293415,0.09713022843399619,0.026875935240553338,-0.08656259713546544,-0.05803102946474244,0.027003701802224084,0.050433831070547,0.07180350492754436,-0.1397205400815236,0.004704187639363397,-0.01581911993748366,-0.06487711057467604,0.045821630592397036,0.09191027248483483,0.05883002622512423,0.0572453695126548,-0.04899295082341257,0.07839947710048208,0.1524918580936362,0.09870759937495624,-0.010562848129366588,0.1441211509187469,0.11692059320044991,0.018268891701090036,-0.04039292566830853,0.20541729925485308,0.03507912298358767,0.28039685430715194,0.03224725725989748,-0.046486666603114554
2026-04-28,0.0073641736188570376,-0.0130025290523437,0.016242810941603885,-0.034427749737170166,-0.051498668146253514,0.011528911503676187,0.05931312543880279,0.00971400179533571,0.12864838642982168,0.08552528505101882,-0.03674988829241664,-0.014290423571293826,-0.018823748806158905,-0.020052245840596707,-0.07231834288420429,-0.02885901203034564,-0.0021291142119769513,-0.0211679277592653,0.06805442097335679,0.03171293106922242,-0.021647458145498212,0.006283602237046546,-0.042819077849286534,0.03686196108809525,-0.01616858093079187,-0.02011713131416587,0.04656560006084666,0.02890365704869252,-0.04757427123629436,-0.046247649004917415,-0.02282615172776333,0.02207230403693284,0.030981526749401925,0.09099104746116955,-0.04664461943200695,-0.06794613792005551,-0.010280096658793989,-0.013734261110677973,-0.053998634713517,-0.059163826695411564,0.023840847428660016,-0.02378324408045604,-0.048385553576224774,0.0004456305458856013,0.008528645654078433,-0.01323551490385562,-0.024559546515793555,-0.005983086386180348,-0.041522804238566975,0.0002989913166321634,-0.011716913718217857,-0.03674854195394804,0.035383212052064024,-0.03626320778705249,0.0011600518747639892,-0.017292418599672857,0.026154031827378285,0.010538569320738395,-0.03859761683295992,-0.00957892030886077,0.007194111248687709,0.030660720932978808,0.0414242018991037,0.056700152036396355,0.0633724439645531,0.0063034875649581375,-0.08102514731203073,-0.03764318008418318,0.029696106004627423,0.09858483277858142,0.011858520455498607,-0.06712930355466895,-0.043983752623997965,0.027019073223905864,0.051431123181302295,0.05915759046717102,-0.12667128784192114,0.015494345012717611,-0.018943462720166705,-0.05857698086944148,0.05268419345983287,0.07968806198838026,0.05161097776259128,0.05433618362260972,-0.03236541526307533,0.08109721584609401,0.13413506638607464,0.08812709144695817,-0.006425069664537363,0.14779777219420193,0.11349617727864483,0.02093208426523984,-0.026192173500063955,0.17769524698968014,0.048798343529178057,0.2637392456060134,0.030455624178291146,-0.04149302944127181
2026-04-29,0.006926398824292937,-0.012869257699959174,0.015229746124030852,-0.03482887665138706,-0.05121839882348834,0.010948243097096508,0.0577191281382175,0.010750293795993179,0.12909581397231185,0.08579209526784994,-0.03593923002451507,-0.012749269859927201,-0.01900596222780182,-0.01934121094106249,-0.07336400843158923,-0.02912395743555421,-0.0010740617444057934,-0.021165476428499398,0.06811636465103006,0.031690121551699015,-0.02253989528685337,0.0066793527999818424,-0.04294281786399138,0.03705434083048434,-0.016040766524675926,-0.020541826867347998,0.047778125017257686,0.02854091308838657,-0.04655215555873142,-0.04646100934665846,-0.023407756309639434,0.022603303674302265,0.02984623730750796,0.08988839429073593,-0.04564134465698324,-0.0675371144784253,-0.011088444296134025,-0.013299550746084592,-0.054942992207290584,-0.05836228417723516,0.024772638293229232,-0.024216559725821735,-0.04864211422745511,0.0005600399853926425,0.007682631370443114,-0.013975760909056624,-0.024094128405775808,-0.006155328252302269,-0.04167479366114057,0.0012838265886953252,-0.010265764347822453,-0.037094864885202784,0.035933690236107624,-0.03674354249513352,7.261443782332483e-05,-0.015085442365497892,0.025832769641662014,0.010505068458661825,-0.038573253383115576,-0.00987085986546181,0.007058145456203141,0.030143401067104017,0.039098057264786615,0.05697418232388691,0.06355027560383593,0.005826624514868408,-0.0816488021407633,-0.03921554756073118,0.03018531669124544,0.09781968932067006,0.01196771715853135,-0.06506696789722428,-0.04326869505050388,0.027228582475751523,0.05061093664115414,0.059088452207588765,-0.12770972667270802,0.01566642585677433,-0.019361312527069706,-0.05695928144218934,0.05197455615309203,0.0794365707995407,0.04982465503401628,0.053225828054442724,-0.031992631772704845,0.08154835307571574,0.13438812634629718,0.0891546631840695,-0.0046089364890961205,0.1473261831755151,0.11309178176505875,0.021608732958267356,-0.025209679238227853,0.17872747431872518,0.048646219891772674,0.26365320325668523,0.02980991161188002,-0.041464555747427495
2026-04-30,0.008726197054423197,-0.01254219445559398,0.011536455608742054,-0.032102315066416795,-0.04696596683761452,0.012998759884588595,0.05688021555841382,0.010812252890559025,0.11275167946964634,0.08080918228857305,-0.03716462896546063,-0.01243773327435905,-0.015343409331161571,-0.015577945941905752,-0.06406711676906965,-0.02428651207189616,-0.005429463198471629,-0.02095351752963972,0.056264551825425564,0.028569020709448563,-0.021803389522867207,0.0046055709948465496,-0.03931466374748126,0.03519295455095134,-0.01451288033704959,-0.022982355772477363,0.039776970230893945,0.022027818910697192,-0.03974267883173308,-0.04594240514875738,-0.025092115254908863,0.01627799179341806,0.025642846612268667,0.07858487777881053,-0.040763856846881386,-0.05972505463640218,-0.010454764538104547,-0.005627362128412311,-0.05585410338606546,-0.05607235413126713,0.021003962119555075,-0.019029403316598026,-0.04551702449614213,0.0006278055219272102,0.007572725549898365,-0.014139538287413664,-0.021482175948286095,-0.0003810548982496175,-0.03456851251880027,0.0038471896085613393,-0.008224639151326653,-0.03803181444083888,0.030366098963326593,-0.03178955030429939,-0.00617759540224593,-0.013692258367124293,0.019767186766774487,0.007233134519253757,-0.03540872320948452,-0.006180492566893006,0.011128024869089634,0.025842895757104183,0.02860914865155014,0.05139415808333846,0.05835803139194735,0.0034174150522979212,-0.07075043632226784,-0.03831060711894137,0.025976309417427457,0.09746926809288248,0.010694362589933854,-0.04809505344108678,-0.03215283699387303,0.024776680146825922,0.04902209847808195,0.05831230771543832,-0.11045367806894561,0.021070826981648708,-0.01715058748045943,-0.048714661524872076,0.050730091944517684,0.07106944573454313,0.04435778527795819,0.05282025624863542,-0.013374754847894832,0.08385945632240478,0.12247627076556399,0.08005687248316799,-0.0024667739906618566,0.1399130570735668,0.1065948872368323,0.029919527119476763,-0.013286394824749687,0.16833963289239834,0.057362823310966427,0.24013156434761435,0.030545556892846687,-0.04198684884361026
2026-05-01,0.013346167937557663,-0.017200028365440517,0.00849215362368981,-0.03479575462754424,-0.04959775035428148,0.011439961861393682,0.05453695287842257,0.01866965343310037,0.11651266769811207,0.0832552252444653,-0.03816087583557612,-0.0068391274798629085,-0.015982188190162533,-0.008953046903321162,-0.0637766721279239,-0.026287199312907822,-0.0034020768470740276,-0.028962057360708927,0.0557165046231677,0.030184961105943535,-0.02555482140938479,-0.004226461447196749,-0.04611297157468065,0.037242816215732236,-0.01273807280871874,-0.022046171379252494,0.041615767333621545,0.022931555642935027,-0.029745237340119725,-0.04268456414679816,-0.01898672741591733,0.023193342645355143,0.01755698816713972,0.07652614408054059,-0.03498191257699129,-0.06393437543185712,-0.008135249990963251,-0.003972267594071769,-0.053828731297987875,-0.060408772837399066,0.016088686668259036,-0.02015944588462963,-0.03871112312101996,-0.0004411431097328493,0.0116056819402647,-0.018118009601310152,-0.029594725621803077,-0.0070718525222486246,-0.03845033685027169,0.007365382761614513,-0.022002141121421535,-0.02874983044950273,0.02204083683385696,-0.030261724003234076,-0.0014034156944690741,-0.010039558505847862,0.00861095185020166,7.546010429460535e-05,-0.020384199102200205,0.0008087948504488188,0.005222000047014026,0.02359800260239365,0.02944684719280742,0.0582815545799433,0.05003780172757965,-0.012346309987061542,-0.0695350830132032,-0.03500791537425881,0.0275959309769033,0.09449720592558518,0.012550281498529135,-0.04813143360375392,-0.032637293735860315,0.03128473480553618,0.057662333700741766,0.05631740993737513,-0.10682802748615132,0.019640398682258624,-0.022145820443426653,-0.04919616962841559,0.05677294613430495,0.07197734828280723,0.0441356208760649,0.044198546197454634,-0.004306850869892621,0.08530080217494161,0.12099671535236932,0.08290539942463358,-0.0018283152504241507,0.1549953821635561,0.09198044365259583,0.029350075636158504,-0.010957663907743635,0.16564903814317639,0.06095246553458402,0.2400822257703546,0.037213975673426686,-0.05084064064918753
2026-05-04,0.011453483226222713,-0.02055089347243496,0.012842863080400013,-0.03377166004422485,-0.05670252966184246,0.010679735924544548,0.05757189034160994,0.021566342942806578,0.13345272319831575,0.08973912791433723,-0.037972851879424396,-0.0037387838987355294,-0.02350745017105557,-0.01563325521131529,-0.07060791988898993,-0.036359277495638685,0.002438332497199599,-0.01700181428481392,0.06523255171568496,0.030045438971819424,-0.02727052133986521,0.0043923001962452935,-0.049760327328087564,0.04115735581120644,-0.01627973536507594,-0.018540782636363995,0.04729484219581426,0.029391138962159453,-0.034080431386710484,-0.046197668087092816,-0.017649726426757086,0.035844295956355895,0.026768952768943546,0.08490418355822364,-0.03647229369402294,-0.0790282665622017,-0.006398565360931472,-0.009721414808203621,-0.049478377011571255,-0.06393932341505595,0.021166438912737146,-0.030220403786222372,-0.04202904941034566,0.0014988253173292432,0.011457194473253251,-0.019704182435017627,-0.037796238942068856,-0.015818880574472845,-0.04632413074211037,0.0036510193688169294,-0.0318163349248513,-0.02677842861333092,0.02546976348856867,-0.03430417121637715,0.004521606873097787,-0.022033950233512477,0.01323750111049495,-0.0034095248606206847,-0.02302851893729519,-0.004400947871693643,-0.004049332311330705,0.029272652869528758,0.04758440500342846,0.05975480174847243,0.05174900728162528,-0.01709243539630908,-0.08161192410282458,-0.03580560880157249,0.03252076025052026,0.09372913765120049,0.007061367959803078,-0.05965282032072157,-0.04216631982357238,0.04608785377727924,0.06505466647880326,0.06697543612167292,-0.12399086691485449,0.008564463242254785,-0.021987169085135483,-0.05963683821217253,0.06274355111428691,0.07550560278377112,0.05567911746205622,0.043482645299330686,-0.022034958259892705,0.07975969136142216,0.13563516684378585,0.09867466285906451,-0.0026441851450497867,0.16694237718154029,0.0879944404994654,0.019901032611013253,-0.01967857557533087,0.17051404260514558,0.05442985091018377,0.2644003691919738,0.041234101719972056,-0.05234944770668658
2026-05-05,0.009410284091972523,-0.01847967854416198,0.015559697638213103,-0.025190787899853663,-0.06028604802737973,0.0035974367497281987,0.06250090975541962,0.022953183969400257,0.1312177906718387,0.08553452810676435,-0.04487145029688153,-0.0025118622286033534,-0.02492238613341099,-0.013879585671644238,-0.061747358207227654,-0.041678665185627725,0.0045531549011997505,-0.01590124469128444,0.06823364549572344,0.03776818945008731,-0.02492945220699106,-0.0023961321003482788,-0.04856196112827799,0.04436617458254496,-0.021811762256150967,-0.019318615648299987,0.049941132855539076,0.033982545205965456,-0.03813338000367659,-0.05131421445747685,-0.025331167402228676,0.041096746259449674,0.025493703091840188,0.07217944305425594,-0.03520139695025533,-0.08879085924633809,-0.003328645042693793,-0.010316839188932338,-0.05939802714998467,-0.06534363554616758,0.019706644418204394,-0.020381428296245625,-0.030410975864853362,0.0002445896829599524,0.004535592487101912,-0.021211063940889098,-0.03695854180847341,-0.019962392321982915,-0.0482940152705767,0.0044562285315788595,-0.02212380290122634,-0.030071543166568654,0.031238295565371048,-0.03131177657251685,-0.0035559294714369357,-0.03285809570802803,0.0015423108341811823,-0.0024584089627801026,-0.025066764727228248,0.008365519712162704,-0.014457297262339767,0.033297523635533635,0.04754756967230683,0.06422669092599005,0.05791536022585597,-0.012643683844459174,-0.08420589339510252,-0.03212368851267082,0.034903792512459036,0.0924060655153504,0.005979015397569876,-0.05991862734000235,-0.039447141799395326,0.0586735091032938,0.06210672237024183,0.06741777469576048,-0.11458040148048478,-0.0007853201213213375,-0.028985075959037,-0.051575971620774395,0.054173083331657886,0.07863465750497253,0.052968509857069405,0.04874034591383539,-0.013700717094992194,0.081062997342902,0.1376962839795603,0.09691204899264734,-0.0007047763792621467,0.16659988142830856,0.08313795617117095,0.02170019467486805,-0.018288141944910588,0.16383685814271795,0.062451831313103945,0.26785404055364026,0.03782320399757082,-0.056817033388433816
2026-05-06,0.005476359038028949,-0.017730937586182015,0.017681968178682693,-0.025026704582424043,-0.06315973867538045,0.002465118739099913,0.05972803756624128,0.02469779573736148,0.13334327896428616,0.0865252809190947,-0.04487159808077984,-0.003675034824119244,-0.024786815885032835,-0.015115084571450802,-0.057313126186332844,-0.038857689687276334,0.005056449295073058,-0.01710306947924342,0.0632601298611902,0.04181843040482663,-0.024551247685194344,-0.007296666351921876,-0.04146418395136653,0.042661034105877634,-0.0231460039863821,-0.016811559575448533,0.05088671881271145,0.04349404501830204,-0.03561679943229922,-0.050838215276179044,-0.031103401191525354,0.045006275200130084,0.02058391691671814,0.07068367364057454,-0.034350554426309875,-0.08618741149136325,-0.01633966996409343,-0.014275070072964966,-0.06109631726453625,-0.06653940717572213,0.01725070977997177,-0.019105325101485687,-0.03049500499788447,0.004898522398459784,0.01858093205510852,-0.02664259396813435,-0.04147239183054341,-0.019932489191376607,-0.04591417659780127,-0.0008228502895634791,-0.019981690357699776,-0.02500577619704094,0.031674163165530865,-0.02917623448481514,-0.010963444032536481,-0.030044673700632026,-0.0020321388547411504,-0.004048929084513375,-0.025505446163816198,0.015112974654727648,-0.009185366169575064,0.032727292086963865,0.04777190303292906,0.060830230439634106,0.05751686947595486,-0.004157845539712624,-0.08226742469146402,-0.030959283086822602,0.032868492085495776,0.08617636443601569,0.006695590231589976,-0.05945531911139329,-0.03971947372839704,0.05630707601138477,0.06355363634621378,0.0650901046786555,-0.10866845869994751,0.00016750618537765896,-0.027517774272893397,-0.04845299311112693,0.05269722369195683,0.07963125429109298,0.054327965739238655,0.046230056727530174,-0.02535643686410418,0.08038465514241519,0.1365752298421206,0.09675849799842465,-0.0004938109000571528,0.16637050557380664,0.08129226071927889,0.02288887018162429,-0.018123636906294385,0.16338895577172624,0.06328324460492635,0.27217478233832987,0.03420035663346399,-0.05803744338024677
2026-05-07,0.010099132506801395,-0.01662910750105158,0.013436639612146464,-0.023110221244863748,-0.056782764835626554,0.0018373282614863248,0.05941957015553224,0.027295297299181454,0.11507818566128965,0.08025380407370951,-0.0446148975392711,-0.001993336731097608,-0.02110192319449517,-0.011990470877940524,-0.050186514226145215,-0.031579482651756106,-0.0038532769965747317,-0.012787527599799493,0.051560185675590155,0.03358587072335153,-0.02303094851334598,-0.012156074916721394,-0.040404222888261426,0.03952070411492928,-0.018936275505704377,-0.02017304243230182,0.044766519606817455,0.02975967525711866,-0.03714834666262514,-0.051342167250079,-0.03160892124809956,0.03604882356482573,0.014926560649908233,0.06240854430652281,-0.026299426098055398,-0.06389779184883353,-0.017258043409182335,-0.002103017274432571,-0.06309664124090843,-0.06427311250049511,0.017412486661570303,-0.014153868822342932,-0.03290375620560629,-0.0006850054141035872,0.01606395708367003,-0.020886838130552338,-0.03414341072500131,-0.01191724980048794,-0.03639573932425825,0.005234652460210273,-0.017608133401523986,-0.031391116629999084,0.026025494222310944,-0.026472566152245185,-0.012639565995347933,-0.025941917652845106,-0.004810118670413269,-0.00889660246382539,-0.021622401935533345,0.01525435709832477,0.0008245387895860056,0.025479026746136203,0.03651602051587211,0.05561745140637282,0.04839982853488549,-0.010001829322643903,-0.07191581006452732,-0.034481023669157736,0.03200830612121644,0.08789639214756938,0.004335501672297487,-0.043491138646409286,-0.024361982949643528,0.04703646079344925,0.05870124336966067,0.06496958337530657,-0.09166531991260711,0.007934230943474885,-0.025460999268579317,-0.03882094852755806,0.051564868731717596,0.06929757134008872,0.0511903742406275,0.0541263387381473,-0.010152586562814812,0.08205437042835931,0.11740995313902645,0.08591934098312103,0.0020733677354102167,0.15277093255481725,0.08381015757102013,0.030083579936366074,-0.0050350025514204685,0.1553262508854955,0.07221445779295396,0.2449834468254468,0.0367973880530273,-0.05711628437963426
2026-05-08,0.010712427484886981,-0.01808722797870417,0.015134396490902903,-0.0232441076997525,-0.057140030064347744,0.0018552105958419638,0.0569030050661625,0.028209195327624816,0.11513892560429781,0.08175520342989807,-0.04385635023078572,-0.00012562185707984917,-0.02268875993014706,-0.013635094921819664,-0.04844823537259873,-0.03278937391488844,-0.005092252530674456,-0.010743585880020523,0.05320161552474528,0.0316952477248675,-0.024637765924643944,-0.011906157060683023,-0.03691049121198257,0.03715322361518353,-0.023001078831500446,-0.01856432384626539,0.05294066528371776,0.026669072644394408,-0.036919206317355825,-0.05139831115930705,-0.030414551145856554,0.03681021618263452,0.013905293661544632,0.06350263543248291,-0.025164267001718067,-0.06136720481181841,-0.016684116074414515,0.0004028996407476806,-0.06395176952049146,-0.06197089087434722,0.017267656501393204,-0.015268958173430257,-0.03154368924823077,-0.0006831154261635695,0.015705040698521987,-0.01877358518274666,-0.03811751519491001,-0.014349143761898218,-0.03609106310936545,0.0031345719116261175,-0.014805412895951128,-0.030466333426660323,0.024810152397623728,-0.026639816537704183,-0.01575465446418587,-0.021521871928220332,-0.0033408407639966865,-0.009583408037973034,-0.01977134970288638,0.011196591250993725,0.003331610309297927,0.023284870019930702,0.03667958035505252,0.05343931730285256,0.04730848404210489,-0.008002246432403734,-0.07285101497303384,-0.0352120431644727,0.03195200889751055,0.09026434726028987,0.0050930265925125725,-0.043120472256067854,-0.027230920105300593,0.04302957601286444,0.056934110510308,0.06419456796953807,-0.0928971262045843,0.008383665778091852,-0.024868003845589265,-0.04078933197360688,0.053395362948707614,0.06755583224767317,0.04948511131303006,0.05815850277516859,-0.009953492503327657,0.0829033687888032,0.11643007742284642,0.08275174834933999,0.0022675951159165497,0.15767466288512652,0.08398509200506923,0.02973421620234365,-0.005753809733824269,0.15673290170864362,0.07110061532725127,0.24435246723287377,0.03758884970295133,-0.05998482233845377
2026-05-11,0.012135814630866312,-0.019182179476096337,0.02221740625586243,-0.028376726591073057,-0.059884969582644,-0.004081854941738877,0.05475931398031808,0.03727449917800963,0.13095370896886527,0.08435251464037237,-0.046941586595686056,0.008637038177760683,-0.029386922512529237,-0.012714328643494038,-0.06049196574672995,-0.03509899992250372,-0.0026519117503426143,-0.012109508474777762,0.06198837274577141,0.03413424780438287,-0.0037705110544112817,-0.014250495361746955,-0.04702968199831456,0.03872193206765709,-0.03543068772502293,-0.01235720095070624,0.0648305089448673,0.038186529784963154,-0.04433896415165795,-0.05619379855226789,-0.03361121429016541,0.044244950590859415,0.014385019954414721,0.061929044917808033,-0.0204075758714728,-0.07550354227122702,-0.024631229794081694,-0.01584811991112485,-0.06745885285091521,-0.06331550353785531,0.01484474494929313,-0.019628659374524078,-0.029345261193785853,-0.0022602714062877755,0.02530340123651477,-0.010981177872778703,-0.0379775623037722,-0.02362274875809809,-0.041313922132210884,0.0015387200080766716,-0.016929213499068743,-0.029979934701704722,0.027345759567361703,-0.03296030819685898,-0.008385699542981328,-0.0209731869091751,-0.007060669913207413,-0.010717653986328781,-0.010023722415447621,0.011489304454800585,0.0007913044247273293,0.026159577375316823,0.04128426483914203,0.05178903169439315,0.04973579927514059,-0.009643100360753188,-0.07797339477461797,-0.023757838124727967,0.0353575892466467,0.0877228592843168,0.002906634939983772,-0.054220915583045315,-0.030325530472972033,0.06188785364390689,0.0576236211514115,0.06465861438619899,-0.10013458812086012,-0.00654732549452869,-0.033079708891265096,-0.049566347708795,0.04941196949154392,0.08038351673283178,0.0484662575213504,0.06298696618896597,-0.035508742679937956,0.08514451882060445,0.1297336138479256,0.08846483556613151,-0.0008646626248464597,0.15800934874531467,0.08988710660751562,0.020258528023193223,-0.013411098032139258,0.1654725686874543,0.07024201613801356,0.27571766200620995,0.03269387787339965,-0.06380119173715977
2026-05-12,0.0142606554650255,-0.017467878689106993,0.01740109151837579,-0.02599108848943423,-0.05904255644656199,0.0013633931131236243,0.05507198795752438,0.03505658081148711,0.11458747418588522,0.07887253507452688,-0.04818008481015121,0.005578544995185913,-0.026137154797097675,-0.009566902089878532,-0.05258379124404425,-0.025967973367414104,-0.0077710649898411945,-0.012767807923451112,0.05048022975293478,0.031019851203556457,-0.004124160145138131,-0.012432672443117453,-0.04335207118055439,0.03678959208202039,-0.03471378447456027,-0.01350211352540052,0.053794968165006465,0.03454179887374572,-0.040717934701017026,-0.05152314906611482,-0.03434001929406851,0.03466398847433425,0.010233825532201712,0.05837218911682511,-0.020040422776458747,-0.07121212956918223,-0.018749573826140557,-0.007214693813361558,-0.06458677528665828,-0.06021148858485126,0.01646358690146098,-0.014796494218482755,-0.028985354937553144,-0.0007676512509453975,0.021075453282253583,-0.013602872134832302,-0.03776605470007822,-0.01406283637026145,-0.03096340931432502,0.004697669051146812,-0.01670335921393229,-0.03032568067537282,0.024045511188095538,-0.031126015964598346,-0.010673748103770432,-0.02087940539272582,-0.007637980903148206,-0.007340564346258535,-0.01212621040475738,0.006229890739218021,0.004088774024693223,0.024392152142473117,0.03357160977429128,0.05057912324585255,0.04880735178869475,-0.011320568277798834,-0.0653409753032568,-0.029554146666861125,0.03564550341373749,0.08922102595670417,0.0007907933760521926,-0.04034644483298523,-0.02378854745163387,0.05019384357714588,0.05261149665519211,0.06159477932190874,-0.0907054906356625,0.005379074739970512,-0.025664255149282826,-0.037650214651274605,0.05439117021813436,0.0761931553686823,0.045469621569085863,0.05935603489940291,-0.010578155709524537,0.08249156990509926,0.11570027343975288,0.0744482242546522,0.003004704625341103,0.14899129105965858,0.0882194923038665,0.026320817681678356,-0.009947632960952394,0.15539644330719887,0.07385513129000151,0.24817067145125687,0.03408180953236768,-0.06271539530294977
2026-05-13,0.011392463859444668,-0.019744473678225447,0.0176292531166928,-0.02443424028003441,-0.06324003358781034,0.0023141950179894812,0.055785636887610894,0.03415495428113938,0.13255762350330685,0.08849231072120925,-0.051440152984285066,0.008976572570315124,-0.028794651170709604,-0.012939957721447902,-0.06289815982039282,-0.028963884926360595,-0.015547378739590485,-0.01100797468204638,0.05921992117848407,0.03815121383249581,0.007387425839925624,-0.01242787612888859,-0.03734315822191037,0.03628997833927002,-0.04057093783931531,-0.008261094761052494,0.059811697413314054,0.038691104428594934,-0.044672759968744605,-0.053759063055639655,-0.033626996553134184,0.04403245253961952,0.0040005634748234665,0.059587350978785335,-0.011305399053992268,-0.07944333280230562,-0.019719504536602893,0.0015580715297382579,-0.07710927667429676,-0.059139435392061485,0.014218764101302806,-0.016527661532604675,-0.028765735012291807,-0.005503463010339672,0.012171926432167076,-0.00529652166704858,-0.04242848326290074,-0.017694576312345528,-0.041828129831752846,0.004054434887162947,-0.017420452911864212,-0.02957876835924894,0.03276056240411294,-0.03151700252455616,-0.006543920539624442,-0.026492166515980943,-0.011368661343839662,-0.004772582471253391,-0.013035134832440893,0.0023666914483751206,-0.0003421287382020157,0.029158112800557502,0.04079019333729867,0.05653110058322618,0.04856448766969623,-0.007284623712361814,-0.08477272877616593,-0.03389505282233682,0.04885065339774219,0.09129905759175119,-0.0012333167079309933,-0.04956489618161061,-0.039002821386646534,0.06154217702797781,0.05710926942431767,0.06489691943915675,-0.10630324191495204,-0.008196931189383876,-0.02866276829441544,-0.049921810588103833,0.056580737223088866,0.08476322264418411,0.050885461718187135,0.07027050517014892,-0.02881694957099587,0.08074063105221921,0.12265946013013967,0.08865637615915306,-0.0019190734206492588,0.15536116520578067,0.08795313365016458,0.013762780246609006,-0.023140656155607474,0.16568081814478575,0.07026348294038845,0.2734129859061979,0.030452136243597466,-0.05757003432594743
2026-05-14,0.011142508487813691,-0.027171580416581437,0.0123453981682793,-0.028763990292949224,-0.060798027695505755,0.004442033679746182,0.058517504791876125,0.03764904115029858,0.11356596267581667,0.07757045682394803,-0.049207939865941686,0.008413606128374159,-0.025529385101445895,-0.011202891862852624,-0.0633683593921299,-0.020193503244963995,-0.01176182725343016,0.004047884999696631,0.04764991889445753,0.026919330996179894,0.010869203297386594,-0.009246758235038939,-0.027191232280155825,0.0429006423164291,-0.04245438612488748,-0.011599283337096583,0.04563269080711898,0.030831488641806723,-0.04974525158589342,-0.04730964840245925,-0.03763015444876016,0.036119349624326516,-0.005568935507408697,0.06072148376663512,-0.01607308483395649,-0.07432273705786484,-0.021212159625822576,-0.006427845346506882,-0.06141872942783211,-0.05711774153263015,0.008357793044685676,-0.0043573280295763454,-0.017743269873805215,0.00035692128382109126,0.012637875806283156,-0.004905685420935597,-0.045597073923243754,-0.007171722179763506,-0.037930819022676615,0.004859731128856229,-0.01082766443614287,-0.033265768460234546,0.010025374142604248,-0.024196496111166275,-0.009862825818982549,-0.02746605404350585,0.001971537212648127,-0.010165599676307058,-0.010033720505795962,0.0014534536758389303,0.003015719685143788,0.02660981805438522,0.03777367419640193,0.05081845672016556,0.043730925517734026,-0.0009121988140563392,-0.06073514391641477,-0.029035553085444157,0.04634916064976509,0.08889380218582923,-0.006710714050653757,-0.01576365067175834,-0.02240740267484597,0.0558064437519985,0.05073071258042399,0.04543536976750177,-0.09684129951816053,0.018643961762727167,-0.025885553651570394,-0.038568577328541166,0.06127623495856943,0.07089971929607344,0.03861778267229976,0.06304062717461235,-0.011134615381354582,0.0754359143829811,0.1026862313711649,0.07550160642302488,0.0026423981364330053,0.14791741731543365,0.09428424373809408,0.020407535483117585,-0.005007353353582739,0.16124796041818745,0.07401850310827766,0.23383048705752846,0.02673981178264323,-0.06351416691481168
2026-05-15,0.008146217538596044,-0.02730097489739651,0.01648189961446347,-0.03122336290644328,-0.06570066567874647,-0.0005865843663890591,0.05512491962546749,0.04114611486310826,0.13217344318561702,0.083918073730756,-0.048534099446578355,0.010176325252746143,-0.029911338981514907,-0.014254749184870843,-0.07110614076846455,-0.024602674717700695,-0.007292517364060483,0.006407733572711705,0.0583318884642277,0.03382313018588036,0.013240275495368926,-0.010039126589099749,-0.031045297238783458,0.04525185504101142,-0.045991370288728975,-0.0070029602323206045,0.051314125948655656,0.038563601710512097,-0.05997280128702659,-0.049650287857582895,-0.03775191239160171,0.04758365706843533,-0.0076362740402727575,0.06930307876378183,-0.010971160983660853,-0.083705317498673,-0.021985215946860627,-0.010411117048169853,-0.06835713893559613,-0.06118157575183804,0.009737523588735772,-0.00431294941834259,-0.015485771136615213,-0.0031919439656609497,0.012324707082741908,-0.00545765558162682,-0.048196418519055824,-0.01631483957957399,-0.04475497173655349,0.004408970608473485,-0.014266668499790613,-0.03719201677761509,0.012608600936389328,-0.02879462640026407,-0.005335036674295848,-0.03284329738988957,0.0038989578694747663,-0.012533905395452476,-0.009564842342521694,-0.0002994562271371095,-0.0037155150285097544,0.033733759635649424,0.04793586231959507,0.05396388254941885,0.04658688868401271,-0.002282125679839828,-0.06925450566827489,-0.026407355422217053,0.0500747272737425,0.08901490045607251,-0.009209728602209121,-0.02511387826595711,-0.02838133680073021,0.06747619931876539,0.05468272362076392,0.044912100330349224,-0.10848619288389605,0.010574238534100217,-0.03306220687059295,-0.0453559771984931,0.06337681022227296,0.07712489376465173,0.04251084232169426,0.06927520557460831,-0.027673227545586487,0.07382776936662033,0.11113912394929407,0.08503883152075341,-0.000980432828206439,0.15137033818802736,0.09721158609966132,0.005490847580489734,-0.013428412077763937,0.17022318874446402,0.07253184566166425,0.26305624583352744,0.02853323505943254,-0.06552118783773393
2026-05-18,0.013820409394761663,-0.05140953678143994,0.01794553858187506,-0.029057003185942516,-0.0557087802691157,0.0056711705949241235,0.05423614236916238,0.03684393619150702,0.11534516820521092,0.08219878646055093,-0.04924127925898606,0.006033073813730564,-0.025230702909396996,-0.012077514322889662,-0.06367584148614396,-0.02081468422047319,0.002306564847377431,0.0015471156165931393,0.048870964738658734,0.03138962973900578,0.00843720335623583,-0.006861922945620895,-0.024987865553005535,0.041705113983675636,-0.041775626547324834,-0.010789430855762836,0.039839773724033814,0.033510823073548496,-0.05560518524319508,-0.04393173495199509,-0.03748860382363892,0.03871328705126099,-0.004402754861931086,0.06727971103520039,-0.010980530573224316,-0.07013294469475571,-0.018212393255883447,-0.005881930711041176,-0.06154781038751507,-0.0656103373602107,0.006648373083591572,-0.006128690945135492,-0.018667540501913278,0.002210175914513293,0.01719245902453661,-0.01124112069045804,-0.04104831967618185,-0.010010144499299883,-0.03502174311082558,0.003558441820974259,-0.003692003462535162,-0.03649567939164363,0.007433027309362182,-0.027404531258280268,-0.010108747373620464,-0.029083332537458685,-0.0006946757857986194,-0.016609958524224602,-0.013170413496594648,0.0062253425857181155,0.005576266151220529,0.030411225768191795,0.034416400378428996,0.04464889229841036,0.043133096988971914,-0.0017515681085330942,-0.06272316952683851,-0.03450317734086992,0.05011302434138173,0.09004533885074102,-0.005362680309941057,-0.011593026275076529,-0.022767871655678514,0.05697709983176084,0.05341485090567369,0.044571945408851815,-0.08908061288292012,0.017698744264107308,-0.027735093163968952,-0.03666690689378645,0.05807044976946809,0.06813606881963145,0.04108983219327848,0.06280187860435489,-0.00811803469461444,0.07691833248473923,0.10050456460899948,0.08170322332461986,-7.958417192510149e-05,0.14525938000626895,0.09074054766959015,0.015269017399129139,-0.0017189163462654772,0.1589045746282949,0.08087308308936202,0.22844918790260763,0.03015284097595057,-0.07194014235616268
2026-05-19,0.013874524166313754,-0.048450342532351996,0.015267521326127211,-0.029174387654454792,-0.05601815389945537,0.0033960053572510713,0.0549913346652654,0.04115717738417538,0.11769241473401544,0.08453891019723436,-0.04938095175814688,0.01140228759989663,-0.02564063942258006,-0.011071335616567103,-0.06768285005358315,-0.01915120542183938,0.005500466277748388,-0.0005152893314515558,0.049630936808211075,0.03127209827872589,0.004854615490489434,-0.0033421014120072357,-0.028527182968221453,0.04337481321581141,-0.045269348779061844,-0.007071073546314024,0.044053882278230004,0.03372029679614585,-0.06099272945272201,-0.04266964876176803,-0.036407216390043004,0.04128324022809106,-0.003016186976528227,0.07105281261865799,-0.014071512202629746,-0.06950854435900955,-0.01825968048787098,-0.009695972513852952,-0.0663881316452961,-0.05280167857273464,0.0042088442924372495,-0.012691876770275333,-0.01901261606018583,0.0027812465995265302,0.015029670211928668,-0.007511434764894577,-0.0414019785124989,-0.016775834650062785,-0.0339769704586155,-9.387399597084352e-05,-0.007521253600450752,-0.0361113514390939,0.0003913493996443671,-0.02486064141417902,-0.006764145885562222,-0.026977994973102354,0.0018862878677933861,-0.016539289539016386,-0.015621655712774485,-0.0014932733977635112,0.0073093256291177165,0.0275406843097142,0.035253378585771315,0.04288078025516248,0.04537371816727092,-0.000988170478220864,-0.0689016001268274,-0.036343934917319985,0.04837022373462664,0.08730603484698755,-0.01075891606430134,-0.009997882585930451,-0.022789279943484606,0.05828964779639409,0.05689019520380022,0.042187261199726225,-0.08584813052257964,0.012906267613778728,-0.029440296246675962,-0.03359435949768165,0.0545705100904725,0.06790530880526209,0.04264032810672168,0.06250196463849945,-0.00978596066782053,0.0792399782905695,0.10019358906104368,0.08317597759720348,0.0015039411292728858,0.1427201724584574,0.09161490940727555,0.018874252514837854,-0.00019136421069341873,0.1565653826429703,0.08311826706270153,0.2339898373998499,0.028885212486632825,-0.06206763463336891
2026-05-20,0.015292183278256568,-0.05002904727434705,0.013047948136874543,-0.0309283981199888,-0.055897754250523166,0.009792223529031398,0.05400320417245429,0.038252002630626315,0.11696406677214066,0.08365847978234725,-0.048838079037971126,0.013899141014021423,-0.024373577882562322,-0.010512211702425325,-0.06605694122702331,-0.01807465919239984,0.005518320034703459,-0.001957454518214054,0.049617821205828465,0.030428231318418993,0.0037768799630205404,-0.0042449716400671834,-0.027664564908349468,0.04145447723988012,-0.04588301471517426,-0.00570170009414449,0.04157142478099743,0.032972623382391084,-0.06004888672075884,-0.041900080498620706,-0.03302628011097214,0.040326350010600996,-0.0016538988090354714,0.07071210867442851,-0.013733097712881085,-0.06926673010760367,-0.018647806944836802,-0.010350368627479239,-0.06756449479305071,-0.05508430199292115,0.003404818024616298,-0.013613312242269903,-0.019545470301719,0.0015590026523245436,0.015945223860782124,-0.005412382639545601,-0.04249215869558627,-0.016995937289905116,-0.035974772681648476,-0.000842705967624386,-0.008295721349464746,-0.03409248027102845,0.0018779473363936487,-0.025537202961177105,-0.009315166712899435,-0.02637333215299173,0.0016898031605402444,-0.01858842083730721,-0.015126484873212989,-0.0010353324661294839,0.007640611764621283,0.027879288955604375,0.03555730689085218,0.04207758376600124,0.04497030921813146,0.00043283837447826747,-0.06588574872583713,-0.034423426910827906,0.048482243765524936,0.08601938846810603,-0.012089081746873396,-0.009122150639319591,-0.022396233906783164,0.06194451492933331,0.058142745707510685,0.04151672586624857,-0.08486235519914098,0.012447970441508064,-0.029555434830908348,-0.033285117702442094,0.05432998777126842,0.06630359136560912,0.04266363048840861,0.06252977247447784,-0.008500127103566997,0.07801805274495256,0.10206124539939905,0.08252997938606033,0.00063331653759135,0.14258806423588352,0.09370790055034194,0.018086957458143885,-0.0007188219974634692,0.1552684838354899,0.08321698239768927,0.23362791935414454,0.030240779178214154,-0.06316477119925036
2026-05-21,0.014307006229217165,-0.050656209241974816,0.01374455159910641,-0.029438585828214216,-0.055881491596705704,0.00974122353545581,0.05281555641734526,0.04469820850478384,0.11467499048651253,0.08385799708066259,-0.04940918731383085,0.013475307339048224,-0.025000256515517204,-0.010484964114417869,-0.06375646875098705,-0.01838870649080509,0.006286805540117711,-0.0026250839960131334,0.049092593444339215,0.031485271741730464,0.003170556363735127,-0.0047317250548692125,-0.02571781645239874,0.04167514258711707,-0.045571989476079065,-0.005083885185682398,0.038840562926663776,0.03188705734947916,-0.05774200943895583,-0.041397922097411374,-0.03333451429512851,0.03943855223118146,0.000952617188503594,0.07037825008052907,-0.014565351180741955,-0.06913223441529982,-0.018616448982722078,-0.011565594577529268,-0.06780003384313181,-0.05643381786523255,0.0030554001871897947,-0.014855945088292742,-0.020916665166734336,-0.0005416835017840946,0.015546631303045302,-0.006571175734032026,-0.04015458985686133,-0.017152045300233253,-0.03705010317455968,-0.003470463277371584,-0.006098830674904956,-0.03514342065798733,0.005114937745544794,-0.025417898111952116,-0.010744705122589031,-0.024778193989486996,0.0032741803235985887,-0.018857262219635476,-0.0139755814642106,-0.0007243616212360589,0.0067609411753828935,0.02649653049037306,0.03579831625066933,0.04223295780674894,0.045499549680595254,0.0003560311928567997,-0.06520665276652172,-0.03627056533189765,0.049145482884029736,0.08738993607807807,-0.012343274988888374,-0.00951265828716768,-0.02332011776689001,0.06146148329782592,0.05776090343767017,0.040376295437181894,-0.08412385946503197,0.012940467103598516,-0.028745763735769418,-0.03423593966680821,0.055223622944536775,0.0672695478054816,0.041162518308515125,0.06325969728927149,-0.00665806701947041,0.07824567214653687,0.10125138883899253,0.08274955430162186,0.0008704102561033662,0.14396919470584016,0.09394027790057634,0.017361706229628977,-0.0022391032977405346,0.15348316353721334,0.08131891523911355,0.23335873492797887,0.030076388659424587,-0.060829864129046646
2026-05-22,0.013185525339687684,-0.053322618044407494,0.01599192302974305,-0.030386301655182843,-0.06166761933090517,0.00779729800848393,0.055162880345259784,0.047788523815976286,0.12898188004121094,0.08822026369538935,-0.048187108997105155,0.016559796056953163,-0.0295681034697345,-0.013845257663819424,-0.0719877560083898,-0.022638668995527668,0.008624605911012459,-0.0008691398213486138,0.058370139834387595,0.036977857189791304,0.0043686516203599104,-0.005471890361681541,-0.027930314805070876,0.04423888029024688,-0.05256594666961621,-0.0012698388994670656,0.04836123837959558,0.04143089686987132,-0.07008492906143912,-0.04359296977241553,-0.029524299975807633,0.04737441517118236,0.0028173361448523265,0.07985303561810314,-0.012187510074127649,-0.07825344492236233,-0.02102237408846528,-0.018266428837002573,-0.0743305292734478,-0.058231478572363646,0.0016678097511195443,-0.01727185673155194,-0.021202784982801273,-0.0015592536737947266,0.016234328836726653,-0.00518363863230545,-0.042861714880066695,-0.02497304849356908,-0.0437198857656959,-0.006675945763097298,-0.00860200247128893,-0.03757324830376628,0.006885209076942521,-0.02933662816022002,-0.006981088622355554,-0.02677098741515096,0.004108113234409541,-0.01705199027961924,-0.010819116113303209,-0.0002954796939648903,0.0010578330541785828,0.03168562549132389,0.04691302938387906,0.0435495591418972,0.04613560301188686,-0.0004585308778189152,-0.07545981169537806,-0.03837556117523379,0.0585698625612791,0.0863861691574862,-0.017258580476684507,-0.01691291910280432,-0.03133483182428409,0.07196488486016582,0.06109653781644801,0.03661787348263859,-0.09345295036945267,-0.00035826509941099677,-0.033761302168088834,-0.041049241576098024,0.05442232830945437,0.0755948605245543,0.04631665147577798,0.06979407883196165,-0.02007746028708965,0.07628742806180264,0.10713891876993706,0.09462669069226781,-0.0023722678639270037,0.15398744705172196,0.09672187516116945,0.008315223247236811,-0.014336147734077346,0.16066340099095425,0.07763142534216189,0.25882428687934733,0.030679902719653963,-0.058691034747902715
2026-05-26,0.017208140480750377,-0.04875536162894806,0.008875577587129818,-0.023969917668807163,-0.054977398913510264,0.007938883364338636,0.045944464283126284,0.04514688651292177,0.1103831667145002,0.06923681546342612,-0.04757130523437376,0.016081773827948717,-0.024907161084456994,-0.005635142927694457,-0.06838312347341416,-0.013982750431443243,0.010956747314779816,-0.0011973245622453298,0.04461644551736951,0.03264331782304622,0.003932674347764736,-0.0044821384400924,-0.025917421482249042,0.043138758602154464,-0.05070241548652517,-0.010298233308567892,0.043478969083911786,0.03208514910118209,-0.0664848216734955,-0.040218084241038905,-0.03663788020240741,0.042879017058165755,-0.0019313895817808634,0.07782281326609054,-0.020431981864914572,-0.06970707834082794,-0.024004489439687568,-0.012792728347023047,-0.060076296709460714,-0.0546687035192355,0.00938113855937458,-0.016924638112579375,-0.02091607828646514,0.01575026699988921,0.013041464107732638,-0.0015796362942940775,-0.041457759041893534,-0.016843123539545903,-0.028771486887447045,-0.002768026461302305,-0.006668973914630354,-0.03501419953699965,0.00029073316526525075,-0.03133211067787008,-0.005938257599301359,-0.024751076580165204,0.010414457442405881,-0.014799579947962318,-0.009821819105891359,0.014441774424770508,0.009324279629333656,0.03808835370290043,0.03239901466868851,0.027442633837160682,0.03795342806851274,-0.012885803559356012,-0.061232542865070946,-0.040108876780745366,0.05015952865709489,0.086204509567835,-0.011069559007900224,-0.0053368270998139025,-0.021650802729560284,0.0698251443672706,0.05313907933534066,0.04177184351861174,-0.08436943004154143,0.014688126540208237,-0.027387048326435043,-0.029104005937530666,0.04406289763365137,0.06763848018739536,0.04261519448120667,0.07035169363663696,-0.01275726684383832,0.0742362128260345,0.10056625344188769,0.07354283654811582,-0.005472724335418294,0.14230681558390337,0.09280993938412381,0.016414643325046115,-0.003070721285760041,0.15551501054478048,0.08822870406629314,0.22904381342294536,0.027935471217392704,-0.06218781987889746
2026-05-27,0.01619836103780993,-0.047748451751224136,0.006344891945155603,-0.02096963530358017,-0.053418013739776726,0.008411332922305755,0.04747047774385449,0.04087020869992651,0.1045275712595025,0.06875486840574774,-0.04753063431969757,0.01548936444779462,-0.023128633490661785,-0.00410807075010663,-0.06424323919533244,-0.01446809881718089,0.01362664518357051,-0.002189037489039496,0.04909745887909146,0.03195434821671723,0.00524548758210105,-0.008283368673532106,-0.025506581565793184,0.04057990522307528,-0.04718207662532644,-0.008761337255043552,0.03982552947520127,0.035747913452648876,-0.06025701550073066,-0.04068061226073693,-0.03231973995813518,0.04203007166679558,-0.0026863599596096237,0.07301069884061197,-0.025748545046369024,-0.06945366307512472,-0.02237518358209155,-0.011585811592627808,-0.06329737812292557,-0.05460865259737148,0.004386214577764565,-0.01986566211296576,-0.0157480900321643,0.016017795258441457,0.01036312099370183,0.0001379419030568662,-0.05099594178334556,-0.01756688455901466,-0.023474994823990195,-0.0027638940519338125,-0.007135341950089179,-0.03469190947425683,0.0034493319610139897,-0.02209508734141223,-0.007971968064871137,-0.020095083884863328,0.014384111994661344,-0.014609561921890652,-0.015854249195789483,0.007902173313182732,0.007751497581929241,0.03722267514387105,0.028239382748562657,0.028672292579862868,0.03285178244822778,-0.009205056582977841,-0.0635555077712387,-0.03716868494808731,0.05110048984604353,0.08741142911535747,-0.007214972450657215,-0.003935501852432254,-0.021556757705832715,0.0702467130511887,0.04885747561997571,0.048041765640839215,-0.09137968096472747,0.015683778262671748,-0.028836667771111178,-0.027927528369133987,0.03824031520737232,0.0645598166710832,0.045794354921976144,0.07482695179859078,-0.012737220841321369,0.07435168070659087,0.09942358780292178,0.07292473681082762,-0.005820976941503906,0.1432187926269107,0.09441942243195041,0.012469840321857535,-0.0002907936733445443,0.15353077259407216,0.0922458200117081,0.22648773500805944,0.03159432236407799,-0.06294509655928938
2026-05-28,0.015586081800210379,-0.04693960841274414,0.005880362121965968,-0.02165277180882782,-0.053999100418334556,0.007703131291012787,0.04859346740054081,0.04114803474331119,0.1050364115939421,0.06996466255604668,-0.0470383220508052,0.015230349456680541,-0.023052140083405073,-0.0045534107064125525,-0.06361580257021211,-0.014351366210685822,0.01422007448525659,-0.0028550495251474708,0.048490395133451956,0.03276839411027507,0.00522699702418428,-0.008127680790417256,-0.025401971671512223,0.040895742071620965,-0.04643482499202134,-0.009007045269044221,0.03978642935611117,0.03615592549322086,-0.06004863517627791,-0.0409275253176885,-0.032491794584003794,0.0423742182206313,-0.002936973296483408,0.07252745699879624,-0.025438054790503394,-0.06933128993616089,-0.02255309111012479,-0.01079214870641852,-0.0639422258665656,-0.0535817802336406,0.0015094576220710618,-0.019718965418676494,-0.015040170355943948,0.016218721135936427,0.010106055348734582,0.00034954859072907664,-0.05197408038945105,-0.0177188532215092,-0.023771057611574047,-0.002720663309557409,-0.007294200555842517,-0.03522470379634481,0.0033742622034860104,-0.02248598814756656,-0.008345250812384112,-0.01985280970994808,0.014149727331903724,-0.014294659539640759,-0.015978219005103336,0.006384208358174012,0.0082627673662689,0.03789296392210277,0.028479078944065317,0.029531153351555935,0.03325693022388979,-0.009518575284391846,-0.06366293784030724,-0.03662104427512471,0.05115866263126105,0.08702800799000707,-0.0064388980555676965,-0.004398594751489331,-0.02170808413489094,0.07078421049340072,0.048453351347649914,0.047307100794594284,-0.09224705833560236,0.015336106468611627,-0.02858518485735813,-0.026874982850435714,0.037605205466678185,0.06496301654430285,0.04615858140927151,0.0748728190640232,-0.012825495485258792,0.07479429485773675,0.09989478401615383,0.07276133866741692,-0.0051993180522853875,0.14336864629035648,0.09437622005179333,0.012222226212772993,-0.0008953557508898733,0.1532944017850935,0.09253269426930094,0.22635586270753552,0.03065515183060919,-0.06255792608016529
2026-05-29,0.012129211759675781,-0.044319461562472656,0.004857189160961496,-0.019278636593612487,-0.05973969649399673,0.006640228020263145,0.05547471814697283,0.039804959598599095,0.11506625102755813,0.07381977030917738,-0.04257433096456045,0.01635287476137031,-0.028528823631923515,-0.00693774566179506,-0.08063363778748413,-0.017014361695467675,0.018819239388030137,0.0011974168886245157,0.057341126591206555,0.03384883372479363,0.008812739910373162,-0.01053757138284782,-0.023289717053289548,0.04511067025413418,-0.05129040073720114,-0.005820896054784192,0.059189531955658126,0.04418328063531305,-0.059579449623707356,-0.03934316177698087,-0.03456222138126781,0.04116717703528746,4.5625179539104596e-05,0.0745812713770355,-0.03141259076814472,-0.07161166888705742,-0.02833369732471544,-0.011019456090304322,-0.07054751450048757,-0.05618873386972552,-9.876250170283082e-05,-0.023965911653593824,-0.012741324018415443,0.009041305408465695,0.010156569807311052,0.00465940957387104,-0.05539930988541014,-0.03341013870546811,-0.018779790105444227,0.0004847414499048082,-0.011530246975986808,-0.04379869323052405,0.0010196313385738755,-0.020010801624070887,0.001169206550322809,-0.018568312649621152,0.013804556985883728,-0.011554044548816008,-0.018729152610726066,0.0037884078744419144,0.0008874322026008342,0.046388529296080616,0.04233669645015509,0.033513572728571604,0.03354007550186871,-0.013032354076220486,-0.07119064116717284,-0.04200787117817064,0.05962992996213156,0.08530727404161106,-0.010760457123418792,-0.010257103771616967,-0.0271037352963348,0.0856200747172005,0.05978788033644192,0.03852605558802969,-0.10425065603280265,0.012063159992400716,-0.03324704953760204,-0.028669180882570457,0.03361767072786226,0.07806822128362101,0.04378761760521417,0.07720304309691295,-0.02675625914200299,0.07186940702551113,0.10171080152971532,0.08466881382141031,-0.009936714880701034,0.16167025568519774,0.09615300386656142,1.9846802267185423e-05,-0.009580323654228807,0.15485636228434138,0.08475655231269538,0.24830819150168332,0.02975646628991173,-0.06867027026889767
2026-06-01,0.004776295480531461,-0.05042284456162661,0.005592875151986377,-0.016812217576303745,-0.04921257317718303,0.009924833420248212,0.05345957583566215,0.0427318490077485,0.10595562869224454,0.06891767501985145,-0.04100265605587801,0.015532866613051796,-0.02863941110622751,-0.006031470913890393,-0.07387859480857314,-0.015313893929945267,0.007628262619997687,-0.01303091724910495,0.044964898375895554,0.028116516434011203,0.010757057686049417,-0.0046297135655792195,-0.013834340375428874,0.03738613341282286,-0.04530859408968172,-0.002949224154571134,0.050772563938731446,0.040475595471590776,-0.05409577886102605,-0.03800456849249164,-0.036225324089537166,0.026365155331365624,-0.0022994812641718293,0.0746681317447202,-0.03195349052417725,-0.060780029122321735,-0.019763626333294253,-0.007508631723929149,-0.06700413133070776,-0.05630497399317912,0.002821553920746315,-0.01826951559622831,-0.018362804899273777,0.021988609575640673,0.008004029912267669,0.010170848712403122,-0.052418493040449404,-0.01789170668012488,-0.012634039573400141,0.0028246727077616152,-0.01233294721934755,-0.04258011568196708,-0.0055664751617793395,-0.008626213562135538,0.002054891872989734,-0.012225295854205948,0.010958236246881966,-0.008946690519989165,-0.01756791648977049,0.018113030030883707,0.009815452926289492,0.032393229357441086,0.0314840694493626,0.034915402813349025,0.03766650784164328,-0.018838295864336697,-0.06327532582988223,-0.04085969362927804,0.051608582465692505,0.08507091176629139,-0.005821929567479586,-0.002431464392181759,-0.018173122850219874,0.057175976239948995,0.06330581373154681,0.039906295337628864,-0.08755401793052375,0.018889026311212302,-0.03076249836570453,-0.03447688213786279,0.03518960578274567,0.0627228631166983,0.047012212074635615,0.06266343772613857,-0.008465355562482095,0.07968546051865576,0.09581445762963002,0.07494386650846946,-0.0058994634804089095,0.1475780965942917,0.09291290524085226,0.010086366830482953,-0.0032426362240185105,0.14793032842861445,0.0866115062416517,0.22499970719219517,0.023561066526227616,-0.0766755484558997
2026-06-02,0.003948981379635414,-0.052328128308644986,0.005021925958916084,-0.014169516916107612,-0.050379852702353185,0.010074851790583504,0.05234193283931872,0.04432880994948294,0.10622750389420652,0.06958611814140284,-0.04162925012881728,0.017190855337068458,-0.027557864207936517,-0.005699982721800773,-0.07164841662471101,-0.014326540079701704,0.0076389629842228916,-0.012989484039131654,0.04798936528369479,0.027134631110863096,0.010378209051985622,-0.005125939162853324,-0.012854831232699896,0.03783442869352268,-0.04630411289409796,-0.0028198644391132007,0.04975383474750083,0.03990941321123967,-0.05282817889536849,-0.037311237802722406,-0.035319686160614996,0.025436028892479097,-0.0041128986816106935,0.0748745357151465,-0.034379003114026065,-0.06238761397858368,-0.01996995980932474,-0.008128743590601456,-0.06802004244264216,-0.05700599187070625,0.0030000349689741773,-0.019152043005284287,-0.018574497450006423,0.02412128447744461,0.005880123613850795,0.009956065486971309,-0.05379127418143284,-0.016781392635820958,-0.010990721035539342,0.0022298544769170665,-0.014144809934778584,-0.041012913168612476,-0.005023069544972312,-0.009508924518745536,0.0007547969834565561,-0.011140271889606044,0.01226246685597796,-0.007722603581975551,-0.019457151461511453,0.01924169485969974,0.009830824651966674,0.03087151499237977,0.03178841343548681,0.03381508507191527,0.03653668822770335,-0.01876539770640842,-0.06188553202877145,-0.04286037058407571,0.049128258872372696,0.08534004059826669,-0.0016967159360274531,-0.001956556761949139,-0.017494552248106955,0.05760073102426194,0.06217958468971784,0.03949435352848697,-0.08625536802052304,0.019115868751122138,-0.030255748856310605,-0.03298334794153031,0.03145467541642616,0.06500556920944456,0.04694310502682312,0.06328473859057065,-0.006610792692881852,0.07824288755606884,0.09710225235976615,0.07556314804556451,-0.007266246314034977,0.14618493252359227,0.09323150917999092,0.009603302132168388,-0.0032134186025402703,0.14776120976311963,0.08588803623782292,0.2241640252447946,0.023497651587167927,-0.0749042575159466
2026-06-03,0.0037216844592132085,-0.05002305997184435,0.004243783804012753,-0.013473371023863092,-0.05084487906824994,0.01085747493155574,0.051932733147640235,0.04397196101316251,0.1052309316524646,0.06927082398661931,-0.04199098204836435,0.016471718150484375,-0.028056749695739486,-0.005515628035448758,-0.0709680280315539,-0.013956041404594303,0.007430785785463337,-0.011927193568423344,0.04812569648998309,0.027892130897192793,0.009784482261500528,-0.004784286544006151,-0.015120850458276254,0.03597658263951513,-0.04603666708014624,-0.004070914215999994,0.04926596331815154,0.04054593833410844,-0.05165981434658742,-0.038058276737657624,-0.034982062125674195,0.02546980758519841,-0.004824662784059561,0.07505242839391128,-0.033851273026016246,-0.06148786510552605,-0.018664566504088,-0.008420961645232058,-0.0677152437773699,-0.057009160001369186,0.0023878648282018838,-0.01832252712480898,-0.01866557961794913,0.02430692259213134,0.005596613203466532,0.008365064777927912,-0.05359683822165548,-0.016977557623661772,-0.011203995622234586,0.0015900763686060061,-0.013066100214162735,-0.04095955490733913,-0.004949465408832033,-0.00870872400899774,-8.414412000031651e-05,-0.012117853785592133,0.013831692742559056,-0.0076520225370747385,-0.019905132023979297,0.01968083618341541,0.009885156996824119,0.030367378453185212,0.03168223751701499,0.03366572094018089,0.03606787673553685,-0.017052911984091243,-0.06268221434833995,-0.043410254067581894,0.04763363724052349,0.08502829027070753,-0.0022280416463361027,-0.002092105378691341,-0.018001195348035404,0.057708122125823796,0.06406265809286948,0.04054259434864047,-0.0868732480713125,0.01894084538292244,-0.030851292413665465,-0.03379239003030105,0.02894960198816198,0.06531245464427222,0.04615629611090873,0.06535331230143358,-0.006945055255809485,0.07794670944729375,0.0981856932294071,0.07572930273874218,-0.005522481468328641,0.14660731664777363,0.09460102876441956,0.01050981486840859,-0.003978939690281642,0.14640130077471766,0.08561092569217571,0.22414560569701464,0.023491875083025308,-0.07250759151931616
2026-06-04,0.0039138774960205975,-0.05081980613809798,0.0050333675349065275,-0.010406878778481428,-0.050947430986202365,0.01112797918474831,0.05120682242589789,0.044235054182357667,0.10477394093408603,0.069397519145591,-0.04254216758385526,0.01614273577885549,-0.026499550177393777,-0.006856413716906944,-0.06959155260870356,-0.014704857203327875,0.007431341721909174,-0.011393602570463604,0.04804765728178364,0.02708143332848465,0.00982559307447297,-0.007081487111672441,-0.014970131156151636,0.036860184195195315,-0.045344470292270976,-0.00364792141154938,0.0490082024219406,0.04040826934625976,-0.05274912987220827,-0.037300222570434596,-0.03500461587289149,0.02776853231621805,-0.005439310893017092,0.07719426459863567,-0.03578285427446028,-0.06253596047584756,-0.019019774755179922,-0.008416010144440484,-0.06987482804404835,-0.056985905537176224,0.0028128425628007048,-0.021037880169004444,-0.01924877608793022,0.022929220307410653,0.006374875374429673,0.007598913969877353,-0.0540305165237035,-0.016271531724131393,-0.01239175717430079,-0.0007110187512523597,-0.012113073459685387,-0.041237808573911905,-0.00432227968411009,-0.007605496911120892,-0.0005485976186099702,-0.011196952512745167,0.013408987271666787,-0.00810050895988085,-0.019363164827383636,0.01763369411210825,0.011260750967986417,0.030524832775523855,0.0327158938686159,0.03250650565707637,0.03634615406770517,-0.014399112281453038,-0.06211007096556315,-0.03938099484648897,0.04948039929450827,0.08367661530592285,-0.0047408921402394225,-0.002645208812778157,-0.017985076050818748,0.05887858544257267,0.06398695624533356,0.03999290024917797,-0.08614196146502397,0.0188647070779819,-0.03126874157373402,-0.03505883649816671,0.028878052183678657,0.06713022358682762,0.04662688590714473,0.0635831744665048,-0.006914124360909877,0.07787755920268896,0.09879790507806498,0.07590986141016128,-0.005763833729074222,0.14656279215957665,0.09464233574165085,0.009210263835292536,-0.004796736114428254,0.1474250539058606,0.08760581371618066,0.22395067796447693,0.02224565822892128,-0.07159603291386173
2026-06-05,0.0034015550263856633,-0.05301592353004171,0.005086024567490204,-0.009663261069254069,-0.05150331706696887,0.011491960749352811,0.051873375644540594,0.04400627663021799,0.10352220031319097,0.07018926563802129,-0.04205862976698218,0.017072554468282177,-0.026768242667661195,-0.008721928113084134,-0.06891596418610658,-0.014204501743003967,0.010140709048344831,-0.010952674800111533,0.04757648923261826,0.02661330000147962,0.008872240333585186,-0.008892363711885952,-0.013452549212206956,0.03749764029042158,-0.046018669965032906,-0.003160170263191743,0.04845079917030136,0.03943624472919417,-0.051938068701463024,-0.03763051028813826,-0.0355666090104633,0.027279652325216966,-0.005813371982626615,0.0772943406620281,-0.034666808155395315,-0.06072016390331947,-0.02031131831734396,-0.008418410290426814,-0.06907047679388216,-0.05753827984491064,0.003447559991329019,-0.019230879824508315,-0.019441542410375538,0.02458303232503285,0.004729962217498724,0.007918233705924666,-0.053988784152707886,-0.012561423542649464,-0.014042607078903443,-0.001473238928273701,-0.010723397176453273,-0.04290638296032908,-0.0031829629565315685,-0.006367802282863695,-0.0006184118011601514,-0.011258834705262998,0.013633530056752387,-0.008471557499828688,-0.02016297856589467,0.019456119471149613,0.010692899065823849,0.031204942444718303,0.03255194664446494,0.033710485514991576,0.03647566763627525,-0.012636070950481791,-0.06236062296462326,-0.03910316787734681,0.04951387355642995,0.0841514276492221,-0.00414699064929366,-0.002328231065675075,-0.017788379150817817,0.058059104398087986,0.06296846294679381,0.038321209252563694,-0.08807964812973001,0.020484998245878915,-0.030381331413640855,-0.036575508419074164,0.029258756356962637,0.06792865734413917,0.048347852763481594,0.06523027572450811,-0.007097526745892176,0.07678418775839248,0.09875937595951655,0.07514614549631879,-0.005496709056252517,0.14628736609732843,0.09429697026869639,0.007164756799024636,-0.007038538262911164,0.14702291178520238,0.08813191383277028,0.2226509650504471,0.02044945066172045,-0.0727019278971353
2026-06-08,0.005452242535735938,-0.05413958884080178,0.004046502137126351,-0.01168943309950382,-0.050813832992050834,0.01233770197469937,0.05063916714335247,0.04509878484102122,0.10360379168822892,0.0669672983554853,-0.04245807425425411,0.014404330309754255,-0.026508408364924886,-0.012278084676856578,-0.07296135712877277,-0.016109981192809826,0.013044197848260868,-0.009466298701276897,0.04909928281209942,0.023784180975693535,0.010516039511030865,-0.008514655113149928,-0.012237052765741043,0.03929581039891617,-0.04582092392697971,-0.005365802039256512,0.048615397116593156,0.03991520658746222,-0.04704463402893223,-0.03593369646015025,-0.03166385680709424,0.029642704424542088,-0.005496583830570523,0.07830753293409258,-0.037997938071753945,-0.06504954280427815,-0.022152669596993864,-0.009500586721720635,-0.06712974739792255,-0.05568995053406149,0.0034295311001496416,-0.022143878319980916,-0.01798692765358098,0.020973276017181904,0.001217095587752114,0.008510111738916745,-0.05550627249981331,-0.006759230886178665,-0.013126861452800278,-0.003149087854420923,-0.00730183673994138,-0.04126657318732129,-0.005840063914605171,-0.009852973704667424,0.003849448401459928,-0.008407490178107104,0.012533783386599714,-0.008075325154656315,-0.017981740468539613,0.02672718155230882,0.010482294675997426,0.033074335744507063,0.03268622871756728,0.03413445632626989,0.03729401840865893,-0.012097119305873661,-0.05951923989611001,-0.0409845635758703,0.04584932180918476,0.0821814901754525,-0.007765740345544185,-0.004987285104384551,-0.01589482543603448,0.05666672230571691,0.061930394105345024,0.041625088955256316,-0.092632552020511,0.023157545497664585,-0.028244870763477002,-0.03327725139006636,0.02927987784732663,0.06706986881257536,0.047730778988461585,0.06750854408335998,-0.004988331946027932,0.07710782996935261,0.0948101432481566,0.07182269208478614,-0.007111415289393961,0.14713898863742822,0.09279627212452704,0.006070686596709102,-0.006233952708478497,0.14896440867155064,0.08607835692795347,0.2242897332330638,0.020400811248996932,-0.07500337942809078
2026-06-09,0.0019084433270421114,-0.05560357289330639,0.002838977583334767,0.009248682369715018,-0.05363397331504546,0.010851932968622401,0.051235997088377366,0.04878653725997091,0.09819796268155885,0.06722087846264098,-0.04153695957381471,0.010278283959904828,-0.03088476612622789,-0.01220244856076545,-0.06781719945382214,-0.014856717176125063,0.013111450676645289,-0.010402106881187268,0.050644722314563476,0.021086124179498553,0.008125115531078413,-0.008232116555391097,-0.01357339478524631,0.035536158042684625,-0.043913515420115574,-0.0023185411042318787,0.05043584914697538,0.04207673440843968,-0.047719092343889644,-0.03658132948480531,-0.033536399363069576,0.030432869755263617,-0.006759941466653227,0.0794050958565335,-0.037007217039700314,-0.0630474194020507,-0.019210127081138943,-0.011133886356114417,-0.06653153395182201,-0.060433621365644466,0.0031423856334965115,-0.02476149453988996,-0.020858489966393078,0.021693191698225617,0.004756416490674649,0.006473143931223643,-0.061094947350453566,-0.004839012107943755,-0.01277042948450288,-0.00422461736339785,-0.00927348704976842,-0.0417349462173659,-0.002231097210876481,-0.00825345136256037,0.0020839265718731147,-0.006819350956535233,0.017368930815335297,-0.007887925266142603,-0.017999688975542653,0.02756428785458196,0.011356298615508126,0.0301918895036183,0.030702157692869304,0.034205967649605665,0.03960674174361265,-0.012316310013137115,-0.059534493069343955,-0.041656935341492174,0.04769768927352483,0.08231949996428686,-0.008771343537133556,-0.0035156173344159172,-0.015996749987067335,0.05814696147719701,0.06089643108189476,0.04336135867243075,-0.09154738981089301,0.022231344703933398,-0.030058675855163745,-0.03614616576677245,0.028230473051032483,0.07079728676829754,0.046253834429905064,0.06731344831774115,-0.00519507808933777,0.07818403588090515,0.0933557189667378,0.07261947322237639,-0.008430871727388512,0.14781224183245367,0.09519504013716808,0.005436015226217952,-0.010621927064218889,0.14435573181636058,0.08816715873731563,0.2247388310578722,0.019461349650124034,-0.07366470293334519
2026-06-10,0.0011817046857999954,-0.05555181762145239,0.003624342630631651,0.009511820525345983,-0.05755811742728112,0.00868424421512041,0.051462624039115674,0.05230718715881681,0.11020580450595971,0.07090981294449888,-0.04015304191094506,0.013308074828306536,-0.035439586201915875,-0.013536687042944863,-0.0745157184025738,-0.02096800164264378,0.018553605718103973,-0.01076400444352907,0.06153723720566239,0.026200369137015157,0.010834548238016876,-0.006614866540585162,-0.017201080120067283,0.03748399996462242,-0.05057338333780376,0.00017912617894791025,0.06031215137779518,0.051276676924967624,-0.055544713388977235,-0.03918984036235068,-0.03214238146906802,0.0396077453588455,-0.008152255000943588,0.08946489563545044,-0.039633714994995926,-0.07088067330547394,-0.02229136548216331,-0.014352162890189651,-0.07319101275705604,-0.06473789421742299,0.005622575014908358,-0.029481524169608385,-0.02115798646035228,0.021225007963057305,0.002033234611556167,0.008407562119771912,-0.06774158651264169,-0.012174307436514044,-0.014104730896833782,-0.0069041930548214055,-0.010671322393066065,-0.044862676802976044,-0.0051554229753757435,-0.008406498374142387,0.004943782133857613,-0.004981979209221008,0.020309605940283287,-0.00451420192875166,-0.018908889671619238,0.03131807874733271,0.007882874351478053,0.032089120931365275,0.041068694469787365,0.037047256201153594,0.03869856180077007,-0.013990925511377138,-0.07033773162745371,-0.04268601561629538,0.05499123704903399,0.0819572557401418,-0.015420993067604428,-0.009957134668379294,-0.02432300636390776,0.06759236035067134,0.06834525177322524,0.04096863800388617,-0.10521969684299744,0.013522614045271214,-0.03509880924033178,-0.04280534431809677,0.019380848196148055,0.0803036313409414,0.05212659121836565,0.07728553887103867,-0.018272081706648013,0.07583493123648767,0.09727344605997862,0.08231224406638642,-0.011295529394071706,0.15904779561940735,0.09924146493855814,-0.006906303666954041,-0.021639117764233128,0.1488527128758938,0.08659880336304711,0.2502593751274224,0.018462370270090227,-0.0716391074696824
2026-06-11,0.001825026742183742,-0.05160055643497502,0.0028577019367041793,0.008289249042512463,-0.052450742205368744,0.008950323928294712,0.05261558203869666,0.0524937884094929,0.09570928028400587,0.06958238801532239,-0.04149659517061446,0.011887333099802474,-0.032640855751746176,-0.011191341433290288,-0.06483685875109686,-0.01587273478398185,0.009170194421228049,-0.014921167074854755,0.05154124316879233,0.011595087826982263,0.010508315189899206,-0.0023649221974151053,-0.01256230214469911,0.03748760499143794,-0.04313927708366139,0.0012270779156394376,0.049204165883379274,0.04021640302195607,-0.04212569557695586,-0.03531459227400041,-0.03433026965250909,0.0260316754183441,-0.0030932583457401013,0.08382847984838518,-0.03807584407070848,-0.06172018496542178,-0.020069281109691472,-0.008081804436396079,-0.06495667225278867,-0.05828785422898833,0.0030215134921741885,-0.024253407648235033,-0.019973615269777145,0.02069741839742901,0.007126243313371571,0.005163224056051666,-0.05922458191711934,-0.0060586506521576895,-0.007304254021872928,-0.0031433991498568663,-0.014661507521103003,-0.04516978505215277,-0.009506166946349358,-0.007325169531370064,0.0036349514820114403,-0.010664301863087556,0.02248663704807364,-0.009204496990046664,-0.01588535601700493,0.03229484305854786,0.018850264089906404,0.024129409945386034,0.032937542542637914,0.02875183536941426,0.040745106728019787,-0.01757751554094368,-0.06145448777798382,-0.042332896157281016,0.046248129631039116,0.08724012841127127,-0.013845359141857605,-0.007710608523267189,-0.01195404652265481,0.05174782026622316,0.06540581284841167,0.0440686017169309,-0.08938835842789018,0.02220774987765449,-0.030466738270976686,-0.04373665952981936,0.027550945888044923,0.06720322366735672,0.05063468657576389,0.058999498000999975,-0.010869489552405609,0.08137464690126123,0.09346071761113452,0.07144760902448151,-0.009403474929457862,0.15254484112933395,0.0880057222953977,0.0030975599462389376,-0.0051411880382691705,0.1426161046979516,0.09023299248886195,0.22723282059582306,0.0164316238007765,-0.06722282114319585
2026-06-12,-0.0004900166617775887,-0.061310732337182275,0.024138719875393684,0.007728293158828973,-0.056552485128248356,0.0056939433722561356,0.052204464818276786,0.053216379126263355,0.10605304882519051,0.07681413980159335,-0.03978312637534837,0.009638230453943856,-0.03624778257555866,-0.01750220195493464,-0.08249753841416035,-0.01935510296663409,0.025371150618650994,-0.014173342595191868,0.07018985848220555,0.009925208991693123,0.00603885340019872,-0.006480008254509164,-0.012922984414057202,0.037840512067993444,-0.04988560538093251,0.005948599747659957,0.05691323601121777,0.048818208761537016,-0.04601185263169217,-0.03655244259381989,-0.033355325098106944,0.03991317524220878,0.0005991230115488522,0.09792017520169811,-0.03827951130945693,-0.06737516211446924,-0.01935488536892445,-0.011671456394537342,-0.06997689083957648,-0.062158937018036695,0.003330032816812022,-0.02783580272509268,-0.024034731341288286,0.01865450881663336,-0.007922005194370833,0.011986463679536723,-0.0677007480373973,-0.008143724495694905,-0.012127541731171544,-0.0016542342411899145,-0.009072853562145137,-0.04903731022449752,-0.0021947264136263234,-0.010499309926926334,0.006126956321012936,-0.01270953414052606,0.024215595301562587,-0.008564192343328775,-0.01203875480735551,0.04024242512509553,0.01943952865953996,0.022254794342955405,0.03266653782437305,0.028371133699927657,0.0412859312506256,-0.023289985424616057,-0.06097878797286109,-0.042620420944754295,0.04827644935859532,0.08471533054777901,-0.010850819192201528,-0.015529808857877669,-0.012121251468505624,0.060639556065128886,0.07165991663233616,0.04057502627308037,-0.1142497997655695,0.005668420783422043,-0.039286206333751725,-0.04296269997340591,0.015851221448438486,0.07633560900357493,0.06098015938952012,0.06358801042813857,-0.030758354372110837,0.08285825203735069,0.0950705219872853,0.07770157473944897,-0.013737674875361776,0.16887282830735276,0.0905078807850906,-0.01988969387048293,-0.011591081277008685,0.15222090451564677,0.09592825068103886,0.2563854628239321,0.012765214905998985,-0.07080037557931888
2026-06-15,0.0022606442448323636,-0.05615763649657669,0.017356240808786963,0.007850765937189022,-0.052228901744628534,0.007226560868452624,0.05501303587184401,0.04997339555323579,0.09559763929037735,0.07292228160850833,-0.04154417420857081,0.008396356207669013,-0.03188878279782094,-0.013528481281022362,-0.07348428167325191,-0.01386575400153458,0.015349873885694972,-0.011304513368016552,0.05444130090057039,0.010238620223309229,0.004560951862162894,-0.00625864072610755,-0.011646374423653535,0.03336108767610219,-0.0424125804468357,0.0014621569459321408,0.04851750653798315,0.039363308082203625,-0.038705390809239286,-0.03605207872998611,-0.032637219871794014,0.030803327513747612,-0.0008455222765477426,0.08541757723349161,-0.03695505844024057,-0.059495758325205136,-0.018408758670295115,-0.0063759159997115716,-0.06459305380919066,-0.05426887759690993,0.00028858445582733046,-0.02354967125112587,-0.021066158956599024,0.01687051516344912,-0.0019787329725203216,0.008885993194465994,-0.06408602302595665,-0.003983429453506677,-0.011708250899295907,-0.0012948973178777013,-0.00896007264433567,-0.046405043100217924,-0.003130515816214933,-0.010584886083598066,0.00441753487171596,-0.013610810279701445,0.018512949983099138,-0.010067273612856377,-0.009798151248131036,0.03651887948749928,0.018861888750434774,0.02032061648241192,0.02641079634860142,0.026530402353341198,0.03981464727576068,-0.019248503737767868,-0.052839365535213845,-0.04290909127868301,0.04444906858102177,0.08594935916559376,-0.005985041193438076,-0.007001189019989111,-0.004068733656016231,0.05187981179772898,0.06351355193980575,0.04234760249309334,-0.09880591180121812,0.01695084849124015,-0.03613694826679272,-0.04143753948780552,0.024976358992126524,0.07042696072942471,0.051796708120523796,0.05896071878623646,-0.01631420098673908,0.08430475969092915,0.08995914925897397,0.07149054311517364,-0.012105435055844287,0.15658529315531347,0.08886082827317722,-0.0036266346802183626,-0.007213918595557931,0.14986969087235244,0.09948232834800354,0.22828103331516042,0.013468492050950293,-0.07052436114116863
2026-06-16,-0.00013015618406217976,-0.05472232130411632,0.01895316987724905,0.007999825221881373,-0.05408550794362846,0.007215277682495463,0.05384310117337953,0.04955363528008897,0.09624931826354656,0.07325045406857263,-0.041701539781952075,0.009621592972124244,-0.03220149238060692,-0.01357312970165678,-0.0699602289968811,-0.013709286331757912,0.01586654942165435,-0.009414553653044366,0.053812447572515215,0.012644471972454338,0.0032978081461871537,-0.008941306489910617,-0.013126721047498074,0.03351298847337467,-0.04314982455408624,0.0025437980382131305,0.047472638572962425,0.03929057668402638,-0.03988261371827634,-0.0367437066567244,-0.03262172501083826,0.031713079590719014,-0.002454806216430752,0.08537730394266028,-0.03763558562575062,-0.05920748322037839,-0.018241634415211927,-0.006720651277322508,-0.06778662301285256,-0.053143506340720584,0.0004194362513602074,-0.023228123223759195,-0.021442009340060367,0.01645349240371058,-0.0021909371956026352,0.00899953398541744,-0.06402548499902107,-0.005050475276009525,-0.01137560658498687,-0.0023741525749584984,-0.008133175638238283,-0.04544966266987791,-0.004372254047268452,-0.010719576356829285,0.003945495161036282,-0.013584162612389624,0.018726638617871705,-0.008894129945464244,-0.0070729691227539426,0.03521611332434045,0.01881707149921339,0.022214503816863178,0.021494720333087778,0.02706770103342808,0.03940170311171609,-0.018183985902205282,-0.05357500753636689,-0.04345305581795261,0.04563448849133857,0.08355594542692524,-0.005552535096292407,-0.005383354695239739,-0.003445551004928691,0.05191955866732782,0.06277581112524959,0.04053360964626947,-0.09732770448964763,0.015230396763422813,-0.03480253714175885,-0.04264704434152872,0.02521015744101669,0.06821238831392219,0.05362449298321499,0.05911730653363086,-0.015244311336962251,0.08473784334097684,0.09201970094573397,0.07207740608588266,-0.012884445054132556,0.15750590706377243,0.08933266104011522,-0.002840677149602684,-0.005140326152608848,0.14965565088235197,0.09971104240152895,0.2294155812356939,0.013799598295616363,-0.07149633400598598
2026-06-17,0.00026626860152219496,-0.05274775997667071,0.019539388720626598,0.008285509313752456,-0.05342074882476806,0.002647615721755748,0.05376752392138374,0.04947585674089777,0.09696214958102313,0.07437284565851203,-0.041428034650636616,0.00981463873813385,-0.031927246479431265,-0.013380882193048066,-0.07108259407472967,-0.013055825131672484,0.015342112447316113,-0.008741768969968167,0.055383769458118216,0.012124621970389967,0.0019423809294920377,-0.007902979294682833,-0.014273176363540222,0.034411240069653806,-0.04231701542512789,0.0004715686491885956,0.04804784680111415,0.03816427042235003,-0.04028876591809946,-0.036391384440778704,-0.0320320516369369,0.030889180641055856,-0.003113942171960064,0.0848595811763207,-0.03994056586260411,-0.05831333104027493,-0.017778856888767798,-0.00819685482644099,-0.06732392661923556,-0.05402765607981208,-0.0005906313546871784,-0.02155713588695568,-0.021174579841057743,0.018827915485614674,-0.00041839999056994016,0.01024776565790401,-0.06455489474985394,-0.00217867351949092,-0.011270874513886467,-0.001367460887045556,-0.009439696146991841,-0.044209418021633744,-0.0034329434021341705,-0.011595591340603085,0.004817859957872581,-0.013160717405979712,0.01866229926616944,-0.008681885640034191,-0.007871294792100003,0.03547497851658937,0.019031456670748355,0.02298763618721726,0.021511689623981478,0.026286457729401164,0.038954307699869545,-0.020211778255021975,-0.052443112058982416,-0.045142301288665726,0.04322347696012692,0.08387769374947798,-0.0054397090352395535,-0.005006076115549353,-0.0038313668940668597,0.05293980721552968,0.06268524904922793,0.04065349867310282,-0.09494898460895457,0.015567150268878142,-0.03516625375904115,-0.04213381360938423,0.024712169850470065,0.06725125786420262,0.05258145781561896,0.05568989039949831,-0.014784171560262361,0.08337884929210727,0.09281011821575606,0.07352093707958726,-0.012368653649839035,0.1579583018488677,0.09129066534968672,-0.0024612963567334743,-0.005944107253488777,0.14723926307009752,0.09834200725986299,0.2286221884560543,0.01413912953486978,-0.07098265950355771
2026-06-18,7.194007661959559e-05,-0.059777590409273954,0.026156797303966924,0.008396735745187539,-0.055587766104072206,0.0023432519327473388,0.054143838464867644,0.053724411205203174,0.12657442742058517,0.07929260238479235,-0.03844608457563774,0.010459305592887923,-0.03323493451548148,-0.017744310751991857,-0.08407205698675993,-0.014519290226771809,0.023721055805415787,-0.0026970204683042683,0.06012938923739045,0.009061447999814768,0.0009444388936505344,-0.010684775155156595,-0.01771587634691231,0.0419563700453888,-0.053695164546645816,0.00963433988045293,0.05334114987978943,0.04938305626768988,-0.04087154308463231,-0.03636662722916885,-0.027560603955884964,0.040034061454869,-0.01124150277274171,0.09387300769232228,-0.044875904443692514,-0.06327795801679863,-0.023575583719647256,-0.016998673840609865,-0.0815606643629016,-0.0623821013431311,-0.0070537646708371485,-0.017688729843038965,-0.020392346942102096,0.02817670516321697,-0.0008242059433910456,0.018782290543916773,-0.07027786746661621,-0.01800578979997762,-0.021673546962967298,-0.007451278131362883,-0.015375192889079495,-0.05137511121172547,-0.0007849999124882167,-0.001565376641264488,0.011434184112306511,-0.01606375823806843,0.01578705024616433,-0.01369712910802707,-0.000790630026062741,0.03482019440715193,0.023647884338366426,0.020934929506737098,0.029156113037475513,0.027950298912838532,0.0340476430542253,-0.01946946969958426,-0.049242013783976496,-0.04665120612577386,0.051221107860968264,0.07736500210729277,-0.013271253136881633,-0.013470960134936946,-0.006253387334248019,0.05232275661548824,0.06321431997876599,0.04469925968541911,-0.1037126162001792,0.015816736656078606,-0.04632241209204262,-0.03608422331268395,0.018315538661471766,0.0714893605275225,0.04905849998211407,0.05641484644835597,-0.03239169913697411,0.07768491812017901,0.10154109658575165,0.08364375571484307,-0.01803667096891512,0.17018434546459213,0.09522709161658963,-0.02212710484275171,-0.011552667951830691,0.15633011265726543,0.10592099296501302,0.2607282034655236,0.011763902900058073,-0.07242932325532944
2026-06-22,0.003552140946499579,-0.06486756091671685,0.026395923172627296,0.008068217439997461,-0.053919258084645,0.0011808516851273074,0.05801180565760713,0.0528903872194835,0.13074389479427367,0.07595465572347694,-0.038220761747796594,0.010855690514915427,-0.031339819756124584,-0.01828454991830645,-0.08108684882932614,-0.014221060744734953,0.020539087294217724,-0.009222309376166806,0.0629494508413828,0.0025097105365443984,-0.0011105362272237976,-0.008988344956107988,-0.018119760336954394,0.04145281455556103,-0.055980703172822374,0.005465161213412301,0.053305126764551354,0.04793230833368971,-0.03087249968936681,-0.03527594638295069,-0.03019999616272081,0.041875327627988665,-0.01930472044278589,0.09622859881805775,-0.03964939220802627,-0.06323841630045215,-0.024929611880284155,-0.01399763875129041,-0.08260195664734567,-0.06409593746077355,-0.007232730013220582,-0.012924084689479818,-0.015561958954198383,0.027755107260886216,0.0018883317869128266,0.02693284270902877,-0.07110765872601812,-0.017248850918502777,-0.020329204638945254,-0.010232903540293483,-0.006938837306844395,-0.047799467745394404,-0.0005778960993247321,0.0018316653381140451,0.015791963299503782,-0.022146558991307304,0.015221039953010728,-0.017155589280202194,-0.0012216374371635738,0.030759041878548804,0.02707265945362146,0.018108011989907986,0.02626678371493394,0.022843923228974067,0.032365879745135814,-0.010322751741538726,-0.04898483426862963,-0.04973520706440197,0.055551318183705546,0.07395074442012656,-0.016469628598008615,-0.01033468446251611,-0.00981010368206237,0.05285235447161387,0.0583601006112113,0.03758473115886145,-0.10310363196366444,0.017158881740973114,-0.04839313795728885,-0.03593974207216931,0.020866669438343977,0.0713937334596728,0.051174384359496644,0.05991709678869359,-0.03696869507733982,0.07821212708548451,0.10662460294303563,0.08078218733698397,-0.019068592472448388,0.1726570255996547,0.09625292523856223,-0.023059391958100618,-0.016934610786372692,0.15322592413308514,0.11100366840486654,0.2577215809685364,0.0058811008348857415,-0.06878954023742731
2026-06-23,0.002868396282614743,-0.05925674409956723,0.025564382113608723,0.008345110512337208,-0.051025145091059244,0.0018407896250201405,0.05815887712761113,0.05068285435200886,0.11505741761524364,0.06946716981196613,-0.03849266125143612,0.007005357806159931,-0.027347628332643655,-0.013285287115053121,-0.07478000744754178,-0.009886487099755743,0.013447471657766786,-0.008288548999487376,0.05360194451024249,-0.00046127869045858687,-0.005040543273316404,-0.006975812623622358,-0.016114453934931633,0.03713997739500726,-0.045917748569434855,0.004774261695969603,0.04774592874083742,0.037956257039121574,-0.022193961521609983,-0.03193530689484428,-0.029218229166942798,0.030381866611215898,-0.01866430092745769,0.07806960869294974,-0.03444000523167203,-0.055526541917518574,-0.025360703653578925,-0.008734021880868829,-0.07183439458943862,-0.061769158261177376,-0.012292930068984699,-0.010196218525656152,-0.017686319319372243,0.03324858106468352,0.006562831067146837,0.015648529525759618,-0.06495144020016319,-0.006365510362805969,-0.020458776679479783,-0.006460769914617187,-0.0020858401590969043,-0.04616259002215151,-0.00036613242463411425,0.002536762623918838,0.013682970077858351,-0.02343468522234078,0.010652484345050032,-0.01747961300400589,-0.007769698451970697,0.03136708987876182,0.028270086413783105,0.019899220727959775,0.021056919668085164,0.02384475535790713,0.03318682276294396,-0.013111761827100723,-0.04575262039819403,-0.041504516593971995,0.045013537524023595,0.07789733947761518,-0.012034029713592518,-0.006134962673958527,-0.00723042944925094,0.05006289220353237,0.05478026345447582,0.04098849931936669,-0.08717002514299947,0.02228401519050003,-0.042859665236377034,-0.029140011614301596,0.02865046015732684,0.06270122894915763,0.04280456630598362,0.05023415817122865,-0.018117927424329973,0.0832134727978704,0.09784263885464077,0.07096128608841848,-0.020071682370318276,0.16319812322665872,0.09681684696578421,-0.010517036195061778,-0.005901254949973929,0.15147979807109005,0.10586456089382855,0.23142313470303047,0.006601607196876419,-0.07307773613682092
2026-06-24,-0.0013374017190925496,-0.06462495299692571,0.028525032438988282,0.008122105721546447,-0.05217165262591443,-0.00034625791090292166,0.06262812732543112,0.05751209337243891,0.13023574477764144,0.07328101636028969,-0.03659054346097047,0.008015556291937315,-0.030672746586544286,-0.020319855661949618,-0.08691638691507673,-0.013530513084816566,0.015169496369140532,-0.01032811693375847,0.0651942194033002,-0.001509855283139223,-0.004377957158190299,-0.0043587136465598475,-0.01606323853923381,0.038641121492038355,-0.05508049357655111,0.008578737899602293,0.056375703651250914,0.048211784523795195,-0.023515829423007374,-0.03290818802840495,-0.029123493432977557,0.03960627654443802,-0.021287819980553964,0.08780761714078496,-0.03662519699158191,-0.06201349661127366,-0.024571504993443384,-0.010535465011808897,-0.08185533601907209,-0.06823796942961305,-0.009899442266602174,-0.011969220880309417,-0.0178895423763566,0.03347681283222202,0.004423388384865262,0.02082407511657533,-0.07176524571507806,-0.0160545729506031,-0.026446612441075816,-0.00990492581032735,-0.00015465351943783068,-0.0474299568212978,-0.0006693928017523637,0.0006707145679443315,0.019910835071702042,-0.026405189375253546,0.008701606283387259,-0.016300150548420815,-0.005749975927322527,0.033992706090443726,0.029103274584048287,0.019864033314351735,0.030222069462868102,0.022562331255384427,0.03265275749485727,-0.012084025452706352,-0.05451829043669855,-0.039462676322076555,0.05494663656912901,0.07555151458750844,-0.015332830877806318,-0.014903114140108477,-0.010379184855690464,0.059448576338071976,0.05845716227019984,0.04173960735502132,-0.09883271722249155,0.01239988627361913,-0.049556847166567504,-0.03483529072208621,0.01694025870243351,0.07059154429962831,0.04733625020093723,0.0561654584505013,-0.03440605262228763,0.08024058906714795,0.10491091356497463,0.07828918931307884,-0.02511935915572469,0.17743538376920703,0.09989940517198515,-0.02577659998394438,-0.011204003361650635,0.15784664604317725,0.10709467429207219,0.259059861129643,0.005397708923133736,-0.0721076443177038
2026-06-25,-0.001473304012500896,-0.0662163048781663,0.028605297175543505,0.008108395374876499,-0.05294839813310731,0.0005290306778909827,0.06382684644194159,0.058543938678531915,0.12903126652346428,0.07314066998977439,-0.0366300825890307,0.007607732633937495,-0.03041401173191432,-0.02181725062002802,-0.08765551674703294,-0.01364781808896767,0.01725228166529535,-0.00991476604664276,0.06458894707625197,-0.002301567564063642,-0.0039222334530951055,-0.0028255943840489114,-0.016203111451529036,0.039012990282341946,-0.05358453059596667,0.00892584846925339,0.05467165049122737,0.048386473169159554,-0.02441207339620588,-0.032146997314639665,-0.028522860048552756,0.036905013823511995,-0.01964528982320342,0.08879571918401172,-0.036629459429393094,-0.06206065312656962,-0.023098260064922674,-0.010733871805346606,-0.0831527767295556,-0.06699508329603775,-0.008808940684046631,-0.013112933478624937,-0.017821382080716063,0.033076900463361286,0.00476416537783131,0.02083313189185603,-0.07238923614099084,-0.015819628086066538,-0.02395545264963348,-0.009587774948995239,-0.0006387955457475055,-0.04532696333059674,-0.00028954904893823026,0.0003133404412885288,0.020251105940332845,-0.027546133906900333,0.007432715411561947,-0.01587632936033727,-0.0049791550901131815,0.030408753992423446,0.029886863194138066,0.01722185468336448,0.029864584558499246,0.02106535281572638,0.033472463203641,-0.013428701617400547,-0.0543962496274452,-0.03987922540992011,0.054483447807936396,0.07600344821881776,-0.015155422577257981,-0.01323021695137309,-0.010852708602262002,0.06055651785153859,0.05884679431520008,0.040925324487642765,-0.09867148459215055,0.014184301921741665,-0.04949483774885747,-0.03555067299074963,0.016598668748081663,0.07200584782954271,0.04698260220576072,0.05745548026014378,-0.0314809519260038,0.08138948227672602,0.10525640573582276,0.07911715117485807,-0.025036156085860628,0.17718994594330872,0.0999318861037208,-0.026257194515013488,-0.014128214485962085,0.1576863232925035,0.10598880950746449,0.2561794939744398,0.005577052196838327,-0.07221619067064222
2026-06-26,-0.0002912583388947898,-0.05901571570258726,0.02431237914310552,0.008207366763805369,-0.04915235884328628,0.002014464209182361,0.06135829015671683,0.053241437359900355,0.11064611314378894,0.06793903322725038,-0.03749099927150747,0.007363706908640042,-0.027081261684182782,-0.015804010053646143,-0.07496392516273782,-0.009299343224208901,0.009814309277119383,-0.010591427897465212,0.05364719877929038,-0.0017715602999689127,-0.006143173197118315,-0.002706595337722776,-0.015142845479752634,0.03922099646202138,-0.04498907675853557,0.005755712667856626,0.045302979882805385,0.03930140724785696,-0.022629848848443372,-0.029241902099573697,-0.03237583778253628,0.02842173416867421,-0.018359253233631315,0.08032688673234135,-0.03353728514873197,-0.05568821647075747,-0.021043090752461857,-0.011086938238070559,-0.07263957840627194,-0.06103199368989605,-0.008795012185993227,-0.011791163486912165,-0.018109563037186235,0.03310264823243923,0.008367947173043986,0.0153562223400232,-0.06869228179237123,-0.00832882875315608,-0.02126269078858605,-0.00652447982945748,-0.0027482233504456163,-0.045705517336734856,0.0008913149277121786,0.00269703693898932,0.015292624701707476,-0.025609901946905933,0.0073043859298309345,-0.01506625365366533,-0.005182646970675263,0.028819459045509414,0.029742410095503394,0.018363772509185097,0.02248861142756399,0.023274667407175945,0.0320749720223477,-0.013283396378438476,-0.048759572930523166,-0.04037701782159656,0.044754683963301074,0.07716428239137234,-0.013897107665857352,-0.005162071545797571,-0.007779328489231121,0.05224062884460572,0.053743004179064274,0.04202808185040124,-0.08660570137349051,0.024363885571893708,-0.042677845908352025,-0.0285355073718222,0.02685536386480205,0.0629432669246084,0.04244706060645584,0.054188026382568,-0.017534620386219377,0.08187281179887357,0.10059452123855916,0.06911922138037092,-0.020114155194831805,0.16154830944421972,0.09636489304762244,-0.006253361213114506,-0.005726288698603655,0.1510823168867746,0.10685886514747943,0.22684441029700173,0.008085206974433821,-0.071148895643838
2026-06-29,0.002033180086841802,-0.062230298152780916,0.024691725934873236,0.007903897577605836,-0.05184167542238833,-0.00703632716334133,0.06192152813143216,0.060408858607230734,0.1281094022960638,0.0685969990170316,-0.03193332494056243,0.009048988273667118,-0.03128453107044163,-0.021787144628100087,-0.08769324701364056,-0.010534317582292648,0.009676332957397315,-0.01330204697807435,0.05991277547704888,0.0013516919956738337,-0.001814111217533292,0.0008680149942997088,-0.012876857414236128,0.03735902691222971,-0.05250398816878071,0.008797016971211321,0.05012808545250935,0.04197910058488156,-0.01830922480387351,-0.03180470879871866,-0.02970927145985064,0.03998241867993401,-0.026072694554666827,0.09646025581338566,-0.04107577938761924,-0.06313374036859805,-0.018474582912139402,-0.013421613696454804,-0.08023700972636666,-0.07262254313554023,-0.01041310521765926,-0.01263834462874615,-0.012740837428114828,0.03897407389381698,0.0014689465018644342,0.02107164190668597,-0.07172537641876978,-0.020544985993800058,-0.026006478275307505,-0.007497839200100888,-0.0008514509634874601,-0.050835299788530436,0.003427590824165251,0.0022841377486744613,0.020484459034452618,-0.026451547451874516,0.011999846680512398,-0.012917589492911873,8.924486021345303e-05,0.03575214935152928,0.02829362101081337,0.015708069586428952,0.029070958362018985,0.022462229087445017,0.029533470624843954,-0.010069562241536772,-0.06031616222971736,-0.034394877512626626,0.05407476194617548,0.07295785607773225,-0.02358498850845505,-0.015992847730878938,-0.010974894860480476,0.05857132679291233,0.0557928769748234,0.04805946427735741,-0.10146001302101716,0.0017241767023870643,-0.05008875173907684,-0.03871205043009483,0.020333289164590845,0.07130029493489912,0.05327398655067569,0.061674865506202325,-0.03390687378124184,0.08000797970461775,0.1201677066878091,0.08034574709884337,-0.028336634376815856,0.17330431146360098,0.0981066255839196,-0.024184336969322602,-0.014095944156952782,0.1622540886830503,0.111349589843053,0.2516809858629694,0.005871590200397166,-0.07226143227927896
2026-06-30,-0.0010850160199488475,-0.05953962730726925,0.019582513324856547,0.007847454544099719,-0.051455941313711256,-0.006629701267250215,0.06417748991942547,0.0621359202939895,0.12884174459568895,0.07019113832968103,-0.03210320945142327,0.0075452640964869784,-0.03639785691335992,-0.01879893171033959,-0.08833578226324547,-0.006095188466518841,0.001874573558093208,-0.012183608472270234,0.0549103307672855,0.0008574428994185101,-0.002853341789844194,-5.427506582498555e-05,-0.011194859802089547,0.038902051781356375,-0.051346694172169,0.008083999037558602,0.04865840354872459,0.043797624350655616,-0.019382335709740114,-0.028586359598197837,-0.031593780548151006,0.04267216124957994,-0.027401013016408876,0.09632965067503123,-0.031903074601015276,-0.06328270032789868,-0.021737304511463676,-0.004610030766414369,-0.07480893968396901,-0.07285384492809024,-0.01002879195653207,-0.01112940096702269,-0.01599057983599584,0.03411554440612398,0.0008592845313837669,0.02160323765236641,-0.07529255067994328,-0.022013597104026776,-0.02768507996115776,-0.00840197956996974,-0.003183933535092597,-0.043659803902892556,-7.337402654864801e-05,0.0047815959795975685,0.024658201340444913,-0.025459478317399094,0.01119214724055843,-0.011028123458160165,0.0009512259661797681,0.0453782008392391,0.02629195535596622,0.017868343261133277,0.025136508027188666,0.020601261731717495,0.026895172014527645,-0.010997765542583865,-0.05734537658054335,-0.03765930585534887,0.051446350444620446,0.07040686132856787,-0.021079380011659384,-0.013354974367980122,-0.01732817207391052,0.06368793962208398,0.05790011369700193,0.045860891902318984,-0.10948491419854733,0.006509962829344282,-0.049566953889782016,-0.03530464313191025,0.01882876751736956,0.07271710250023562,0.04996390931604196,0.06085084095512072,-0.03554345653123348,0.07679103217681005,0.11817515319481396,0.08153866671133012,-0.03205655415617776,0.17568466170721553,0.09737407299080005,-0.027310497833700716,-0.008043910108071107,0.16309265294787198,0.1107098602536008,0.2528969743585613,0.00474299250969411,-0.07266323297895867
2026-07-01,-0.002318935918220362,-0.0623495432013446,0.025442693328739538,0.00741720313720567,-0.053343084856286055,-0.00905831605908903,0.0629149115793747,0.06471662901751352,0.14348077373487764,0.07101442721248843,-0.032015170944186495,0.011123442181595684,-0.04057990058829409,-0.02482382084786993,-0.09919778082729155,-0.009399071408566459,0.0057860844057149455,-0.015415654499457898,0.06740351965578967,0.002815652440173572,-0.0017347219690965789,-0.0013810849315535698,-0.014360818922783439,0.040609623168716164,-0.059617650371330905,0.011734722740428598,0.054502858412376995,0.05095314231511442,-0.01715911445417302,-0.031463133527908776,-0.028674047156465432,0.05111885059867069,-0.03473544979016413,0.10564497491234925,-0.032533211290529766,-0.06747145270149497,-0.01885265317786044,-0.0023482103212250863,-0.08450525511727082,-0.07324074285047505,-0.0014248229433366857,-0.01139179105799057,-0.01642946306019659,0.04069901825263544,-0.00925062390280493,0.02952647303444792,-0.07840386313002716,-0.03542912358494983,-0.03306842734457894,-0.013776882370378668,0.004099540036358487,-0.04945092016913363,-0.0013381924079254818,0.007484977527193513,0.02866014335888989,-0.028740109893129688,0.009463133852197415,-0.01069675092248854,0.003493699388513287,0.04434625791546496,0.029910171429797947,0.0202135000094425,0.03469142808721442,0.020644563797142162,0.02801359328690777,-0.013865497998298277,-0.06342541470735157,-0.031512656152192994,0.062152295170838194,0.06672875384391229,-0.027079709468398334,-0.029621153391750372,-0.021377362058470864,0.07791316831132855,0.06111748143583043,0.03973367989836387,-0.12653781670999326,0.002679546734612347,-0.05693179515597524,-0.0463978738456087,0.0057841203092208185,0.08323970588088661,0.05654478254707604,0.06926206946430968,-0.053221091444412866,0.07782453995150387,0.12660928767245222,0.09322213372767647,-0.03467273363857611,0.1946638896842065,0.09635458796025975,-0.05262186982924154,-0.008192571540469916,0.1632070663317572,0.11011393549734151,0.2816920600747448,-0.00028183391832960376,-0.07504993693470731
2026-07-02,-0.00011724494348992233,-0.06152702304318797,0.027362944555175815,0.007734929748602485,-0.05406409690950244,-0.011007463407925125,0.061259074899318824,0.06463170159522799,0.14415167675447169,0.07408408105851545,-0.032418430736062674,0.012760105467077305,-0.039835608818229576,-0.025317140169797164,-0.09629534637906086,-0.012510257918470121,0.0009425051135385169,-0.014965202433613706,0.06676597151266193,0.00451569922973444,-0.001576293689140135,-0.0007262589606532015,-0.015969579791034902,0.039317438102021436,-0.05847448657948144,0.012535476914447709,0.05212524556223337,0.048585684096026864,-0.023566306221331046,-0.031995755943466694,-0.027363771839020147,0.05032587521300792,-0.03443810240885992,0.10472650482786289,-0.032033196550001884,-0.06654235706563433,-0.01928992686154686,-0.0036628593248206782,-0.07692955956844477,-0.07162027383793601,-0.00367941376456799,-0.009058505873784406,-0.017408884062537815,0.0409059080145071,-0.0038314159897632413,0.030363863741379844,-0.07595018505685538,-0.034910583903619,-0.03518671636993065,-0.016726495544507426,0.0023410920013628624,-0.05078091609668297,0.009013046592697443,0.005857136676508886,0.025419353135348557,-0.030918493726631247,0.0100764403231377,-0.012798950524217671,0.002010481749229128,0.04098510284291416,0.028739153807997617,0.019113701019595343,0.035763027315618964,0.02019966694993591,0.02790484972840645,-0.018018157131282707,-0.06164086286523213,-0.030575161486281775,0.06174308385508652,0.06975988140965896,-0.027402512249699085,-0.03292886640942895,-0.02201927392142166,0.07566994842510132,0.057479392815288,0.04077687363852941,-0.1242225913846461,0.00881631449893855,-0.058121092535019195,-0.047885575728870984,0.008039487237139467,0.08388822026230272,0.056260806475495785,0.07330669334012735,-0.055885781368499796,0.07765148193639873,0.1292932264543907,0.09233075587224714,-0.03141939103661873,0.19881872499184325,0.09549679661792866,-0.05330788989097508,-0.010497783542638863,0.156913382308068,0.10630387933356802,0.28601726184535087,0.0007514372075766093,-0.07241334320918023
2026-07-06,-0.0012101683806528887,-0.056397882044823794,0.021994680225570162,0.00764783644896783,-0.0511442099433038,-0.008882020056526567,0.06089488317927515,0.06179469327618577,0.12891775488963636,0.06973373865834732,-0.03375479724107898,0.011745527671930022,-0.03527542328032097,-0.02044512804945591,-0.08311163576683735,-0.008068083032409494,-0.0027319103891621684,-0.01627888883216417,0.05466596426287545,0.003210171915223858,-0.004596385481417355,0.0012817042947481875,-0.017566907142958527,0.03401120953563828,-0.050206414605913206,0.00933470950053633,0.04617921218173012,0.040236974784075716,-0.024748661772322822,-0.028697212921687205,-0.028129844285273785,0.042526067530668524,-0.03350302607982811,0.09976189267361596,-0.029863766895939593,-0.05606430520564443,-0.018362853132495034,-0.00767204052932848,-0.0737864317862061,-0.06577687094054865,-0.0017604613737031444,-0.009218791256200355,-0.020387104519765435,0.040394186251503116,0.003382683724430538,0.02057816557017837,-0.07049103565500073,-0.026727670226470476,-0.03303303279588131,-0.01245713425683557,0.003250764737626452,-0.045595111840843,0.007754534344179417,0.010441914674121368,0.01878908760165344,-0.029030351985345523,0.005218481435098553,-0.010046513819054912,0.0007935513785400153,0.0342642938045395,0.02859854083163116,0.019559426684730145,0.024673127605323773,0.015887023565309473,0.028283882894456124,-0.013473439073109576,-0.056831273140902985,-0.03422516388969375,0.05460273143604126,0.06897178266572133,-0.02640128352184741,-0.02573025709292987,-0.01283038689777047,0.06311150509260499,0.05396660808052763,0.044421818142866255,-0.10660435848212715,0.015234342076703995,-0.0523928613062377,-0.03931426197548405,0.0198649199700646,0.07401272016451736,0.041326405326457004,0.06252405748338961,-0.03158632679610244,0.08337608413387879,0.12082114919263118,0.08366059339000545,-0.025990022946307458,0.1797356089757019,0.09586481815075888,-0.03493225313935274,0.002665633689567525,0.15283171552617733,0.11083217486437641,0.2588509276017457,0.0024131650036401577,-0.06956148331245841
2026-07-07,0.0005294222218438956,-0.054951082441268256,0.023711563871901417,0.007510803775820652,-0.05128325100604268,-0.004645496805702606,0.06157754339181002,0.05840417114328077,0.12756879771144725,0.06865548347788576,-0.03308260330170674,0.006464854991234642,-0.033070029561096496,-0.021959611839619614,-0.08289197698087279,-0.0073279756489454,-0.0005820063934210782,-0.013210187104769082,0.05528946798893164,0.005871319174199365,-0.003688005889847754,0.000767212052424077,-0.018773715118691636,0.03484663442820483,-0.04513260806708718,0.009271083667212814,0.040350238536958315,0.037068232856562425,-0.018738899894465574,-0.029366024359742303,-0.03125571847634462,0.04595272574938539,-0.03330306871303012,0.09379861357002311,-0.034997615737952965,-0.056230110375298875,-0.02001874616489844,-0.004832243180653012,-0.0774308429953664,-0.06722475336338005,-0.008152284897372209,-0.020796287354710084,-0.020947920727204666,0.03743015586412779,-0.004982241340007736,0.02367781171120638,-0.0660801908910994,-0.02357821234408896,-0.023879665739087577,-0.012179316106889123,0.007287690553897506,-0.04238783486345473,0.009478478201713611,0.01599055321142344,0.02075059539621966,-0.02862662061699333,0.004434106434129773,-0.01442046138757711,0.0042193230145991046,0.03160713246394301,0.031231035134716534,0.020831342963009744,0.01992155904161342,0.01069603254688213,0.03171623022476195,-0.017411958776979493,-0.05170215171330411,-0.0430024086528464,0.04465914554583569,0.06641327294737458,-0.023895682236933842,-0.030863172961935983,-0.007858683452506348,0.06947355857750968,0.058399905729750776,0.04242851459046707,-0.09874026420620154,0.016313222833180607,-0.05178703949023776,-0.037422119900792625,0.02348123409026646,0.07299030042676768,0.04144252687618023,0.05779586783548546,-0.026097164676467492,0.0910322646528149,0.12218258792776662,0.07325218513000557,-0.011900798891325686,0.17669331801292898,0.09459902416977391,-0.03752404339175794,-0.005100594902449313,0.14650386350809017,0.1201155872421681,0.25785012479366914,0.0010461331349216323,-0.07024916045390109
2026-07-08,-0.00034751796302392307,-0.053395246718580036,0.02031536940809451,0.00728943528024799,-0.04551285170782112,-0.0011630457439585802,0.0566847989308047,0.05575074378910334,0.11203914697101529,0.06455529100264568,-0.03497103636461061,0.003051869733194032,-0.028916026020019393,-0.018475340824316157,-0.07541833689064462,-0.004837331315065441,-0.0017952277531439985,-0.011711627549344282,0.04440938436275911,0.008575899588509614,-0.00416269938958559,0.0004187292981316839,-0.013736022164176293,0.03350846189923014,-0.042512352340844474,0.006088000955827582,0.03268188700336718,0.031159443456098446,-0.01774636216361196,-0.02705836290946413,-0.03224594153544968,0.03334787733170027,-0.029681372674600713,0.08647738080458271,-0.03592456908648897,-0.04808303575582201,-0.020847785825605612,-0.00440613261163169,-0.06733991195991555,-0.059500924789591556,-0.009803895930557872,-0.016496757839866184,-0.014068139054402662,0.033538273115058914,0.0007324873722000351,0.019832199798068852,-0.06121525842864485,-0.013013097173676895,-0.02248139436017428,-0.007804207127731092,0.005843595511973352,-0.03765744618164476,0.005222613129769173,0.010762618319429587,0.013557570152546133,-0.027002842591589783,0.0019244119323425235,-0.016256248443193233,0.0013143080443991356,0.0319504263943485,0.03154106057836104,0.01799319704473586,0.0163795927223352,0.012146613171968055,0.028726599393734502,-0.014934652134402844,-0.04556344609021994,-0.041619115998370565,0.03497279121371794,0.07055102643614027,-0.02016148162208367,-0.02329846624904073,-0.00045338518859181116,0.05950119826640721,0.054741614507633395,0.040008118477477185,-0.08482699385295209,0.02069524148173625,-0.043110945348818465,-0.03403286395812541,0.033869384745260495,0.06570524458632705,0.03695797632945205,0.05022124828311028,-0.010103358182268625,0.09217085306952191,0.11146369715161683,0.06898216147943896,-0.007697095564767055,0.1601010975302794,0.0942853487362469,-0.019785599292204165,0.0025707889722173145,0.14323758093895966,0.12224846198638466,0.2290069139785413,0.004863334306450004,-0.07279761630285891
2026-07-09,0.0021491324996890347,-0.05429744369797204,0.020204170841550434,0.007153335201093797,-0.046148219762459725,0.0010919878525495821,0.05306686090173177,0.05715424445374232,0.10751890074187734,0.06467033298579163,-0.03548606320201067,0.004050591580913174,-0.02856238002301529,-0.020262068699442498,-0.07231723239093327,-0.0007237700879180239,-0.006866471883333109,-0.01291536542423337,0.04589480562139887,0.011040981303448685,-0.004207574009870242,0.002379932514680664,-0.011305914910007901,0.03349957178592128,-0.04026577175437388,0.008369277810352644,0.031279094929227765,0.029844245037637586,-0.017996350992502727,-0.02791473974248585,-0.03123124052835996,0.034078879724610774,-0.029376204065008377,0.08895580253876471,-0.033954021186536426,-0.046789427563077725,-0.021794089161536113,-0.0015811985559667317,-0.0683630994191111,-0.061542114083120145,-0.015421088359766378,-0.01659265126946082,-0.013685635588493885,0.032498436811443314,0.0015510698398915317,0.021630527970551535,-0.0614961319162621,-0.013145584501566795,-0.025018913793736282,-0.005903240000461619,0.003543706862351963,-0.03771627957576525,0.005862602304873504,0.009479285510119475,0.011843470653966941,-0.027743370796654197,0.0047503646824855646,-0.015199401478938194,0.0035853498428527718,0.034709242645733496,0.03192935396453451,0.020726708120445945,0.016639932650889987,0.014058897361503446,0.02464921775200569,-0.015232683344364931,-0.0459936429471617,-0.041779565654320366,0.03532809955767747,0.07076225462166635,-0.020450756569169837,-0.025306840759329853,-0.0035119217303604938,0.05608477403932431,0.059862345781828356,0.03655949338535206,-0.08441764406367129,0.017527788436182273,-0.0404669847609327,-0.035450797640278205,0.03259025561715059,0.06545159526062393,0.03971419722817883,0.048292675896316285,-0.010636990382364582,0.09439842635734841,0.1113695904875822,0.06695745761128771,-0.009328946545669478,0.16179821419742982,0.09376881550058733,-0.020271019437843783,0.0017336961208729122,0.14712979143987936,0.12452818486778429,0.22487818814689303,0.006391144991409694,-0.07631645258415906
2026-07-10,-0.0036026614251500645,-0.057840001939654564,0.022115035284403325,0.006265774793268705,-0.052418048256484606,0.002338472307056711,0.057607736211434536,0.06875666639431371,0.12639539003873285,0.07094293487379343,-0.033563246009901196,0.00299489794583437,-0.03366512918144621,-0.025539087520883866,-0.07937306203475107,-0.0052796888458687945,-0.0012786089769810608,-0.007822212606658373,0.05451243722399634,0.011797520788355786,-0.0026174917914276816,0.00525725162066385,-0.011591173050748535,0.030929472271952786,-0.04996646209930084,0.01649816994376349,0.028948922506824258,0.03908908199320776,-0.017481573991279406,-0.02861990492443204,-0.027520958070287524,0.04734582072145219,-0.04197430516970913,0.09901980589130865,-0.027475766693950777,-0.046820641204649266,-0.02359099539820589,-0.004437806018836863,-0.07705526972636462,-0.07126249229687458,-0.013150341056381016,-0.026406022081951787,-0.014022989120544909,0.03572253474348154,-0.008191843043744993,0.025297631293568892,-0.07043111732463382,-0.029406639838588128,-0.03465051795825228,-0.0037881650773748006,0.004769489773377236,-0.03606191889102826,0.0161301718065152,0.009282114686799249,0.013480611034757962,-0.027714081478050732,-0.0005092655992783024,-0.013272167120306494,0.0043365463595191975,0.03926343689487243,0.03416004518411395,0.02387016688146813,0.021614658482660573,0.008981373070638,0.020520853387699028,-0.013562352363743905,-0.04598592178651688,-0.041899524393888284,0.051888400295897155,0.06440394169581447,-0.026531746976488038,-0.04372035334668399,-0.0059186690079367655,0.06365517189490996,0.06352325016599938,0.04077871587996371,-0.0951344105986526,0.008097255048490255,-0.04685686397015776,-0.04362799165525552,0.024241358056916122,0.07238108707521265,0.03994135872406064,0.05644025032426709,-0.018844936785418265,0.10113486949978923,0.12793780670718843,0.06768203907214407,-0.02112271847700447,0.1795361756849069,0.09253051768803487,-0.04251226178943109,-0.006832952967933662,0.15286957084552738,0.13173451620540996,0.2518443133583436,-0.000605924443607896,-0.07730733824600876
2026-07-13,-0.0035089496412926136,-0.05825784009614943,0.02216026805940465,0.006323165225901278,-0.052863435277510945,0.00203187619399694,0.058284340947720094,0.06824742093817972,0.12517914481126746,0.07106332803811807,-0.032996534844641046,0.004358010498833163,-0.033320620328475235,-0.02530098493374844,-0.07832556382563463,-0.005097820799776475,-0.0018599681101810102,-0.007423252349262296,0.05430137630336645,0.010842728018329344,-0.0025559391557643633,0.0057676890169732885,-0.011044386366946891,0.031039231086048245,-0.04894021682635899,0.017203422559910815,0.028945260465775592,0.03923868299025616,-0.018830981755173407,-0.02907833671645125,-0.027118327842080778,0.047037368788399564,-0.04187408559888256,0.09860050648666514,-0.024612173212543838,-0.04793658735837597,-0.025349950343501668,-0.004477821073552782,-0.07916250807439591,-0.07067085449391065,-0.01496220144507464,-0.025090600803258083,-0.014701973511212827,0.03556597210991672,-0.008076543532700911,0.02588619572366469,-0.07096298594479843,-0.02812006738052663,-0.03501406871883342,-0.0039024350676573755,0.005470180644844174,-0.03557353941995406,0.015745730387964636,0.009596076647684209,0.012917802482995684,-0.028595877986514626,-0.00011417813508198156,-0.01411137429628232,0.005197106424177018,0.03932777466505897,0.03489388047036387,0.023010975321959594,0.021378408400196287,0.008805696464298835,0.020344040279759265,-0.01282537225778878,-0.0471362137374936,-0.04059019831487802,0.05117918437855151,0.0646438733540357,-0.02734092710820841,-0.04416854372428314,-0.0059212998231159015,0.06360476514935638,0.06475398496569489,0.03916188572572381,-0.09367783346953605,0.007665244463571652,-0.04622727962181084,-0.043907608157718596,0.0239770922089944,0.07262338147699669,0.04042459448958472,0.05554221937264771,-0.018481725180538748,0.10033326521063847,0.12669136892413604,0.07045445268769998,-0.02064813705967397,0.1803644786334298,0.09322549747534363,-0.043480260631161144,-0.008561144169247885,0.15321505994434018,0.13306811881542477,0.25174882360411466,-0.0014238255285179014,-0.0772175972818357
2026-07-14,-0.003478108863108627,-0.05808434201930571,0.022492628841732372,0.006498582858529439,-0.05252838855495713,0.002833473734247285,0.05923994106814396,0.06836613306391132,0.12437790466191469,0.06966773738313484,-0.03324077821838004,0.005516101959450158,-0.03328919519981384,-0.024377653300029563,-0.07787069032812212,-0.004242457054162365,-0.0037124828064956823,-0.007322986859488121,0.054146170243288515,0.010328714977842086,-0.0024116480001260578,0.007648403228900492,-0.01047689663379441,0.02964167314334268,-0.04990456494568426,0.017205251030586087,0.02971979554987543,0.038901625608528764,-0.020048165940433564,-0.02977208916079941,-0.027229436149944268,0.0456105913819746,-0.0425275542990549,0.09779615551340333,-0.023986093988506513,-0.05072485390411333,-0.025585684961884347,-0.004056210426247911,-0.07821430751073032,-0.07078741154697453,-0.016407141988719842,-0.025159316996483987,-0.014427676177065944,0.03796293405489629,-0.009710009660072497,0.026558242541301007,-0.07118327049510796,-0.027600895986835627,-0.03360350398614302,-0.004760329727989959,0.006655321673005529,-0.036322685744056823,0.016545364363739698,0.010349459592421097,0.012390469297505683,-0.029637717537610866,0.0021701670211679014,-0.014601042814034593,0.0038376111947805453,0.038772632285285734,0.03504591899314162,0.02412350624534136,0.021900918370592236,0.010003705075461533,0.020639509490745042,-0.014060376214040103,-0.04603486118441073,-0.040768320076312294,0.052355031753181194,0.06547851544859756,-0.027870027041720133,-0.04442295137422871,-0.005628622933758978,0.06307527904214712,0.06327967854376124,0.039557241564399714,-0.09344311261995511,0.009316002681718945,-0.046373764167925505,-0.04381940741540884,0.02454528879380629,0.07290514554358152,0.039901255162671956,0.0561504564884789,-0.018926150848201755,0.0997503613148575,0.12548264856714963,0.069552077567393,-0.019720585924569628,0.18078270354266568,0.0938445922735157,-0.04358451492835213,-0.008567234062415023,0.15304054761728753,0.13128986890871977,0.25159671381716187,-0.0010270855589074573,-0.07731744694280199
2026-07-15,-0.004524621881334815,-0.054883564957552436,0.01927656004967888,0.007597676998404414,-0.0470629963489394,0.0065837440714248616,0.04506798808923305,0.06917530865721945,0.12422982971234729,0.06701588166044453,-0.032149776557747096,0.007890405360194499,-0.03235228615090526,-0.021344594503988103,-0.0732671728111898,0.002282168550947601,-0.010765771133064114,-0.005699440112619076,0.057672076911123075,0.009361164163692528,0.0005724281615380692,0.00964712780266112,-0.010134346427399936,0.03480969362341203,-0.057034916283610515,0.014308536164285452,0.03409654926348031,0.040329636546526146,-0.015952589730545662,-0.025842813873572942,-0.019448806248871332,0.03927463397451499,-0.04142939141746251,0.09382786970241251,-0.028001502012808287,-0.04589081565478367,-0.031405786394949044,-0.019124467187864695,-0.07457420257462669,-0.07355648515353257,-0.01770549680242428,-0.033027141701848256,-0.013627018686869103,0.03024158063176715,-0.012641893098643732,0.031116073106178026,-0.06804501686650397,-0.026304969289840503,-0.03951825959062226,-0.004524342448142276,-0.0024627113034320653,-0.03775535543512157,0.011806817177895942,0.012041681874993885,0.009851879895433126,-0.03203516916931886,0.005536797871917692,-0.018333437910449397,0.010234543566678113,0.02781520824755506,0.04113096510346793,0.025584849054096886,0.025332947309999333,0.010654076891718397,0.016047532221408853,-0.0106664462455882,-0.042189792710359185,-0.045162816866739876,0.051129944644652044,0.06679408373183267,-0.031015083057010173,-0.04467627287155262,-0.0060677629325094195,0.06587952741745462,0.0642852582737144,0.04643269495557439,-0.09273021869617241,0.01833571140920491,-0.047815608950709666,-0.04652932774720786,0.025443514198812578,0.07779324957248077,0.04214224681256502,0.05696539497328473,-0.014694265260539881,0.0986280254858593,0.13436839168609926,0.06300950980163941,-0.02289169262464407,0.17788726692475737,0.1047918628297059,-0.03946549812085565,-0.012825045551432919,0.13337207229940126,0.13340809199159678,0.2536976220610524,-0.012119788511984192,-0.05550192161844872
2026-07-16,-0.0021861867007061282,-0.051723942552283915,0.01564196122545637,0.007312965134765666,-0.04083946938588296,0.008531076679149008,0.042476753697289545,0.0649280869008817,0.1070265333181966,0.06629813855150342,-0.03391376405708938,0.004336516059052395,-0.02977821792385737,-0.019338994522446466,-0.06693446612482094,-0.00027943312449413803,-0.01124034300423392,-0.006713258631615095,0.04482759952944638,0.007705321093667417,-0.0013195166401462916,0.007448620883995406,-0.007209729409022534,0.03547442500681946,-0.046669966170659036,0.007334592912306079,0.03652733729338278,0.03205962773383612,-0.016028062151923192,-0.023127890934894632,-0.020858353964382632,0.026445270884619475,-0.032131138759635844,0.0913586256956722,-0.03148135422821821,-0.03673937312796523,-0.026477208386248133,-0.020519398317590927,-0.06024771253006864,-0.06522074034733895,-0.02217528181108193,-0.03223286847301516,-0.014472595240201424,0.03145211918177508,-0.005838809482513139,0.017761785935021156,-0.06330871648304204,-0.009021667921566638,-0.033473706899191796,-0.003271440091934379,-0.0047263616058339335,-0.035650433606083505,0.011518435636845271,0.00963297384109889,0.011241790039049479,-0.02978240319662167,0.0019679748361000077,-0.019354250499980907,0.004073353698009487,0.028102618752068896,0.04335288817547684,0.024610659194508375,0.020078021607256503,0.009373793645509597,0.019490471598661015,-0.011183578278620704,-0.03936664058224013,-0.0460998550674598,0.04238349565172569,0.07137165159134656,-0.03160585526121328,-0.025046976054988172,-0.002121764879098849,0.056353136274427576,0.0548340385081221,0.04768691560374587,-0.08196760355074484,0.027232589207305556,-0.042760457614470095,-0.0366788284763844,0.03266045911669412,0.06874152065709012,0.036514560479559685,0.05162204737362607,3.516782298348259e-05,0.09113714044551209,0.11731327362764052,0.05890143928923754,-0.018526703074040918,0.16184344216264843,0.09576487540785314,-0.020159647127197214,0.0012927470867629687,0.1325960589758222,0.12418179172885253,0.23072394526998188,-0.006583944440419936,-0.05519172430888926
2026-07-17,0.0019276551899825804,-0.057765200127214436,0.01326344239545206,0.007507346554350532,-0.04201758635219221,0.006459585543433078,0.04258476043800446,0.06717539659288448,0.10664299070099885,0.0665802588297377,-0.03254195006829381,0.005825886066200778,-0.032718428292938175,-0.023146186771425346,-0.06412407268254317,0.0010114353712170863,-0.014469249300717078,-0.004509246442752433,0.04650156785099696,0.007514725514708553,0.0007990374108146833,0.0070249125774276095,-0.007449569988207014,0.045160171523305336,-0.05088373440627829,0.006653851623697889,0.03551926281668845,0.03400060203425454,-0.012558932045280405,-0.021679116283546317,-0.01651196563955948,0.02534784222977767,-0.03527125853790057,0.08934295848114548,-0.0330809383423226,-0.02877744897193963,-0.018560403740740458,-0.02199142347285033,-0.05643360731902225,-0.0674381421443222,-0.021903586657717557,-0.033654024167829096,-0.013441076346581418,0.02770381144922659,-0.008138486112504858,0.014508744064213652,-0.06834302358170037,-0.01021315890743803,-0.029157195099793518,-0.003440873744690584,-0.0044408799144482446,-0.036100173081446085,0.008999639455231188,0.009254176634841236,0.004541406694298809,-0.026670029925353625,0.0012688415216594324,-0.01599531597409439,0.004743574008918138,0.030612936805298342,0.043213560829618455,0.023472271253004155,0.017499528430014365,0.0125128184544477,0.018575201199084117,-0.012831349780049904,-0.03724789407804401,-0.04063415239509876,0.047734951799687134,0.06912687257737278,-0.03235802461737234,-0.02503927832000198,0.004283901768805169,0.05499907505913602,0.05328282997045725,0.04413162451485106,-0.08604566068832602,0.03490595955813211,-0.042301862441569235,-0.035838719633826566,0.03209608409072464,0.06741922772839425,0.0369047747383467,0.049755199976569325,-0.0015904409743635103,0.09410074451521025,0.1121154012770983,0.06420656706886076,-0.022255058496975157,0.1576295832335467,0.09244331900774783,-0.01624901432872289,0.00012776712232106906,0.13268922157616372,0.11805985664061686,0.2278735624801829,0.0020665537687343076,-0.06388553881989974
2026-07-20,0.001607461897416347,-0.058499454492939,0.01612147547108866,0.007324077099593691,-0.04369522657806843,0.008402553004826556,0.04192233123212509,0.06672937587201008,0.10978724996698554,0.06447893796138045,-0.03148622426290309,0.003143808080867963,-0.033341985523598974,-0.02280085195193489,-0.06688057642959365,0.003185694311571941,-0.008833304648726755,-0.0072313109342873865,0.04603902864853846,0.004369336567469696,0.00250705495096926,0.00641376553556123,-0.00840192054364588,0.04099421818701632,-0.04690642581635047,0.004029291796365464,0.035006218855482135,0.031188885950758735,-0.012131855933785815,-0.022747009313437122,-0.014825290657521193,0.02521173927051289,-0.03568435554212677,0.09233334855625036,-0.03198687560496633,-0.02820837302644056,-0.019499799689856774,-0.01927772852334686,-0.05738948985264071,-0.06776053755858293,-0.022043227281962938,-0.03047419225910225,-0.015876468911856033,0.03131106756109998,-0.009871220922621727,0.012819646815641694,-0.06891714273280522,-0.007732813398568182,-0.02990791741282383,-0.000953181934791672,-0.002145195679983815,-0.03534833763774259,0.007859204111594848,0.013182733931521482,0.0016744534313880618,-0.02734240478809947,-0.0011802160353300058,-0.018154337058412365,0.005124216937156299,0.032519729271197555,0.045253065163300764,0.025663724851132358,0.022955271110353934,0.013552543223126191,0.021117968296216403,-0.01524857835648452,-0.03687644887430153,-0.0391418376737493,0.04959495672481496,0.0685616129523596,-0.03209667903056538,-0.027238231295038426,0.004769764954122338,0.056972442452468935,0.054592134626057574,0.04301869894656839,-0.08941439924417362,0.03167315515598382,-0.04073022984387148,-0.036276378300061564,0.030982660922164354,0.06682755778528948,0.028423387134151296,0.048496065297153494,-0.0014884807368908994,0.0974668468386931,0.11108404965309732,0.07023068424969713,-0.021256683451859437,0.15131046321157046,0.09261381285483716,-0.013153027071141585,-0.0022673347743236982,0.13028670206962337,0.12143257273923892,0.2269463691001056,0.0026634194177517986,-0.06905327341495425
2026-07-21,-0.0015833778605910485,-0.06236472238474594,0.017345080988215508,0.007371846859130338,-0.046567577896757355,0.008502280195135312,0.042919795897734044,0.07315814728137934,0.12630475730305749,0.0663017118850209,-0.030459129871380206,0.0018317022843349733,-0.03866884740398609,-0.027223327686131685,-0.07809739404718902,0.001502911140269219,-0.008251547315842074,-0.0024886248962157093,0.057535608714036846,0.0036593133713395606,0.0027816778941970243,0.007828509725272999,-0.01306775395945736,0.04077617807322548,-0.05880284610963611,0.007702865183761013,0.037360039537298224,0.039930015113844655,-0.009310996950213346,-0.021861757476380805,-0.01236614830409828,0.036472588474571604,-0.04420632018900666,0.10811229018487001,-0.025633646849441444,-0.02798890747830199,-0.02180609872488312,-0.02488270118574914,-0.0633984606180139,-0.07734740986668404,-0.019930724634545115,-0.030414617567021927,-0.012590571260492114,0.036280338292121704,-0.02800704553764423,0.01565897969023387,-0.07322803367026233,-0.01690766256258954,-0.040119322491802945,-0.0025939982661634595,-0.0035418919667467245,-0.035688115528280474,0.007202006267790229,0.01500227577239871,0.0029057746106234544,-0.03137006401329892,-0.0010593174502389075,-0.019957239482752548,0.011670296171703249,0.03483188947441144,0.04953326111239945,0.028684132692039274,0.0338924921341173,0.01476497428271037,0.01913009288765044,-0.01723534278554638,-0.04204984901444418,-0.0377310170836181,0.06173062732753831,0.064406060891496,-0.03305624893598595,-0.042201477023576635,0.00271499095610682,0.06214860300035573,0.058142893743028855,0.04625973957696341,-0.10316654350610095,0.025879021442913895,-0.0490017759933492,-0.03848355150650634,0.024070306077285292,0.07536821955514923,0.030350344425464276,0.05385928870700864,-0.009875118650126911,0.10125203031675266,0.11981415714186637,0.0747912110786531,-0.031464663716598715,0.16502509374481694,0.09620135701240796,-0.03266797381676292,-0.008452837734191443,0.12950175694154767,0.12112437448825517,0.25981279584645656,-0.004838686765113226,-0.06739541773049532
2026-07-22,-0.0014398226705426235,-0.06468477605555688,0.01862524616339919,0.008187085715746417,-0.046001012090408466,0.010804561843273022,0.04290882428477628,0.07397679455493816,0.13183420415315128,0.06233779276402051,-0.03226971385020444,0.0001825040697414175,-0.037892178547948206,-0.029317512404926277,-0.08184773120663556,0.004051552394185737,-0.009144220325490051,-0.0021999543080909144,0.056340858050349364,0.003977787087232468,0.0019943427181213207,0.0053177241278548485,-0.012408942326675306,0.04175173565699178,-0.05716896330478333,0.007953985558121095,0.039251851324695324,0.04008328421689275,-0.006736939543338533,-0.02200263103388172,-0.012126979384835831,0.033593696630727754,-0.05007801690890846,0.11230030879799324,-0.02583597585635628,-0.029119361711287546,-0.022412413900854425,-0.02760069239864127,-0.06362207823150068,-0.07953925653359085,-0.020604742903383537,-0.025584173365434032,-0.011076079529833442,0.03522110595429018,-0.03193558558900574,0.01218295526768823,-0.07208384271807405,-0.018952346072813944,-0.04054275537620296,0.001416126683543257,-0.00336207056366088,-0.03331181268371005,0.007902097524767972,0.014987056975285266,0.004305117723739061,-0.032003404266682564,-0.00805197046224902,-0.022388956178846967,0.01187323746690917,0.03616183861790965,0.04869099190735654,0.028697117414842495,0.03847297468975995,0.010525625833641276,0.021541568505650338,-0.01246647240432376,-0.050622936683900645,-0.031125134374520275,0.06261670925996801,0.06226808760403213,-0.033459122080505284,-0.04676516794397046,0.003521335499491446,0.06173961702067164,0.06001380421234074,0.05418691542930165,-0.0971176106971444,0.031462319934382636,-0.04882844770692622,-0.034479850768008996,0.02625956063361052,0.07909601128696367,0.02978797137651973,0.05133175486293842,-0.0010310490581404968,0.1038998770827071,0.12167186842147307,0.07314134282875495,-0.03470040726380327,0.1633998250107726,0.09653781859756182,-0.03460646762929849,-0.005136219065332313,0.1250738923887101,0.11619600564761928,0.25842121257785516,-0.012111399739092194,-0.0722806866339483
2026-07-23,0.002113965418571775,-0.0654646883497556,0.016806925869102114,0.008378966945865745,-0.045544052038449974,0.007134478125426299,0.04129521145155672,0.07271036803315906,0.13146756949084237,0.06332502445789381,-0.032295593071043835,0.0025166645413081693,-0.03666774964892439,-0.02785246601235214,-0.08220437632021396,0.00576570776757904,-0.007844911666405262,-0.005691859755175761,0.05705055241980974,0.002528095205023873,0.0016335116052265328,0.006705090720866114,-0.011093158564766338,0.041839652455345,-0.059195183806560234,0.007608200686571831,0.04034215500308534,0.03907225022299251,-0.004382572005838388,-0.023514460729392686,-0.011896113873093883,0.03593400751048114,-0.04551313932016221,0.11250029533868078,-0.027279216742068332,-0.026209622249472243,-0.023222697616380586,-0.026654990618469987,-0.06209776210816541,-0.07969077725925965,-0.017931287524611032,-0.022372188096167492,-0.012782481065436275,0.03279524583166888,-0.03578434394419538,0.011705242713034074,-0.07111866222500383,-0.019408075723340218,-0.04053456100656615,0.00019506932104970676,-0.004341551537613302,-0.03167269424035337,0.008575261126114534,0.0158168802338449,0.0048403700297179955,-0.0315857280088116,0.000122995408511151,-0.023094062505148644,0.013287001041219326,0.0332200020205199,0.047415591473118204,0.030524939480452255,0.037217785228244205,0.008970774354809672,0.02084689273201849,-0.017211181062758145,-0.05451268126724368,-0.03350309145857746,0.06393595432648463,0.06368258621295794,-0.031050896024291848,-0.049182166578817695,0.0037611150209717163,0.06085632597801902,0.05772368472035342,0.05320951505082475,-0.09834551234347866,0.030720335866792257,-0.048416446073557974,-0.03331173999840302,0.023636673017196685,0.07884016783429577,0.03021319204653987,0.05031727992111577,0.0012015418601560284,0.10694071024194877,0.12547915006768787,0.06546111911664305,-0.033262318270856184,0.16552712322616664,0.09683634719881354,-0.035877059914567404,-0.01193011819929604,0.1250234444425109,0.11738108787958072,0.26068323059817294,-0.013070192779816,-0.06907889728608152
2026-07-24,0.0007358344309325339,-0.0631204374001029,0.017472055793399,0.008662560778964351,-0.03949731730763842,0.008420698600292263,0.03922403479746325,0.07367125426856294,0.1305639130875825,0.06384208486190122,-0.03370569646621806,0.00031739892602950306,-0.03725377669323311,-0.02306487525434199,-0.08121144335736509,-0.010766916157151933,0.0005685710962234133,-0.003639652853698435,0.05579838398717798,0.008099282571335204,0.0019431076356815381,0.007529549636944506,-0.011203454072977312,0.04112992690668044,-0.058122310353247164,0.006424766196886159,0.04070147308211129,0.04042632417760106,-0.0023397827358828446,-0.019160430885145498,-0.008572405202304767,0.036021808907814645,-0.049314686905678556,0.11103707860679476,-0.024061416997146368,-0.032425839202342405,-0.0204168221589549,-0.031999299911512354,-0.06915310078189327,-0.07955802464362291,-0.02131940437623568,-0.023388697182626504,-0.015985383085809775,0.02871595826922646,-0.038525600768197034,0.016038339622509744,-0.07454791906269945,-0.017943501376407364,-0.044240844591065524,0.0018303803464646447,-0.004937708994762322,-0.03049834185882172,0.012150638438013475,0.011294025642723986,0.007908122352292064,-0.03154074698955766,-0.005678429512349847,-0.02454521112455487,0.01665571262691437,0.03808453796992135,0.059875273695343706,0.0271718219339792,0.03299208771128259,0.004822355023345227,0.023213448304885143,-0.017481769761198022,-0.05195745420146821,-0.029586309754253172,0.06224242732876519,0.06277774922157164,-0.03468399307734294,-0.04139267640620309,0.00375341152372428,0.06119163174096751,0.059872944930451734,0.051388168234006916,-0.09408846255553197,0.03467840502085935,-0.0520858216383453,-0.03206186718721501,0.02354329914100714,0.08224576977490565,0.03892436014444512,0.053925151978637315,-0.0029012144972689856,0.11372021116420802,0.11432961439379058,0.07423196391684825,-0.03655387071465997,0.15433933991974,0.09543366737668735,-0.0329422401265373,-0.016408614046475742,0.124419018581389,0.11240847112997547,0.25902092806453947,-0.008925715473356828,-0.07297985617039793
2026-07-27,0.0015356382310997372,-0.06076392768830047,0.017592339739129007,0.008973097996400876,-0.03601301677138377,0.009751412016535874,0.037509539102484106,0.06496091114895595,0.1154140634512448,0.06202846519366668,-0.03603439960065384,0.0030350417264218364,-0.03079407011903535,-0.016621983841151766,-0.07313165540802388,-0.0044868275171245295,-0.0026180936317070514,-0.0012923357113040455,0.044703078923145304,0.009932140576467635,-0.00203166337076687,0.0052427552877491864,-0.00597743076963291,0.03526042342026978,-0.04327692960673726,0.0007274386706488719,0.03697801937513406,0.03144260683235002,-0.0037282568446132397,-0.020583102696534655,-0.013321780765102828,0.025310654421159352,-0.043496738372215064,0.0964243955586287,-0.028753852867049567,-0.029905008190763818,-0.01663274552250056,-0.02717452587396297,-0.06292512836460826,-0.06968637568588518,-0.020615700698026283,-0.019226014335829995,-0.015626452670794252,0.02596580089358378,-0.026039427788142486,0.0110177934222627,-0.06992157298500933,-0.012224113576083493,-0.03958757828790252,0.005348789621905525,-0.008191198580956223,-0.028100551684919692,0.008088015885334868,0.00630731399312906,0.00726115485310614,-0.03010243320171547,-0.004014897911138649,-0.027881615345083086,0.009685170845462698,0.03997153063501427,0.0593940279576887,0.025331097437261724,0.030114291858970813,0.007710694887153951,0.02552207014977742,-0.016525665286438215,-0.04532349294331944,-0.03416834264361206,0.04802579192553671,0.06605581815277695,-0.026764342222256834,-0.02779549003574442,0.009702448783312145,0.0539509716683047,0.05444083195264894,0.04659380284093735,-0.08252275177261674,0.03927961432876273,-0.043816864311822086,-0.024329569937326996,0.03204997005546447,0.07153902176546802,0.03467624955282982,0.051257922282204514,0.007518693153998746,0.10688026776657929,0.10499752753211693,0.06391133692715421,-0.02530875150773715,0.137820726119465,0.08971514121964833,-0.013759178746153471,-0.009526602826274948,0.12720393902888494,0.1137060086011389,0.23016027573385278,-0.0038377856129149027,-0.07356588937235246
2026-07-28,0.0010984025296928244,-0.06351993327512669,0.019039702210501615,0.008858985192555494,-0.03906202040417137,0.007766684217487468,0.038632426357071176,0.07137123354130792,0.13229840248201927,0.06332200778063538,-0.033979764775300465,0.0032985913738036573,-0.03499589281633049,-0.023184940120745866,-0.08269879091208397,-0.008441115663361325,0.00029391651318413405,-0.00027962635834965534,0.05580682395127452,0.007987658553752337,0.0015407806369224612,0.006264370043467232,-0.008386871577574942,0.039131412482151684,-0.052020371561586634,0.004469376075204658,0.039074810575067696,0.03981916101179412,0.003631095656222113,-0.018952927196780503,-0.00979160688587073,0.03397915822245936,-0.04944371048270707,0.10989106794246455,-0.029331779653808558,-0.027667063279547058,-0.014675751611977142,-0.03514835073507979,-0.07203552128736496,-0.08391873308879196,-0.02291116050062919,-0.0253356380598972,-0.01601405841826483,0.02852035896068627,-0.037342839488030626,0.014221574586202046,-0.07435161072055323,-0.02037394768156013,-0.048132599276597375,0.003766308472770834,-0.007047097338759608,-0.026975120037326425,0.010857644401576152,0.010231749322093739,0.0058367934375328735,-0.0367399976008747,-0.006684852468112753,-0.02642157177648588,0.011604886831572177,0.04128643351245311,0.0610967343888705,0.02785868585825238,0.039275111995035604,0.0024926348014110743,0.02510937335588124,-0.018018267592462667,-0.0539910262575279,-0.03251246814466409,0.058417276589470685,0.06352776923460969,-0.02764252891170714,-0.03600182764224432,0.010313907073253149,0.058819971840551676,0.057943948813953906,0.0462942989892684,-0.09615991401437317,0.036991203918616794,-0.052975853900023157,-0.026777294429255187,0.02708868446044812,0.08077682004584805,0.03764846658298023,0.05824990114120488,0.0010323224031077473,0.11211519388389196,0.11273858471858689,0.06753644967126639,-0.036261594557229986,0.14913789566478194,0.09176072503004991,-0.031461262361755796,-0.019793608885652562,0.1275520577385056,0.11332539718059409,0.2642957246276991,-0.007832461314711185,-0.07000758381680872
2026-07-29,-0.0013842413185236255,-0.06702212760412678,0.01988995377775453,0.009054923575439277,-0.04124863910860179,0.012089945016630103,0.0383994480742224,0.0705933538795354,0.1348224181304905,0.0690241806591351,-0.03341416668492764,-0.0013910277980308215,-0.03558877345721325,-0.02544480040379253,-0.0873716894074179,-0.010186547442454239,-0.00562817225717604,0.0007760523549332366,0.05378017389920603,0.012259877357949974,0.003583050632124214,0.009469490463161156,-0.007305590621675762,0.04160302405055395,-0.04959653027044455,0.005214546506050703,0.03184962002961663,0.039930879084842684,0.0014172915553527909,-0.022058412446438184,-0.014260983198489797,0.027948013246665022,-0.04827138127229473,0.10725162944068231,-0.021657824008925936,-0.03195438851135124,-0.014000302211087516,-0.031199112547328788,-0.06776968428410925,-0.08235983641681943,-0.01884046848678799,-0.02545997647896924,-0.012609438796196906,0.03211148678187891,-0.03784750122796393,0.01345106786350707,-0.07355938021779386,-0.023052093488410592,-0.047718924132204577,0.006848906020182387,-0.005652331416635513,-0.02386924670576142,0.013051353300574633,0.0059555328073213004,0.010697999266366614,-0.029334029334857376,-0.008437706793494258,-0.02635081018979194,0.011413543805125584,0.035395017277714456,0.06178882684297922,0.025056990632059767,0.03945539545489485,0.007335430522960119,0.019398677002548062,-0.01853517490700292,-0.05716857165097687,-0.0374777243207282,0.05896495191625116,0.06418734193730229,-0.028663350852362657,-0.03574084453470099,0.009587009004358514,0.060545496449372856,0.0541792270041106,0.049451355837569,-0.09140276914447368,0.04360404165308696,-0.06992881779487849,-0.028292613907237092,0.028271932853437536,0.08017258168163445,0.03552727711427293,0.05189955966654527,0.0031287674588359607,0.11556097654215025,0.11163950758540409,0.0664229783539552,-0.03008745086955053,0.14601122699444266,0.08587786813600926,-0.0293048274270283,-0.016413331603188766,0.1325486027525327,0.10751678125008916,0.26696789216718136,-0.002508219636443352,-0.06561364048233181
2026-07-30,-0.0018954197938275581,-0.05233758767735018,0.01788902860283184,0.007416791016644431,-0.042606233932175816,0.003900608611227441,0.02919372935450503,0.07353306364889213,0.13209064508042803,0.06098876479399919,-0.02721605209829029,0.0013074219928532315,-0.046482134629512874,-0.026340194221587017,-0.09394846181501171,-0.0011477068899600328,0.0010807848259399254,-0.001757559002457089,0.040451363268975075,0.01043307026975941,0.011311845539530109,0.023481263061575212,-0.0013092933379594326,0.05470683522662252,-0.045764495630342364,0.011579988579417952,0.03271274675094548,0.04590046670700238,-0.024602802300187042,-0.017186393847212142,-0.016112258454088917,0.029585728334669353,-0.05172147653528078,0.11594027031112254,-0.03354233610656891,-0.035844969988005904,-0.019416208659084312,-0.026821195788553465,-0.0634439042237632,-0.09854705443895806,-0.02034243341964309,-0.02416549183182172,-0.014701907537043974,0.01775613118366017,-0.0206368017768091,0.010306343105415087,-0.07600785571850242,-0.006991981647479906,-0.03367583106987607,0.011117308744373867,-0.007861894175977527,-0.02083650001594336,-0.007037607736049041,0.01889123008201992,-0.017360718713035003,-0.02052985390430529,-0.016676212713148078,-0.0057814062496973784,0.015588754472569376,0.04336882751631321,0.06732919739680855,0.01865366332606216,0.035587501204476554,-0.007970918536268705,0.01125745781100668,-0.013052296204473625,-0.05685140177197921,-0.030662408974799167,0.055917708529293876,0.06852837766117421,-0.04350134799933044,-0.0365073302723087,0.014405328520035603,0.0710485814410453,0.06783405904704135,0.028419095310980413,-0.07423518934805752,0.02893495460750197,-0.059875559481581755,-0.014131496025240465,0.03518897425524022,0.08748690483787694,0.029691244868106564,0.047052962608474275,-0.007758831267282594,0.11538303943850997,0.1128352357497828,0.07270088703849975,-0.03810068297266834,0.15445238733784314,0.09245029478313582,-0.03589475103078342,-0.019407085323819864,0.1288272729419898,0.11296216928585585,0.2625454119717317,-0.011960702923886924,-0.06946548304177663
2026-07-31,-0.0036497816883325797,-0.043583000306133886,0.018872644894732074,0.0075596766886452706,-0.034298546895139365,0.008629684218254116,0.003057710610461931,0.05499734580045193,0.11154963252464428,0.06674237688286216,-0.0309083939907032,-0.0064048622619511195,-0.038237093463403024,-0.011635690689503037,-0.08845250253039408,0.0031816287434562624,0.004827263325764085,-0.0066282754952128025,0.030419833624089482,0.009754459754475359,0.005646484109661913,0.02224024677802538,-0.0017403011868204095,0.049289899378468775,-0.039545638400374235,0.005192261530070955,0.03217329246196765,0.04191611510099883,-0.01715102941945071,-0.01885763180882008,-0.02410436083432964,0.026480841141539146,-0.042307068113635604,0.1001916278686756,-0.03422630053116788,-0.017446743745530104,-0.01145634500854647,-0.023128679342415838,-0.054647773194204385,-0.09546244856921252,-0.009971704700963922,-0.033607430200162,-0.020911839326285486,0.008956684098380005,-0.013612815037938488,0.019372771658648244,-0.06396536823387435,0.0008239448060476592,-0.021401150141200545,0.017716578949712784,-8.981218020769413e-05,-0.024275855873462024,-0.010274971189384719,0.01836897563948183,-0.02626067927793864,-0.011468565103260558,-0.02224868162414819,-0.005581971596715746,0.013216132089243098,0.013281303372895738,0.0617242000900772,-0.00501914561814319,0.02422854845447997,-0.0009465038372260138,0.012861614873816464,-0.00606540574730686,-0.06342277401145575,-0.03626651341691537,0.03841634984338377,0.0753307610167104,-0.015803730511025335,-0.030132375276274048,0.02128043633388326,0.06663600463437437,0.05546339357766152,0.021093279294255887,-0.05134517919863234,0.030512178981764428,-0.05497272530281713,-0.006248349909802961,0.04900101873738343,0.08236957333077867,0.020558110965000646,0.04323200574694551,0.0023282195659397424,0.11649255185714331,0.11464374537979653,0.06311296467565249,-0.026555650592340295,0.13364160924288226,0.08824470206321683,-0.01815117168509616,-0.007709729288747512,0.13223914448787147,0.1191586004196173,0.2338695214060667,-0.0019858394371090535,-0.06872954523664146
