date,SMALL LoBM,ME1 BM2,ME1 BM3,ME1 BM4,ME1 BM5,ME1 BM6,ME1 BM7,ME1 BM8,ME1 BM9,SMALL HiBM,ME2 BM1,ME2 BM2,ME2 BM3,ME2 BM4,ME2 BM5,ME2 BM6,ME2 BM7,ME2 BM8,ME2 BM9,ME2 BM10,ME3 BM1,ME3 BM2,ME3 BM3,ME3 BM4,ME3 BM5,ME3 BM6,ME3 BM7,ME3 BM8,ME3 BM9,ME3 BM10,ME4 BM1,ME4 BM2,ME4 BM3,ME4 BM4,ME4 BM5,ME4 BM6,ME4 BM7,ME4 BM8,ME4 BM9,ME4 BM10,ME5 BM1,ME5 BM2,ME5 BM3,ME5 BM4,ME5 BM5,ME5 BM6,ME5 BM7,ME5 BM8,ME5 BM9,ME5 BM10,ME6 BM1,ME6 BM2,ME6 BM3,ME6 BM4,ME6 BM5,ME6 BM6,ME6 BM7,ME6 BM8,ME6 BM9,ME6 BM10,ME7 BM1,ME7 BM2,ME7 BM3,ME7 BM4,ME7 BM5,ME7 BM6,ME7 BM7,ME7 BM8,ME7 BM9,ME7 BM10,ME8 BM1,ME8 BM2,ME8 BM3,ME8 BM4,ME8 BM5,ME8 BM6,ME8 BM7,ME8 BM8,ME8 BM9,ME8 BM10,ME9 BM1,ME9 BM2,ME9 BM3,ME9 BM4,ME9 BM5,ME9 BM6,ME9 BM7,ME9 BM8,ME9 BM9,BIG LoBM,ME10 BM2,ME10 BM3,ME10 BM4,ME10 BM5,ME10 BM6,ME10 BM7,ME10 BM8,ME10 BM9
2026-01-02,-0.07711940024000048,-0.036643728903556244,0.08072675984618825,-0.05552068497427262,-0.06044935015365083,0.05371459122320494,0.04100554131997279,0.018806434831086606,0.09310289181407108,0.04895300079086769,0.0056935692046279855,0.011959677519369615,-0.027790497532112032,-0.043563996818412165,-0.07049945499186447,-0.05029031612249777,-0.042961185789864714,-0.020447411154656987,0.045930394475806394,0.023557097342435412,0.02194368530043765,-0.03206251200398491,0.03203417105226436,-0.028361824452099685,0.0457188796496069,0.08503737608127147,0.02325050680722024,0.006596550671409717,0.013244955902582681,-0.07724522005793043,0.0032629619369835706,0.001373010844505444,-0.04508484926530076,0.08734384398509402,-0.03579764868784174,-0.03389283022275041,-0.014651296797649595,-0.03892337465132446,-0.08150827466799092,-0.056409403773118344,0.022698216484961203,-0.0004726798252942411,-0.12550353197092767,0.05990656835434825,0.055197077391235125,0.012905343103917045,-0.10673748522109497,0.05837898563989633,-0.018305429108191405,0.034852644083426844,0.009546513394383152,-0.05909619828673211,0.019031092042309773,0.0013750945654444745,-0.0022732948853605005,-0.01660543816682828,-0.03802813493087645,-0.039959949407801745,0.015893856742901388,0.023941549076186182,0.01937427110381324,0.06417437538651109,0.08071653457437367,0.01852015239099171,-0.012532621017802966,0.0002615314527848484,-0.04875625732511009,-0.035797647780015596,0.004684197770989138,0.05835485939787877,0.009990069410409775,0.004882152526768533,0.011632328781326378,0.017608813907340766,0.046522789431140826,0.054015547779493966,-0.08277666220918353,0.03900918097834206,0.0050812824135364615,-0.04927476283338028,0.08577373819779605,0.07996556076391625,0.05616389331258233,0.07450591236853617,0.0708252000237247,0.04748670784518563,0.10819692090492547,0.004328845051946194,0.01072488601133252,0.1423104626087792,0.1001107896817029,0.026825301232687428,0.01740062439959733,0.12638369866801374,0.053700833531928636,0.15754909668168646,0.036509485636461066,-0.12522953147504057
2026-01-05,-0.09161226354390935,-0.04441576530591565,0.10622026811804983,-0.04186948039430081,-0.07731839382888304,0.04957392368170231,0.046818734529305114,-0.025519054822660592,0.13443553674199202,0.06312622861380249,0.008349728451799732,0.021161336230619953,-0.03484740571900051,-0.049462850959887145,-0.06508133164067714,-0.07705488296243916,-0.038713361473975846,-0.026584903355263596,0.054109335925939535,0.040595976170392734,0.03583463409585472,-0.02719201933995584,0.06194775107120122,-0.04711623744953111,0.06134951610775448,0.10409699148705752,0.020898901054299417,0.013021777414926793,0.02759284311703563,-0.11072595570366522,0.008033147842175537,-0.00726395517435263,-0.02888835897402505,0.11723117017550716,-0.038475308384749045,-0.03706547649530859,-0.009655230187682823,-0.06872051421496433,-0.09758985825702589,-0.06464961932469909,0.023476685153200415,0.00015637539101235123,-0.16152445684031846,0.06983095830271563,0.0609841167257102,0.02215928277068551,-0.12430609719951256,0.07514767239368074,-0.021620156512062907,0.05909477476281227,0.007629787978785319,-0.07550496186122678,0.019778951180919983,0.0002722509595003437,-0.0033205404046527612,-0.011706391526089465,-0.04116247523137872,-0.03937683038233688,0.032563459932060015,0.03295710360442689,0.011766319918965689,0.06744475943627819,0.09492840245539165,0.021628255798541947,-0.010706784127155674,-0.013157124593811602,-0.07695538179204994,-0.04168553410531973,0.02069099559328342,0.056603863784684565,0.018375448453843826,-0.007077169354684139,0.011137822097639402,0.0019782487224497547,0.05901839172017489,0.0643559173524877,-0.11324828886600467,0.03311715537784092,0.01151838850553506,-0.07599901100815681,0.09019083664692895,0.08840298340506306,0.047551383212612,0.08168124936122122,0.07870850274805234,0.030721845254020802,0.12331914311442146,-0.01089220724708914,0.0013236141787155015,0.16862173276625034,0.10895684606568498,-0.01204560057336713,-0.0005591381596446472,0.14102740661390198,0.04639606101250541,0.1902489499171649,0.038902148154209906,-0.13639551435506128
2026-01-06,-0.10576125753604919,-0.04578975849914729,0.12353243318097469,-0.008635147564338705,-0.10938684552636126,0.03422294864446086,0.05291519575056609,-0.058656636795987815,0.17910388248167478,0.06805618002302363,0.006384278920753357,0.027613092410439806,-0.03564904389859999,-0.04410827068419462,-0.07328391619006604,-0.08013996217573574,-0.019635925407669216,-0.06690820248664758,0.05434508437758041,0.0730621216947699,0.023285799356986867,-0.009950644885439097,0.09252005811839221,-0.05848468712612635,0.06790685143287767,0.10906643296073547,0.005315307317845167,0.04054327086379837,0.033086144770729194,-0.13314029303574534,0.00593268039796757,-0.0037838204174841326,-0.021357678866332663,0.1224293412363337,-0.054631606764001514,-0.06788965963452816,-0.006956656485921675,-0.10673794866358313,-0.09052406229425462,-0.048780593578916676,0.03048843240009326,0.004001404053487765,-0.17329663080295388,0.07424590312035222,0.08184729921926455,0.041453977475965645,-0.14848158807054287,0.10952058422520888,-0.034634532394042405,0.1089158513842733,-0.00342842425680087,-0.07212822410010095,0.029964347555195767,-0.00588100731326739,-0.041077490417604445,-0.017419430001360446,-0.03988658457642078,-0.023492812580646304,0.0384847067122929,0.03337900312244891,-0.0035517627929962502,0.06942867000625122,0.1305152350005921,0.026353863061872547,-0.014357009213738671,-0.03620212967557793,-0.12210547376988252,-0.04401967900614283,0.04431098497008562,0.060857330137241705,0.04798763704402559,-0.022377663563417333,0.0076509300875411395,-0.0043096070944416785,0.07146182137918455,0.09332371265159257,-0.1697541305231349,0.046259216132201075,0.037236086148578644,-0.07477373777625519,0.08969893347657378,0.0783947374852776,0.04038450497667544,0.0991418000384681,0.06688568030353526,0.040931651834398564,0.0987291175444469,-0.018892197312909947,-0.011031322128128502,0.19500377890276172,0.10073162853646561,-0.05793261576419882,-0.04375469894046728,0.16628353202931784,0.04712958795717407,0.20721058790134098,0.05095710046904556,-0.15550937069097803
2026-01-07,-0.08762191159247151,-0.04226042572336008,0.09779112098354481,-0.025193936213480886,-0.0797779448801023,0.03740431087692603,0.04572054989875019,-0.031647871716648845,0.12277785340475561,0.05510483067179651,-0.003805195391394586,0.023237534196343626,-0.03300124845270694,-0.03733416898245617,-0.061327510661188744,-0.0539259573843484,-0.016483413338751605,-0.039169980858834955,0.06254069508023115,0.053804375701904085,0.017367514184501272,-0.01682970587642804,0.06210517221663644,-0.026857571697902816,0.045372083285072015,0.08181412895503065,0.015708501016133684,0.016411486970704155,0.016505241669428607,-0.10280983668791133,0.01112020568440922,0.0010538013726096012,-0.041515295936340964,0.08986635969663892,-0.05938729252933439,-0.055437567143678965,-0.018986459554126728,-0.05970671729265417,-0.08615699113436234,-0.0419402850441668,0.0319111499641507,0.0007084151596142927,-0.12569948273297205,0.06890682302041333,0.07004835638948191,0.03246987934924579,-0.11736380773172718,0.07989459402384047,-0.02895550108041576,0.07511393099628945,-0.007578340225269839,-0.05659495628417467,0.019265177827752493,-0.012159114951974559,-0.037483915273669434,-0.016108030377286753,-0.046751223106984194,-0.03174072822881669,0.017248257425118204,0.03272956094893597,0.00210542689925426,0.05706308596109048,0.08466466770806153,0.019209634140409056,-0.006925689855649718,-0.02131017912541927,-0.08145977072435708,-0.0350021237499566,0.03096731054495313,0.06134914476902274,0.018550243988555877,-0.00851959031391049,0.01497555677536689,0.011208288529438545,0.06225958702574841,0.06491171915392777,-0.11830153138084555,0.06318144040920719,0.020747337607946045,-0.061351439527305845,0.09726871447727917,0.06866899020444665,0.0520604911640789,0.09199193357845908,0.05808466285838084,0.05748934565413178,0.0868824282015659,0.0047458014071925115,0.006998949389094641,0.16697515139428756,0.09808968878108745,0.004470587044514773,-0.006775673639558317,0.13115540807839482,0.049227158492790746,0.16990702849018746,0.04534073525883169,-0.14329404255501965
2026-01-08,-0.09066763135046019,-0.051293455639917135,0.10595354863103844,0.0014343257896786022,-0.12370525108867654,0.03363578898532581,0.06495670235944825,-0.03596119763182192,0.17092445075352547,0.10221799098308236,0.009459120786592477,0.04242662112588402,-0.0482494753573624,-0.06113197126083862,-0.03895080771491171,-0.07451963277818714,-0.03126703557925689,-0.07215034171240989,0.03723329598107629,0.05961174443291127,0.033018957175580205,-0.02155002259752853,0.07948281283517672,-0.04820310767354359,0.057342960368343805,0.11794372879387237,0.028935403350239836,0.08501612414178199,0.027267408298195003,-0.16051415054499668,0.008163858491737796,-0.002075690816678853,-0.051251617973989444,0.12889539317817258,-0.0891458108659213,-0.0860227831112565,-0.02702965091995875,-0.12419862706765881,-0.10260163078611874,-0.05609757165680608,0.018564157938822743,0.021428144674682514,-0.15241109909747702,0.09891314793046213,0.09952776935426688,0.08731203601450828,-0.16122991051412705,0.1104941816779515,-0.008134833272896965,0.11421359353760831,-0.014938291778805958,-0.07066706200433223,0.03593019498105134,-0.031200893779498994,-0.030379932660288725,-0.062293848777085936,-0.06141531741296655,-0.039832394660114664,0.04684201049656303,0.04260541318714343,0.019204192283309624,0.06352844675314993,0.1306313124689143,0.04692438004281786,-0.049440214347106284,-0.04142712025227926,-0.1441443440726152,-0.035105871221958726,0.04884161206361335,0.08560408111033238,0.048676309457538286,-0.04729776796958322,0.011844733119844712,-0.011354498531743204,0.04703324849888461,0.05914102974768023,-0.15437091421092997,0.06345476758435092,0.042132783832198144,-0.07169158671446611,0.11502330491299782,0.10291480953428869,0.057148741316577364,0.08356389249428216,0.07346987278533128,0.027815902538362802,0.10654421351199948,-0.015736718946820993,-0.013615654493315475,0.18836232761719393,0.1204148941465777,-0.04052306687843181,-0.07571715113225568,0.14573341856378824,0.04843152660403419,0.22105349670858893,0.06485181269762931,-0.16258003979160993
2026-01-09,-0.09092879595846286,-0.04517027525809759,0.1258929603587458,0.008588170738937024,-0.1682339187085333,0.01203030979970063,0.07070131603431869,-0.039156163887649295,0.21466073929260102,0.0979097307622895,0.01512073226406055,0.04232035567614717,-0.05222147996383483,-0.05334840952423307,-0.012657702212521311,-0.06258796766352967,-0.0395581446156647,-0.10879799457633947,0.005417226794701859,0.039964177663258715,0.04539105999210121,-0.011445569547345899,0.10144871321885886,-0.07585199065596888,0.06722420721987704,0.13701171758222158,0.03244920498948324,0.08886711585049895,0.013746956528454481,-0.19050759162882225,0.011187485274731014,-0.02503213848109563,-0.03291905757462598,0.15297450535882592,-0.05466324774910336,-0.09963755846311283,-0.021842280966205455,-0.1779127679852316,-0.09675385465659753,-0.04498905065966721,-0.003947386117644662,0.04079403621366664,-0.19563359901764854,0.11030955539519353,0.07785791481745172,0.12219018494580204,-0.16336215995094952,0.1223380174016861,0.0129948727309646,0.13942590522906417,-0.020074375585954984,-0.07942586763554582,0.020809607310474737,-0.012169046818929932,-0.019482461141343332,-0.06756620689731956,-0.0406285601100398,-0.03378647920348609,0.05877819798443233,0.02094914163561707,0.0380208847206318,0.051933497431187116,0.17821521386498557,0.015469581008299727,-0.06017999126766797,-0.04731110168144337,-0.1909045326451611,-0.041792270104750645,0.06101518249864685,0.09637597562095211,0.0665515072234827,-0.04642065770421893,-0.001999205620984974,-0.046853888635237026,0.05677883856759254,0.09074666349349222,-0.17047739914042184,0.04218689036876107,0.06256039706398452,-0.07837582432928474,0.11100181426205137,0.12914230983947014,0.05935787161006337,0.08023377826628414,0.05698477496299201,0.013940264154802,0.11615472470642367,-0.035284894725628485,-0.007760159740437712,0.1972667011363468,0.12589914693292634,-0.06766896512364566,-0.13306274010030927,0.17563353668750495,0.05765630031488338,0.25872049413168113,0.07408680710884628,-0.1569035410057612
2026-01-12,-0.07109574501578027,-0.04889597652996523,0.1124152040248231,0.00898588123244273,-0.13555944657012267,0.04814034189326331,0.06368944753014684,-0.028485380135883656,0.16892482751506652,0.08118829586087976,-0.006353155813336385,0.02055423932680349,-0.03991935502056043,-0.04747445581741462,-0.005476488124454072,-0.07354957489253988,-0.04816883606103963,-0.07913818728139851,0.05670189954383295,0.04669460478142721,0.022479374692707797,-0.023083194734733484,0.0752804654295432,-0.06960776737740099,0.05986061016294045,0.11583258337289323,0.037864148205532584,0.0674900148984035,0.013182700136005551,-0.17452152040017874,0.0020038356638631127,-0.006477718439399925,-0.048686272060489054,0.10579855805633609,-0.06614776307206997,-0.08054131147867388,-0.030624028339564763,-0.11892225218645928,-0.09879359478526416,-0.06050435797794236,0.023040635589268367,0.020023788399470166,-0.1577236476131284,0.10403530979011784,0.07253220194654234,0.08706700637593423,-0.16435378078430857,0.10914995985631133,-0.00010802721623486,0.11579714694365564,-0.0042301419646745084,-0.0682483808161782,0.022614263524980992,-0.028577027617096518,-0.014518711130418778,-0.050835632861703395,-0.057518370946921665,-0.03653191133487527,0.024624423906620556,0.056254065684471895,0.035829247406035235,0.05765523092513112,0.11581773383724026,0.026853338396122174,-0.024790516571434072,-0.022054498578263318,-0.1387638271486099,-0.02759184530973869,0.07153737109822239,0.07258056453618353,0.04345136623382047,-0.03348435967076091,0.010359010744357503,-0.01750186470538167,0.05407622387020854,0.07610077126230187,-0.15636289846298274,0.06840201914823664,0.054270199978875056,-0.07633668450674558,0.1318001244504683,0.11673654923252394,0.05006945195898649,0.07463150177596112,0.03453569087040767,0.025162264946096698,0.10721074444509879,-0.03777941577759842,0.002442482507201401,0.18138346462662683,0.14266825252460538,-0.04956116292119067,-0.07615743489533856,0.15233254807501528,0.05080696983882824,0.23367245031640468,0.06998323757254454,-0.19753812197353213
2026-01-13,-0.0630536048808435,-0.04228374109306067,0.10393733930357138,0.006259398240050102,-0.12463539303706046,0.034569961587396975,0.06341242712510321,-0.01528059096224224,0.19830166524522747,0.08544615267561338,-0.010233348151408526,-0.0024499120775624775,-0.04560047231784986,-0.05346878424071283,0.007679961578583668,-0.06992935784886374,-0.05709143955169588,-0.0692313607387514,0.044221659106330156,0.05717935193690568,0.022208353665296384,-0.0062271077095333496,0.08109096212372655,-0.0524359627930807,0.07671503303424572,0.1290370332894219,0.06262318802252693,0.051406099633960124,0.015609412401688982,-0.16238540910270757,-0.017038712148284646,-0.012453250718118735,-0.04644270050089142,0.10898040117376188,-0.05550413337749942,-0.08370492896302759,-0.01625695648084506,-0.13648104555882593,-0.10795152587302952,-0.056601243345754296,0.0026401156646147245,0.015451556322642385,-0.15433989635740644,0.04214663240407838,0.06151138820037296,0.06585481349587129,-0.1162308217048779,0.09882829634544703,-0.00303366043803582,0.10843367715709505,0.00036890803291561754,-0.10120567674150562,0.015962919499655254,-0.03378412423178053,-0.014108773150852882,-0.05638752946517275,-0.05070232210519805,-0.05847116642386682,0.016583863097686523,0.04468178087366214,0.03297634130624698,0.09617096617911434,0.09171327630543799,0.027066965206079784,-0.015607974300989645,-0.02210677100740921,-0.1609677748806853,-0.02090960097690324,0.12222292923263388,0.06078140952329,0.029803264510387263,-0.035001132415659025,0.03287393085304997,-0.0031556461322254942,0.04222029425709463,0.057751548159467134,-0.1353389232112404,0.06394322471311702,0.06281738040900882,-0.041616532209920454,0.10059371408867156,0.13181187472882502,0.05585763343483345,0.08720500620491085,0.020334519197104682,0.016246151202361427,0.07245789549567191,-0.036396482835549075,0.00948893224827359,0.18045789586801286,0.14008446628676563,-0.045264916700813604,-0.0496243895994512,0.17424366991629456,0.050311998095286976,0.22830113922763107,0.04234378895130392,-0.19022747047713395
2026-01-14,-0.04880453479734872,-0.040872789607138166,0.09975841922239466,-0.01931578391449839,-0.10603227148558307,0.04677290376843361,0.07680764518447143,0.004651259165889052,0.15545938420257244,0.07828373131850559,-0.024914840193105234,-0.00287598118893192,-0.032257975488837215,-0.04627408889269413,-0.007894116288267498,-0.06536418388998004,-0.05874984472843092,-0.04183398428504103,0.06618031970995591,0.06729112798260753,0.011624401070171788,-0.01502080120699731,0.06061207534208498,-0.04927656772987079,0.06338313112087664,0.10173617562258236,0.055955111946555565,0.04729484393348629,0.023761187135125553,-0.1487517674438553,-0.011220164430747791,-0.00654910605248093,-0.04560675573879817,0.07677913519650265,-0.07375290218503823,-0.08781463089095067,-0.019107624229538635,-0.11356171536158792,-0.11702063770060024,-0.06689171454163435,0.003923325505237274,0.010846462684665017,-0.1416678632961285,0.03333419763308482,0.066034022979606,0.03177701836087162,-0.08985830461595658,0.07736603182758982,-0.00524690957811339,0.09111477168877953,0.007810649991939186,-0.09570534942795327,0.014520206865669997,-0.0388607726973251,-0.01890293694902631,-0.05038566219801786,-0.05921737256820089,-0.04358026362808665,-0.0061173583265384645,0.05775511564108911,0.010691238514131519,0.09105353028313272,0.06895333580412126,0.038534948288766586,-0.009423871877738776,-0.03258734505071105,-0.089730201337059,-0.0026219078403426754,0.10017701715367523,0.05137345351023255,0.020076057655226756,-0.025677128465604243,0.046550079035296725,0.013769727575851402,0.0572536526181306,0.051007616580166004,-0.11852220675550289,0.06297307993954472,0.046169017671113824,-0.028296500946670973,0.10407096777820293,0.1111998971133678,0.07106826805005784,0.09135527804860623,0.03059730697509804,0.03672475893795682,0.07192663284524593,-0.0075072494141223255,0.007800022274760487,0.17253036671724487,0.1305662192480699,-0.01177308785890374,-0.0071911950757628015,0.16446409536466897,0.035033363450533796,0.1941134526803364,0.029247890033204965,-0.2074756590677712
2026-01-15,-0.04719186054891922,-0.037426158020992355,0.11259705466288965,-0.01795651504631595,-0.14347245460174185,0.05297538927545285,0.08982544433302216,-0.00028459193831422216,0.16858152380690067,0.08791563269162918,-0.0261753981009508,-0.014032145600238308,-0.03195781711522744,-0.04903062025672608,0.0010873927965550818,-0.07249661460838358,-0.06721512850045477,-0.06142150844369912,0.06344988186213298,0.08685982990607069,0.02338574402294953,-0.01450459748377697,0.07641666119093292,-0.07308406582873832,0.07261034949829402,0.11481238286422715,0.05259614921147367,0.07130082341259741,0.023443858672011743,-0.16436779008799285,-0.004994241558285529,-0.0140974504247294,-0.041160278600377354,0.09360503389580387,-0.06893940779759318,-0.09882600904826024,-0.029991543932618096,-0.1535505936243036,-0.12954350447161436,-0.06590627822966309,-0.008340058896697122,0.009012116983191747,-0.16285926847271473,0.037044564662572915,0.06999088765360531,0.04855937980204539,-0.0990447151936699,0.08943318493395291,-0.005686141173783821,0.1143295319368138,0.006883147424773202,-0.10913093871360122,0.022209583850772506,-0.039636854730363866,-0.0028329354829922573,-0.07079039376473797,-0.06379349937060022,-0.05411553577857703,-0.00376077717293607,0.06466780878079054,0.014155686625524909,0.09351320140482074,0.10555196904602163,0.03667634570618772,-0.021405032353762683,-0.04435292708662059,-0.09096184105055234,0.00949881896194999,0.11792267389750488,0.051922598778938095,0.034273040276804265,-0.029366553217437093,0.035916440111199745,-0.0027702650641012027,0.07273271296026954,0.05617743165538381,-0.13549327836292344,0.048904579233682965,0.055920121099249334,-0.024332241691491098,0.09520215348508035,0.12350321678297395,0.09431395810491355,0.10530180964389546,0.0329971006761925,0.029347570692222186,0.062350053158119645,-0.02174658269925927,0.0007927361234508542,0.17598672945563068,0.13613715729902043,-0.032966095914700164,-0.020186549517862896,0.1790956096241302,0.05075432147622901,0.21586733105181535,0.024241278429698587,-0.24145094431307068
2026-01-16,-0.04371489887513386,-0.04960117755893945,0.10135837622701303,-0.020851536728992072,-0.10875669954612802,0.05040535643489572,0.0674412405696317,0.014596906268376408,0.14612927356749014,0.08113470828409,-0.02766399405227682,-0.00473969166569644,-0.02886141922764756,-0.051660345611278496,0.0023761680974355628,-0.08122384712625856,-0.055574353587447,-0.037959370434322286,0.07812486400542326,0.07489547268424537,0.014598484008328302,-0.020754862681260866,0.04634707450951282,-0.05646747192105876,0.06361710735691567,0.09915002208134596,0.04538356396374758,0.043695146641533456,0.020162769638993855,-0.1437452113500507,-0.013244682051545295,0.002947251983332797,-0.04499460949359077,0.08608020944387428,-0.06678528288267545,-0.0893750504731616,-0.03059877335490066,-0.10996115154715046,-0.12032512644460973,-0.059285313404061,0.009392453591248294,0.006262674777573513,-0.13788396877079617,0.02885408038713324,0.059108798002478785,0.030008643679586326,-0.1098674521755288,0.056792544055188826,-0.012130967658808339,0.0985292332103561,0.01212987747967427,-0.08188153166058072,0.013172048549856012,-0.03545516118814815,-0.011166138084263437,-0.049669358619606155,-0.05708338757822033,-0.04723451277618559,-0.013137294157119667,0.05807920806354242,0.0097105071494121,0.08734695448836836,0.07596506696328985,0.04058766191380698,-0.011874801579682794,-0.023793825119510843,-0.09146847946548177,0.012399465241397394,0.0978935387425384,0.05644956631615007,0.021849961221337713,-0.020155718774047683,0.03082586210901011,0.01249559856028843,0.061574150503260275,0.04725189758503709,-0.1212401057960557,0.0682453954906207,0.05668430445055107,-0.019116545556151193,0.10571775719076797,0.10491968926406922,0.07009800895172204,0.09107610944047763,0.025325078753056656,0.04187790193027267,0.06890216090910684,-0.006973922977323936,-0.0005099582905901626,0.17726786787795243,0.14050282987863114,-0.005956393299358721,0.003818798565203072,0.16995836019266586,0.0330652083915849,0.1950376839903906,0.03139245114157534,-0.22626900122972263
2026-01-20,-0.05254192017074906,-0.04774028865145327,0.09312344192361016,-0.020561358177265808,-0.09690506340050863,0.04785610092487514,0.0626014231287394,0.01917109060995101,0.13065494745588394,0.0891388358082934,-0.020362668139897698,-0.0077356704703614425,-0.031154009831897048,-0.051075790487880676,0.0013751910270532724,-0.07804665563732216,-0.05034489232492109,-0.03928948458099594,0.0757586827492248,0.07894915050251672,0.019174031205500798,-0.017395588514909938,0.044921126306813455,-0.0701210199234644,0.0619972563082208,0.10115422936002758,0.04587362952805537,0.046688832186833444,0.016348755113274528,-0.141951710678146,-0.010079726305366568,0.0003229237746737012,-0.04245541360985391,0.09012192135472738,-0.05946350221966598,-0.0937805517406584,-0.029976893290104528,-0.1146999274971385,-0.12559857367413765,-0.05218103149981466,0.01513968347498014,0.006965648241907398,-0.13595160088741143,0.02678288974000379,0.059594048808066125,0.02933859657808264,-0.10808498618096832,0.05365237575095651,-0.015637257112601555,0.09812635275241138,0.006270292847844564,-0.08063869523700336,0.011098503751019487,-0.032605912949118326,-0.011982338319009697,-0.05263606516245324,-0.05912928714647418,-0.051011976458874446,-0.014484386996944746,0.05501488210353452,0.01202626710535833,0.08752414345891059,0.07236307803596145,0.042041490627907484,-0.016057807599431304,-0.025509306255540237,-0.09129220678308615,0.013899596063338389,0.0992702639934086,0.06219084337078851,0.017237778151624288,-0.024796739012910247,0.03652350444061458,0.01142925316772162,0.05907892837863481,0.05070014119788323,-0.12029260153348954,0.06695442185061205,0.06082690284968895,-0.0159159413560633,0.1092741384385734,0.10498642958185897,0.07403766248455176,0.08248847796810788,0.024814360486899584,0.04278515557459808,0.06516302389324145,0.0029585595034747223,0.0026524992349756943,0.17910977629991384,0.13709484440701827,-0.009173844885629051,0.0001578208963580116,0.16996579777737772,0.03192185075999329,0.19272883199696358,0.024948090976637617,-0.205706081586556
2026-01-21,0.015458954118866457,-0.05099762679694597,0.10390994780624364,-0.029149599611380674,-0.10123588648969865,0.03465262627224336,0.07239402689841266,-0.03591576070572776,0.11939164601685345,0.06421794527190597,-0.02393754763685145,-0.0008672873163652842,-0.0484191016230949,-0.04369767699508522,-0.006648777409833035,-0.07751887523310776,-0.029430541835915626,-0.04322105386289837,0.07449399039667337,0.05078614676467584,0.04001086761055279,0.0023185399107176017,0.038662562440676396,-0.031771210617584186,0.05949613602255975,0.07668168247124395,0.06187060530768551,0.05785395602523549,0.004286811161501048,-0.13095666557321775,-0.006012250409696213,-0.017428792738115886,-0.056674100231281166,0.07865422399635648,-0.0794667308071812,-0.08961952149244044,-0.013323104250588845,-0.097512990182496,-0.09539324245616328,-0.08253220617470414,0.012144222772594047,0.012602950689508141,-0.15883750909842098,0.051288269629589156,0.038570379131785265,0.04377520062363481,-0.08749749099874299,0.0323345030266281,-0.027683020667702903,0.056209290657895865,0.01178374856938188,-0.06208948901140042,0.005925154664318921,-0.015864009517059234,-0.005036288035405694,-0.057377292660248616,-0.06121144962939827,-0.028436723477194684,-0.02135496482947473,0.047648782355703606,0.007671015166980984,0.059904559786271225,0.06276112581588245,0.0428422514057662,0.015839686077111698,-0.016605243933917622,-0.09073415127206517,0.022107274741743857,0.08050194686154186,0.06039218579052444,-0.010612586784403214,-0.04077665302655205,0.025587002198447725,0.010792394476448232,0.059209526812435215,0.07898236259339055,-0.11255841002171706,0.1071187425956097,0.05477609178360326,0.005479546119138189,0.08981060572791061,0.07768593403687386,0.0779035087246852,0.06948501750761397,-0.00460904622598673,0.06663974426091558,0.07313018297926992,0.04206298828001191,-0.01740216364000758,0.15565651546938697,0.1560786561978781,-0.015251318357030785,-0.013150856683026626,0.15926115286408687,0.04429222062969018,0.19251618007175392,0.033789064839167694,-0.16088143610745476
2026-01-22,0.0263710634007669,-0.052785720924242524,0.11373937269276836,-0.010875536095341731,-0.1377175663582791,0.0594199273386652,0.09497867312746457,-0.050401158226826864,0.10701277721092764,0.0764768144950151,-0.01091409537823979,-0.0204384066672356,-0.071897977121938,-0.03792006459416353,0.01165081659707287,-0.01605811462001431,-0.02551584074801609,-0.04940159080672188,0.11010510987488326,0.07004122079535087,0.03350363945379167,0.02676476349882173,0.0017300045291946241,-0.05984302707760149,0.10300553665049704,0.09020209020507144,0.0743797675698342,0.06113010237180159,-0.013548703237357811,-0.1394048927990143,0.010723889321280811,-0.01153493466411294,-0.07571399738935865,0.09248668797566888,-0.043041312898305956,-0.10783552417327272,-0.009152401073634442,-0.14513729394923508,-0.0973059816825601,-0.11281550993216308,0.0038462479475134675,0.020190729159694797,-0.21522826904648465,0.07515530539862392,0.030830420635814204,0.0534066442763479,-0.14080681122842087,0.010616369663576259,-0.019674114063695097,0.11141795781191345,-0.020108204606544867,-0.058419516091223256,0.018662244090563725,-0.01851498303759941,0.019252950265448054,-0.07161494486627996,-0.0687833117434076,-0.02563967448374311,-0.03420708205245833,0.025593596176891248,-0.035351112288533,0.0668373018965583,0.05817335699522214,0.05745622347745474,-0.006297307131064441,-0.006210769291445891,-0.12349677217341239,0.046829469369648005,0.11545578679710361,0.054051714774034317,-0.024481412623071977,-0.037483554879541754,0.013153437748018904,0.04956218293192546,0.08857237707885439,0.08623078348575673,-0.16148165843501072,0.1013072268626526,0.06466433864390239,-0.02119497628835791,0.10912191511733021,0.10739554157976611,0.07691322408747593,0.0958244112588534,-0.016575762938947795,0.08384719679583524,0.08500954255175856,0.0742664826835166,-0.07740208319963619,0.1465889152469497,0.17116035165583895,-0.051297475418755255,-0.05086949048091551,0.1647532942246997,0.06689381706986829,0.18666356841578902,0.0633171297750029,-0.18234537627289413
2026-01-23,0.016691154768211952,-0.041253705347379335,0.1117176109215454,-0.013442138880357347,-0.12918563998905852,0.04155312902683418,0.07837645536256989,-0.02959634091146167,0.1284172248151488,0.07933599381538971,-0.014283208135442349,-0.0010898043958002934,-0.07198622543761575,-0.02052845731760266,0.004918444484696924,-0.02716618561304747,-0.04883768969771605,-0.03227735317693404,0.11327567413811865,0.07929943771558802,0.022022702680564207,0.026692899940263644,-0.028636674273564956,-0.06964928725351165,0.09863225182854105,0.08760206508671764,0.06708913677637436,0.06685035013789171,-0.01753183812921319,-0.1568183432260666,0.015862031040313723,-0.01376493067828361,-0.06908381993800958,0.08587942306658765,-0.06658902374351826,-0.1411711936416419,-0.00929930847071486,-0.12001419275723928,-0.07368952960863467,-0.12547824099657137,-0.004327880153108683,0.046957022864531614,-0.1891858611628796,0.07075829038074433,-0.00010496958381138281,0.06054543094587567,-0.14301639330605395,0.02288808444702837,-0.04468355211476329,0.09928467484668924,0.005150693148641203,-0.042654841245551384,0.032139870206459184,-0.012909610769992521,0.027944627205498195,-0.0936094634524034,-0.05560260181491562,-0.05107076391900688,-0.06761602632436133,0.03539985318257665,-0.031975553120186226,0.07782875168104832,0.0746334410982909,0.06675176090679388,0.004708073491168139,-0.019547529885089468,-0.11573933606467919,0.02421702239443886,0.12133690341469276,0.050993795341150755,-0.032435059955266084,-0.02606444432460256,-0.008660719617578935,0.05555483913469997,0.05736863422175065,0.09498951556312704,-0.14622248488167353,0.0995648116945852,0.07112088883121206,0.004610267805350536,0.12830082250983751,0.09874262689290603,0.0943630276549878,0.09871578408409387,-0.04209293982944875,0.08637955548430527,0.06433971310665568,0.07032833326916477,-0.028696208181564223,0.1624838738390992,0.1609246575231342,-0.06105565171627737,-0.04155568340331958,0.17257728337216513,0.06416611149261013,0.16494691592652444,0.04465826876432785,-0.1596895058856037
2026-01-26,-0.0023703080019056456,-0.04660810559569755,0.07541601659162199,-0.015556752645159272,-0.09697499009762865,0.0495451646143659,0.06654254161214122,-0.028068718794642747,0.12716046561241762,0.07108753191979689,-0.010202671121776629,0.0024143431706792184,-0.06818033408887239,-0.036500621353747015,-0.015320530490136508,-0.014836150143331709,-0.024564179934023857,-0.017071426311936068,0.11604576805814336,0.04685885900538226,0.020980298638539986,0.02914318809015836,-0.00944223317866477,-0.047635932529444334,0.10321611069423064,0.07097686085411016,0.07059142831099109,0.054043132966580004,-0.018541201648424294,-0.1380881984431098,0.007626883078462394,-0.0058368322251003395,-0.057995258563893815,0.07830294484003653,-0.08018822795563597,-0.12525356992355405,-0.007728952985824452,-0.10471546001758726,-0.08164750341793622,-0.10303069307736787,0.025700303489767578,0.023930311405603,-0.16717118486017646,0.0627494415141042,0.006347937242119823,0.03442979809641637,-0.11945766775846627,0.030338961083494903,-0.019455982900696223,0.06783464077602351,0.010641232008498622,-0.04414926238110884,0.02765684772181199,-0.016949687946066626,-0.010178638231433832,-0.06690363276520289,-0.0669242968341453,-0.013600662090984665,-0.060079352559463645,0.04072310659734589,-0.0032305543474680076,0.062278038689482194,0.039651282079147455,0.05234628267998863,0.015740724103131414,-0.031234372370394607,-0.10881288519683295,0.005932201320215788,0.10280508045397924,0.06623956730081543,-0.027117202242435856,-0.02222983391179241,0.01095507064022837,0.04009817891765147,0.04492382960506612,0.0737456393746519,-0.12742782467657932,0.10927727182203413,0.04233309864405179,-0.008013719814597782,0.11852904365215917,0.08841498776975,0.08837716016584761,0.06926980650559891,-0.04101579052882817,0.08262066250330424,0.07902213232411967,0.06335194591798199,-0.01500376994830815,0.16560614014416036,0.14310836650245046,-0.048037692232920676,-0.03822871350005845,0.1644120663190426,0.05411765853371282,0.1543819492075585,0.061782593911916366,-0.10804331743752794
2026-01-27,-0.0033414299196556623,-0.045388556452562775,0.07921402852471779,-0.013070036839471456,-0.11047463685158174,0.060782494798397944,0.06117820984679628,-0.022395775105654284,0.12977567878467913,0.0745813723680793,-0.0007206829035703837,0.01297293629112173,-0.0749938192308959,-0.020303909163423194,-0.008623919832520267,-0.01692969954364086,-0.006712127921910711,-0.031233717698990165,0.135614825010245,0.041522246492536885,0.010606247265693602,0.04632710268071881,-0.020627795367166794,-0.05571444430092755,0.10272122741058638,0.08508017949772291,0.08201077431782391,0.0628720140707845,-0.032603123808278636,-0.14275394038296202,0.0017941713375365324,-0.01919703122906955,-0.0871459219056976,0.08823467680196936,-0.06723948804014114,-0.1312040953529321,-0.010467246845081683,-0.09727969052911085,-0.08031786195283457,-0.12849781936972057,0.015423791285709232,0.04643699158661847,-0.17408367798862787,0.07558193548438738,-0.0022596853850182144,0.05037456756678064,-0.13847340928920587,0.019403164482509234,-0.015066270243134073,0.10890717148522308,-0.00409721126147704,-0.04619943695213672,0.02248626995589647,-0.010311660647091462,-0.00991151996948726,-0.0638300300150612,-0.0546216522560741,-0.019965741805499843,-0.07335096796280441,0.029141741176089864,-0.012870276337323515,0.05971281623437773,0.05869511276564629,0.07355012737970235,-0.0024330168956971463,-0.024639273160812547,-0.11063173943990756,0.004535539478543163,0.11912598664731251,0.07572454792696126,-0.010660416476717323,-0.028708895584601046,-0.010520597881207383,0.03603234838190288,0.04008763734735498,0.07451935459880722,-0.15106509892817438,0.09606423230882541,0.030383457632167266,-0.011527823405569458,0.13558952882870068,0.08809964342326122,0.11182248248844504,0.0753026667389405,-0.06418735461616566,0.07823044146830148,0.07370511428338981,0.06524505649620208,-0.01276881832522614,0.16001598574313042,0.1526764355368839,-0.05493060359167347,-0.04816929045504706,0.18829424268065828,0.06278602376731195,0.15663581751075648,0.06414266942730444,-0.14149984819597072
2026-01-28,-0.0033721566847375317,-0.0435969884580344,0.07846098848296763,-0.011963484067246373,-0.11524450860996706,0.05916412702092391,0.06668662234829976,-0.017746959707528168,0.1299664081308269,0.07135225504196956,-0.001371152790475635,0.0135395754198998,-0.075904351459266,-0.022159072237544902,-0.007697291880085734,-0.017619390556442724,-0.008253256400212195,-0.026455789108870358,0.14046166649897837,0.04150650913642049,0.009124975189221174,0.04380271411247571,-0.017349358166958727,-0.05576376948217726,0.10056653702664668,0.08564203999955723,0.08013800220763462,0.060991492191424766,-0.032359305237741144,-0.14542157715399878,0.0024326300568355656,-0.01633001476209992,-0.09315650468894159,0.09059962318942773,-0.06654185119157909,-0.1245686446889075,-0.010823353993150013,-0.09911291459783612,-0.07902495162539039,-0.12830955226684274,0.01311707501776253,0.047553980845640755,-0.1739579679219788,0.07347506522940163,-0.0037393306635042436,0.05351114421779611,-0.13834748547043127,0.020508738793383236,-0.01626493794558625,0.1071827861895833,-0.004421663876085559,-0.040937223527284114,0.019814659616762646,-0.012391444099804411,-0.015588480793939487,-0.06489871745210017,-0.05759665083755042,-0.020687767243203627,-0.07611298133552881,0.03393000563195777,-0.009082748990198413,0.05905845207265366,0.06362101648191833,0.075816147909565,-0.0018589592595339294,-0.02985717730348511,-0.10909872502632709,0.006947125774679562,0.11839677732551758,0.07455111487796202,-0.012422129302183305,-0.027703829152971704,-0.012193765652518214,0.03105423177857261,0.04013036247156577,0.07434946397786936,-0.14904519584441572,0.09356450101736165,0.03274948381997947,-0.012027332116085173,0.13493669302315206,0.08942220479556832,0.10833482295090517,0.06897897483186276,-0.06581940058959761,0.08148591846048615,0.07406147437219483,0.06615006225121396,-0.0125045298539907,0.161053513214944,0.15290876136947695,-0.04991956012366618,-0.04465293902983932,0.18479963748184622,0.06409647289625342,0.16061523699273975,0.06363478852454435,-0.1429697170407866
2026-01-29,0.0004517630544730901,-0.061149084046890026,0.055861535254101674,-0.012784750556766302,-0.10321626010206754,0.06496472091912103,0.07354105111007678,-0.016804920637938196,0.11493765099074735,0.07399310562212681,0.005412437456929802,0.010987121235912225,-0.07439340029749465,-0.028057625534358352,-0.0023494403693795143,-0.0074083121379985555,-0.011747726299906705,-0.04569075776491729,0.12876856770237213,0.029341296761058774,0.012258327782941508,0.03475832551107252,-0.014579187060306522,-0.026183420436206015,0.08181197931218684,0.06396594288869933,0.07836356543439867,0.0494459939823931,-0.05115048593797134,-0.11704754125242149,0.005171047171228868,-0.026190232232868302,-0.06068093440386434,0.08220522050714184,-0.06792488775799052,-0.1074404991294368,-0.007232291220652829,-0.07518830242698986,-0.0746941441382084,-0.13993430750587826,0.010959097386278045,0.0351815126554147,-0.13624091190340226,0.062164214625672676,0.023066315883106387,0.03266586958426607,-0.11917364541922086,0.0029363161726342953,-0.016741459183909797,0.09169810769811278,-0.011068731492250449,-0.04009972962765824,0.02544470029813073,-0.010556315572038838,-0.025154479665424473,-0.05094417729909997,-0.04408799574616601,-0.028544816789903102,-0.05607854451387689,0.053226282796484614,0.0034194794307974164,0.05238337291162999,0.05116556976828413,0.08319063190085649,0.006806461980706664,-0.02797171408249577,-0.10688197227457762,-0.021087327972338893,0.08015014198746388,0.07163091593426252,-0.01820374516753564,-0.02918500194032389,0.000963863480583211,0.024859202957913423,0.025044489868402527,0.07054833878752392,-0.14368410846761903,0.09306532059701854,0.005016816579018047,0.008406234772628125,0.13924015728042674,0.05988589116664862,0.10094324696500459,0.08815680540224102,-0.07065988200454103,0.10340217809693888,0.07450071052094297,0.07624540955185279,-0.02524595655715573,0.16495542174373784,0.16126659771431948,-0.043899259658190255,-0.029886138433609384,0.16377620519201103,0.05569802106014503,0.14840333945455275,0.0236181400274193,-0.05308060990856259
2026-01-30,-0.0004759350300472167,-0.06528470390246603,0.057517660823212136,0.008802694246482046,-0.1237711757645746,0.054028005011295656,0.07051460468836702,-0.02597650846949818,0.1201300632508722,0.11265107149228205,0.01269756098249103,0.01928397218930357,-0.0882378262325146,-0.023342700866404102,0.003509048934210884,-0.011230953434364596,-0.02055550619331644,-0.06480349392330878,0.16946379656249916,0.049232165650448655,0.002753761516794087,0.04072531854472741,-0.025067013798991296,-0.05862263190807039,0.11539945018479178,0.08558470181911547,0.09050038182155068,0.06288106194190181,-0.07681734341070627,-0.14447188041273445,-0.0016784222182019536,-0.01552616272416931,-0.07974988849810187,0.1160355489028013,-0.06139527527055337,-0.13230068412717721,-0.01837382810184813,-0.09495058306774655,-0.06585939588119338,-0.169421082851207,0.011663045619761251,0.0633010402593956,-0.1631106712450741,0.10754633984977749,0.0066521395553470536,0.06176795825915959,-0.1594795055678635,-0.005163616972390648,-0.03338142292856584,0.12519128460545456,-0.01024267511426912,-0.03501139194390245,0.03531585064514364,-0.024496881347343555,-0.00739502509089464,-0.07640982442693142,-0.01972948692908289,-0.02928659574873662,-0.09343921141563209,0.06771384284939454,-0.0014223575948565485,0.04487133737210566,0.07931541043381837,0.07555123460588815,-0.005558362938168445,-0.021378255622299315,-0.12062024831004754,-0.011310068449803657,0.1172501990817483,0.06811385720792221,-0.02403213614517441,-0.029039351427224608,-0.022502566276194375,0.022677161444088288,0.03816416294370524,0.08541985069943411,-0.1652257327537313,0.06895670609607064,0.01970856759527856,0.012513598873001965,0.16880105186422711,0.06569011919183353,0.13538010120296926,0.09934641401659934,-0.10772117369157196,0.12507029020144647,0.08509364835975332,0.07737686786772772,-0.031788328042054136,0.15997412747352224,0.18333309425756109,-0.09547805984260774,-0.037685380410238715,0.16302068343138384,0.059738834383607005,0.14115940736566446,0.03592239453057796,-0.10449016438466001
2026-02-02,-0.0008609811957254725,-0.06632522779476738,0.04897307616911979,-0.01280839981349999,-0.10291347892788147,0.04705836037897677,0.054768383282428126,0.00032268241264690224,0.11894433059715175,0.1116331712911886,0.014391936551635691,0.007596229228005236,-0.07302402484418118,-0.015423833418819992,-0.016935417519223193,-0.002911257608340311,-0.01257854436027458,-0.05079097716131678,0.11369993262965297,0.03733792830552085,0.004389435530488526,0.04436507972915309,0.002708303695238854,-0.025663597346398226,0.08164928450279013,0.07903607930609727,0.09408421854837143,0.05002581504002195,-0.05638628191688663,-0.10981663169484931,0.009322347411375883,-0.023886379186396967,-0.06572873901391521,0.08174705985669756,-0.07343837345959645,-0.12010251896881478,-0.01555067302524669,-0.0646299853742874,-0.07397567526283956,-0.16579549166914045,-0.01930484327342874,0.03541548831792485,-0.17988184272443516,0.07040144107718228,0.01633588721682428,0.03869189104268923,-0.14326612920688425,0.019784581444843297,-0.013833792219590474,0.1114956718548809,0.03388969413757309,-0.034633805079021016,0.023873941809265747,0.02372078548013811,-0.030001399592483616,-0.06363204263098117,-0.0033644081218080716,-0.015194880238336676,-0.06082377034695147,0.04437404113488213,-0.014777026744327236,0.06068243260627003,0.047806484542080335,0.045705252215199305,0.041150527326382406,-0.02610744285454951,-0.08971338676431527,-0.005857612395480617,0.0750338892557729,0.055932286076333014,-0.002848974934239759,-0.049213550061372714,-0.00843806671823341,0.03511238828094399,0.017576115514691255,0.06554309337522347,-0.16543038849428432,0.1076715928561009,0.020164232425839996,0.029539434862228764,0.15479437605927754,0.06292998496760535,0.1273152474656007,0.06810995816883274,-0.07543968792733317,0.1245293386074543,0.06779130794061868,0.05892199834311249,-0.06867463446697954,0.16195181498235817,0.13820066958271668,-0.0041573844207764415,-0.039791161085475056,0.15737505640296748,0.02022970621470633,0.14560063480337165,0.032207739625626765,-0.07797992062039079
2026-02-03,0.005366317942317152,-0.059708336055170105,0.049844308995137476,-0.01928009149584145,-0.09472064315385488,0.06722231606207192,0.046049500152492345,0.000963670070055574,0.10937840239984267,0.0911565880087004,0.00780661597340822,-0.0048090073137845146,-0.06726699672364263,-0.02343283055805767,-0.018373197535053454,-0.012219883177655691,0.00021879973058260872,-0.04606854916807489,0.10024326845773654,0.030266956037040903,0.009754661648916956,0.03417529302898248,0.018904640955949042,-0.03147413092287893,0.050614118561861654,0.0609526518078234,0.07200530953845637,0.04372760586345446,-0.05906812383097572,-0.10216742683880366,0.004436747885562526,-0.025759657749626748,-0.05432898008947533,0.08044040314456297,-0.0667787866572515,-0.10582528139321058,-0.0011968171724740153,-0.05761432965075018,-0.07405266789735036,-0.15013652418729945,-0.0034858116059902477,0.020213460373946134,-0.15441278662658456,0.07586172420126694,0.0350182708882194,0.04343041948270723,-0.1268108962476891,0.02118134568056744,-0.009870980863210947,0.09880157100056161,0.038441554162870636,-0.06195571100941258,0.016739243524594202,0.01384499873086,-0.03634214825196783,-0.06236877103310669,-0.023631137109559323,-0.021402670246128297,-0.03880093019726591,0.05316542412556595,-0.018164959451574057,0.060194800396712614,0.056826412456274324,0.05710414997825296,0.05512509042119847,-0.020556373104053144,-0.06249363014616821,-0.008958928444288765,0.05783076224106086,0.05190377197181893,0.004607720802406347,-0.04333028827681873,-0.001011254484111537,0.032497074296213416,0.019944152774436077,0.05315072619595338,-0.1548778411112898,0.12140105241837097,-0.003986015236421567,0.012940697102106035,0.15503584068186427,0.04900899703595344,0.10416402500639158,0.0576908157642841,-0.07885111536589275,0.14082697079385134,0.06810534676126291,0.06258656486518346,-0.05874056597338907,0.17282181986769096,0.13628459015300579,0.010376747066145041,-0.03668480956029896,0.14581478123023062,0.03717649540021074,0.13635473610864218,0.023849646790525293,-0.08283009109970747
2026-02-04,0.00403659000722305,-0.07351982658376639,0.059659114013902406,-0.019833741607497957,-0.09267312330016617,0.06941576541604513,0.037496464058310086,0.003913696814183404,0.095621950661561,0.10142648633811499,0.007736100104071527,-0.014837769823395337,-0.06605238881126198,-0.034973201509748,-0.020488109222463094,0.0015075866115180376,0.026743140666417545,-0.04201445448623292,0.10297996732774244,0.028914450762801094,0.010220319502996998,0.04282561123214888,0.012610425161330154,-0.025830764256432888,0.04612447159520555,0.0530945946249836,0.0793728628944693,0.04595483466827981,-0.0740864695808718,-0.08602196511310935,0.023369983173998354,-0.041050603574433776,-0.047747223709027134,0.04722059529363591,-0.06320582012397974,-0.10460708643189275,-0.018914583705653465,-0.08643437972472075,-0.06220533990575704,-0.14169233009130522,-0.007716710094328337,0.03329648903675775,-0.16368816145517218,0.07303595047315944,0.02543976973238629,0.04369213525011899,-0.08564295569159035,0.006283457508949668,-0.005706816496311098,0.09413725848127481,0.031805904534988716,-0.06542319569750614,0.021482552012545467,0.00918381940829069,-0.06756467926973117,-0.053618502354651223,-0.023865432944482838,-0.011433503993774631,-0.037911965589083316,0.03854203314615627,-0.0027038479089559597,0.03767888130560687,0.06089088636087127,0.04326991819711505,0.055646165964988115,-0.019311529460574746,-0.0729133545816082,0.0033291014042113477,0.07775875893054014,0.059699379751547425,-0.0026714267877162422,-0.047898586026690296,0.02538237197109002,0.04439871791237017,0.033127031783723324,0.03272687224547284,-0.15712958037413732,0.11815365619429594,-0.011616487056658168,0.004225899892335879,0.13553931505766287,0.039916159291621664,0.09680577022648831,0.0625443117720197,-0.06320039532069104,0.14015638891970125,0.07844260735627949,0.07996164049759007,-0.07904499314009321,0.1809507500012113,0.12881905586866949,-0.009347641705357788,-0.03994935271731364,0.15696262693872898,0.04455325811952932,0.157519511921045,0.021036670851204774,-0.05209178902134453
2026-02-05,0.011144090977372472,-0.05542205973038038,0.04384192510600052,-0.037059563226550754,-0.07684827076491436,0.06409862817338285,0.05327865245606945,-0.0023435854312379,0.08302465033428066,0.07165553621874658,0.012020146463957592,0.002148520149236737,-0.05831476879754392,-0.01890918331754715,-0.02546786264391273,0.0008551641339479259,0.01593050608612502,-0.02715672159818961,0.06711498068744266,0.012394799360549307,-0.0017754310996243982,0.03519629457803481,0.016420005550155513,-0.004148217025275179,0.04124448667997669,0.05490683027758231,0.047611420476301555,0.04103517309865597,-0.05078943616577081,-0.07829142281934391,0.014675036898531368,-0.04273869836895187,-0.04905759651565461,0.044279498573200377,-0.06822508428045104,-0.10203241183044946,-0.001546529097664815,-0.06896839861887237,-0.06906898769673345,-0.12005347893430492,-0.005667986930000519,0.03586882135299631,-0.12280006711321952,0.04596355224503249,0.02371174341149882,0.022417471321662802,-0.06325112298625797,0.003101570222372314,-0.004415790111240096,0.07957730861333133,0.024641344508441618,-0.06695408686388186,0.007909172340332782,-0.00501648682528744,-0.055272653988157006,-0.02674023816970452,-0.04415042843225477,-0.008806520420649762,-0.03820930332558301,0.022359558442887905,0.004953692937162595,0.03832671997091581,0.04368281711194051,0.03454226812530396,0.05285349163941308,-0.018812405671071487,-0.05422868538248096,-0.006995560216644358,0.05732404492713808,0.05226204422078651,-0.0007617204474768824,-0.05046986437663561,0.016061123991458377,0.04799735822699148,0.022704823003409223,0.03686694994115285,-0.1288098197070986,0.10920655867205153,-0.007882203538688624,0.009400288237019983,0.11251751045559337,0.046869222084095614,0.07548005320652997,0.05966616766455751,-0.03411076976343203,0.12875557999217005,0.07127180759727113,0.06609023801841174,-0.04446244064259185,0.16342691938594028,0.12315228028297362,0.028808466641078438,-0.015997708209108577,0.15141228322824818,0.04044168418104575,0.1469641553656663,0.00606069253143851,0.01650744070696786
2026-02-06,0.010484034327886502,-0.053470335697364604,0.04269164712130145,-0.03709175261658778,-0.07697696694047255,0.061993462630785756,0.05573526726218185,-0.00207399235494099,0.08524658609077794,0.07450448814602577,0.010626296933129891,0.0011853478547148872,-0.05995142888417082,-0.018550964933609297,-0.02581923088537008,1.616977958647514e-08,0.017321924123507748,-0.025851895419751227,0.06677192630878201,0.008964613853342327,0.0022393816468585324,0.03317744136959044,0.017936348945122936,-0.0039118319754304545,0.04378076213775561,0.05209206446858964,0.04822642511232165,0.04207525080460993,-0.05149938284810103,-0.08069388238572871,0.01901409402726366,-0.04564970196995134,-0.052665136533810136,0.0433621262682961,-0.06760713174865746,-0.10224465428762144,-0.0017256791346395156,-0.06994459360978914,-0.06924764417807092,-0.1172395109422135,-0.0034177552894128597,0.033279414151601655,-0.12048154504049009,0.04591717843664583,0.02541703840455594,0.022884770808386704,-0.0621685171215378,0.0036675054908721708,-0.0063103185833721775,0.07817418897083293,0.02544748305131419,-0.07094052579562964,0.005875606615854214,-0.0010228096854367,-0.05533279221083365,-0.028375250363405262,-0.04234672461998866,-0.0038158717277400264,-0.03872403966930351,0.02375339363327713,0.005613358974922451,0.03808730071081058,0.043118254735275856,0.03597953386796897,0.052181650440001795,-0.018544921721935906,-0.05658233548672417,-0.005873241337157742,0.0564377746963255,0.05101763783340204,-0.0005767096938472469,-0.051710454123682886,0.013520395350756081,0.0492927898366495,0.02175861005205467,0.03778911976818094,-0.12733787883653444,0.10486120066882029,-0.00947855926112654,0.01032381355625683,0.11388284580517372,0.044319652734619575,0.07401969444799733,0.060867604914390507,-0.03295468027813153,0.12741099079487964,0.07084913853633623,0.06439197390866891,-0.044413074372690244,0.16319277935527932,0.12285548717873011,0.030508091776283275,-0.015548986359710413,0.1519985555240606,0.03880002161220659,0.14705588690433277,0.0062200481443587235,0.019972411630264787
2026-02-09,0.010816634201930438,-0.056085708662103495,0.044711542501206715,-0.030936973228921284,-0.06997058541136295,0.06235677305359667,0.05345423012927034,0.0010170968511614992,0.08466474111725061,0.0748635541820309,0.01674003735157556,-0.0044417262033866044,-0.06080213038736243,-0.01451881434693973,-0.034549387633184325,0.004099810506855957,0.02328824657797149,-0.028865373028895136,0.0869068779095835,-0.0015932853307536934,-0.03327679357006315,0.031000623579634207,0.018123911112223272,-0.01159312409649895,0.04691123738582241,0.06205608410264893,0.08261653496691472,0.035216919822272756,-0.0692874310141487,-0.08361557268648413,0.02368160685507701,-0.042485686214610394,-0.04655584219114106,0.048329026483099294,-0.06652780717340762,-0.11562592917611582,0.009666590733353783,-0.09467407245574933,-0.06312210642402631,-0.1237912029756894,-0.017139759661404463,0.054402054556475746,-0.12820466835369126,0.061065471993176586,0.03166732323934414,0.027561625916711303,-0.06428862189670086,-0.005027495871168899,-0.015256650219855424,0.08132112970544994,0.043603874845738994,-0.07807081912940027,-0.003991294757237347,0.002929192933032997,-0.06970768532999368,-0.03726962700872286,-0.057572672478079595,-0.006941338255883023,-0.04051075052736377,0.028137864880552456,0.006484927818602508,0.04355485824336177,0.04543778234060027,0.03505198803213928,0.05237334686311304,-0.015691603308429766,-0.05334762259737309,0.004050099924918593,0.05714170557839353,0.05068380091384224,-0.004346049598602101,-0.04946671847212278,-0.012432672277867535,0.060413507229031126,0.022268579280824548,0.04273158624170578,-0.15059660666201255,0.08165854221927195,0.0062712185847036495,0.012735401476055778,0.12711088260290088,0.0363814844650656,0.08927963111979109,0.05255447463260102,-0.0496441634174141,0.1483981953396496,0.07158174891831454,0.07721155763972896,-0.0438647447833788,0.17064955276035992,0.1437841193623577,0.024820123298956116,-0.03365025659543283,0.15766673906725487,0.039233138272299864,0.15502462806747713,0.0020928083870288706,0.021484327238666792
2026-02-10,0.005957738523247731,-0.059712578619051826,0.03676039592000607,-0.030335997118793485,-0.058768886444069746,0.07629858720007508,0.06242978524504386,-0.011171150442989776,0.08810473128603254,0.08376605588342946,0.009400303418259665,-0.023196288959902223,-0.062135041167152266,-0.016772503565500717,-0.040647065888294726,0.006461066836601762,0.028335782739390407,-0.028044620460843626,0.09884622540841623,0.009423309609669561,-0.037911562817806374,0.06064802648434438,0.015832054905922283,-0.007326297252331583,0.043614488230974406,0.06093829255390925,0.08796886703827582,0.022391608881426578,-0.07254157384565942,-0.09500309617261636,0.04600862924456896,-0.013744075255423214,-0.039254930491697954,0.043643391771722696,-0.06328632832950554,-0.13278546646635053,0.008727453631076056,-0.09599283872243147,-0.04296263078441025,-0.139772472691137,-0.02189968556922451,0.0648009445698949,-0.16375594486943826,0.06297883529094879,0.05462535777296827,0.03352411008613069,-0.07233974975232137,-0.0007598524079064015,-0.017821497604798037,0.07084835208528452,0.02686373539331032,-0.10010636450391838,0.0044059552194986255,0.0158830645866688,-0.0819367705146248,-0.05517087206356583,-0.06536341204600767,-0.004292517010924528,-0.03974995630679038,0.03288951569057346,0.016569303063009095,0.028034823908892822,0.06192126981100779,0.035226547694874176,0.05163116365796021,0.006798230453225165,-0.049693977271579585,0.01542183339697149,0.05385202559604116,0.05599259477504122,0.005218711030224933,-0.04161854052137288,-0.024202746284330945,0.0646573859565228,0.010795464105411762,0.04082278147058135,-0.16417395441528568,0.07555394639533482,0.010038507187421029,0.024091851092244168,0.1256201843180749,0.029688494606887154,0.09302256630074972,0.05904273101421577,-0.06894824539378919,0.15873369533707263,0.056175190499741325,0.07408126554634119,-0.04724576212687473,0.18238145771608658,0.1635020812736814,0.01562553683944574,-0.037126711797590056,0.15680560157843054,0.047312775050986806,0.15887498301170933,0.0003081455145915856,-0.012605847754138347
2026-02-11,0.011885775836597605,-0.05374116067779376,0.028176333319219975,-0.03620434259887041,-0.05961091008897039,0.06387404798157972,0.08983659507423271,-0.010204366580540728,0.08449503042599553,0.059663891490581225,0.007982880889780613,-0.005634368735828172,-0.05527911961649809,-0.01748294476231496,-0.019872514548443708,-0.00122441467735627,0.04577794512503559,-0.030276308542669772,0.08757604947803391,0.02205865889142134,-0.04147887023642743,0.059370338357588655,0.02061774066534582,-0.008743731836681578,0.040641028341395304,0.05746378350276015,0.07882961993193731,-0.0026474642634413802,-0.06170058449818901,-0.08076147765840463,0.020386618598813626,-0.02888915542490384,-0.039577596339974305,0.037728806612900574,-0.08233786923327699,-0.1233986384961611,-0.020799639481786508,-0.08921176460479047,-0.052899454542084834,-0.13274233777688055,-0.032244020515998,0.06178687243730838,-0.1393446967304535,0.06206836056200097,0.04106464206728281,0.041517577391577465,-0.06651186526265025,0.012526862017922661,-0.018551316345218456,0.044110563795585,0.020872455362234588,-0.09723967027060036,-0.001051679181809059,-0.006377017137303242,-0.04131038168080595,-0.030846034099195785,-0.049877962762698444,-0.007308809944203977,-0.0381252256000447,0.03267248046982092,0.01291265594563884,0.020842800617681227,0.04171796664630923,0.04478258705081982,0.0601151641045529,-0.0010844098632262593,-0.061879023240659733,0.0021220545410304964,0.06353891944319826,0.061969780753475326,0.031012310493172476,-0.03432134012975921,-0.026591137994357125,0.0727631410298979,0.00508959463757279,0.05407381262763821,-0.13337096257823403,0.06880980080050911,0.014184566605940592,0.021289193398411614,0.11127738258552226,0.03837481386943023,0.08753432467153606,0.042793364544137714,-0.054917079894592116,0.14631377140043741,0.048040356401817585,0.06192382722016063,-0.03555660277902351,0.1699492044780898,0.14728220133299913,0.035488679608609505,-0.026687720427429354,0.14588590099865278,0.05122760935742215,0.13761749553197175,-0.012127851469110435,0.0381256038060738
2026-02-12,0.010029264379626496,-0.05953226277002033,0.03360268847998954,-0.03455273696712473,-0.056629269660289985,0.06907351529809716,0.08087713865917126,-0.011299624930164098,0.08360619879253234,0.07152766770009256,0.015364861138714287,-0.020798628182723447,-0.05660586107450874,0.00041902216709353325,-0.021372759642334718,-0.008893942890414714,0.05686177251347367,-0.037367953948867695,0.10581920465732879,0.017405895142562924,-0.043385441215671484,0.06241270284403928,0.018158427734622982,-0.009423963479640576,0.04287342922121837,0.06327760357922806,0.09416814183790077,-0.010151804978882873,-0.06485830535610085,-0.08300260198608078,0.019492085823306186,-0.023141875080712283,-0.03303920178844691,0.03789180204709244,-0.08846323898286439,-0.13696657799045656,-0.03331195326107156,-0.10194469673123785,-0.0466025236829379,-0.14214117833224368,-0.04021916224698658,0.06054213971297685,-0.15280459373648603,0.0731258950476985,0.046375252003947515,0.05431455971828383,-0.06645758217689678,0.015919714164348644,-0.02375256092718611,0.04915493658965885,0.019649581750534162,-0.10813305318153582,0.003999280656523342,0.00034467839121193194,-0.05167548879860339,-0.04119772314676605,-0.05120628239697428,-0.0044435382272561275,-0.035811356295584976,0.036710518451076986,0.020428669107021645,0.024337669215033407,0.05480734789647932,0.051566953062740645,0.055788977362154164,0.0033889624645337835,-0.06587595451067621,0.015179994375413156,0.06957812836243661,0.062056649328885556,0.03318965717207203,-0.031535376727369245,-0.032836061733522014,0.07086022271941286,0.0062224607531158466,0.052476045197368704,-0.14376916116832544,0.064387845935589,0.015294907960854158,0.025426347879044797,0.11527745440150988,0.032108132565578505,0.09265913128059741,0.04668969456246422,-0.06884033967481934,0.1574121460033967,0.04974869703237956,0.06531988740893802,-0.04879225201075087,0.17967016458378332,0.15807614525124192,0.024171187367079856,-0.04079315684018872,0.14542072692158267,0.05806679228526834,0.1401533511399257,-0.013853630717916105,0.012721349352386961
2026-02-13,0.008203229922762257,-0.055444091386088065,0.04621463340223021,-0.026138268364727872,-0.07412093553617537,0.0659879333652282,0.08421181110170595,-0.030684848397873367,0.07288974719962991,0.08664322349181834,0.014090491340280007,-0.03061037747432331,-0.04961958277843667,0.03143272551787898,-0.012044349128800707,0.011511768496290898,0.04321829542183374,-0.04974259600576007,0.08917782296923364,0.023673787168073418,-0.045612226050767826,0.05900593424726616,0.03792457347591305,-0.019023977394627224,0.02861962908768962,0.05909225563113357,0.06936375436358545,0.013020826620784453,-0.0692477838341535,-0.09415300312959116,0.0031613779953574717,-0.055129266852536066,-0.017138882719718994,0.05697758049805414,-0.08563285563986577,-0.10140605591417401,-0.027506663728800493,-0.07855043273068235,-0.047972127295632036,-0.12875736112337582,-0.052897148111140754,0.0654077669641842,-0.12328399152084886,0.07721682250938473,0.015376711837062242,0.022102800748922076,-0.06460594402926152,0.022096961499282933,-0.007734488941232949,0.03875096749667207,-0.002273002565635356,-0.1282864403364754,0.03679630159123366,0.011133760424875393,-0.05577613460792427,-0.05451168503001344,-0.059507583966863495,-0.010325453839970402,-0.013424547967870138,0.06300691959677962,0.029197185750941324,0.017100695356001075,0.055167008446387604,0.04172371218662166,0.04085786557450907,-0.0062576947301843915,-0.03417697220179891,-0.018823710807830032,0.04089141939106962,0.07838850396962659,0.040950224805221695,-0.02528954432903649,-0.0416855576803894,0.12448246296384709,0.01654478586078325,0.032276784357799855,-0.13660582398260818,0.055527250882487555,0.007668960288301713,0.012417181040214548,0.11979161924102687,0.013330926315002394,0.08906238201962104,0.06420386708655007,-0.06010106222263538,0.14430829055244634,0.05365352096030963,0.06509968474370842,-0.06041211048520671,0.17810459217838517,0.16925421833391852,0.003902268369570536,-0.051522660261286705,0.18834465907583375,0.04768679576992432,0.13957112152691678,0.0017405082846466639,-0.02152166621249626
2026-02-17,-0.010175088877150308,-0.0613813193406855,0.04297045744034165,-0.017105312619255013,-0.07597851974354079,0.0699795785590333,0.10499667139192909,-0.019198735499297133,0.07132758387624608,0.07690684613367706,0.005885181147933219,-0.029938962018159765,-0.04408710842215399,0.025087603565304678,-0.02401177377701645,-0.005980704675445479,0.030988962429322545,-0.027597700764160793,0.09061650350411755,0.02097210181668397,-0.042036818085755934,0.06279765540698104,0.06172662448520552,-0.02223575011468426,0.035186161468187684,0.053138200193392555,0.061416561096565195,-0.0032265875868155557,-0.12222600851685896,-0.08663861818295654,0.010144546148424137,-0.059669263537178927,0.0015514080772350888,0.07280940713131848,-0.07385989461262488,-0.119664284129489,-0.03747773675733939,-0.0715602908400469,-0.06171471988126087,-0.12826754179235297,-0.04404674645756675,0.05714127024743898,-0.12929144459544903,0.06676995203385451,0.014875902227433808,0.020889807760659997,-0.05724298306930581,-0.0037372340596264885,-0.02042001152949833,0.05799430868880842,0.023364091535987917,-0.12495168603430588,0.04668228345409027,0.02567427140087912,-0.0628137724335811,-0.05495358923425259,-0.022569995630436046,0.0246259281453726,-0.02296864284037841,0.05642622458329684,0.010894926343509139,0.0053008691899400166,0.0701642829677883,0.04512367036181837,0.05160489502495862,0.012044560593023564,-0.04935033036626407,-0.009897442858868536,0.034029567310381724,0.07740123322730776,0.03057238630555606,-0.015617523544928636,-0.0516690846376082,0.13013088476091586,-0.0033866139311455375,0.037509578734588434,-0.15036833931795257,0.06363783498130353,0.012460128559641263,0.03341877662860279,0.11626703269103687,-0.011849268120007883,0.12247160837897866,0.04385284522948665,-0.0441170914342158,0.1351278929765489,0.04138675905119376,0.056409024138136594,-0.052129259343989764,0.1798696023384795,0.17657665130588324,-0.03568670417344287,-0.05572812546347679,0.18627330990208826,0.06473995906259401,0.16499984878623944,-0.013964264078950078,-0.014421329870242435
2026-02-18,-0.018337322582119155,-0.05328461555981197,0.04103068111016875,-0.010259249062165443,-0.07585633568472934,0.08332901793691605,0.09500052182102209,-0.03129448308893389,0.058047601163018575,0.08474180050063497,0.014044378869446707,-0.03674920052006232,-0.046576713430375595,0.024384984910957377,-0.017572086366086988,-0.004368273829769042,0.024988330639520856,-0.023503906030268834,0.10060981473849674,0.025306071813686472,-0.03777768472638655,0.06957038798930357,0.049186906368907865,-0.011307661118424904,0.013552823486392003,0.05848092262239022,0.07438013727537035,0.009964019548056193,-0.13546616456254154,-0.07648634018798406,0.00508028917515708,-0.07882381058210011,0.01856839739607318,0.06722916166507244,-0.07173060618046011,-0.1442586355966231,-0.04168639887648082,-0.07767122166809694,-0.06289428838212828,-0.14691496904066742,-0.06170696060491179,0.07031388063360605,-0.12629167002384312,0.07501948061453827,0.01422993207973615,0.022780916656808203,-0.05947507691275131,-0.018627940125632868,-0.018669167456552185,0.05765726000190222,0.05108881383759216,-0.12508452506942555,0.0521437943401344,0.02367764625771785,-0.0852277082808984,-0.05095112397063619,-0.024461135723208467,0.035845321437744625,-0.02789669710656892,0.07587867133192046,0.004730110871345622,0.009491034687981176,0.0833753696665619,0.05155871291296233,0.036315574464722215,0.02389098768251926,-0.04964229245233183,-0.010854613802586162,0.04207484057246711,0.060910486873633374,0.03247683478002296,-0.012990542261733835,-0.0549729681404561,0.13882135628212805,-0.010485565708564583,0.045322958447702504,-0.1695768095616098,0.062005986029902184,0.03363978613088516,0.03184428022561077,0.11912082915477308,-0.021304583259145887,0.1356191222007558,0.053804822916986954,-0.05406510615231977,0.1513514359262888,0.039816129625620256,0.07489536673246684,-0.07019592709801722,0.18613676070731583,0.1772008502251672,-0.0479019552845379,-0.06332814415144081,0.18975001263839167,0.06881906170850335,0.15910785579434458,-0.01756760650295175,-0.02411444675500976
2026-02-19,-0.009970607359670062,-0.06735563772188473,0.04024795874778935,-0.0004569314760993655,-0.08092837461815112,0.09023384489184305,0.08466799042422839,-0.02912214497337383,0.03582183706671644,0.08612471128322001,0.0255760385807599,-0.03839971407347905,-0.05111945399588014,0.011137722781622521,-0.011260553398053654,0.0006685165378855409,0.028088254186547562,-0.02603951570250885,0.12457721387940952,0.023813922239220693,-0.04831672078393705,0.07836574441775254,0.05579215085807096,-0.0033826625091895168,-0.0013732960243956188,0.062438861775170024,0.08870448041577234,0.01575339668006798,-0.15170497858895718,-0.08664670830273671,0.007073875078731959,-0.06685651643752624,0.020006891007641872,0.07243236752344871,-0.06962560998713138,-0.15481651462489265,-0.051212626015369724,-0.08301440223018268,-0.06069985447159772,-0.1576946060382619,-0.0642768424392808,0.07674433724792044,-0.12571768966517344,0.07730321794892978,0.02208654512574143,0.03489350609460237,-0.06917648390441006,0.00019938348499405102,-0.017564147248401246,0.0593699138381858,0.0537061083116326,-0.14139244953150235,0.052855291283301804,0.041463232857364404,-0.09528485015536264,-0.061458484031842425,-0.02751613778903099,0.03856890552775755,-0.025593389434878856,0.07964501817946497,-0.0023669901929223667,0.011139106512506497,0.09017038772376978,0.04868996784477758,0.0380930820623938,0.020502155917200594,-0.05466734762157942,0.006708431919730716,0.03615332202798339,0.07307971590556346,0.03222683813100715,-0.005746636825736453,-0.06410145769630562,0.13887209721145274,-0.0067341708306489795,0.04646173079604043,-0.18681324738714733,0.038056405587491064,0.03821933872578121,0.025288540570275735,0.11713258173622942,-0.03154800194808871,0.13458867517205422,0.060936040459648746,-0.06264653678530178,0.16099017875871646,0.04229259810906234,0.07385173563560872,-0.07499969349581986,0.19808573244007927,0.192338957886602,-0.05597892924142939,-0.06466159504300781,0.18701037809761206,0.06675499657773534,0.17487199477331075,-0.01478740263586612,-0.03784631562141227
2026-02-20,-0.01073554068242164,-0.05670377359748763,0.04414057375312926,-0.008325589234765242,-0.0769940452803357,0.07697793732976185,0.09492356817930347,-0.022112305539936025,0.05060670892983943,0.06898926102472293,0.017536608155677008,-0.037625220273561494,-0.04315567732612306,0.026135668281467114,-0.012502522077573535,-0.0053804211138931985,0.02235408312582458,-0.009123308806709586,0.10030784153051302,0.024521072455787975,-0.050388992946372196,0.07008033914521529,0.04720442066890623,-0.01823214277771281,0.016338767225724568,0.052531043442044845,0.06409038360062236,0.005867079354218938,-0.12484121954635684,-0.08137962537584205,0.003948843000139141,-0.05781529168476732,0.016935892908840948,0.05917490308432592,-0.06597319808581341,-0.127470229805437,-0.02969748259648411,-0.06921374463347518,-0.07489341320633577,-0.14008304850327583,-0.05657148009078286,0.06499778425658052,-0.11142636015731296,0.06540418081823532,0.011820610576339938,0.024010744482294524,-0.062322711661178073,-0.005767208424010224,-0.005870403277826045,0.04363263610186187,0.03769391621188304,-0.120089855182668,0.03579448988966479,0.02805229199144252,-0.07779921089346523,-0.03861485577445002,-0.03135900817389201,0.044645163779357934,-0.0063591267291924925,0.058721480041346634,0.002489877122270265,0.008432194576756721,0.06868101839734045,0.04598850967349762,0.04447282426818158,0.009776561128534386,-0.050638491411486325,-0.013641678516136515,0.02922054049419092,0.07207597746188668,0.02898555055422706,-0.015435546127937705,-0.049334660391157054,0.12368101897662374,-0.00915471791403962,0.04441571626092509,-0.16331477949780282,0.05091154646505946,0.02048141508107057,0.03142553345431726,0.10987416684543082,-0.011845385449582973,0.11433504237960103,0.06128672999744848,-0.050631566080863596,0.14880772743598683,0.05163134908157377,0.06042957241541778,-0.05952799630464038,0.18240636484660697,0.17623601430336874,-0.02019167969321741,-0.05611489236835902,0.184702545518452,0.05688895726999489,0.1732086188894551,-0.010326211178892547,-0.029299047849716618
2026-02-23,-0.0046698951286101315,-0.06506637069172873,0.036396000370419665,-0.0068049266263427565,-0.07780795103309421,0.06937445853680226,0.09673178937444926,-0.03112894709248632,0.07081961386336254,0.07916180319823694,0.018962020158204175,-0.023367395209529268,-0.04495567583962065,0.02918402478539525,0.0063938578666592,-0.020733894375689725,0.009383804077827275,-0.04218333734223151,0.0959088627398879,0.03266783658674347,-0.04326385004604055,0.05817637124518413,0.023612443367759813,-0.023590100373303405,0.01916233871138552,0.05683371570582946,0.0702635746670114,0.031033689106875824,-0.11857676197689491,-0.09492303520060191,0.04607276121954606,-0.08329169751801702,0.016101732033279893,0.05783201371783063,-0.06576872838886898,-0.12298320800871067,-0.022103300989448342,-0.0826845606722388,-0.07925850340821065,-0.13292319523141707,-0.05501209794286703,0.06144818158179542,-0.10903474336909162,0.05921593306094054,0.008897256977889458,0.02660993302772971,-0.0722202566204581,-0.008419007436523034,-0.010422571767845308,0.050469755521456314,0.045607179551599264,-0.11673786940921192,0.04026334550778501,0.03459844980423263,-0.07423799435814249,-0.0478370033789164,-0.01914922799192692,0.04653977752921751,-0.004721120249465752,0.05667385618144935,-0.0018803269432613474,-0.00241427767921233,0.08355495038724103,0.04581850094738276,0.04545294383483847,0.006323481289469005,-0.050029942434283624,-0.012865701324034957,0.01995702880679494,0.06896890665401084,0.02200550635946954,-0.01154149401588942,-0.048707800980059446,0.13299457642170612,-0.02337108877608652,0.04928741262530643,-0.15376400553882744,0.04074028239731043,0.008627679856357566,0.029734225897882577,0.10841131589756998,-0.019631946823309383,0.10010390752268825,0.05804530755709904,-0.0546101217170987,0.15360227289142434,0.044402501234556725,0.05893531117573849,-0.04453456008292686,0.18877225336852063,0.16279768479915907,-0.01960435137230232,-0.06095693360129485,0.20011657741354372,0.059232277357238274,0.18402561208790424,-0.009306896917529771,-0.00921022097634742
2026-02-24,-0.0002203932392249152,-0.07406372384968728,0.03796120513671851,-0.022225756908186303,-0.09160919682388918,0.07651226609850305,0.09094813599256324,-0.010994785038315821,0.05347727909045469,0.09614445872396936,0.038805636964759214,-0.009621597670956264,-0.04073076352920315,0.046056468596736955,0.025026920570623862,-0.01122557713806807,0.006893708136178402,-0.0547545181268073,0.08619119782589142,0.017507350042824513,-0.037888623232393656,0.0303534766605376,0.04293288398726684,-0.00920211100869296,-0.0032855505307220045,0.04700416238332408,0.07955130113764336,0.025740215576530636,-0.11783268279893329,-0.09295098748187543,0.025576620772137862,-0.07266095061479223,0.015500754724475168,0.06335840038978033,-0.06230545509059915,-0.1210946395243034,-0.029735113845253812,-0.08627034572666896,-0.0338429065099721,-0.1391623437871469,-0.041139600353653855,0.06809515329710963,-0.08941207564818689,0.054976407937985694,0.02943645863445269,0.005288661516625397,-0.07929842243984854,-0.011733314637795545,-0.02470085108482123,0.05312570678349208,0.029348325804859896,-0.12668947694923818,0.019725731234631,0.026997035941235786,-0.06068590438925066,-0.04594675791662138,-0.006910642973981638,0.05153627610574418,0.01199674824871612,0.02400865587122064,-0.02242277365367469,-0.004703024201869762,0.05342242577397496,0.010658763108148216,0.033285691746915355,-0.0024018066692039607,-0.035422035010279615,-0.002370297985902761,0.0076942347240409065,0.08650155425147936,0.023474219978007103,0.005731253374696233,-0.03545249901870255,0.12844378472229345,-0.023164984512626538,0.09366740969373914,-0.18924869089334767,0.07654744784162933,0.0052205728463613574,0.025908110151213824,0.08961316062853657,0.0012348252276870187,0.12799485759377346,0.08038912054003997,-0.0357714287387786,0.1488052685788468,0.050481599393818466,0.04085252755654414,-0.03946698418668176,0.14976369137142695,0.1535079228760265,-0.021482271183148813,-0.04123649271020936,0.20306970395093682,0.06758023494332603,0.18886129638470747,-0.0346047682388929,-0.03684415557275293
2026-02-25,0.019559583573047476,-0.11129125344910598,0.04844375388242168,-0.008735160252875773,-0.10043633049453428,0.07976239363546438,0.07460950470449725,-0.018507867574126265,0.05910551969842186,0.10497455556470801,0.03916465371072575,0.009492526046923366,-0.04049630789285134,0.03998287073388803,0.009196075892330404,-0.0151547493977235,0.02410878711569789,-0.09076341758661904,0.09564469251854325,0.01967095867231578,-0.047391113681287005,0.050942849596475825,0.054731277207692657,0.012507073614388403,-0.018407463948413208,0.06764841208014481,0.07436643438300729,0.04393099514318035,-0.1314738715116358,-0.07168777707855732,0.015791272495135893,-0.09686218056321381,0.03888595122131336,0.046168912349879444,-0.08409930263566313,-0.10566280803881338,-0.014476464616234955,-0.07191799275958212,-0.05472018862249882,-0.10996212724256497,-0.03452874413027482,0.07168690550438746,-0.10645710513147673,0.05850218435367707,-0.0015065656332596527,-0.01539366710207968,-0.07890950333076606,-0.03628349649814631,-0.03622852839061894,0.03805054407135138,0.040415969678067244,-0.13764822361171095,0.009933936152982924,0.05325376431869547,-0.03434841132370376,-0.0538900199781077,-0.007959539127793435,0.07235923785879463,0.01481523399506015,0.032039730799556326,-0.015633967457807443,-0.008489008686714978,0.03235586456832252,-0.0003295097602343724,0.011649690988676907,-0.016272216774335498,-0.028513358116535076,0.014573042048758056,0.024505142338390573,0.09744235261713256,0.014173345971126879,0.026611508551711814,-0.029706086518527387,0.12518786813414057,-0.02925730848502319,0.09826242813704432,-0.22416345286260075,0.08829151236337889,-0.002889682536952128,0.03387017381399439,0.08748584618039351,-0.003952963585742585,0.11054892827133438,0.08740684485004949,-0.05456019526731959,0.13803261664753735,0.03347435505641418,0.030902490047715968,-0.03323804884841027,0.15556271390544008,0.16659456980180723,-0.026225189992870893,-0.022378958324844822,0.18172031658642845,0.09996033157447921,0.20953492837752297,-0.020671856455110937,-0.03641144612730776
2026-02-26,0.006793358921333622,-0.08561300375048755,0.05544930415726011,-0.025705222848642933,-0.11374952448551007,0.0796132213831944,0.07945851529889206,0.014334811310976536,0.0752198296845147,0.04637912950552231,0.03692871208548244,0.00763231919410569,-0.0406228307120326,0.05884260127705392,0.017889008048159766,-0.009054687159966284,0.04564209567164785,-0.06530883696344816,0.07042676815980077,0.004679882836198546,-0.057405477322920104,0.04997564753093433,0.08738272351612389,-0.006010115612033613,0.0005905621841512231,0.024223316138211406,0.0349208052221774,0.040889951392740535,-0.08715831078269196,-0.07407618676568124,-0.00497969958283284,-0.0971006526957402,0.056238002817011835,0.04463017479601954,-0.07243259490016442,-0.08306594751308749,0.025844052909974144,-0.06662100416303747,-0.057412850474902535,-0.1123140487377886,-0.04895665152166492,0.06568758808171662,-0.08822690826425708,0.03262402972725178,-0.007197142451949067,-0.0114707665680339,-0.10289843390974567,-0.05095413500016564,-0.040485221302600266,0.026083360028718347,0.06371215122785225,-0.09581865675577236,0.005110510651908906,0.0356438580372361,-0.0259930318458046,-0.04140752776030763,-0.007970615648597685,0.06407425146651395,0.019064027298780956,0.0075628315739166025,0.015765236182761024,-0.03218514827173208,0.032687173933430735,0.016953458537933022,0.04755768255853302,-0.03746104744823354,-0.02300050682272462,0.006066345956908482,0.03425215112232236,0.11167155893044982,0.006967878025321943,0.005439382619340552,-0.0025710888518954544,0.13553241725734722,-0.018848950094436684,0.11188766849451315,-0.16805533249671,0.07957966793259265,-0.014567681938627482,0.04159002310359933,0.08025261666679442,-0.03454652526405619,0.07898424238238903,0.07955006867381977,-0.04849304941813546,0.13501980492475646,0.029061428877449308,0.029065974477076373,-0.005332545887526626,0.141606484569249,0.16480695580799032,-0.006264866001607116,-0.03289666331365279,0.16854429986161795,0.08548822583134821,0.16102925282138436,-0.029383277879064196,-0.049290632496042125
2026-02-27,0.035767639964217404,-0.15946767948859147,0.053857123633186836,-0.009099852364467339,-0.13522529617444157,0.12529995691213136,0.058717947473135586,0.0032429436941187415,0.06261492300245455,0.06744456138614631,0.06310738656805669,-0.00125330140202674,-0.04085234767577394,0.008103194926423864,0.0434029631709455,-0.014747043764587445,0.06360054609953311,-0.11170566191912056,0.09368323454879685,-0.016423137005338262,-0.062453034992866155,0.08234271903220089,0.09070921208018828,-0.003831903032464697,-0.013357199544439249,0.046700400627806005,0.05990154548969344,0.09148491479393843,-0.13206391594198277,-0.12309537191184121,0.014707255383813574,-0.1267304494255751,0.07668081748506905,0.002779790336365894,-0.06838518011772066,-0.11129125458586477,0.02891614833447547,-0.10850478790227995,-0.018677673235174025,-0.12157024446277613,-0.05871993980964281,0.11420982091174557,-0.1019585658077407,0.01644851344794302,0.022108097579825195,0.003685290397890728,-0.1235469774053798,-0.0597603061118811,-0.07484663046662457,0.058946221144775685,0.10670316435145456,-0.09566340342486665,0.0015037452724386054,0.055017927578513516,0.010847891725698427,-0.10328268676500871,0.005383059663074985,0.06325047926902645,0.04372949173131527,0.03159524515456892,0.011323480996441853,-0.02531083423321047,0.04046794635067342,0.010004559735565183,0.06831105386726469,-0.04443706183490264,-0.020847885337471006,0.047809551193294844,0.06609545388526451,0.12572047130863673,-0.017334461211953443,0.004664619113915237,-0.016999312209946618,0.19583410177833765,-0.029759228980834718,0.14104901859804198,-0.22736158398397488,0.06512649097652763,-0.002785480825231031,0.055218144074054384,0.09034323100983964,-0.10010939699003647,0.056718307149747814,0.08222127758048468,-0.0816856120453447,0.1629063301525026,-0.008131209531536709,-0.017017508938000997,0.02010564304378562,0.1783434248625947,0.23534224636751858,-0.044566183209630156,-0.03859180525198681,0.18099631806888436,0.09995879105511728,0.17030470197928535,-0.06117243416507907,-0.0827354928311315
2026-03-02,0.03141829727754032,-0.11966249864958307,0.05368881848035033,-0.04190382333175339,-0.09607740006840272,0.08724556304309233,0.06895065878247697,-0.008175588283259328,0.07120302611770528,0.04253341288792521,0.039316429651547344,-0.009818132081263002,-0.04436992832508226,0.05547893861136373,-0.004026365180319442,-0.0188170625962666,0.0677075805926716,-0.10975252594107927,0.08073136811010057,0.010088431784202658,-0.037476277564346606,0.031990246800322794,0.11234825044606428,-0.006172727622612296,0.022524762057176358,0.045220002046868324,0.021858200661138416,0.030365384712692692,-0.10216403323095806,-0.08246641745817296,0.033120888646898466,-0.11670182942482311,0.08618055366693149,0.06415944386271627,-0.02549135204218926,-0.10956206597638099,0.026412262178142326,-0.08523359581204237,-0.05652266720703314,-0.07037651113761641,-0.03478879626930438,0.09217122808338836,-0.1336814205592195,0.016118060973766016,0.0020405036871026117,-0.019791127820765878,-0.09152617629068086,-0.042278652657125104,-0.011605089878981468,0.024082657058653784,0.05305412839399372,-0.08312796141175824,0.002341772859469045,0.042867483063733836,0.0032505741734144156,-0.027536012676307675,-0.011354557751111561,0.051384750821889355,0.029995230907170642,0.03949262006679681,0.038054439027819784,-0.06030349949095694,0.003221769100695467,0.06684551665783733,0.023904296488948026,-0.07318675856686886,-0.025164009120816497,0.02904591734987543,0.020445501883630368,0.11094383723195138,0.01387541656996859,-0.016166502397353302,-0.030712389845861957,0.15951564033712376,0.000662466882156364,0.11025449709293582,-0.15573799097302418,0.0999499698800098,-0.024197854368048527,0.0327308693463471,0.10623838279516436,-0.07228645906634766,0.10137741617581879,0.047435023954715064,-0.08216773985242116,0.14410361231802474,0.009513541762279714,-9.926196305369388e-05,-0.03170320522398097,0.1079398710855295,0.1771956890386165,-0.01477788651103963,-0.04341775693833429,0.1785126779756315,0.08166236580791807,0.1807118890530997,-0.027646779690507592,-0.025453447066349263
2026-03-03,0.04684266295326814,-0.13316695964443118,0.04753775386248439,-0.030416867216766015,-0.09974000997111733,0.09350024343467087,0.07126385312936132,-0.017880975935901267,0.05508561139693521,0.04838326908059926,0.0465522404931181,0.0013195586239654177,-0.050012857015085885,0.06378559254841151,0.010720098994729489,-0.031698722676838785,0.08055618044853428,-0.13694657723588008,0.09271559722936602,0.00040002738852050294,-0.04576994605791953,0.044992766387216526,0.12329464412817119,-0.013116177388771652,0.02283284265818656,0.0630600566616105,0.021022231149725963,0.03272417170185907,-0.12953637036540377,-0.08783160026951078,0.049685513695499256,-0.1302034205671541,0.10242909612099958,0.05086580221657463,-0.021531764060660825,-0.12454825939809412,0.029435037476784408,-0.09120845186825709,-0.05122235710546778,-0.06584869011983958,-0.03268794274484929,0.09483660046300146,-0.15866714169831425,0.0018463929952949876,-0.00019259417870750618,-0.0135192290912439,-0.11179714095037377,-0.042951702938882515,-0.006659404619830651,0.029478008586332462,0.04426569053399391,-0.10247697790809192,-0.00355356759880251,0.062321219250664674,0.02255643774169691,-0.026913023041300138,0.008960836826755993,0.036512663885551355,0.050280494713479486,0.054446644554706894,0.03946377804451081,-0.06065076486315914,-0.0107478542220202,0.06612634871325747,0.03469432526696081,-0.07084872385444653,-0.028762470540343414,0.0465625233515227,0.02681466211705183,0.10593975461557094,0.009181443437409863,-0.012204211564076492,-0.03496332101381339,0.19052910292084838,-0.0071065374125577705,0.13060467062709602,-0.15800393502772303,0.09297583712496386,-0.030328115850520372,0.020509521296464224,0.1107348984746014,-0.10297015483610446,0.11002172125223976,0.04998076581322047,-0.09935740328800866,0.1552010525603017,-0.015707230638956585,-0.01191785374459522,-0.03220035359550033,0.10919400300869343,0.21064968543005236,-0.03980602940965337,-0.033747066909500356,0.17819266261345854,0.08977707745428193,0.1903242092435657,-0.023022846957283696,-0.0395442793023833
2026-03-04,0.10204340122046116,-0.12092718815564192,0.03563030537087558,-0.05837457639247877,-0.09980349752756343,0.0762545058532748,0.061802327641734434,-0.02798476342987627,0.039526182513405374,0.05826074389352485,0.0427764190355997,0.005175124802521419,-0.04425766857638446,0.07394381783511782,-0.00234234505716476,-0.03805401318171825,0.07017855069135748,-0.11496431579216594,0.10319298407331438,-0.002992244965690007,-0.07049643642143845,0.031251471988596576,0.1152322938552303,-0.006413529097702325,0.027675361004155956,0.04246227823049308,0.008959857321361982,0.03209304530011092,-0.11815012328159048,-0.08377514504206347,0.04701353957189922,-0.09541046917168798,0.09617422051433576,0.051599992159404265,-0.025026133560367918,-0.11203198591571017,0.03680261012466767,-0.07868635463520843,-0.03135670133661452,-0.06873485257290572,-0.013894274071162447,0.08288791238208575,-0.14677030545770026,0.010292659241531,-0.009215185302195688,-0.022550342645757247,-0.1159835437793615,-0.0234679632928442,-0.006632419260760655,0.04089875792107055,0.022609439598179543,-0.1105367665019615,0.010812452058530889,0.07214495385685321,0.008870036636642193,-0.015383501932586837,0.022696018309905912,0.04229084252912096,0.030458041890333284,0.03249064261712545,0.040003518245093954,-0.06774988088992193,-0.028853166950178907,0.060068541485099575,0.040589669163618884,-0.06982688670272906,-0.03503947322304582,0.025400284498416803,0.0034844995299187515,0.10209664842682271,0.01528253204726514,-0.017116532920203084,-0.024221457352612635,0.20544598640031336,-0.007820289749875432,0.11016732270175154,-0.15648917504368054,0.09471509162010433,-0.02917081503275698,0.021884710742350016,0.10552020457693428,-0.0827864862185352,0.10948657094948923,0.043553885104660545,-0.08682651222527532,0.1456151007012369,0.002378210110018991,-0.005617411358271948,-0.032220472002733744,0.1186111557222826,0.18761014155386957,-0.03259627727884153,-0.05323215198657116,0.16964874285646253,0.0783344625367063,0.21148269322199212,-0.011233010608525036,-0.020864116335167396
2026-03-05,0.08694271849521017,-0.0734660414141153,0.028705537588364638,-0.07721111050215332,-0.07359010938007289,0.04580900527241232,0.11225144025492201,-0.012757939106811533,0.0638932487311574,0.04117118841680335,0.005717596877457433,0.00549091705174279,-0.04642151045973286,0.079793049549426,-0.01774630534910305,-0.01441820851652201,0.057083227267268694,-0.051826881078387725,0.05688422727134877,0.005940227854099938,-0.057643063042853784,0.011553064686765282,0.08677084185781664,0.007831275699813388,0.043751253821506214,-0.01528421006227478,0.004417346990323577,-0.00675757194810917,-0.07766513562710008,-0.02405037833304345,0.03731885083279349,-0.03698348282360567,0.051226045742308046,0.05571629842031703,-0.03579800872826751,-0.08476475821244887,0.031047390604320498,-0.052952369204366107,-0.061985886905258816,-0.05999470685167446,-0.014687802703400704,0.059235560878881946,-0.09676550427563518,0.026566760788842618,-0.013597991785043633,-0.008429323640930223,-0.08539131699465206,-0.0141721389369785,-0.012600840051226745,0.008205137480938022,0.04718525434740538,-0.06116644452655233,0.008197186380742301,0.03753987550452602,-0.005077999700413055,0.020246775685764024,0.016394777141912516,0.01358605169812454,-0.01585097917465335,0.0061705814055136535,0.030130093009395564,-0.06752113325963736,0.001746364075924255,0.04637320597326119,0.025118991311805262,-0.050689397273776554,-0.04472374774336198,-0.027938854428871077,-0.016168584035926692,0.09004290985155712,-0.011464388824534629,-0.015223581967034354,-0.022933080794939935,0.13864090945963367,0.008910804819223891,0.0942077480261536,-0.12134263219399656,0.08744226129144815,-0.031497456873982296,-0.012996198079181837,0.0774905084846006,-0.03664091544215232,0.09501466056877936,0.036738989866775276,-0.02770901891910777,0.1371060748469854,0.023223532001191635,0.04168904374272425,-0.019338013073256853,0.0933269428660259,0.12265334261399712,0.013556216038432866,-0.05913983285199906,0.1841794597438178,0.06333227317030314,0.19050447808498566,-0.021570158791503452,0.031883489442799284
2026-03-06,0.09355829413132988,-0.06368074468108796,0.027565263135634212,-0.08066601777783317,-0.07652808156848523,0.03171946810364066,0.1049607909688146,0.0007528463617303537,0.06880371379044972,0.04646435746058462,0.007988054350514326,0.012647037772330083,-0.04351623326364198,0.08331515858751931,-0.019187957323516122,-0.030547212344419136,0.064041173899875,-0.04499073794627177,0.05775243088929964,0.006666140537733829,-0.0550582797355217,0.01115501308472441,0.07632309129785919,0.02011915394170358,0.04009145086757437,-0.00892154322358634,-0.009363949529655842,-0.02414180016958936,-0.0853222039691756,-0.029074515627591543,0.03366187668340262,-0.04026548590244905,0.05082567490910267,0.05609974773522202,-0.030912120278747457,-0.07516572031695262,0.020762133210242124,-0.04638021643200738,-0.07052237314641482,-0.06329147786060389,-0.01857778006610733,0.055115252052132586,-0.09515342132380326,0.025201449073490707,-0.005395885815596031,-0.007913473994347742,-0.08280903687032813,-0.004406824599343372,4.047262370932177e-05,-0.0024681825479072293,0.04444051996551821,-0.06695063671164338,0.005011647773271432,0.029751018309867122,-0.0005534543695008588,0.013186878656318348,0.011968829615248776,0.01316791710743941,-0.013524886644414745,0.015385712048734235,0.03826159865093073,-0.06783999222510166,-0.005894577688812066,0.05173394749520728,0.03601786981033096,-0.04423044682911523,-0.03588521227289874,-0.02151931103554268,-0.017960825871676862,0.09727989909414711,-0.017309208894632652,-0.014913662568421108,-0.032846323043965,0.1368313394515121,0.010599686497052441,0.10178348464468598,-0.116574383181496,0.08359074393318357,-0.03157698958518367,-0.005814028322672837,0.08290586414381057,-0.028326604007031256,0.08843335080554159,0.04219025726353845,-0.023028540967006392,0.13459808146660895,0.03518812964471535,0.04096896465077921,-0.031897933965662414,0.09228409074639059,0.11290081847729212,0.004293189820933944,-0.07132303143411789,0.18118151546953395,0.0710204183490956,0.18687870674342183,-0.025683850649014482,0.03043065047916426
2026-03-09,0.0863033476488159,-0.06289340125400118,0.03728675195750709,-0.07421565054118132,-0.07517816032052455,0.02694902536007731,0.09033842638676838,-0.010203133042769976,0.06873763145663257,0.03627247648094638,0.0072913081132750645,0.022850415493059793,0.008346059699307464,0.07979360275222432,-0.032774841276128786,-0.028110406221425285,0.057379902373088015,-0.0477296906185667,0.04829200857945522,0.0010736652073865156,-0.06010681506209571,0.01407616456627919,0.08019716187393792,0.01905350119927288,0.03009106604745624,-0.006032117088322587,-0.002801226977381539,-0.015960468356824957,-0.08797524502712498,-0.02874960992022918,0.031659963669402644,-0.04703357704390053,0.045784151799520834,0.04848329322580748,-0.031223421419567916,-0.07065153138589225,0.025216477479701346,-0.05050218156268253,-0.07336035184594618,-0.06277743719542508,-0.009026370210548232,0.05363756110745298,-0.09431371005976116,0.03410703395187905,-0.005030043766214633,-0.00414306033403266,-0.0835315192482894,-0.0058575394468475175,-0.0006103493618691835,-0.010266779787833661,0.04693345152982262,-0.0692676230407783,0.0045443728650722045,0.02666767910482986,0.004345063257672395,0.010999075984503018,0.008573734127331568,0.014924314921364912,-0.015476361093011795,0.021635746419195537,0.03923774609357101,-0.07079477678549793,0.0048720039099737385,0.05439309930865145,0.03159651784837522,-0.044523245728470766,-0.04354649404160638,-0.029272252680019047,-0.02266654609198579,0.10169806453847915,-0.029610560526104113,-0.008808553444833793,-0.044447766018065576,0.14037275810514394,0.022463309202877667,0.09765750696262865,-0.11181159889675353,0.08611038956905183,-0.03603428202490741,-0.005060918513350979,0.0896248647719779,-0.039114741769036634,0.09016130510277083,0.045403554293865764,-0.02686831286437455,0.13025838589401115,0.033394768021969994,0.050446381611539345,-0.03854858027838455,0.09205137624124986,0.10911488056923112,0.01629871292155289,-0.07005678104049613,0.17603263735235042,0.07020173562222146,0.18027972752428,-0.023273307974003593,0.05672718108224828
2026-03-10,0.09175770014023947,-0.07039216500735611,0.036463343193325094,-0.06745297898036612,-0.07065677720137557,0.031522661949417906,0.09277773508624428,-0.02256440760335636,0.06655955506656556,0.041071881937660475,0.0038751475205359865,0.024983722487052544,0.012492193769124466,0.08818555376015776,-0.03229853619841238,-0.0276303015901904,0.05864868848693355,-0.044147850735026715,0.05339330377590372,-0.011330224720819746,-0.06422969229340672,0.025827573552662242,0.06823474592853151,0.029077424373967785,0.0295063159179815,-0.0036816922645429313,-0.0035095149028806626,-0.014423085134084189,-0.08815030017903942,-0.03375113288996569,0.028367706233178566,-0.04866340190308579,0.04288617498789202,0.043617618647677145,-0.03608645273727873,-0.07334597709374899,0.030893555075161644,-0.05294964864419209,-0.07995619669694812,-0.07612400983688182,-0.007805762350179947,0.06295888841917392,-0.11255703384065883,0.03705292921609764,-0.00919293244272487,-0.006648201531940885,-0.0930469110975268,-0.0028450059256234245,-0.015149761097128173,-0.006933085296224625,0.042303737577758,-0.054955498941774955,0.004494985028779113,0.04111617138135822,0.013800978888382932,0.010658854889943375,0.02695586484363708,0.016789447025017525,-0.013675064289698677,0.04627844304340743,0.07068938764140122,-0.08869317838700133,0.015870493589521525,0.05612940306770592,0.02891271828038932,-0.05561958817846967,-0.05670283438990292,-0.031231035483594884,-0.012538876790424326,0.09901821044976561,-0.04315998402825034,-0.0059744425629677505,-0.05790944303848243,0.15236655998865306,0.028192041081585045,0.10021756003374961,-0.11691888385396997,0.08192948350336071,-0.05020587487240882,-0.010174660258625413,0.0933219062768375,-0.05244615241718277,0.09532355028098755,0.04772002642946591,-0.04605756061849197,0.13486833461050732,0.01623924358076443,0.046888136207447625,-0.0358261882220405,0.0990386180017336,0.11827387702754363,0.007771356156460331,-0.07211679060981684,0.18199896862057616,0.08080817106378185,0.18611218924599213,-0.03618676027440235,0.07167272007047322
2026-03-11,0.09969285272030992,-0.08694162405525083,0.03894812117529289,-0.06383416788811813,-0.06936646813980842,0.030668269537856674,0.09228684407684246,-0.026191338869544514,0.06482600274201435,0.04599099768805835,0.013651500734706183,0.029830757374827245,0.011475091831834329,0.09272991701333473,-0.03549334327125345,-0.02375709009472471,0.06660905051351006,-0.04643872553542831,0.06177411904549927,-0.028870539621690422,-0.058796448215709424,0.021641719015593593,0.060768243901330066,0.042818977697300226,0.034451739680285566,-0.00145432380081165,0.0019093482984836787,-1.534926984957108e-05,-0.08678151223626644,-0.03737388442303351,0.021399531544434948,-0.06087261141650613,0.045340867945440906,0.042350126294726335,-0.03900182545747298,-0.07598530949404533,0.03265628181594982,-0.05070007084997106,-0.08793119647704456,-0.0698825847505342,-0.014851203037566886,0.07084837184305821,-0.12363560573132894,0.034145504787768975,-0.010985646301423147,-0.004840471362355599,-0.10810087993353999,-0.012047891303047084,-0.03220343869811788,-0.005522032069300556,0.0479538374952022,-0.06252986005043791,0.001829615537844314,0.04829921739535551,0.021400312185121218,0.02155336620998018,0.049431512682879576,0.02184851856709536,-0.012890003773177417,0.05662811654638636,0.08304423131472559,-0.09396195195153827,0.020570502329420357,0.0525345106571104,0.019886482605667347,-0.05870684316532432,-0.06404522573822856,-0.03625151241620899,-0.015361679207882185,0.11086435908343181,-0.05434561219784638,-0.009395062569994025,-0.06463377095567138,0.16753984503934716,0.043012121525774494,0.09504371752927453,-0.13313286412442188,0.07939948300154716,-0.0636777054724284,-0.021030266649561695,0.09512990793156707,-0.06515963879299631,0.09976203789236628,0.05779312285529545,-0.05169476458494475,0.13400267972362712,0.0009854981248718885,0.04208823179673578,-0.04814385478713772,0.09731498680751889,0.1331437615365312,0.005921733522567007,-0.07963364498999972,0.1885389443842225,0.10258617392705383,0.19105837565968414,-0.03911674789706026,0.08960715048194008
2026-03-12,0.09352518930277663,-0.07819007888837738,0.04858607230018351,-0.0651196805385701,-0.061681593646651045,0.030148711926616778,0.07364872089192048,-0.026298101448334756,0.0632688944880615,0.05378833062989155,0.00751764230916205,0.046677123750669985,0.010661220908669288,0.09595460413043617,-0.04963068902198823,-0.010696604423990964,0.06587733045708762,-0.05051111163121701,0.054316974600583504,-0.016055543708315537,-0.057016211707929795,0.019629415511690985,0.03822387116252687,0.0277337653952522,0.04344736270633024,-0.0028683760047885035,0.010103155930974491,-0.009441608882609956,-0.09287742998222173,-0.05015612738140411,0.002249528144323191,-0.06576283353777583,0.03507649413371595,0.05886736312743108,-0.049652299875536654,-0.07426602664580575,0.03062619422011778,-0.04142314112377525,-0.07537950767404049,-0.06726697021500429,-0.008123500171530738,0.05040812051522951,-0.08672322266891992,0.0020803774793699773,0.002969915226479821,0.0037327171200663015,-0.08176030576072957,-0.002595394358094952,-0.017070465769233545,-0.013404619032614863,0.05603289156591731,-0.04684551388072262,0.0038879072474309337,0.03764204658347512,0.01345844478848214,0.01634248299684076,0.034748006608368937,0.017986244502544855,-0.009735892264254408,0.031610196758056174,0.07739872728758897,-0.09959789172310042,0.008298465001825048,0.04267437325956468,0.03413049064512645,-0.05459724308137942,-0.06788800546703941,-0.036951064865370205,-0.01382395040426984,0.10223013680745842,-0.0431246518186266,-0.0029530223079793187,-0.056674299846616025,0.1458506610235189,0.05363878392522531,0.09076643412960994,-0.11537474092493023,0.08846638315449773,-0.05290272243090019,-0.008662666817200326,0.0786879518947876,-0.048604459576557374,0.08935438267484325,0.049027927972578406,-0.02917964990971393,0.12428281647106444,0.020965476764291162,0.05086175954563077,-0.047952595290864965,0.09732321657631848,0.12396333773995291,0.0017047246749478592,-0.06860802308423307,0.19407016949222092,0.07569706169972314,0.19103224744961816,-0.03224553946595738,0.06844053164810025
2026-03-13,0.08949271363391617,-0.017024862269559363,0.01602519544023793,-0.08761381853272851,-0.06124854380763653,0.028500579840739608,0.06684510647407761,-0.018309577689998975,0.07522017824972324,0.08215668735876948,-0.01338967015923218,0.04196898766461843,-0.005931858750403569,0.07227610428439855,-0.04445117265370388,-0.030233907576789974,0.07237451499002275,-0.016430931996700524,0.0914792360277695,0.02845800538134769,-0.03193531991189843,0.0042250770202477,0.006825217138956839,0.009154571445077786,0.008357013764698105,-0.007609787714831605,-0.001968508204806185,-0.017445056003645,-0.09454358305965366,-0.06185836774986915,-0.008359452788699364,-0.040727396809942855,0.03862500405354499,0.059607865563462606,-0.04876092585104041,-0.06395715161884673,0.015887176575322605,-0.036857231547595556,-0.04908140578855945,-0.07173422632532746,-0.003256498986127695,0.03950658734560929,-0.046586594739191294,0.02534867755725343,-0.019176128649093266,-0.026951139077563843,-0.08674320000437809,0.01242604822051631,0.012598272861767444,-0.02520559968294881,0.010790535600970859,-0.03547077329797782,-0.0032278703476821945,0.004442337131035217,-0.0005546028429618873,-0.013477473668341037,0.02021081779314525,0.024447885983843926,0.01455756386166013,0.014784055964386035,0.0478542799133336,-0.049547721269036116,-0.025790832985657153,0.03821448206271516,0.03585376715784952,-0.027505221953333006,-0.06551010837212298,-0.024892940724745037,-0.03716517486526953,0.08985819142727897,-0.015744803183962514,-0.004251195827018146,-0.04203109729787577,0.11251004587446718,0.05674759939659347,0.07254827364757722,-0.07415976091072624,0.08163519875802569,-0.046050647572133174,0.037961753120606775,0.05256411304511542,-0.04713169219809063,0.0991719143706857,0.05469582899863742,-0.02676607276141999,0.12769260414713687,0.04866326821783584,0.06618721199800061,-0.06563006382329535,0.09651312951606923,0.11408008779099116,0.017655899610492964,-0.044833315702932,0.16811409981921993,0.08704062234590337,0.18045406286254023,-0.018752964256368923,0.0332778005035259
2026-03-16,0.08424968719652491,-0.006613375515646247,0.021272082062763764,-0.08514085159770611,-0.05985386433953664,0.015542271869310256,0.06025897524058532,-0.004908076498259119,0.07901731214810111,0.08119442384556383,-0.02369058168537859,0.03327873033370146,0.003431136043369012,0.07152027440800486,-0.03714820616901323,-0.025256010407791185,0.062430715572832876,-0.010625116572360585,0.07894213794782756,0.01890582120596275,-0.03543488048541833,0.00856976374492182,0.015175757897525588,0.004450859008211141,-0.0020255120715692073,-0.023436043313709402,-0.00670184150544236,-0.011790163075360608,-0.07730497256073458,-0.04243209844976414,-0.011343211666182974,-0.03401162025225713,0.03246528197596525,0.06839512098540275,-0.053453972730922505,-0.05891454416581983,0.012982580053677886,-0.03260535315008867,-0.05675878703473486,-0.06462733539021012,-0.0046437972372604976,0.03599837589896743,-0.042333089351612,0.02472739748274065,-0.017347051456210252,-0.01956514220136333,-0.0854936176259561,0.009069287009069104,0.018415678030630524,-0.02034233278042734,0.009832216177765586,-0.030539620678026597,-0.0030413295848193377,-0.008549735783127595,0.0021744185496437914,-0.012705683794716384,0.01927095756785465,0.02261137492791471,0.02226987970260373,0.008095846729008468,0.043627673357485505,-0.03942233764898609,-0.023588100340725962,0.028160666610599065,0.03407610276727505,-0.014945414985000812,-0.05202385027187184,-0.022118081799647867,-0.03238440953622463,0.08468640652157068,-0.0034591401968687083,-0.0002704658844197936,-0.036790143177697646,0.10339972413905685,0.05122358734511963,0.07533155065298931,-0.06032983649197879,0.07392451224210875,-0.030486390325619436,0.022571046828505647,0.053038846314600666,-0.03756324652429649,0.08233820381498327,0.03763999769777892,-0.017372270230541074,0.1246417508958771,0.04894440402092513,0.06393359445369813,-0.052141076936991534,0.0856008834381046,0.10112124288706435,0.02196129340004723,-0.036507985946402345,0.15367563857669062,0.0819368506045458,0.1666413733312421,-0.019825430063207555,0.024842285975187006
2026-03-17,0.09474326162087003,-0.030022127975492446,0.02180809620966004,-0.08785513180334814,-0.0523032976943409,-0.002938103952842606,0.052396321996946625,-0.004517565492718553,0.08809051547154553,0.08469221256875054,-0.010079243542202998,0.02856583965560952,-0.01425213791247233,0.0839947271686022,-0.04028992827504356,-0.03052126930369093,0.08884923885886112,0.001529864054615247,0.10712871332232504,0.018978430758462957,-0.029544316578013798,0.017569195662095277,0.0037808092424359632,-0.008062829162255878,-0.019995629029041596,-0.018149559343358504,0.006716977027795867,0.001730335314917902,-0.1031264783990748,-0.05216423462106512,-0.009671823701727643,-0.047221488234450715,0.03794325962885115,0.07791779561559564,-0.06654423694987892,-0.06421923381614507,0.025952080133273797,-0.04780627812361213,-0.07056503548057645,-0.09270676410277405,0.008736446781948943,0.05132430763428323,-0.05910598025342885,0.028522610006769665,-0.020193980919990376,-0.027221547085388112,-0.10088201616232352,0.008975232500452145,0.023426061865907434,-0.0019303512925382769,0.017463973761021066,-0.02117939127114482,0.0036643287989089873,-0.016468372703416195,0.016062989820033347,-0.005289042987094874,0.03220183967441227,0.03643935683751133,0.02318626233886409,0.030904783422160437,0.054758179849677,-0.060431161790539145,-0.037989051589680176,0.03356606078625737,0.03192404317114934,-0.015181405071311506,-0.050292406106149205,-0.007503470264389521,-0.05639199393895897,0.07950033910993327,0.0007913329025506146,0.0001211211528159891,-0.04315369261216638,0.13335268525358757,0.06296274084769551,0.07035047954673189,-0.07704982778478263,0.06333176534236214,-0.047255923580389894,0.030359215644054846,0.053871584744398064,-0.06812641398189596,0.1151605768081377,0.043330493503679235,-0.046988931282340274,0.1345149627644659,0.03248058638726787,0.04864192614321117,-0.07333355552712129,0.07665246456381083,0.10981742970803941,0.009962245059586766,-0.053191216475769215,0.17866496210564342,0.11355016128668768,0.18756680840085505,-0.01279152374912962,0.01597993708798976
2026-03-18,0.08761482937353078,-0.02872532696946585,0.023884467106573326,-0.08479447443959497,-0.04967234952056332,-0.00044064711630337206,0.0595510534088509,-0.003265507886836881,0.08551004582040374,0.0772847972501426,-0.014864832853548606,0.033094771086363904,-0.011351133987715532,0.08070052425070297,-0.038712817618854554,-0.02487642753335833,0.07868094085670256,0.00010225614696086384,0.09209160683389314,0.022306377248228232,-0.030704388336283223,0.0153461434843041,0.009120433459494492,-0.01119139830842649,-0.02430827451942131,-0.024297028035265233,0.0038352633244860823,-0.005507480884979746,-0.09084353206271246,-0.045591004829209844,-0.011039275870813417,-0.04446229696702244,0.027344305313351316,0.0769209432270461,-0.05792179355850406,-0.05823835782884429,0.01955437741529822,-0.040588234570131214,-0.06781330130601565,-0.08581602655552885,0.00862616759286164,0.04346533694373913,-0.04606763314540716,0.026078394658030718,-0.017263326292173475,-0.02265858064463753,-0.09495283140876833,0.011442825282344332,0.02861052435046947,-0.004412438462680123,0.017518385976094734,-0.021460537853440383,0.008695138474442915,-0.023252690838489763,0.008254479831687677,-0.006801550201006352,0.026371634481818902,0.030844744516475696,0.02117351566331062,0.015224768102247557,0.056983044130612746,-0.05280009374570244,-0.02868351367057033,0.03161211101877307,0.029107413993919966,-0.010145636472724052,-0.04362384525785471,-0.01379394238320568,-0.05126492088002797,0.07813080590119938,-0.00463265106544097,-0.0048121614029582715,-0.03384199234145914,0.12214806475933652,0.05916271176352969,0.06629514221705311,-0.0787680068865473,0.07064981182051377,-0.04164161598973516,0.04047789076310157,0.04929770273936714,-0.0544072882623359,0.10008913239928927,0.034461826717015344,-0.03456267715487687,0.13054522075995914,0.04069426091919968,0.056857243050255094,-0.06315655243677047,0.0828413354414807,0.09884023439639335,0.02205401952431088,-0.04710926480156159,0.16380461303962723,0.09725091165130426,0.17759327318901358,-0.006087319484005338,0.013081160966666559
2026-03-19,0.07974506338173575,-0.05998117351965744,0.048855191774719184,-0.08995367554742192,-0.07422086793601868,0.006612004172018406,0.0356539859849474,0.0013449249810505073,0.1392242813691331,0.09541495183101166,-0.02030465985216634,-0.0050144781014152245,-0.023686721838404104,0.08663804897687878,-0.05989534356542622,-0.018125362097569,0.09747171937997384,0.03861490687469023,0.10029846444039132,-0.009512660978681113,0.0020931487106440553,0.03132937461338847,0.022650234174091354,-0.008201725506904489,-0.04170236734128874,-0.02807346196555753,0.030998032286138594,0.03576188439994601,-0.11311391503874443,-0.05371903879426543,0.008331370278659699,-0.06843745399134205,0.08007738445901509,0.06726330767539322,-0.04282887709626952,-0.06998721694108231,0.026287336876700332,-0.03948864397629489,-0.08053308382356787,-0.06912285392243234,-0.00505893867555735,0.058426464489674375,-0.08242788452942841,0.030707808719223843,-0.07930415277780718,-0.020985812040828597,-0.15775989592025202,0.021183728270781334,0.02330052979318479,-0.026970634213392908,0.016909490165682294,-0.013284211609258823,0.019599511187973373,0.011907907137572728,-0.016074589923332445,-0.028938539244985996,0.060823684510390136,0.043930071836620926,0.010371879804285415,0.036211171051687384,0.0591317736927765,-0.0696486745168323,-0.058452572647283735,0.02962626586789803,0.046781706131111454,-0.05310051847810718,-0.060316700083825586,0.02219992223597069,-0.041297757363883913,0.11560229287239511,0.03457264152952522,0.030686856412861584,-0.028999374429726346,0.15410959957222753,0.07604876985140806,0.07709269185362318,-0.10307132110326335,0.04014613065683116,-0.11906914365477829,0.023325545618985477,0.05150781305574051,-0.06388389598550279,0.13394863068866575,0.01848692119199246,-0.07822078360078852,0.15889124926310305,0.03885520895589599,0.043499718804015396,-0.08127429506471447,0.07621682558876151,0.10760558174782844,0.03181767874950087,-0.08760196059931549,0.17972461703668186,0.13282462056575708,0.1746819725151359,-0.0359823078518859,0.06220464808296465
2026-03-20,0.06823292790484843,-0.04407976391078316,0.04437117978670633,-0.08598788970896135,-0.06210643633999141,-0.012915634295516424,0.04471451847331883,0.0030093390780719506,0.11169381800603573,0.08702484075542676,-0.02205280511314845,0.005886257055267316,-0.0013606789856472744,0.0728561703485193,-0.04444709225837676,-0.00948557846253373,0.07257684659242823,0.037040381668705984,0.07961537162327305,-0.022178162909590016,-0.03515463191288291,0.026461562629775115,0.01383886899684569,0.009499947041009918,-0.04899561991081272,-0.044070935885734464,0.027090383177670173,0.030283508205788845,-0.0844895486158109,-0.046052078353463435,0.021353351108914894,-0.07172580795779356,0.07637626499725347,0.0914220602979246,-0.035317136179825195,-0.06950379642590104,0.01648997238454613,-0.03168086217268909,-0.07501210822611615,-0.05143526277523537,-0.006975964845363442,0.044109117568035296,-0.07224416135251965,0.029209440117081764,-0.06908161883141709,-0.027955836739238932,-0.13391044607032282,0.013498195235719365,0.035901073880061585,-0.02594761071982643,-0.0028595949248301465,-0.009188097811762946,0.010191601963287784,0.023135479680636978,0.008282970962040446,-0.024210688614635635,0.06313149027992171,0.030971123352885203,0.0022291596474364184,0.03561990532036549,0.05246414776492492,-0.04912815399548738,-0.05500402785105257,0.04500306077810569,0.05868868062167961,-0.061928354257833454,-0.06438162634229866,-0.006034239999281545,-0.05705683020735257,0.10265095260927268,0.02864441159868919,0.010638100226107745,-0.025119651283100508,0.13143737008269915,0.07153304655507851,0.059969945781922766,-0.0929809671613531,0.05797327368459347,-0.10873877850419057,0.04118687110618393,0.05061395711712126,-0.0435967627352952,0.11212411749411527,0.01027616969511087,-0.0545198611013234,0.15202405607847924,0.07108936900341649,0.04969976806732085,-0.07115887886098578,0.07198637962355951,0.10138971667645275,0.029183355256502105,-0.08359338624093227,0.17222036572085087,0.11226433584982141,0.18401151984796904,-0.009870980899438485,0.040348250370875825
2026-03-23,0.07724087105503787,-0.0268159719020956,0.03345184223997315,-0.08023166871157697,-0.05159902816219482,-0.019229695798456917,0.03574176770562619,-0.005319313469558216,0.12305586180736443,0.09791980923645145,-0.035638272430247614,0.008571008278543612,-0.029931597496545906,0.09794335215244392,-0.030151158148586578,-0.016337882435122693,0.07515178107318604,0.02760756687410862,0.09618862638641534,-0.015372010062913393,-0.018854228220462822,0.0014718964966700544,-0.0037193063598216763,0.022639796982705407,-0.05069447417031798,-0.05516676544881739,0.01232186485077197,0.01725985798586331,-0.08138539716670572,-0.01792740881435189,-0.00397753095684422,-0.07544851468735347,0.0681019451499509,0.06240252725307459,-0.028300165234276517,-0.09397829032267334,0.01639060739984942,-0.050048507787340726,-0.0847175530290198,-0.058283591705900265,-0.0026064589471765636,0.04551320709035807,-0.06491864859979411,0.03835990316963735,-0.057236270390332133,-0.03500056055011401,-0.11601400711352584,0.005811845916822782,0.02120608158211755,-0.024606363118259048,-0.005631297544679564,-0.01581305031834257,0.040345739145986985,0.030728797067244767,0.0030997428161199814,-0.005797979087808032,0.07260778394629977,0.03386516677795555,0.003810892009002949,0.05554240911444463,0.04133665265194558,-0.04873065076530152,-0.044654294805755966,0.04195131259551389,0.06773958111682717,-0.08761249939501722,-0.06479825814142776,-0.003928980480582071,-0.04596045000338821,0.10640748321786658,0.015642414169830934,0.020382585606594436,-0.029362774671900627,0.1235955356444318,0.05492135512387934,0.03737005831781827,-0.1117744678715022,0.056397531144982756,-0.10125515147282484,0.013346279437007018,0.05611307422827727,-0.014417513288821222,0.13819208437473218,-0.03802571322924286,-0.0568991465831324,0.14654181082225143,0.05517496162207068,0.05357300844011808,-0.06930464935843851,0.07667678095399234,0.10520366820833335,0.0329241028870256,-0.06816801673153579,0.1881547554452142,0.13019001770968094,0.19510517692645094,0.0009238370774412152,0.06342891570377497
2026-03-24,0.07632295891824115,-0.027627027057678034,0.02809150451297225,-0.06565953736486312,-0.041232898291823195,-0.013506471678615272,0.04224870297089257,0.008225702299667965,0.10778675116823058,0.08507571490289,-0.04026633711164139,0.007528661912542115,-0.015246337862533555,0.08333396858910487,-0.030572664551074664,-0.017710056860555073,0.052377792750113304,0.010209517284701201,0.06528774523190861,-0.0005040042798256737,-0.022051147548766664,0.0007565950715638977,0.0052906946021945515,0.008809464556817997,-0.0456379365903057,-0.05874372005847943,0.011613149014906543,0.010908340289733264,-0.0563153321035505,-0.022380294283384658,-0.007705792461142455,-0.06890387916963776,0.050960482445937955,0.06792539789353115,-0.029387003931146884,-0.07076205633478726,0.014680683752493144,-0.03793197227134376,-0.06905063117204954,-0.056557485871328986,-0.001086551393680987,0.03471465053460272,-0.04424947437691266,0.025983089774210405,-0.03302628608547779,-0.021545298766942375,-0.0940358304186769,0.0061487217393316985,0.022233632787515306,-0.029279196186202006,-0.0040814420657368355,-0.022436821006767117,0.026587448756058743,0.016041132216588365,-0.0014331678774441546,-0.0004784044924936847,0.043209560369363346,0.030268096957636194,0.00618342953689561,0.039946910503577106,0.04125639186884306,-0.03590465090483809,-0.033206618149871504,0.037421244460083165,0.06320801239865806,-0.05020613816760206,-0.057432394263450204,-0.01561313846584981,-0.02778023144060157,0.09825285238425896,0.00473051358955758,0.010632583442285109,-0.017674702684149002,0.10705816959707737,0.04101458284782531,0.03726002665993112,-0.08625991401233901,0.06570482794519271,-0.06885703646935691,0.007878523978284337,0.05265210290349798,-0.006478250075166383,0.09955215555479018,-0.024215334640122266,-0.02620413109494156,0.12691985916568055,0.0547414420861347,0.07160404327200942,-0.046790024520168894,0.08259377408257207,0.08918848465110059,0.03569770496238419,-0.04996824085216227,0.15962343408343155,0.10301515447220341,0.17568949908881032,0.0026738720961816814,0.03887610833047132
2026-03-25,0.06759534268346927,-0.019433693271717366,0.0476612126974259,-0.07760323164713513,-0.05911919658492926,-0.019549358913409053,0.016946133716040757,-0.0046478633661078735,0.14293641448343927,0.09780081528016346,-0.03724077316226193,0.004697185881263813,-0.03637772743671625,0.10343848564853848,-0.030238722133293372,-0.022370563798892552,0.0859494010371399,0.032478838655830435,0.10214310744431626,-0.011432627936803186,-0.01897334022745374,0.0029125544216289535,-0.008457360974895014,0.019569159646943363,-0.05517888783647622,-0.05077241030645571,0.018376363389464266,0.020095197776280778,-0.07902331289737002,-0.0442073957209813,-0.006250941831207632,-0.07909470280968409,0.0825795450258411,0.07217827885792774,-0.024798587668134774,-0.10981905117442693,0.02646700365748581,-0.044042847625298795,-0.09023289946799856,-0.0616741053266759,-0.0019530115131114762,0.0586885500429467,-0.07869482614046813,0.05203978300321393,-0.06270836699099869,-0.038011900099358314,-0.12663532826830884,0.02575461899935355,0.011948214906562237,-0.026471778081048745,-0.018465886266742594,-0.01499244384256278,0.047141210273621344,0.031015164977994232,0.011489703461713144,-0.01217457009367716,0.078918184422699,0.053543074211969806,0.001587659252966573,0.0734771799940532,0.04406077251236532,-0.06654815454162673,-0.056910821625224,0.0425132956393042,0.06598596213032107,-0.08734885007457918,-0.07097047357234829,-0.0023465963776935373,-0.05260433304380022,0.11205780579892002,0.0246110356515983,0.02285933388919041,-0.039965428561775825,0.126461595064164,0.0553327076470774,0.03601504988625314,-0.1162635815899583,0.04826279346666692,-0.1188135154091718,0.010888724063821659,0.05857226701228047,-0.017139286652799297,0.16478365672313863,-0.04985141654441686,-0.06545632367591568,0.15517381307806719,0.05322158512918134,0.06432663999119537,-0.08347769101872096,0.06950224167374382,0.10291922130075697,0.03187661020039011,-0.07515344968203455,0.18711143408510839,0.1264626403022453,0.20619978124330215,-0.005694015460692771,0.08056430090597409
2026-03-26,0.07853339677260725,-0.025392644223566574,0.033500943239792885,-0.07169295505704108,-0.04375647075923952,-0.0227106021698546,0.047890478302749395,0.0011477086583571387,0.12728640084005938,0.09440343803433629,-0.04907187125496186,-0.018491205547970624,-0.00694383172361057,0.08556171117322925,-0.039262485376847636,-0.012229702024196721,0.06226615918229926,0.011609468723036562,0.07987969893918881,0.0036995507616125797,-0.02217809322774271,0.012572997863520187,0.002216272566022628,0.012155517082243529,-0.05305358051883584,-0.06172291778101792,0.012071647632974303,0.009389817569766923,-0.06452045400202722,0.018317446434679877,-0.0012087701310207598,-0.06149607878671372,0.06622334729225679,0.07732034337595102,-0.021967599340457875,-0.07407807310513687,0.01671456820953958,-0.042907419191690804,-0.07063666913443886,-0.06353020998437857,-0.013150945918408761,0.042717075060605195,-0.06459570857595633,0.03123649363882805,-0.05344451142763329,-0.021105427138372657,-0.1014181113759395,0.008669699537366488,0.023501152334886748,-0.037520775902501954,0.00021618519013101058,-0.02376354396516881,0.022795679832199683,0.014115059504264905,0.0066753973662528766,-0.007611345295080946,0.05147848410384056,0.031145736182219427,0.004815032011459424,0.053557622798806444,0.03397337982630355,-0.031153341506521492,-0.03012740043221493,0.033881210205196716,0.06412781348746348,-0.06528292740720593,-0.07490222609402979,-0.01636100478804723,-0.03951148786635122,0.09912704960858872,0.008761837513703161,0.007363780104456602,-0.022015007334822548,0.11866520076197398,0.03962140148502751,0.04311065936374346,-0.09422871146246971,0.059318958040881074,-0.08169081100493465,0.010242308306554941,0.05478091973932141,-0.012961057558037252,0.12012902860746415,-0.031217132375015347,-0.041788067590168704,0.13065315759783155,0.04991430362134489,0.07809365665330732,-0.0602980968534166,0.0804252479952352,0.09596948341442617,0.041322269037773626,-0.05661047771778456,0.1639136057090773,0.09918373873252735,0.18542104785918537,0.007826974966423778,0.03809819007793648
2026-03-27,0.07068867578184536,-0.023558082850956598,0.02740138816889532,-0.06702904460800141,-0.03900601440008698,-0.01790171409600696,0.048304778216522404,0.0138776708920126,0.10949324464430335,0.08418033057041134,-0.05085138242348216,-0.00787949667168506,0.00198500477429097,0.08160199024829207,-0.04024976731414364,-0.010157389413180706,0.05002593374211449,0.01179366829804084,0.06300889382746588,0.006398580130545076,-0.020721924616826516,0.003059195751864951,0.006566996278551687,0.009535642582340045,-0.047923964627135454,-0.06208712521485034,0.004004744119297574,0.017080572244174128,-0.058417855383304934,0.0071327787957220995,-0.007951851702021435,-0.06002062324938667,0.05654203566879526,0.07609265025077026,-0.022482254584399328,-0.060864376620454935,0.010793901934482148,-0.04179263620627133,-0.0649261679168495,-0.057968712640146816,-0.010815989149971844,0.035942673261606904,-0.051879709810313555,0.026156567320844315,-0.03740573002936904,-0.018432899479266414,-0.09584835056376137,0.004758002702329069,0.021470102749460963,-0.0288319942522859,0.0026524327205916147,-0.0258716451272549,0.017687506633855397,0.005497441293054812,0.002343340465718477,-0.0029254245341223326,0.042396938224239816,0.03094097039992795,0.005144059152056835,0.042278740222149565,0.03727174367848802,-0.027228667471738695,-0.028316206183479985,0.032552000974544894,0.06861853442721041,-0.04871758377082875,-0.06527525038706873,-0.01941195547974025,-0.033723664162929226,0.09403584032253649,0.0007593245693892723,0.001130070513996639,-0.015449770392280711,0.10315207736895995,0.0394122811838532,0.042312547039439784,-0.08241648065970707,0.0674391461111518,-0.06956245037007974,0.005147066245643692,0.05161899721515004,-0.004489830408514516,0.09994316449298521,-0.02585741253026417,-0.0279336431911631,0.12610298226714475,0.05639167738957692,0.07783148079407201,-0.047225453351076724,0.07963192595416847,0.08869864976799774,0.042017006005155705,-0.0463831209678137,0.1601040712093206,0.093051682864157,0.1742567480171578,0.011313657684957498,0.026163488648589736
2026-03-30,0.06728186190505626,-0.016774210748230316,0.029050163318404258,-0.06956285075976704,-0.03981064776515341,-0.014599120012260025,0.04251729587501285,0.01407653749189444,0.11197095716544442,0.08313438912129782,-0.05472632364923408,-0.010176496734281724,0.000752933336756122,0.08463036695754199,-0.03908193611699152,-0.0069514046202979966,0.049729236787887605,0.011294074410146175,0.062013249252094046,0.007860217006462486,-0.018628609425720304,0.006694606312842971,0.006669162113798649,0.006557193951557064,-0.04375867830782224,-0.062357095407756136,0.005580123753929185,0.01598566062873484,-0.05956316978752259,0.014374599531678404,-0.01007740512602724,-0.06307222329770515,0.05679652970123307,0.0774717643089178,-0.02512366870317538,-0.061145488414405355,0.010141466182624771,-0.03996781994467495,-0.06526444302075678,-0.05717645757926315,-0.0077005118380176745,0.03836635769412626,-0.05141797854652477,0.024170042804601874,-0.03844742294761423,-0.015191573651328017,-0.0997370015562206,0.006671938504004158,0.018260592912160034,-0.028887388087122004,-0.0021634188010660853,-0.024978733486775477,0.015260084805199317,0.005116215490284621,0.0015977399421996021,-0.00067188590347661,0.04344293790395937,0.033549672158981574,-0.0005227991736315388,0.04090999435819073,0.03602416915456644,-0.029078839343437815,-0.026672093538581944,0.03348686712469281,0.07095885223103916,-0.051215825582240256,-0.06416893569593939,-0.018485623218205155,-0.03711939365873913,0.09723000753121143,-0.001874536458046706,0.0009022878060533177,-0.017976358852303087,0.1023407341598005,0.040886638830242544,0.04130641914903348,-0.08532607517787491,0.06525894016649703,-0.0711040817730828,0.007047625133166207,0.053363408017053436,-0.0002130422688033061,0.1002633934126542,-0.02644321075187442,-0.028405490289195083,0.13004362366277145,0.058750932078082165,0.07570838318633155,-0.05336738152314427,0.08048320102081562,0.08775736007238119,0.04124741627706569,-0.04594801763430688,0.15811573930300504,0.09421265930044313,0.17336996002442018,0.012449443452757343,0.03179964239749086
2026-03-31,0.07250581858875196,-0.009013143717377476,0.034816624900973356,-0.07302407626433804,-0.037205952668464784,-0.022158321342544487,0.03667533653838118,0.015366023679668085,0.10609017040202186,0.0882962851512579,-0.0560136620715212,-0.01213063929204715,0.005567764832902946,0.0832732538051681,-0.03687398332340617,-0.008703584154111698,0.05096561350245994,0.007442059080323608,0.05913404419897777,0.006852629601613778,-0.020690545623019203,0.0018092840142988793,0.009066411996555454,0.01537170121036986,-0.0422876647653493,-0.059076174677215154,0.007705459965329028,0.016653751825252756,-0.059789613850194365,0.017473159587293768,-0.01063717901232311,-0.06490380445344068,0.06021419989429545,0.07590435841273933,-0.029505047028118007,-0.06203861357310264,0.008545263233242036,-0.039023504656391976,-0.06497455677724481,-0.05306234734921057,-0.010577147828318872,0.04101660861172818,-0.050551465125929285,0.023281726112000647,-0.037593995886856336,-0.01863956969297506,-0.09941343150162384,0.00425697536046913,0.019580154240613865,-0.027871266635153373,-0.004744746746879141,-0.02170876061674378,0.015225051809919767,0.011128881701589054,0.008017173322740894,0.004188776595316902,0.03986356860318116,0.025878738688356308,-0.0029938051102550503,0.04881686369326213,0.03268453040518571,-0.03162315414008456,-0.026901280575193566,0.034719117177940656,0.07081415326923941,-0.05519619515438397,-0.06559530912367949,-0.020797013796488163,-0.03797667975423195,0.09900103499387879,-0.005451365567281362,-0.003173099653773711,-0.014291379948817377,0.10332033917931693,0.03683223919596848,0.040817266686605014,-0.0828475044829272,0.060483173546714834,-0.06960430383819266,0.003657823715130076,0.05795822004170113,-0.001388153962261423,0.10008320435612039,-0.025012136213760257,-0.024655690341254755,0.1280859503158911,0.058717301123522345,0.0842772384956902,-0.04965839485418135,0.07839039886637907,0.08576296662160315,0.03816648361382858,-0.04982988712947539,0.15510508785933108,0.09782539841308771,0.17361504030659283,0.008837017672168494,0.029070433263191614
2026-04-01,0.07871635854991779,0.006854382917237606,0.041948466430041756,-0.08118894167611476,-0.042094493624934365,-0.026115298694468346,0.03888528337629028,0.018599977875162654,0.1292428195850916,0.10012319889829421,-0.05787037919758749,-0.02994436998748278,0.011556820046177292,0.07776716110624861,-0.04532292194600116,-0.00983839349389058,0.051296359323476474,0.028917180839052273,0.07194760543023714,0.010190772608029282,-0.02088193931115672,0.011667188750779852,-0.006346295411839847,0.01525941388060551,-0.0481682632908906,-0.05633422320727635,0.010442742277278578,0.012314305562190448,-0.06615918268104624,0.018511764383655475,-0.03320217968105657,-0.06860893969924885,0.08177789902148543,0.07998475043220418,-0.031025919523441692,-0.06951022315617209,0.0011220994529350468,-0.037029176631166866,-0.06843304174762094,-0.06144545466633014,-0.013536808336265247,0.04674635729930606,-0.0627237656233459,0.03442867874370998,-0.042500602633863245,-0.021389114724787828,-0.10595222270549319,0.005144623505761935,0.019316064590223645,-0.03696027601529599,-0.00040683924569806,-0.021615251850413353,0.014891875757274919,0.014304427940005339,0.013893419610655879,-0.0007825200454991948,0.05294627364043537,0.028729207864229958,0.0005022966353717354,0.06207531450542326,0.034234027812524645,-0.03846956851374225,-0.03456314941599804,0.034333455432973135,0.06456544243288888,-0.07591537446386687,-0.07090485993788612,-0.014412380936282177,-0.044881155546806197,0.10747452816683616,-0.014417497532151878,-0.009892731138037113,-0.01328203184063082,0.11327995898747326,0.03302345031414627,0.05255356277193326,-0.08413943234171069,0.05943870331096984,-0.0813951211196932,-0.0035061619927526776,0.06120427887933849,-0.005082979871841352,0.12235017727686343,-0.03433404119008268,-0.03155331852100095,0.1330209378622454,0.05621570985131853,0.08566895079430813,-0.06473066660571292,0.08173098246442329,0.08146071068210932,0.04329210492935944,-0.061493368871419624,0.16611818862967256,0.09593932537813221,0.18283587693973966,0.01718151433745114,0.032333900554507154
2026-04-02,0.07946154397295901,0.008763979306162378,0.042791644683169996,-0.08212379904891674,-0.0412508289684954,-0.022533877201588115,0.03488750224126862,0.020519764988483718,0.11998311441164089,0.10288049448025181,-0.0609188355805268,-0.027917179360582002,0.012589072048287617,0.0788115551122768,-0.0501993829618326,-0.010129130109366306,0.05040188213213219,0.02943318755959467,0.07298120763792597,0.013334923599538934,-0.02125948386712246,0.013438383889090716,-0.0049558739491593375,0.015234096413327052,-0.04182239425565981,-0.05729207757856991,0.008496145948343956,0.011279423102032088,-0.06450280265934223,0.018931111883396565,-0.03194740426913348,-0.0711434219648819,0.08211375080160481,0.08058824702892423,-0.028794734689891327,-0.0686614974883882,0.0007991734732134218,-0.03900407390747526,-0.06644578026417695,-0.060314841984410464,-0.01618841198224643,0.043516341276853415,-0.06026996733714736,0.03395280823370862,-0.04415636072101096,-0.01736866027664804,-0.1056404153983806,0.004795777381035331,0.017870567438181238,-0.03807568959710479,0.0011445158532583065,-0.020941626042919,0.01288238523349984,0.016006622269804482,0.013119398623540175,-0.0020661920993132517,0.054474444953421124,0.031309710043898716,-0.0020058503427269492,0.06288485354088598,0.03581539833983041,-0.03769592863598778,-0.03395377396793057,0.03142298814840166,0.06618376643748705,-0.0781462249573965,-0.06917282120133623,-0.015256195503766197,-0.04206923130798781,0.1032074832216245,-0.01504223765923902,-0.011006120039770114,-0.016112964990193226,0.11421192752184627,0.03537016563245714,0.05062486327053017,-0.08434610516027947,0.061248898330864936,-0.08169238153843857,-0.004798153606864341,0.062291394028162445,-0.003389479586536962,0.12013669966406465,-0.03205301065366085,-0.03082562637583707,0.13150174997023745,0.0591498837048898,0.08704818427115253,-0.06980854417277353,0.08198460619377052,0.0817634768363822,0.041295499328136136,-0.062122578291162064,0.16783385086342809,0.09210849666398949,0.18735781406677354,0.015354723669849107,0.029832471830586238
2026-04-06,0.08129690030798614,-0.005975078908016943,0.03933644902643858,-0.0822123821480847,-0.030856655009279588,-0.016850510492558153,0.03962814723314331,0.023712100107461845,0.10564049239007478,0.07988463881543097,-0.06541181074323212,-0.01218469679080488,0.012231688539982645,0.08438565968446905,-0.04133823653659287,-0.011888658464690937,0.04224821316532523,0.018282842373588515,0.05656844288695004,0.007463652758146361,-0.015239066747681154,0.0005943157065990481,-0.009928237107775394,0.014374102965980433,-0.0350331036415432,-0.06574631261090937,0.01913273317591868,0.018427804806596795,-0.05939867080423665,0.016841056696864296,-0.03779926988118624,-0.06728721130535646,0.06315490702876342,0.0767091836162535,-0.02443726451297268,-0.06537338277452882,-0.005700439793024278,-0.033209511288357994,-0.058436596948578376,-0.053496738636208754,-0.011802270798562936,0.039913539644913766,-0.04028838761430736,0.026454889288405746,-0.033842707005052416,-0.014242549771439355,-0.0944270741383048,0.012152674464863091,0.017743022191662478,-0.04209591248778964,-0.01378211044704676,-0.019295666864161905,0.00950252878090078,0.015613272642145756,0.0033306352787831643,0.0012649428672555727,0.04044997750295987,0.028696475333688826,-0.0002444891442729587,0.051313894366995745,0.0372665565834892,-0.00585910780551493,-0.031223843241210997,0.03292741128756419,0.06552258604742642,-0.05653171283635877,-0.05897056889055198,-0.020034168328217743,-0.02859905002441332,0.10188496425460153,-0.013897043082359782,-0.009206533345017738,-0.009453657344819703,0.10092797333847589,0.03440112659823654,0.04778442180765997,-0.0714382274761775,0.06691417019421574,-0.06577966724246383,-0.002029107269357195,0.05858745431056987,0.0020474266354283087,0.10123367741061905,-0.027938466516175056,-0.01978297057033805,0.1257355987239625,0.057980368376182846,0.07888128821671808,-0.06358124176263986,0.08381684662397657,0.0753460264511843,0.03574449317839637,-0.048030044632744746,0.1551624531554243,0.08923531365679155,0.1713901788869699,0.016233378117848994,0.014807516280628106
2026-04-07,0.08356526667970227,0.00043190834392976656,0.03856174749269487,-0.0777713477246525,-0.036511750922136724,-0.025655757294840806,0.047593380064624186,0.03164062029132945,0.11611431354437352,0.08941128035349757,-0.06265027634851543,-0.026237677857456523,0.012555510920528149,0.08145614414610046,-0.05159430006020052,-0.009026332133916916,0.04051526973205744,0.013062006447003916,0.052165070602553286,0.00835611464196378,-0.024549025182983533,0.0013171549262595162,-0.019071369092620166,0.018278098754034012,-0.030682109511149726,-0.07012660551694304,0.012145434255025414,0.028558898806667378,-0.06857887947589761,0.018042157478547958,-0.04104300693703605,-0.07821635438846432,0.0676341406190063,0.087840605284148,-0.018811989154306173,-0.07460514661303905,-0.00855133544412163,-0.03797888557789112,-0.06111100195026187,-0.04871707554151944,-0.0115269929788489,0.033662103502708804,-0.037467909747881764,0.02619804267789832,-0.04500263710387555,-0.019644507889452704,-0.10260794797380625,0.016075122833024695,0.013695723299639893,-0.04927623986429396,-0.01605800090429866,-0.010231270990770721,0.014575108728026722,0.0207821637518985,0.01891144803371308,0.00038025897148188763,0.05150807230265972,0.03710876409286685,0.0010523004840234332,0.06674317241866838,0.03303623967675919,-0.002606499786037865,-0.025799744263317867,0.029745257932228042,0.07213359947630935,-0.059818482405446446,-0.06798267495229961,-0.015802190094221437,-0.04344568754996039,0.09740819410986723,-0.01055110955070677,-0.007160453863333473,-0.013069932666937128,0.09656668403764956,0.027670798898700166,0.059375466286925485,-0.06919550248464774,0.05715429485152855,-0.07875996456470927,-0.003706511101841387,0.056948026864672374,0.00024207870608537567,0.12301102879717768,-0.03383680157967656,-0.029467394770294218,0.13689144539068557,0.058754185840117386,0.07533975766516764,-0.07755478841355941,0.07315812732821805,0.07943457079973966,0.03894394949465756,-0.06364650985553123,0.16928346079285195,0.0910004966042658,0.1921085800816202,0.018246740672788864,0.029319593295029173
2026-04-08,0.08166493976723377,-0.014586523135118086,0.033082628644556966,-0.08498014577439189,-0.02313921725174383,-0.0037278939679036924,0.05237754037562493,0.026751882685214654,0.10087775728221603,0.08087517067231795,-0.054566353630882636,-0.013778918334819779,0.00042584949601688973,0.08036719396891262,-0.04901379657795445,-0.00812243693703373,0.029054546832071412,0.015135392808477179,0.042377924997093724,0.006301125702231537,-0.02657195112178691,-0.003240743305407705,-0.015596096311787383,0.012302742205257575,-0.027856841499393076,-0.0701914907531308,0.02011204962351141,0.021583099361390773,-0.06344907982772785,0.017312819427803043,-0.04079697971998474,-0.06269927340231096,0.0592433704334688,0.09121868150058464,-0.010159604955236707,-0.06114025671369573,-0.011116915698778826,-0.035487293609328105,-0.05877147358277471,-0.055969453217113385,-0.007687816979628571,0.030296475241199036,-0.04654043305964686,0.023169556430545177,-0.03677982612493535,-0.018482787478042252,-0.08467065994499572,0.004081392579518106,0.011605836176263845,-0.05111782906428588,-0.012150726127852464,-0.019490700608233845,0.01785782708920122,0.024023157383876254,0.02185038850874388,0.004537447505948903,0.0458034479672692,0.030986948113177634,-0.003970101269867852,0.056452200027819796,0.03910970446750983,0.0016051717824786572,-0.021114620665152163,0.023650092800181113,0.07262286007174067,-0.03298695993700383,-0.06418494237374592,-0.023905796683424414,-0.038918278777724025,0.09497126937322857,-0.01843655374393996,0.0020290920477542516,-0.009137083986957477,0.08304633868677903,0.026441326564457912,0.04850219012761272,-0.05453637600168029,0.05129593400895548,-0.058187873321657244,-0.0054908809501416755,0.04136462140557635,0.0031264641161756427,0.09326279507127089,-0.025823113765492928,-0.01588385266484179,0.12920247779219576,0.07134402928505958,0.06688602365354374,-0.06180728686778683,0.07389471283438735,0.07233345738700613,0.045812760342055565,-0.04847811414523969,0.15507866230716652,0.09705286349245976,0.18042401361474505,0.012543227598782701,0.027415872231911727
2026-04-09,0.08458844264398244,-0.013583148383592184,0.04500708814919383,-0.10378351671062512,-0.022611121689877625,-0.010059309956221977,0.05026548137046176,0.020117200955341072,0.13360054046047234,0.08362199634784463,-0.045806833447818815,-0.015693489664370258,0.0008983660516367984,0.08086807093263819,-0.06797667480674335,0.008083503993318692,0.027856142626602284,0.012719241737776598,0.05740860918390322,0.0020709184976851133,-0.01836337034173398,0.01901011513011943,-0.013561111920252488,0.017776528125254015,-0.035558551993871396,-0.07939722321793274,0.011750191357727023,0.026308210524802533,-0.07212950121200136,0.024732036654373964,-0.02269377251088938,-0.058783940449724306,0.07738499397794543,0.10789930536660429,-0.012166888495215541,-0.07457618537505124,-0.012271670144046077,-0.047185619569372436,-0.06634393468828793,-0.055733553108036196,-0.014228737947305269,0.03238535217267074,-0.07527185742343327,0.029915290986614523,-0.043440087265004174,-0.039662519287990625,-0.08705208202289824,0.0018885505020718191,0.0034097071951472427,-0.05210890209700725,-0.01236138562795344,-0.016077765030555746,0.015012625626981704,0.02287802196594981,0.007827087963413358,0.013858437808814038,0.046858841234676346,0.02787866793782829,0.00390421066594718,0.09395457930712045,0.04405457723901324,0.006232232402580759,-0.04306223267906789,0.02933207140468981,0.08035514433473155,-0.04270440218155526,-0.08239661589110797,-0.030456921473637183,-0.0310071301396942,0.10729755868908214,-0.02640480019492049,0.007517092161282686,-0.014553499477263141,0.08705007099679724,0.023631941688132214,0.04517919585994458,-0.06631362453998353,0.05149411771363769,-0.07228911753699385,-0.00498071718523958,0.0397493043987682,0.004400293562529531,0.09722804424004546,-0.014501069228433876,-0.03236982311601913,0.1354363913772339,0.0775729935229486,0.072306220414075,-0.06445518754877944,0.07476606872532596,0.05217648695876757,0.05417388220055424,-0.057506041049708426,0.152717350612053,0.10027501765873954,0.21768793468223432,-0.010207087916474967,0.029318676248604833
2026-04-10,0.08143249168234917,-0.01648814373921139,0.04301961871351577,-0.09343530505469834,-0.021676696499251594,-0.0029518322995738654,0.05272340723512053,0.02550884755700474,0.11872406493360421,0.07382714668479932,-0.043147095594437246,-0.012139279091121105,-0.0015735692864406615,0.0724262847097698,-0.0573687302594421,0.0022154528819811337,0.01923887868984106,0.01124246247376062,0.04740798032141705,0.0011957576852969446,-0.02215346654193287,0.013742481390389178,-0.012604989926035743,0.011282322744325963,-0.03457140673009754,-0.07689906590665264,0.012638162820751683,0.023755870574041427,-0.06189676525665802,0.023665743129719127,-0.029619192731727195,-0.052950701066761016,0.06888745825945362,0.098801562785699,-0.01680497353819104,-0.06596421499379526,-0.012370870687517395,-0.041178861897633534,-0.06051389330073664,-0.05202890946126184,-0.005944956009950436,0.02852893917664444,-0.06241704262872555,0.022586119969593067,-0.032909100796776954,-0.029976621842358227,-0.07997382313810465,-0.00016460806642457602,0.0038337256080230465,-0.04978527354732222,-0.0118234228615222,-0.018325461401136618,0.012575266202875898,0.016996045814193884,-0.0006500392936406741,0.013875808225101241,0.03839437016274825,0.026528910840788178,0.0012921845507391123,0.07732810083964349,0.04210691541301242,0.007682740783095672,-0.0374701467908587,0.030299034728413873,0.07936140933962499,-0.03396664997232525,-0.07062257607266205,-0.029849632056586854,-0.02115664953090804,0.10937989679742095,-0.021413075414527104,0.008951325153259167,-0.010196592606166904,0.07997992815173567,0.027788597541357728,0.046255096547177375,-0.0612574693073132,0.05437094537658886,-0.056933511632674724,-0.005458061905548763,0.03725092568542667,0.006542153236524838,0.08136266944451466,-0.014027774198690323,-0.02137934347930956,0.1268631458518051,0.07649971211684493,0.06945918281757696,-0.05441941765133154,0.07614892540731234,0.05430455417802951,0.04947192800272478,-0.0481202296013742,0.14445769833333705,0.09970374427755094,0.2017450682464774,-0.007285442348536531,0.02020382192494985
2026-04-13,0.06150425391198391,-0.031401163327088186,0.033562462868665176,-0.056779402987053765,-0.012407793128555505,0.01681363446931211,0.05479409096614712,0.0418765181130806,0.08838449536135616,0.06843537936967031,-0.044058558804681944,-0.01324471773860913,0.0013278312913234131,0.0431343383237897,-0.05681716594252781,-0.02747384848309846,0.006022389358214074,0.0087480427276926,0.033072782315466676,0.010745262728506571,-0.03736902817961136,0.002508863779277176,0.0060194077535333495,0.00273775596345034,-0.04163169256945205,-0.05625039214060344,0.018331885074460846,5.76193878147474e-05,-0.03529475156588167,0.026659792852685528,-0.03848813948783045,-0.033245590477553,0.04493210205193311,0.08099647442876094,-0.01843281285326616,-0.04657595656625464,-0.0024180914301892027,-0.02797689517598268,-0.0463459624109875,-0.04134907628790055,0.0063797141068064524,0.01648393424927376,-0.035948276536243225,0.001294322733725272,-0.016417099237203782,-0.009580910798179276,-0.06212863625122654,0.00041967110631588485,-0.00250872633020195,-0.006315477476538092,-0.022892123528658527,-0.012113683286996605,0.01200420807194,-0.003799642870520722,-0.0004259142146747271,0.010330819232258004,0.035036940156416126,0.017359539769296266,0.0015967434060797769,0.046548280946834275,0.05545640583258267,0.0009234643475426203,-0.021359285874375487,0.03504639450113642,0.07103009699345614,-0.00355877798168913,-0.05304350772269477,-0.03361327195563642,-0.00031162988968523424,0.11320806078765834,-0.010162005480686557,-0.0025653005241725816,-0.012699146920289396,0.06610040186846813,0.030967609600202,0.02421182976828689,-0.039856114182741875,0.05427851127637919,-0.028727600315200323,-0.013492786579923465,0.021660233016008265,0.024851000034550895,0.06531832595049027,-0.002795473868251101,-0.00924304527131514,0.11589995750977009,0.07644583686211034,0.06620203284197981,-0.021705352095978542,0.053262323247720705,0.0644100046368831,0.04530830006487666,-0.025751336104694426,0.1082605973196613,0.08389801105419327,0.16737781938453958,0.020052343488401576,-0.043712952408063305
2026-04-14,0.05847192438331242,-0.03141638872540473,0.024837910510882945,-0.06120967847847612,-0.011783883521193842,0.010527211593567893,0.06318855859276168,0.041491251831961784,0.09999109655428931,0.08454250816264844,-0.05460087086628167,-0.015609616944191095,0.009423463441055841,0.04299206755103859,-0.06882983184295284,-0.011802012014235619,0.009165664305829435,0.006394738712774825,0.04202665592275085,0.013926063172009494,-0.039572550693933534,0.00879979026857084,-0.005423834156250093,0.014702146647769863,-0.054638820188056936,-0.05273435441360283,0.023728813022703674,-0.0012900252906143436,-0.04356262706866719,0.024841878964122155,-0.03303185738566804,-0.03601921906889316,0.058485449805673856,0.1001778925162881,-0.02835624928500207,-0.05111266090026391,-0.00870138786039225,-0.03415173976802511,-0.055724004048187906,-0.036711614676061655,0.0005108213053246751,0.02670570896107731,-0.047602027551018,0.001758288555952071,-0.030905509691156893,-0.01732394427394289,-0.06216289936381329,0.0020035505379742673,-0.004668170233950549,-0.0062715003696029396,-0.027580963807416217,-0.009829323707409106,0.016856011451445482,-0.004817974620245748,0.00864269545790082,0.00812824779909435,0.04591671805042787,0.013004547129721447,-0.0057937327516842645,0.055805681085353824,0.059160588396149454,-0.006147867078431025,-0.018367101073585357,0.036740128752110635,0.07791639269602031,-0.0018545738390783589,-0.06235385928851514,-0.04483698782413565,-0.00622913243966205,0.11751528529245954,-0.011762657501431519,-0.009280261991260199,-0.01857220731314703,0.07213219390756322,0.024827393810993206,0.022292289563048125,-0.050373949545670454,0.05668601315969027,-0.05135193655457111,-0.013345434595726574,0.016661399185797995,0.030264772040852005,0.08183699158727442,-0.008157891560335183,-0.02165625278206719,0.12020144681729952,0.08434714428736063,0.07083260077724214,-0.02713255791222336,0.05040211066275295,0.06671954540460173,0.046396429758548983,-0.036569484966133756,0.11695810862066265,0.08340714645096726,0.19811809089614932,0.029323263337817672,-0.03855526186707741
2026-04-15,0.05514460103077341,-0.03268410469464263,0.026651901085422217,-0.05935943164797691,-0.014218345224877657,0.015162503100484705,0.07006993503650978,0.043134970411854705,0.09436934739155617,0.08532949114381264,-0.0561662774476088,-0.013502849405767152,0.008501540729010614,0.04448494578680798,-0.07639110921561676,-0.015646788999262258,0.008493901254605224,0.00444268934264417,0.04107243931783929,0.015582379161455252,-0.037944676160777756,0.011009050664188105,-0.0073405813148499,0.017058679178398872,-0.054945776857987946,-0.05762912313906349,0.02599838228004745,-0.003662201274522681,-0.04058633154045336,0.025448844060677496,-0.031365761384924515,-0.031186495399583833,0.05626262456941985,0.09644951681205613,-0.03339520017718466,-0.0499344814736613,-0.007404408851923306,-0.03329567719299126,-0.05142542484920013,-0.03833134866318528,0.0019053789097169867,0.031674896425206045,-0.0442960815135252,0.00180913586741927,-0.028693793979535295,-0.01747763427482695,-0.06595371675948573,0.00486249642467164,-0.004104129090853189,-0.005188028273116338,-0.027486912270324584,-0.009136589825589883,0.0187869883142253,-0.008035609142710195,0.010462691961869927,0.00993477318970843,0.04699058086157174,0.012027655417770537,-0.0034945521559221135,0.0605407932807346,0.055345303031152954,-0.005553198657542896,-0.019419755233395605,0.03574513569571864,0.07584407324313687,-0.004609168607579461,-0.060214659724477995,-0.044702104489469825,-0.00578220238459601,0.1181894245561685,-0.012163968871525993,-0.010300245214724177,-0.019406717021150405,0.07151429368620023,0.024075910515021025,0.023126110572101715,-0.050700588800722333,0.053406276394288965,-0.050997575364197134,-0.0127611994205693,0.01412138677518535,0.030328545669672524,0.07950504322499026,-0.009590632389826733,-0.02112315252071953,0.12012707878896008,0.08910004780405174,0.06821847635363897,-0.026951696525338797,0.049565249501682986,0.06780705755527176,0.0494832621641271,-0.03973218238497619,0.11541226959156889,0.0851165072985991,0.1940253509898066,0.03034371063861732,-0.03977115724765701
2026-04-16,0.05675573656972933,-0.031980990444662516,0.02692170646206221,-0.06007773010417085,-0.012171297627796783,0.013392817958411735,0.07137655521342856,0.042517246940434295,0.09599269997845546,0.07819423010077974,-0.057173433632172685,-0.014983039602789431,0.00837481223565378,0.0455794720433573,-0.07958774150259926,-0.01618097007383696,0.010300946024319042,0.004438339586304743,0.04205628826322322,0.01644372197805125,-0.037764124231873406,0.011805849229996366,-0.006891252989490825,0.01711846879336697,-0.05570466767250418,-0.060396484152943006,0.02566024862020017,-0.005558678577865133,-0.03865090813789798,0.022801367764392098,-0.030590569738380098,-0.03106249792365906,0.05697898582362407,0.09846725141118226,-0.030862213576963185,-0.049496036928509395,-0.00794882516359448,-0.03316690590238804,-0.05070559268990358,-0.03880024348216681,-0.0015673634434804993,0.031978048294915226,-0.045825133907766005,0.0018522351417038976,-0.02581045303198061,-0.017480647763779653,-0.06435649163303277,0.005297527297258487,-0.004482682283688035,-0.00483037321843679,-0.02776301203648382,-0.00985574791938147,0.021649297573760946,-0.008617576758727553,0.009417884721880097,0.010752923164141913,0.04845232585455361,0.012299193859211051,-0.0035409734634735523,0.058920239823360754,0.055943847632518244,-0.005683330526831612,-0.020782723929582157,0.0378838001085947,0.07501442670025397,-0.0032386181291952556,-0.057626464845361644,-0.04434488233792166,-0.005943584530932298,0.11505906615882538,-0.010333216640724821,-0.013116356829277845,-0.01885042093138034,0.07019926015038495,0.024165964526902728,0.020943095289657404,-0.050501975378679266,0.05174891051229998,-0.051746975237044794,-0.012150386763949148,0.013778564058048821,0.031727868783144604,0.07842804691588443,-0.008200380758940957,-0.01958705991561461,0.11989454118447347,0.08955507193851783,0.06716432934030508,-0.025755603396627066,0.04868016631225902,0.06527051795931021,0.05137695471741605,-0.040433271736980796,0.1181581520730595,0.08548475345162045,0.1955916931720121,0.0327667122645267,-0.04245225247233161
2026-04-17,0.06532654740177034,-0.031192469059170037,0.0275167018656814,-0.013852258625060858,-0.022590635829924148,0.004022206839575588,0.0709768279364257,0.038036594534889355,0.10137468037891152,0.07718358492860054,-0.07024164383834224,-0.010286325016664594,0.004934009045430711,0.05085034185170162,-0.08791612859779362,-0.02712539244068151,0.011237544032034618,0.02184583844681223,0.0421358089691634,0.01041595285139702,-0.0458796854665926,0.015786378177067455,-0.012766629027556554,0.009405008598320932,-0.05358873071452863,-0.05729418595082851,0.02196787942919231,-0.01656156440844743,-0.030554487155636384,0.023456273847537068,-0.0302311682114446,-0.04004177370598776,0.05300264947905292,0.11050683045444518,-0.029483080471858533,-0.045416524385685705,-0.01716865949300487,-0.024659303168488113,-0.044677050690659706,-0.04816993828581438,-0.001008433421878575,0.023386580901016696,-0.036335078456133894,0.006092262935042846,-0.030182572709789232,-0.018520117915366605,-0.06220557982226203,0.009354025113548742,0.00557193441948151,0.006217674410074599,-0.015252038302084872,-0.02174238536652788,0.027697850670740168,-0.005560613575880223,0.0058348092194549445,0.0070295440868575285,0.03632254293582828,0.00934120141158293,-0.0021894725867763615,0.06357974646957115,0.038861883535264985,0.0007989843515543629,-0.009674984662942475,0.042853176349231845,0.07438932821602878,0.0009730737651033484,-0.061447843158966606,-0.05793817253492421,0.0037032522603841246,0.12166660828475254,-0.01998156970717415,-0.015525745642964219,-0.008114336597998621,0.07812244519124993,0.026814838032734045,0.019134503420963345,-0.04361297345361637,0.04581525871990432,-0.060919192327141033,0.0014229991111030273,0.006578485031650741,0.0341718701441665,0.0688950007239878,-0.018403640417999828,-0.011446385925424954,0.11586309695491108,0.09823562478004888,0.05890947704301915,-0.04445440185778106,0.03950061433793704,0.05879341173297846,0.05983271447179021,-0.03460097981676282,0.11657947410419893,0.0901470588228062,0.18632522583148328,0.02317020621974728,-0.033154290273642646
2026-04-20,0.06808080034372221,-0.03389887159326298,0.032412562432893983,-0.010927215134261306,-0.02588201310349314,0.006101155092202849,0.0676529103144082,0.035587709771871555,0.10532994894745755,0.0738808923583918,-0.07370009978871629,-0.0110030329281468,0.009792990522023653,0.05082104147065199,-0.0893985422311037,-0.029230544479168286,0.013296255435819786,0.017155593484545754,0.039055105046785464,0.011057063765515624,-0.04393073544457422,0.01831235215111373,-0.017163305768589383,0.010314951970166127,-0.056154932817813655,-0.06010759410864061,0.020372364598527475,-0.01677558120779743,-0.02787426902990968,0.022346814734786474,-0.02975802315833414,-0.03885099791909054,0.05340661484753559,0.10729657936164169,-0.02513063972293751,-0.04250002437062426,-0.021943104476984138,-0.027007880491908137,-0.04404852840261215,-0.046147068094084594,0.004822278582324439,0.024950961161148186,-0.034543827883866854,0.00892248216884791,-0.03631850065783529,-0.024277106343362255,-0.07188421550021343,0.0074837477984359205,0.007982801220799595,0.006872575889649523,-0.01676204746042107,-0.019584410679535057,0.025519858473628733,-0.0029717566360302917,0.0025267323695966756,0.0033313308474308976,0.04001811118224934,0.0071146542348552635,-0.00720390424479987,0.06344481774066431,0.0410684057550597,-0.0052667607019211415,-0.010117066140126701,0.03961659309546065,0.06876460653449373,0.007710941592439367,-0.06073185080280662,-0.051776085691095916,0.010227342988383473,0.1197107968835732,-0.019703907227869646,-0.01790029465092225,-0.011864617093351107,0.07377879317485415,0.025995879612501487,0.017173944747758782,-0.04012706776692461,0.049445921769190465,-0.05121105012301742,0.002122021019496453,0.009412114838496573,0.030642391416356225,0.06861820574788004,-0.016702119105550695,-0.0127457281635778,0.11892112380336488,0.10281685322137481,0.06136274565785522,-0.047165946529151154,0.0387975193844578,0.06640995637526417,0.06196308704837451,-0.03183810913662452,0.12291310852709308,0.08773881703424025,0.18019783274036472,0.025689456044544607,-0.034233140521513925
2026-04-21,0.06493002318007975,-0.03396758719677019,0.030989562583866363,-0.007615332984785865,-0.021752808980108264,0.007910250950311053,0.06080001315447029,0.03177495843236607,0.08376562344408525,0.0675504282529543,-0.06433374895891196,-0.00797293071331572,-0.000904923778850316,0.044627740810565676,-0.07095167633393308,-0.03138503403626321,0.011026130574262192,0.02014795160098632,0.028621185881232206,0.016445064366216216,-0.04103115838805343,0.016912485585816622,-0.016849639886543692,0.006753732177889592,-0.04991910071079668,-0.056387890253529735,0.015745162216774,-0.01551690910127484,-0.019097518587572367,0.023725140666541338,-0.029427541845885266,-0.02860337873552521,0.037029052072422984,0.0859386908245078,-0.02355093389579562,-0.03868921751390073,-0.012999530868078304,-0.02002868107647944,-0.034795835831361484,-0.03827262734424964,0.007133864847042922,0.0212416072886188,-0.025951948732260026,0.01068167817089738,-0.029755629505710195,-0.019968686209224255,-0.06787473517304082,0.007266606905655367,0.002571019264219371,0.004651751004554809,-0.018531396666852967,-0.02023279148363781,0.01594957304795826,-0.0033254947228699584,-0.0017291572735729857,-0.0013796717589141267,0.03456471717485569,0.007797441936208346,-0.00407358662220628,0.05171270431637848,0.04428644203087857,-0.006538747900952905,-0.009027500644857299,0.031992658021623044,0.0621873133262233,0.010171195244616798,-0.04833665479999432,-0.041030780981346986,0.012238613340926404,0.11593645102854948,-0.01991095714961648,-0.013448029787677554,-0.005913641138789899,0.06943994713301169,0.02689267764355608,0.021823711402649056,-0.037481604351424266,0.05392873595541068,-0.0300759273577551,-0.0012207337789054088,0.013014079832453342,0.030311150264352875,0.057593129336149594,-0.015188612528730798,-0.0061392642340217015,0.1133759553004782,0.09466637177878336,0.06122676593416597,-0.030191258972652596,0.03991794299141932,0.060461945435508126,0.05976017036844834,-0.021810401570876346,0.11647684735973417,0.08696254005722624,0.16156632850936387,0.01906320913985788,-0.03836712179924771
2026-04-22,0.050977521819253406,-0.040365149842704055,0.031360467379236465,-0.01800341341924761,-0.018193054542081963,0.011386349335601797,0.05729763135420356,0.05776849031727073,0.08075249193655076,0.06830435692674154,-0.06237782898077657,-0.013048466298867337,0.0010935187891549063,0.041179629788734295,-0.06719974796963847,-0.027813191234521098,0.006145107021344963,0.023281971754876757,0.020927250866271313,0.02111832384867952,-0.04247763433828395,-0.0031528775798005376,-0.026530924650856436,0.00912247632186819,-0.05091067810355646,-0.0543465492529729,0.012325094090085439,-0.01400999264073907,-0.017422509906391256,0.03001814911444218,-0.031563177190446504,-0.02754034072943505,0.040915588836804816,0.07998383152588248,-0.013082078901072111,-0.036427613196563076,-0.0033580951752770535,-0.02189205548048545,-0.03797359158901006,-0.02846823057061921,0.014150195164438982,0.006942402380096068,-0.01300822387713312,0.005030817173921402,-0.024681755827333333,-0.030048056741430823,-0.07096106342527528,0.012946058968663575,0.006110308737868766,0.0039554123714780984,-0.028477346114575343,-0.02217771963074009,0.021225275210677463,-0.007708324287424911,0.0005913261027460301,-0.00480502346844788,0.04883767824066272,0.0021783065471426156,-0.004563995023725858,0.05459344913344714,0.045274049098676036,-0.010640528173793863,-0.007987023177438981,0.03227131907919372,0.04329670805301961,0.008210718169914507,-0.04728359183617921,-0.045433966417789864,0.013055632092009224,0.10565769429232062,-0.010101892796376482,-0.0027326883942211336,0.007085074873267809,0.07137876604043007,0.029923627914850773,0.01823178643582625,-0.0409055720431339,0.03868539400626531,-0.032971548642064585,-0.003788312750529649,0.011558382852928227,0.03559813222066618,0.055902192101580435,-0.011448910429425618,0.004498821369978792,0.11520287778600993,0.09894097598704553,0.052658647148848735,-0.024291414443065214,0.04895344047826191,0.058622020355394946,0.06107586070103932,-0.014340338813408274,0.11242706779324671,0.0894769751550404,0.1516078178087652,0.007966491533081137,-0.023565456498947653
2026-04-23,0.04788486941591355,-0.04652040080338898,0.036887933136620164,-0.027872807977021477,-0.005644898940626622,0.005910466538650245,0.059663521304552,0.045846466812581255,0.08091788051925683,0.06146066017048896,-0.06339142350934482,-0.012675927513514621,-0.0028900235460570575,0.04274964582664824,-0.055616925811676446,-0.02507788894045817,0.004166958175209352,0.02768340837749999,0.028917482341172238,0.025258941972195574,-0.051684726564720396,-0.013275713313615439,-0.020543552918028687,0.007017922099985308,-0.054432749450961104,-0.03713056985368667,0.008369813848680501,-0.0026035198270655258,-0.0122392353585791,0.031558669896337134,-0.03502754168990059,-0.036479366433056305,0.036087486906787904,0.07507006508633013,-0.005790207971100374,-0.03071846480235199,-0.012700204736721952,-0.0061700778543537765,-0.036143416971548964,-0.010961477208329668,0.021421662038505818,0.011887675231005878,-0.007125444359182562,0.0036167745041676544,-0.018381671729005296,-0.029236381606566997,-0.05824366257997071,0.0005356889532673881,0.00520210886472208,0.017975629481667848,-0.028357058433605094,-0.0331821013550706,0.013220087981087704,-0.0010652833265470674,-0.005618170286089573,-0.012864279289400269,0.06800500057699013,-0.005908769155054403,-0.0049180039018434825,0.061121919070024865,0.0403090390792007,-0.016625862957579743,-0.006693490715189725,0.02658533111246518,0.05441946709105276,0.00653352654724165,-0.03581699822760361,-0.02889208681042718,0.022891156657444317,0.09770926839433497,-0.014903330311384895,0.0008577611135652391,0.00306425700733528,0.0682786187988424,0.02577007185000365,0.022651315865546244,-0.04088552139302308,0.03855807975650011,-0.04408422230650555,0.002923513803281255,0.015972216829194315,0.04301691566148511,0.05731505822321092,-0.018118535363253682,0.011676051381043613,0.10528487103671352,0.088422058415536,0.05481434218081706,-0.027998400338643564,0.04281925342688137,0.06304898048295163,0.06451755119210054,-0.011515799492860567,0.10219529381300838,0.09002860014628765,0.13677771297163566,-0.00946395795717595,-0.04938889807593593
2026-04-24,0.05039048098995641,-0.040794092588687346,0.03594678278735239,-0.031465822945289657,-0.004612322918314404,0.009520194999948212,0.05224117550816705,0.04706441376373147,0.08250522595839957,0.055522891904847896,-0.06931031660955952,-0.003997847152029733,0.0008475475328072902,0.04539699046236874,-0.0523109816912906,-0.030842367118121182,0.00560581515503797,0.02970216914088903,0.035276447798821386,0.033575952826331516,-0.04800974894509239,-0.0087037490669236,-0.014095471151850029,0.00666113372162736,-0.058322031968165114,-0.03926070012100129,0.01212533095134056,-0.009044603351916298,-0.02019242732557284,0.03178223054480617,-0.04176179892674926,-0.03865773008726703,0.04629546257475975,0.07275666630887372,-0.002497874445163131,-0.015187163988193341,-0.01792369442566038,-0.0027697469261769945,-0.037836490384606854,-0.0110492056550785,0.02086930899279931,0.006946822727969598,-0.005470295671771411,0.006895899131727655,-0.019530599616116424,-0.033897675460379056,-0.05710018248543712,-0.011082973747811605,-0.001968326296709186,0.01006749472398194,-0.025502233992126172,-0.03078259542994838,0.022483102886254318,-0.003635033491307808,-0.005379944145549384,-0.020915209321267364,0.06407869911524774,-0.0031114416876351046,-0.010020093972714842,0.04933625344782813,0.05281701327461076,-0.01929056961566239,-0.010247012935472378,0.02608568700504261,0.05636272037286642,0.005615586842951754,-0.03143734190476402,-0.03234785618692938,0.024281104311916487,0.10388862527033564,-0.011951894467871363,0.00043383071270411584,0.0022830623589488817,0.060221036268953254,0.030711976049452964,0.018223659830367382,-0.03753318845650595,0.0370514333932776,-0.043294791687786015,0.009036958681138157,0.022986763560786744,0.04629183332854479,0.04103914901379604,-0.018074307655691457,0.01082927440261186,0.10029641229842426,0.09483723291749224,0.06190745654216953,-0.03092494605924529,0.04443959238223665,0.05872796904714648,0.0629674496920046,-0.01804479517055986,0.10471754071705026,0.08988064280766395,0.13118155322725997,-0.002774718975057428,-0.04804584203859977
2026-04-27,0.04762965843891624,-0.049170021006356465,0.021498378027095772,-0.03729197262407729,-0.003493021911684503,0.008271628091816991,0.060442675669208495,0.04654820087666416,0.10529637886310157,0.06148470863471876,-0.07197811902407236,-0.007848297425922126,0.010355904567939214,0.05750937527364201,-0.057440978906790466,-0.041403066860058804,0.012066399833570744,0.03753528279589459,0.050309381732286905,0.03564278760048104,-0.0532032511710572,0.0018340749519133882,-0.01776746131923506,0.02301793605274218,-0.06880094718370283,-0.04370410727651201,0.014211740109418017,-0.013404433484898412,-0.028424995069144317,0.03400970122347004,-0.042326526376127355,-0.046043884919276405,0.06090558478591093,0.08848152800498979,-0.0007379663304307327,-0.013133397892381637,-0.021858895772993214,-0.008653754420747372,-0.04017205266453782,-0.007689768165376745,0.028130470558071746,0.0029031894182400403,-0.003215062559984534,0.015984855509134522,-0.018379617316777654,-0.041764857758506864,-0.06231235531338397,-0.021642352624160394,-0.004826874131820926,0.005461361974410936,-0.02288522338604848,-0.02998559446728547,0.027602572106419886,-0.002050006477997168,0.002674302035512787,-0.024694901836394334,0.07656423374260608,-0.007481753407619836,-0.004265363880484825,0.0633448337605095,0.06166593923083737,-0.031140474507273058,-0.00926617567003809,0.02313587740702005,0.058236957056513425,0.0023044021825758317,-0.03997032124360322,-0.0439070256866696,0.03134346579216288,0.10894790357510567,-0.012935588944782332,-0.002380471138599018,-0.004064516227759057,0.06328211432319324,0.023185314939196823,0.014937635239834187,-0.054264210851453526,0.034495835079343284,-0.08327767006342278,0.007842580227172487,0.022874891272882884,0.05434146793765742,0.051983929093720994,-0.02096913955210599,0.0009735581029303459,0.10368276873415186,0.10450340790661611,0.07242448944411438,-0.03846861749895338,0.036663836043540975,0.05835816926265052,0.060520771916660734,-0.0372750123236578,0.10889591199894548,0.09398769457085517,0.143773801405711,0.005673666798655788,-0.05178342750656993
2026-04-28,0.04754978469501696,-0.04746879965246078,0.02030842662639059,-0.03816895093894389,-0.002105111363905591,0.007326773079119149,0.05313324478491863,0.043762004951380634,0.08466713873729514,0.05517777242328132,-0.06543058473984326,-0.010563003026459962,0.0052705688952168,0.05491178489272679,-0.03870911266718122,-0.03590844796604418,0.00642160905473401,0.03100491893442344,0.0405180901318961,0.0289581695751758,-0.04813717332268251,-0.0014786451297143875,-0.011070805443853563,0.022170488287111777,-0.054310201635165464,-0.03811675730357964,0.012400853817662504,-0.012724020639883227,-0.02082535655312115,0.03318047180945554,-0.044703130932947456,-0.039924414188768506,0.05188963890269594,0.07205348652016628,-0.006125904095200032,-0.014060103733427665,-0.016288926324262112,-0.004210434864651093,-0.03428336953211818,-0.0034296903154932366,0.02776073917729533,0.0007341421015060138,-0.0027021358600039114,0.010262811475165487,-0.007290721134163415,-0.03309954692191683,-0.055926378393968815,-0.011960483131385194,-0.0016139664793336922,0.008278367573586852,-0.01888669824000444,-0.031163816543206095,0.021174090278841203,-0.006342847547664903,-0.007647924822809625,-0.017837168120080446,0.06487663637439653,-0.0016240277913941673,-0.0034846456436262684,0.05467631599116629,0.058843557613019785,-0.02183192460545602,-0.010318082974775258,0.014561474015557224,0.05873068981870426,0.002670360166344539,-0.03221717799751315,-0.040756942549424094,0.02860724438496034,0.101664690225369,-0.013598242234855415,-0.0008837796126368886,-0.0003793084688040356,0.057778870805285015,0.028069633439687817,0.01772217489470417,-0.04244428962648693,0.04071591795124098,-0.06661170376439077,0.00888158972718173,0.02550560296490815,0.043767951981351215,0.04385111612189123,-0.015064476923591535,0.012086254960470671,0.09889002073440556,0.09556003009411933,0.06538310336181541,-0.03236809475196725,0.044066231545009917,0.058326233211239094,0.056211627444282056,-0.0250294316563558,0.1044193937686014,0.08877195932768067,0.13039522215823607,0.003733908912432086,-0.05855642855360074
2026-04-29,0.04791071219145573,-0.0513825694533585,0.019196970037125095,-0.038024292389891017,-0.008644045541537,0.004794202532580572,0.05251919175715054,0.04237894874401163,0.08596548926405434,0.055057130937886764,-0.06996394523907791,-0.013482388081448313,0.009534733016919253,0.05597411146680508,-0.03517066753680262,-0.03597878723835337,0.005740130249748144,0.032126544486223645,0.04029405779728626,0.030709144761073857,-0.04755808819978939,-0.003389076987177383,-0.015370971712311091,0.024587783357906165,-0.05269882362487427,-0.030419920962831547,0.0156060926181272,-0.009515594538241768,-0.02293099962216845,0.03364413882773788,-0.039553893403183916,-0.03932298639782843,0.0505564914990635,0.07372070879677535,-0.004710642935418122,-0.01683442823614161,-0.014010051597528462,-0.005387613068671653,-0.02996746105810954,-0.005679827704722621,0.026153982900750716,0.0010612652878310858,-0.0005114658085432038,0.01174986809214102,-0.008986810597079146,-0.03383704922756702,-0.05294629593876124,-0.015308816450804444,-0.005881989251753166,0.0007944992751239433,-0.01887144976658124,-0.030926410548470305,0.02194705873764107,-0.007791011425797674,-0.005774924184419798,-0.01196599301851607,0.0655380522656698,-0.0025101405832981608,-0.002884068488321758,0.05292434303773271,0.07060177893596882,-0.0189938557874803,-0.008151999096981636,0.010525318433817892,0.061485374932139895,0.0003471717316045463,-0.02947774161597947,-0.03748460116420166,0.02145058545615152,0.10478018865799923,-0.012103152439285522,0.00014463224893047563,-0.0010110173963147253,0.05712676148819768,0.03018398782266065,0.015625716537806936,-0.038896284884584235,0.04010085819908731,-0.06077074861717502,0.0029768707339145693,0.02113463272964041,0.03932833182927908,0.04405638508657385,-0.01791588492896097,0.01259789944722773,0.10351648494056943,0.09802634552585394,0.06710571005502802,-0.036380432383240034,0.041014249630252304,0.055692431846297734,0.056269651040678256,-0.01969994152815202,0.09432396620144838,0.09318832587453552,0.13143293902385952,0.00603045695353433,-0.07047354664014363
2026-04-30,0.05002397709582308,-0.056717489098583804,0.015208994887324643,-0.033508979798947146,-0.007020084513434442,0.0003110192183640656,0.05952524069696477,0.04369457492814829,0.10616893671832191,0.06523328776037135,-0.07612985731287374,-0.013502912002949402,0.01785888424502166,0.05840484821879082,-0.04767254066632077,-0.044382003608534205,0.01060259057609914,0.036608290848704955,0.048213416124701966,0.036919549071024745,-0.05007558767032902,-0.0013204306836097548,-0.02209198263058973,0.027974637818349794,-0.06509031158098975,-0.03446807231231346,0.017676572320870464,-0.011230818843759581,-0.03004696793860448,0.03717093398109896,-0.03897617547093951,-0.04621514221584388,0.06589639111105182,0.08915659249081706,-0.002519543385100716,-0.018319391947620146,-0.01945994215958486,-0.009099897551360666,-0.03966096267188071,-0.007872324495184832,0.027547256278283812,-0.0024021544778602757,-0.0029335497224365504,0.018105037623839252,-0.01849355850801139,-0.045006933323574964,-0.05457485258585194,-0.02349155725274303,-0.012147603975546926,-0.003576877033315523,-0.021757391602997347,-0.028731955723458408,0.032486081958362334,-0.010848533189785547,-0.00217604826294681,-0.01565738098139626,0.07752749808603251,-0.006548943353058069,-0.002049742144181757,0.06137918852907909,0.07803646932359762,-0.029682867261582264,-0.010267253759558689,0.014337333614119542,0.06369305971475463,-0.005068551720601092,-0.03622154872917399,-0.04313781040374907,0.020098582422496403,0.1081294405885835,-0.01412709945988177,-0.002977384044997141,-0.0007113511411427631,0.06253291735682198,0.02789133095390349,0.011821272493554639,-0.050332521719730454,0.03454576074101935,-0.07318043712305584,0.005915218192381857,0.018795145267161584,0.044932727790350555,0.05343818967230402,-0.017010919873655328,0.00545342020440775,0.11089453224527372,0.10741196231579953,0.07326596537607247,-0.045411986936999514,0.03711220517395686,0.05863737306757006,0.05797211518927451,-0.029201098837990706,0.10035682823483598,0.09163654031772449,0.14483061142354683,0.0067935141141156315,-0.05911698467243537
2026-05-01,0.05540068752741305,-0.06706322999994853,0.017266188982924063,-0.0402102812959132,-0.016615658530978135,0.01009722807039753,0.05271009075237247,0.05150494754595247,0.09140612067185412,0.05931238130489796,-0.07617795068657679,-0.0008363408604949683,0.021701670358552638,0.0622513903629349,-0.03615045348002049,-0.029923724905031437,0.010411728106007533,0.022084825446234475,0.04038668991632401,0.03193522971135933,-0.04657299535431686,-0.019399510942672976,-0.028143215639690612,0.02859133954961912,-0.052668206124165284,-0.027508470942630592,0.021491628865023468,-0.011109694996448363,-0.01544072692401603,0.04315442143281291,-0.031934235764294355,-0.033449848429086645,0.041445950794212136,0.07609364725258179,0.006454388012872319,-0.015712947446879816,-0.0026491067148781636,-0.000378921092378302,-0.02654541929643755,-0.013415458237447287,0.019248504300171665,-0.013211376117543467,0.00878355980014826,0.013826166128011505,1.9687933721000694e-05,-0.040105205880555536,-0.06000631528457698,-0.021475196808617328,-0.012894047369864046,0.006252655855904503,-0.03944026232623379,-0.02462634288154497,0.020412403738040003,-0.009319546836870725,-0.001617113836868779,-0.011971006907273663,0.05790098567477193,-0.0032797868148481627,0.012989611885861568,0.06052664430307774,0.06358677071864716,-0.018390267342404384,-0.013644480761011301,0.02218543871456872,0.050678849549286524,-0.019301390094908867,-0.02601713313331311,-0.040621995752639715,0.032570673467324604,0.09703320071216388,-0.010622106471877444,-0.0032180405198423377,-0.0006358358749554236,0.06125686213142817,0.032237631507182354,0.016163114345669718,-0.03925679450310589,0.0388164675707617,-0.059666354830884616,0.0034562118816597494,0.02000431046315438,0.034696894910231375,0.03898852684159438,-0.023664062084574472,0.019688967445167748,0.10404970828720843,0.0985407478713339,0.06648630808866113,-0.031406432879666615,0.0484930433250337,0.04926754997117157,0.0497005560034941,-0.012609725898531021,0.08788573065818125,0.09502360737487825,0.12872501504737044,0.010301812222657537,-0.08459155451606636
2026-05-04,0.06196546363496122,-0.08071147147193944,0.01771210166482614,-0.03042157858983601,-0.019415192993928382,0.009384228789313267,0.05965481845948181,0.06401032463037695,0.11239310907908122,0.06960822215332767,-0.08549702775384001,0.001044091022121595,0.01759896616761009,0.06013569324740539,-0.04719886314186145,-0.046634519926471676,0.01888711921568343,0.0437980318413785,0.05406307346943797,0.033584820556361125,-0.04484277856644935,-0.006652670699633946,-0.037945338030792274,0.038640801302683214,-0.07199748775203442,-0.023676967238396074,0.02260199843838679,-0.016177425932269673,-0.017668153004164897,0.04623484409757013,-0.025747891471644302,-0.03910338153170621,0.0730779644339083,0.08577590649807583,0.008165633006624685,-0.020317815098367324,-0.0005326379126835423,-0.001766814671074552,-0.02973927163095754,-0.01559007065489181,0.020910371685996514,-0.021338368787021014,0.0013904021072490037,0.02049835982558759,-0.006108650659313644,-0.050061057581613194,-0.05894202997128928,-0.03144022026801468,-0.016483157455782528,0.00092281780242243,-0.05044206444654101,-0.018508706800713745,0.015926194870769444,-0.007598914884266011,0.005222471567516027,-0.03095006281250407,0.07062959436798816,-0.024086577708681993,0.013973429677205614,0.059422870706367086,0.05783057053332739,-0.03219876713620834,-0.010064296190643073,0.020042333453970006,0.042692980481399544,-0.02941546644634896,-0.034260616687739213,-0.05336351354705597,0.0384997523806422,0.09445185077869328,-0.015528916362200431,-0.003937021162336718,-0.0027634463261743524,0.07247108008401479,0.03550168252407568,0.018208084490365806,-0.04909076943897034,0.03363015145631621,-0.06251983749344994,0.00576471209345513,0.025225334833155866,0.03784372694874076,0.04635507040215952,-0.027709311357171175,0.01796831272836515,0.10690173312846685,0.10852350986835055,0.07726270323390041,-0.039399577600926265,0.04498353825721858,0.04615816750945136,0.04648537924986633,-0.01826257841233058,0.09024418620655143,0.09963175201909823,0.14921179570074863,0.01196062553616767,-0.07897147060797927
2026-05-05,0.0630804068053216,-0.07489855616684267,0.019833623397951285,-0.021231443287217475,-0.017222295768847644,0.01592739914261393,0.0530181247463898,0.0595205585947391,0.08939523192664468,0.059472611628922055,-0.08036047130781382,-0.0018944101101915113,0.0008889370678470572,0.05631257812466547,-0.035519800514100586,-0.04121930724699857,0.01464518343718696,0.03330681765802435,0.038883242998907594,0.031770613960839925,-0.04560658748820889,-0.016430178205508822,-0.02627655875833792,0.029841930552572456,-0.06226148218158993,-0.02146444294786068,0.017675326429102467,-0.014219189304099154,-0.01631477172591944,0.04409163232304695,-0.03125438533287186,-0.031790267628268504,0.059766158583996296,0.07162821182830954,0.0023467946506872447,-0.02187045674939364,0.0006044303400373919,0.003658874285616086,-0.022384864138122275,-0.004532581341681125,0.015496432726654566,-0.014503347267431374,0.013786801675986384,0.016413926073825143,0.003963559058267639,-0.03353169327405554,-0.057461344249725516,-0.018451718300371046,-0.0084219900487128,0.00473673283217128,-0.037840754062784365,-0.020701680677059194,0.010963381186409668,-0.007025151488660059,-0.0010831590463354027,-0.028636266301602965,0.056744374135851594,-0.013559040842138879,0.011555646009582947,0.05388214400247368,0.05178510364690385,-0.02521152447101261,-0.009049619364173324,0.020332672888723237,0.04972445623043431,-0.02046172765901893,-0.02791664494481015,-0.04272997887919523,0.03310141949384996,0.08994846443291876,-0.01484002035001305,-0.0001294163314819706,0.001150428412964706,0.06288468989070196,0.038852139558726254,0.017806028067801002,-0.03735306313590226,0.04178400986732097,-0.05840183168035838,0.0041715003475928086,0.025149951664994535,0.031340594489200936,0.03821401341097412,-0.026368512245001682,0.023834739269595312,0.10548248844202313,0.09744309799428862,0.07461028002898766,-0.028426898971448546,0.045556527470133404,0.04306058529389475,0.04866340168604048,-0.008432517244929208,0.081502058328329,0.10323434442279077,0.13179910815915824,0.004701396939818481,-0.09205523558271551
2026-05-06,0.06843071244766474,-0.08202363575818099,0.01626489513440401,-0.019626105100620073,-0.01860512482787087,0.013910939531083697,0.06381851989100612,0.06994599846274867,0.10920691636266777,0.07014559053201651,-0.08691280153486654,0.00039130046196979816,0.005663350819164141,0.05694707742259488,-0.047345635216525024,-0.05620189741702451,0.019204817612062063,0.03825396327331123,0.04636265125025897,0.0366002760077093,-0.0486531189480357,-0.016073798319176914,-0.03578783847651944,0.03493912873956696,-0.08456152113162851,-0.02761428612189768,0.017533953523687935,-0.023270639510261815,-0.02659084394751362,0.04764501313690604,-0.025358899139436078,-0.03518202672874412,0.07983399725103735,0.08013614242522525,0.008104797281931002,-0.02318719484414828,-0.001818707643770871,-0.0019961783200393626,-0.02671743559423803,-0.004156842733098576,0.015200253092702926,-0.016779022844597827,0.011656335349657451,0.02069310582145842,-0.0029582646256503427,-0.04296435861984106,-0.05207540251007635,-0.027496159349498582,-0.012361579680291187,-0.0009200078025316596,-0.04496692112927497,-0.014588149000424702,0.014723763552216369,-0.004837925199863527,0.0003084373739306364,-0.03280787341641148,0.06134438791506601,-0.01492154945766004,0.01571364452941915,0.05746903619658149,0.056497228082131284,-0.0436918099561466,-0.007044069379147656,0.02303793546763791,0.05039923615357654,-0.028337877223926777,-0.03217432909937929,-0.04955025450070528,0.04159597575574437,0.08899027266383679,-0.015737505595096957,-0.005713195794090414,0.0016817528076210845,0.0702449740748192,0.041493852419756255,0.014615940574106224,-0.048659103628785005,0.03680524715851572,-0.06917360579140536,0.006056805246081774,0.022090609607737344,0.02999238059056679,0.040174193379939376,-0.026348213547385563,0.021489926709317764,0.1150413480384993,0.10802482839057369,0.08722649615134863,-0.04285798437940382,0.04327408349466169,0.03973631436106888,0.04787183939481308,-0.015279742114895604,0.0864831829004355,0.10749059322273281,0.1475067659555477,0.009406339299762976,-0.07374769133879458
2026-05-07,0.05902741777284256,-0.06626723155882472,0.02317585151853819,-0.015236455813548924,-0.019960969933866965,0.006669707149436746,0.04569946297862364,0.05822899537563397,0.06955709316193498,0.05101010989667568,-0.07906645762902277,-0.000841834991456427,-0.01942661870655566,0.045670002332977605,-0.01714711577497694,-0.027752865822262524,0.0061055866526301536,0.025095314623087936,0.033750719247654576,0.014358982152283834,-0.03514897362475335,-0.04069814065046017,-0.0269797321576304,0.02111116259678915,-0.04945759067495112,-0.023984303280764514,0.019213668292656784,-0.029546087307190702,-0.018107434335086506,0.05063046485205121,-0.03496590416893814,-0.01981355798603563,0.04991007835788088,0.03754014879072873,0.0024670820193971148,0.0003541508758083227,-0.00019163971516992194,0.01361250189232589,-0.012697066105359789,-0.003407049990841465,0.013737858070928984,-0.011009206151499083,0.007895638759219163,0.010128996280279617,0.015099587197121858,-0.01895053570875227,-0.06591592037059468,-0.011416486636392149,-0.0068669562637323055,0.02300208435267103,-0.023814677143235305,-0.03212848249682375,0.014093011591166896,0.014998643278555525,0.0020192546779236806,-0.015578541452329718,0.04145800500579715,-0.0028898420677022415,0.026672258015902457,0.04873158082099856,0.05934653782801459,-0.021900572788306143,-0.005716603821001158,0.011605303242017001,0.038937784350206076,-0.02000841217802135,-0.012629910114548974,-0.03111984687817059,0.03870603360804218,0.08902360948284044,-0.021178483703136748,0.010394887031490439,0.002285838463661453,0.05071707027498652,0.039843070662349,0.018621059712885406,-0.008939149926151658,0.04693383843533523,-0.038938413962699044,0.004703597238096156,0.022528936417992147,0.02565418929575499,0.03256107267073538,0.017501707433798336,0.03005719549848223,0.07546740173101475,0.08130458772024846,0.06827655496298528,-0.023690832525350522,0.03958314224271955,0.02851025391667391,0.04347496963943187,-0.005922886769726498,0.07406956489619758,0.08364845379614895,0.11792174349353346,0.005739971009405794,-0.08913100245969924
2026-05-08,0.06957278905345031,-0.07800543382815496,0.02679535099733054,-0.01719337649590582,-0.0192779316323854,0.010813947858695848,0.048466218923577754,0.06666020908963148,0.09325730213240854,0.06694185976530384,-0.08729658051539214,-0.0010742889420722167,-0.02397788958765488,0.04290353032521742,-0.024009837998837193,-0.030240029035506787,0.006773757543964063,0.04117992067707965,0.04196900625374776,-0.0037648912877170614,-0.03647774447520538,-0.0439882145353173,-0.026095282736119205,0.02209556978560047,-0.0697790675851084,-0.02719238135574556,0.03365412447356851,-0.036598141292171635,-0.024305312943277133,0.054116159080439916,-0.02687706158565096,-0.020113833223285173,0.06151377229085614,0.0452624871086177,0.008132067974064905,0.005481818928154946,-0.00015339874378893746,0.015053301002728675,-0.021309446071050307,0.0026883494798719256,0.015655171910949443,-0.01588113655796286,0.014757131008466541,0.005996839812002664,0.008828794937190776,-0.023657677453766686,-0.07086458221448351,-0.01784982770332627,-0.011112880192541695,0.0142051249726592,-0.02258310360161765,-0.03255232637569014,0.013937260653476592,0.014396353633656468,0.005023425454335663,-0.008957790433225305,0.04918327818256256,-0.0012524192674463735,0.028631245437406874,0.04919634788208047,0.07007269763330791,-0.03571469707337633,-0.004069226887892468,0.010322932029302156,0.035671047372964705,-0.028916384930116314,-0.012313583339926238,-0.03668568829616352,0.03687012620716549,0.0922738279358487,-0.024422082614039317,0.0067301977490184465,-0.008980562701959576,0.05247261049335644,0.040483234632295764,0.014179178174852262,-0.01749659853357942,0.042975982224818986,-0.0460652830583723,0.0021916600359528204,0.02470911541256164,0.026127505147919824,0.03655356268087947,0.02313803289362863,0.025453195424064608,0.08049950653403662,0.08806987491400327,0.07287872452381022,-0.031139357538141753,0.038955166537703055,0.026012062080214192,0.03980526234059883,-0.009820261027738147,0.07283630099080646,0.08597102706534349,0.12940602874227322,0.013521777225797591,-0.0932575399599103
2026-05-11,0.07094001224992551,-0.07956446145439737,0.0245346420757116,-0.027919663973920657,-0.017042988189685027,0.027779387979078238,0.033241191425378694,0.06715156715276817,0.07894673370587794,0.06523383680476082,-0.07955819261398217,0.0005341222552066489,-0.021519091771865735,0.03472160379832617,-0.016711359864490398,-0.034584000069619064,0.007421014107137249,0.03512263424246101,0.04014816318561771,-0.01221973487415466,0.003281479885139797,-0.039893408490301555,-0.03125136692989119,0.022712654507746288,-0.06905731635562494,-0.03896587271540494,0.022523459918480954,-0.02278272614861139,-0.009879223802589496,0.0550166176463152,-0.03097272845137934,-0.0003650429006649084,0.052017647868856445,0.03334828037302429,0.011309974742964761,-0.0010137830488851762,-0.022940682505130476,0.0341074751792615,-0.02812354243581896,-0.0005728073192835647,0.028600486572694782,-0.020126305613390225,0.023586159478729964,-0.00038290585504008323,0.008569018830223448,-0.025310397844722374,-0.061398249981632874,-0.001823350732765532,-0.00781678273650826,0.020584198665654044,-0.034399661086763095,-0.02967760730747665,0.02362092834704089,0.026534892696369036,0.011497551834607189,-0.005147431872203127,0.059013382236516955,0.011112721620571305,0.03410225715358723,0.04659956021998956,0.05042031925351924,-0.04805351428385887,0.0027920770419922747,0.011194719419356427,0.04518066738944765,-0.019049501243454788,-0.015356743341954306,-0.03363424066118475,0.03852219012641623,0.09400454379232252,-0.02081082750374466,0.0009118588396598865,0.006959905099835313,0.03275719062512344,0.037382254833340414,-0.0007666974824592256,-0.015392226865238815,0.06349020380864641,-0.0461573792440133,-0.016650078562655594,0.010115185734922382,0.02533372987793613,0.026388440075354687,0.022620095982743622,0.03281328444961036,0.07196049855777029,0.0890219110412646,0.06307788582765986,-0.038344146415324604,0.0400274238046992,0.012236315208443416,0.036210732013349865,0.002715866426433825,0.06731849220890421,0.08930303777277279,0.12829386098719517,0.02304499041349159,-0.11277529482214309
2026-05-12,0.06295487447595612,-0.0665583310394402,0.0233503309842069,-0.026341845611183273,-0.017184404276986538,0.024001584584954216,0.03000664862349523,0.05656240132156071,0.06482784398190172,0.05578572485926685,-0.07247972758007365,-0.003703959377040312,-0.02472911754168338,0.034086444812573766,-0.009016463882075701,-0.024186555572819304,0.006533310915864942,0.02928613523691511,0.033378386282020736,-0.00794168235581341,-0.00032023003727215706,-0.04071953954342087,-0.02041970664585374,0.016672307113296016,-0.05597372945935139,-0.03321535021990267,0.019849717356385653,-0.017210358064994324,-0.0036607143640366557,0.055106308798818775,-0.03133700306053205,0.00149651627049344,0.04487988436499042,0.025578640824307317,0.008078535235687412,-0.004291538021321591,-0.013503451061579257,0.03099538106053578,-0.019605775531476126,-0.0038465483088937318,0.025214912756124242,-0.0166018766733545,0.026014703346971688,-0.0018919153803194748,0.0134294486069213,-0.016763803607198056,-0.05872965923376927,0.004347713147944257,-0.004404024364473619,0.02529907473557815,-0.03057933602719501,-0.03597991073733041,0.01933386615224062,0.022380550872899405,0.0074740611972744396,-0.004571609165984012,0.04948984720182787,0.015103107279330804,0.030054516630469714,0.04264573807214312,0.051367645859894534,-0.03023740528766189,-0.000697320057334588,0.011185311913542677,0.044236647264758365,-0.014561030503685362,-0.008013660942677149,-0.025646707575684574,0.03520256352872114,0.09153229564087,-0.01994816905880649,0.0019189882716816112,0.004059375259340943,0.03226043193215154,0.03320312689958782,0.0037700765948124847,-0.007469823944493989,0.06297442683139394,-0.036729070813832164,-0.012656197779795287,0.012783027402595716,0.023517063264298303,0.024856322715232877,0.019397871584516425,0.035104745378148415,0.06839667758370466,0.0790008944867683,0.05597377510826306,-0.02493108960500614,0.03660326400476642,0.01517855256577677,0.036982519530851896,0.0033282016700820405,0.0649208743316601,0.08276630029243544,0.11183872844667153,0.01499593643085945,-0.11491551958199099
2026-05-13,0.06797600188597497,-0.07673475134949663,0.02581122681775793,-0.02295543058455396,-0.01579065964103204,0.02607940805460722,0.034669412889330675,0.06298037470538864,0.08104131238262358,0.06577941706891396,-0.08013796069105061,-0.003904777983564046,-0.01926389344912726,0.03222780131305604,-0.019396589365716622,-0.031903106333674894,0.007992111282443287,0.0333600836693663,0.03924169460611223,-0.010584260079159873,0.004372219590919338,-0.04160851339432648,-0.026337063272664996,0.020180685877419034,-0.07293819970581915,-0.03723390320706231,0.021922953998351438,-0.023389659154964965,-0.007006052282864833,0.05933450593687227,-0.030927336393702945,0.0011126807929188465,0.05494281651501557,0.03315847760980477,0.013646958094780202,-0.001911471472344526,-0.014725011210675888,0.037884199185639976,-0.029217413425733335,-0.004518136897535515,0.02833282095689698,-0.02107778016992557,0.027574806268030688,-0.004163620096840449,0.010005716403376904,-0.024150303243730437,-0.06603056310555792,0.001371182977586297,-0.006824517176046424,0.023371874195963968,-0.039578189364097856,-0.033779765404095954,0.024882563063547462,0.02931608208676744,0.011060683196806847,-0.0061404683580904024,0.056708383349987686,0.01366065649809525,0.03587547187515354,0.04039529529491213,0.0583589804740804,-0.039745201583774356,0.00020740186439374524,0.010099713937853316,0.043207930207293486,-0.022514060219303376,-0.011745835746556339,-0.034102615832957456,0.043753042754713756,0.09792282353352262,-0.024867246204855246,3.2458846588409584e-05,0.005245428299173984,0.03357219156985007,0.03515655616176496,0.001526021942901067,-0.01614822077698186,0.06458013725759565,-0.047867278178457276,-0.01953477689740936,0.010196648011443453,0.025131133769797115,0.02399714483161039,0.02448142367454851,0.03387800065750436,0.06917255126222742,0.08587501884871804,0.060717481765066965,-0.035948696753194995,0.03475372980487102,0.01100361939867885,0.03400260767459303,-0.002352200328599662,0.06720135797599408,0.0871802463083922,0.12366866923348659,0.015348103219429553,-0.09948477239496877
2026-05-14,0.06946298624779146,-0.07409434859837787,0.019772148778336253,-0.017450459966789483,-0.007090977595950105,0.03413097946636481,0.030228154361353524,0.06065431500747527,0.0778908028722792,0.07071507388329681,-0.09212417845094623,-0.0011887487513271185,-0.012798853200934364,0.03416305431753355,-0.012420019502253426,-0.031931935859709035,0.011032868484326726,0.029104142349630262,0.037118036871259204,-0.008771992273187068,-0.0024871504669736443,-0.0443938386279362,-0.02440393254666985,0.0024952392402141253,-0.07209403190383269,-0.029826449560070883,0.026896324745210552,-0.023777466207423076,-0.004020097750950316,0.06639093518494033,-0.028937445310556795,0.0008916568835381482,0.05100365815858267,0.030077140486329423,0.01273029103354547,-0.007176056744791206,-0.0054897078756183364,0.037440727050613166,-0.020609252018457237,-0.0007529249790572817,0.02602460718709087,-0.029280357823906235,0.023552251571863983,-0.015196133325547005,0.014543228742940357,-0.026587345182971768,-0.05547019056149258,-0.0008503128331362065,-0.008476582401607835,0.02512599694830421,-0.02823551509717516,-0.038071014582865506,0.026385104297822447,0.02444796569314529,-0.006625847725245071,-0.0046474356052084165,0.06727926464984103,0.016124071359139222,0.03701868679111097,0.037112865840556286,0.047885455577591704,-0.041290968781913455,0.0026704208245721915,0.024074028680829314,0.02171247810723839,-0.018832358888674947,-0.01146783619038457,-0.020630684587009174,0.04450932860388079,0.09783333058465707,-0.03266277086094115,0.0058848742024894835,0.007127786052750896,0.023983246084022976,0.0358971592221444,0.005649698893955647,-0.008190349815576098,0.06864354442439856,-0.05115434878848103,-0.021538589984607462,0.01966262523682346,0.02622973138471535,0.024505926532656104,0.019171334068810022,0.03511039753985967,0.059913859529584036,0.08535866836601579,0.0647939503726956,-0.030858724011478433,0.04240501197832177,0.019630061075118464,0.035120193992380165,-0.015917781661025573,0.07025798298828531,0.0965103436780082,0.12415332905270418,0.007459211455656516,-0.1281415401135419
2026-05-15,0.07295621066214074,-0.07714848531383493,0.019213514659859127,-0.017559001415658984,0.007525680244857331,0.024988953558550804,0.01686255864119619,0.06491734040028216,0.07625428734393254,0.06969764119509769,-0.08958496183886018,-0.0003044962612057268,-0.008063785251819304,0.0347941600551844,-0.0014403512760537956,-0.028084752544816106,0.009928225203352278,0.028927777098579403,0.03222463210139124,-0.005952767097026289,0.0021416060589269335,-0.04437983452488992,-0.027469322026715377,0.0019449416427206115,-0.07031312593994053,-0.024803021386161764,0.024410212131680344,-0.04223190856227185,0.0011240271152307447,0.05953813285012413,-0.030522288798651792,0.005321715307836395,0.05193660011895544,0.02873890146549475,0.022206708841022223,-0.014614829146581855,-0.0037754747101357445,0.03417449124267565,-0.016389391100814187,-0.0002552914749961669,0.023356944283156544,-0.025827496209555205,0.01956659918117873,-0.014963927970901713,0.014154539561170614,-0.02410005545105194,-0.07456724445255498,-0.0069747376502005114,-0.014168491121482841,0.032700382866845366,-0.022257885777070892,-0.03026928617492987,0.015976913423019778,0.017146153707293717,-0.014133349289210976,-0.004724574201544011,0.06736526265268598,0.010651038505157492,0.03116078133992406,0.03293398517873128,0.036696294825558355,-0.029085736282816833,-0.0014144236363178766,0.02037135555607289,0.028317094332724106,-0.015438554069436986,-0.011257266405657601,-0.012915211676951954,0.0448529947217419,0.09590819554470402,-0.031812050172278755,0.005948717580087156,0.014215435347450112,0.010058215453900954,0.04121836933480103,0.005886594013991577,-0.0004849082007429822,0.06470580374294278,-0.05514310939085715,-0.017668729766404268,0.015454876822953784,0.03761122307739258,0.026802981610237205,0.024766089328609745,0.035750379960315916,0.059288646465713385,0.08269011049738915,0.061163658119747506,-0.029688092748946918,0.03358059236879034,0.020582081673184267,0.036682278858170034,-0.008793884154688575,0.06014065859654269,0.10220657500698659,0.1284103915593848,0.012896461133450467,-0.11246489069706084
2026-05-18,0.07941110042054174,-0.08620836962615504,-0.0006975589942147305,-0.005668920721074349,0.0051265749044929355,0.022732313255732918,0.005453486374422627,0.04812938210384907,0.07877995160845476,0.09057561815270367,-0.09119895067499259,-0.007417097966722392,-0.016279196461859165,0.042847435280516655,-0.008694181782384907,-0.02495159919787767,0.00580874177035297,0.026618467714457396,0.033338656765826466,0.005773265954242832,0.01612537636040695,-0.03353349258005385,-0.03981263567749402,-0.002655913595176135,-0.08822588523438805,-0.013856332555658482,0.030753123538237094,-0.033397823496075243,0.03015511948995317,0.06360049454096393,-0.03073734485714815,0.0005461613347245865,0.047443407734034104,0.037267261725781584,0.023305658064352704,-0.014548468752671543,0.004724313044155879,0.04770088475272993,-0.027680905823280977,-0.007154336410440639,0.015838682600514083,-0.024886333701440166,0.01504731248942263,-0.02832039432435078,0.010359023564167787,-0.044676203328180536,-0.06374944856199598,-0.0038899664063238738,-0.010801716443385461,0.027943315269324524,-0.02912383569155031,-0.04611000736545857,0.018828986259570288,0.003506456345449013,-0.010443137785863558,-0.008445075689426767,0.062090034689910686,-0.016572670457489953,0.024685729864745112,0.0354405213088925,0.060565987686995434,-0.0334719554981241,0.00035162907198936326,0.02448054481173064,0.01075288374777623,-0.03299049738725504,-0.007955513203951102,-0.02707226200816018,0.054547554935971965,0.10175642173086956,-0.030785140776421145,0.004431756444037707,0.027711883164909273,-0.0021503529445652467,0.06704638569960368,0.002272533777776805,0.008513919673623381,0.05899195728007087,-0.07231146933079616,-0.03070672756046612,0.035953650784392874,0.05928049442331506,0.019430980433496878,0.03815153274951904,0.03125770520393378,0.05488005813920126,0.09136972584730438,0.06871744741788796,-0.044804579834083896,0.036965710951394976,0.019662667855353224,0.05755286695935374,-0.020828209545403785,0.06837458027133261,0.10851132232647952,0.13669445811714395,0.020101715912659773,-0.10547072044869404
2026-05-19,0.08653148684179914,-0.06697926931441768,-0.007407530225390186,-0.008258492967293507,0.017011236814736964,0.026022544286895148,0.0047880913892068555,0.06177587249603095,0.07540205885435818,0.08306317829587286,-0.09225827770046613,0.006060842615151671,-0.02513237445742013,0.03814235229779742,-0.008335719465120307,-0.014414152788668205,-0.0014078425112490443,0.02777408925536185,0.018224799758485503,0.015224223681943993,0.006384783507773448,-0.05114651195420374,-0.017302362530235295,0.0014792696228009463,-0.0750437196507198,-0.023795905995611405,0.02206063496511791,-0.02685484391458097,0.021421478259719934,0.05620514975066112,-0.03123127778902276,0.017719385155978505,0.020695123123917608,0.0404252609945608,0.007056703485961158,-0.027838841731204628,0.007785363430325282,0.02304935829463796,-0.012481286138678755,-0.0007312167873315262,0.007510115404714254,-0.040497742388791606,0.005135175048450152,-0.007125336188706017,0.01768364754636608,-0.02215806225398935,-0.06392352940095433,-0.0026520499616239698,-0.013827783052273444,0.022859379744161253,-0.029131693647428528,-0.042029523609987345,0.013780195582651545,-0.0017786066661846303,-0.004740788064572286,-0.011690602363464501,0.06872098496130041,-0.008011377751887988,0.0131038229649459,0.026871291949972537,0.05530947224336379,-0.03668433977261464,-0.004187402972417702,0.005045107299608317,0.03766848728893021,-0.019451669356042096,-0.004849573390067105,-0.025584430585391907,0.05011499206448136,0.11690099712624036,-0.02114360525875387,0.018186405954374554,0.02275516155667983,0.021454786528414885,0.06322950699097928,-0.0072600425893675265,0.014622009907964036,0.04821046069236069,-0.06756315015993408,-0.018166608330878534,0.03603547806205486,0.05367563221544363,0.02114588857404741,0.034934520317974,0.020764584821915344,0.05240799846424201,0.07688546519384726,0.050899565398205136,-0.02471223279352433,0.0330887737957608,0.018535275525570376,0.04436786641213108,-0.002423331228485438,0.08104090446521885,0.10138049993234907,0.11250822118203513,0.010608072108392489,-0.09153092679528675
2026-05-20,0.08675652578916357,-0.0664320688251371,-0.0033354894671508446,-0.009753469031903805,0.015684196213013007,0.025031102381934567,0.00558329378334068,0.06202554654551965,0.07593903079578516,0.08459495671405907,-0.09132521200326772,0.007024304715839005,-0.025594990885050732,0.03782825537532512,-0.00871755287764789,-0.015198440764352837,-0.0025794426114288654,0.0271975967145575,0.01651912189763932,0.015390140810208732,0.006804447856281872,-0.050689584838967114,-0.017473237401838745,-3.2704304656872366e-05,-0.07458743916515566,-0.02640214262843219,0.022117035477955863,-0.0274541616962204,0.02162481390410942,0.055960162362528494,-0.031661531000685694,0.01751892450885846,0.021414943545968068,0.04057425412678863,0.005884158835297897,-0.028184394076468965,0.00890282999036519,0.024489335219437747,-0.011542424985271074,0.0002295783942244129,0.0062375801464206486,-0.04025137271852922,0.004445641984179272,-0.006745414018819449,0.017316453543494426,-0.022020253495322772,-0.06385496623608625,-0.004500610188910599,-0.014942881861573094,0.023365877765826056,-0.027997857995864864,-0.041941808169875035,0.013859179502446032,-0.0027605556826028454,-0.003920817028183919,-0.011663144155261018,0.0690499751248804,-0.008546984988231915,0.01147333466345673,0.026343868732561143,0.05430997253497805,-0.03630366426641699,-0.004397762413672632,0.00463405281375901,0.03816927663347712,-0.017800659658413695,-0.004056587442799199,-0.026551582796517557,0.05125216141803708,0.1146432734342769,-0.02058928441047333,0.017993969767368945,0.022874349388709567,0.021128681747484043,0.06356426561452498,-0.007446384385183391,0.015894273452034532,0.050954674674947756,-0.06739953438969966,-0.01714178003105373,0.03610929716522147,0.05498886957110403,0.022891559349048345,0.03437736414078392,0.0212298295288236,0.051232000814368586,0.07578952734345723,0.0504869465885371,-0.025247408779774064,0.03194252435937075,0.017160915423197354,0.043246271718070654,-0.0023805608198566655,0.08122280932324018,0.1025718638514078,0.11132036170379025,0.011731022631281151,-0.08948041991600836
2026-05-21,0.09924839563267514,-0.07900335182123111,-0.013940606056444404,-0.00908556293476657,0.02339261592603283,0.020965825326458812,0.007079618914310031,0.06951641640478527,0.10759351393165276,0.1147205906790963,-0.10614050742938531,0.006699487487538478,-0.028316787877907694,0.03244089505341065,-0.028145183826188823,-0.020318658054162796,-0.005285022540001447,0.03593089228621193,0.02002210533633874,0.030001734203773812,0.017925403564718834,-0.052670110092215575,-0.02212101741146246,0.00012375236537261886,-0.1239348129287942,-0.03984604099253721,0.037832294683120916,-0.03305267383045536,0.02364713400177985,0.05405708441260643,-0.018481183522738864,0.017398617530022337,0.0383029697089391,0.06860432604453506,0.014702419065838346,-0.034288884859712244,0.009902387675122715,0.03198552673570254,-0.025902840729822768,-0.0029140582358421884,0.011599664479159718,-0.07393120661207647,0.0026758811353400982,-0.009300167162071408,0.012313145313909684,-0.039343156885811664,-0.06226737791362945,-0.00805745156242771,-0.025327745846962228,0.037036782627097295,-0.04526041263717387,-0.03839224376259301,0.023402928917386018,-0.005029992568802783,-0.0037460207209257038,-0.029267199168013083,0.08509493311043781,-0.02472269395374123,0.012993554474807056,0.01823165307777086,0.07189603382498548,-0.05564208523059248,-0.0037058985141589663,0.0027339712243629006,0.029177750065806328,-0.035398587807230486,-0.011116160579206355,-0.0378017375627269,0.05857757827747487,0.13012719708371503,-0.032507998507684044,0.023476131376560946,0.03652814714919359,0.019803649369564198,0.07864387708774744,-0.011246668617511937,0.011571492365106037,0.03951076389207859,-0.09035144171365844,-0.02373930572617889,0.041344447699864006,0.07106034897374133,0.03491806364602292,0.04861957533430526,0.025086224893910505,0.0340612854040185,0.0890512797648818,0.06359153829970263,-0.04383288835136879,0.024994673780327565,0.01005198660986903,0.039417693591713376,-0.010653732365275155,0.08306530919688503,0.12122816013048555,0.1313174957695509,0.015692942576411018,-0.05690069058074694
2026-05-22,0.10016199819519828,-0.07979613735754539,-0.017317133814280898,-0.00891051420054041,0.011799685182106246,0.026377653351144607,0.012941837492419674,0.07478249626254745,0.09907727325681755,0.09785923310901314,-0.09761169993018452,0.008221581838206564,-0.029005620661637914,0.02942506640684455,-0.024548670044966664,-0.020599186426529255,-0.01500221950165794,0.03676328088623714,0.020956442899205948,0.029239526325102357,0.01571265626156767,-0.04403225181093892,-0.017599539331611472,-0.001778594056787564,-0.12720823931595565,-0.03718946090615792,0.04066172530573708,-0.03634992941243882,0.016449618586201087,0.052194193706802235,-0.01894723842944012,0.01815239353787578,0.039987221859392796,0.0753476354970269,0.010339373253999733,-0.038808454655093,0.014441225419256831,0.026632290001975784,-0.024914651357928565,0.006461919957501119,0.0069440933035547145,-0.0751541173060088,0.003275137325595273,-0.0026905327792765693,0.011308383592504564,-0.04320031473698079,-0.05654517628720669,-0.01492986474678113,-0.021689687686174193,0.03855459808948687,-0.053828237317061337,-0.04094410958520251,0.017407563883787017,-0.005102064364423531,-0.002469700515029245,-0.026034705894897626,0.08517680622464897,-0.025933850963271103,0.0213445134749806,0.025949356003822588,0.06862399897484946,-0.04765197189353055,-0.0077993350251593044,-0.011149392365246995,0.03170317356882609,-0.043658011832864975,-0.012291609208380875,-0.03801282393144675,0.06056697572143738,0.13025565949237275,-0.03420494292866509,0.0260902963105549,0.03855229069427979,0.02226247251275792,0.07797225759962957,-0.019392244619008403,0.01259833586119271,0.03278795272504529,-0.09262588613187679,-0.01893862500882853,0.04070504675172916,0.07863897524924013,0.038770596026236316,0.055140657080220826,0.029233027393924277,0.032446989494244065,0.09010060513605368,0.06634437816292606,-0.04945484315797952,0.02732713165598198,0.015624904807639582,0.04524946428595057,-0.012273120117378857,0.08337558182360799,0.12204994197453393,0.12861029051892403,0.011552413546354232,-0.04493548824269871
2026-05-26,0.07991257117802147,-0.06961801829423277,-0.023877830669068546,-0.013627905936973534,0.01032673278182988,0.016509841538614928,0.027403005805341343,0.07942879678100237,0.08196909645534796,0.08367610243978205,-0.08599155523316866,0.01955769260437109,-0.036518017074410165,0.03216700680634532,-0.015158907589613168,-0.022146886319067874,-0.01839837882065426,0.03505526479475824,0.03191565767089955,0.01799687057553436,0.008411261302436787,-0.05512728057893483,-0.031385183026881466,0.000540712338512531,-0.09950205895226845,-0.027182649960793198,0.033565561481040604,-0.014186091835377649,0.019263792399905163,0.06164785800483253,-0.03216517077171555,0.025912264267258643,0.024654497613729745,0.0482485547511788,-0.01207549008485793,-0.032700716311026244,0.022307197295284027,0.03994505565351547,-0.0032520538962237475,0.00985735035658531,-0.019499924756792963,-0.05400898348413276,0.011104270054385629,-0.019676847494914544,0.0012728116881731092,-0.02086953730983799,-0.05110225395285648,-0.019379260055098782,-0.0198797289576342,0.04843206065126515,-0.034275280900189005,-0.031525210268427674,0.0014043752410855606,-0.0003175835997459558,-0.020644256345770072,-0.014516386196867235,0.0810962782453588,-0.019911547989922306,0.000859965653069986,0.03528909460818843,0.06803185218527462,-0.017255447796131355,-0.01226239489143305,-0.014949418293083874,0.045642745639365316,-0.024065297590676285,-0.031692165044083495,-0.024432903611732296,0.05091174680939996,0.11513042485727712,-0.02569982522189808,0.02640292562635542,0.02399075322673478,0.01947981081529506,0.06683558519026593,-0.016299430898198616,0.02724904393234573,0.024042441885914284,-0.07501532758741968,-0.008402390384400467,0.043071258852210935,0.07531670662699841,0.026437540041987367,0.0489920779832388,0.017468430659648575,0.04229502578229628,0.0808000044334616,0.058688135697428714,-0.03385281065360359,0.04359147723983781,0.028763052543671598,0.03586753650471309,-0.012371361261632323,0.0722543978381875,0.11567069031702772,0.10264801137746056,0.027081708819105793,-0.06157521602140684
2026-05-27,0.07736066275490323,-0.0682865180764022,-0.03759426198795279,-0.009053378174965461,0.02710470126012933,0.015367568438633569,0.028674113729652687,0.08208787031143494,0.08774679622083624,0.08509560036326888,-0.08768671015683248,0.014471110213905142,-0.032868688837748086,0.039864336572363594,-0.012394404513767004,-0.023704230984231724,-0.023548341418133556,0.03869539772356906,0.043254689263674206,0.02180465161692735,0.009914566776548984,-0.07324176754153137,-0.045902355134905815,-0.0017205286827967955,-0.11668794154345312,-0.027065941867410792,0.04321969115813859,-0.008594700657383618,0.036246143182555784,0.06793520766847481,-0.01873236317569535,0.03084006499720214,0.03509647311211469,0.045101690431359205,-0.01221671764427963,-0.03866093370948545,0.021959267622113907,0.04617207677911716,-0.008176251246778078,-0.00011744498748873962,-0.02584508239264023,-0.06875941664135306,0.016972841528452312,-0.015346418438950694,-0.005256809380487143,-0.025657057586571344,-0.0554493171367771,-0.02641368939805206,-0.017727659620622317,0.05534755483090252,-0.044883198792559933,-0.030155415790370566,0.01619210976972608,0.018165856931059862,-0.030181933844394118,-0.01200608669393551,0.10355054232372936,-0.03188356213376368,-0.006479763047903398,0.021478137944513552,0.07393250667230704,-0.025765504993201918,-0.021850091491025438,-0.017901001366644305,0.04069652818713094,-0.023669657717576897,-0.04578507586701327,-0.022381931938024728,0.06475961348306727,0.12523225965003246,-0.024565574209469532,0.03339795289229765,0.03325319690974673,0.015591478162157321,0.06491407955068668,-0.01777663508030456,0.011911660583242311,0.018101666408389783,-0.08502421776005444,-0.009833605529592187,0.04183189112427785,0.08573633385777497,0.037010832291344546,0.06162834821883781,0.022037886913617202,0.037466497651218976,0.08172224843890381,0.059419047958383736,-0.05009524009319266,0.04231793214987138,0.029194395612337914,0.02614605352940455,-0.01936451801461126,0.06627115546776735,0.13132588187421676,0.10107224913649371,0.0349767616913308,-0.06335623663981256
2026-05-28,0.06742129869310227,-0.05308294665586459,-0.02320863264249543,-0.014483069832503965,0.007414037754243023,0.01821052993301605,0.027966798688643504,0.07518070276733624,0.06612258663882024,0.07367559877808827,-0.0721215684067752,0.006844834710120225,-0.03538874309284664,0.03317269881966532,-0.005730652247124114,-0.018729560908875342,-0.012974057492119806,0.030404942349357388,0.030649850008782474,0.02033441205814663,0.0011332314606089262,-0.058558800321637,-0.02982856372635361,0.00047829926416038775,-0.07271564332060579,-0.025778884129350844,0.031708440090094436,-0.00578286424124024,0.025001565029809485,0.06249629278411218,-0.031370236190988526,0.020951577850584206,0.01658627573613699,0.031265305211965765,-0.010628196344482374,-0.032034400699023365,0.013137797153520186,0.03669022185400326,-0.0006842862401275265,0.00891071805348967,-0.03014338537690795,-0.042464161943536194,0.020781119450792564,-0.013552312684078959,0.00592159463531998,-0.011123341995199603,-0.05858459093161385,-0.01744626993099075,-0.014411798197099248,0.04966935212431443,-0.031002665086629702,-0.034868633596797,0.005732769118597918,0.006356755336173183,-0.02379417563867578,-0.006642371237679754,0.07712918633269879,-0.01244929488017006,-0.0031288343922604694,0.025946285602192073,0.06449264487320751,-0.008384484250756637,-0.016612329973100984,-0.008376296673529833,0.0463194551057324,-0.012869405470326762,-0.031211863232796802,-0.012846368565579734,0.05130991184381633,0.10493051711866808,-0.016831941877817384,0.025678015046778226,0.013945722790850518,0.021391527596271227,0.05510450514116324,-0.005279106939559521,0.016861307342699236,0.030274863793272058,-0.06818492975248042,-0.007061188213479444,0.03586816040633539,0.06120360166039655,0.027647257388174175,0.04178289487938583,0.020999071923732213,0.046508937993350284,0.07671054809264079,0.049196083417363236,-0.024109118863024,0.0430969633764786,0.030992657739474863,0.037965086382347364,-0.0019791541811542794,0.06354973824752103,0.11035245614195321,0.09129979849627565,0.02587271522027039,-0.07419038992839512
2026-05-29,0.06904032254497891,-0.05089054500741015,-0.024009818897669698,-0.008564708168270032,0.009257428294033558,0.020612702305178122,0.02408459338539103,0.07675653495993064,0.06417022400377542,0.06961882287696261,-0.07791175544414936,0.004306667474984113,-0.03594629794591156,0.007794214895694196,0.00040782664868278286,-0.015545968042577856,-0.003051955452600329,0.031762020772747666,0.03000998713049982,0.017577325218335372,0.004439662353716147,-0.05679144228110097,-0.04035435694849172,0.003263386243312353,-0.06985877901813767,-0.028305552365996973,0.03560704879378839,-0.006139631059712188,0.01686184220577524,0.059090728960242846,-0.027475685818918953,0.017664927303546275,0.009605818698814316,0.03462603626277083,-0.003591625153197376,-0.04004883716525498,0.013079556217829018,0.034387152226147286,0.005557893224923972,0.008258535840870797,-0.03302187455604685,-0.034850567639791094,0.02346538700332208,-0.010900860104807624,0.009724699044190413,-0.010945167035972021,-0.06001314318539229,-0.01937467435051351,-0.019314572536161305,0.052318934100824915,-0.023432138020221455,-0.03619399098872853,0.0014110204933747497,0.0060105471448166385,-0.02381074591470092,0.0005040857445265823,0.07972415230529725,-0.015555837583954254,-0.005949912848986624,0.028104193840263157,0.06510914250279755,-0.0086892076077735,-0.019850918825975,-0.006433580855444791,0.04678605721782563,-0.01272605205974812,-0.03386890126578477,-0.018010101041267518,0.0526882275525872,0.10149102195088319,-0.01194531275610358,0.02790548630150453,0.015069526499431336,0.02506765712691427,0.047830956164182925,-0.007892350408977051,0.017774794716950926,0.027627188012607856,-0.06662720879180575,-0.0007459407848654561,0.04278227594896895,0.05745163871164848,0.028165319838903177,0.03555669665572818,0.025792219864607495,0.05621120452762621,0.07971227059450176,0.04853081271115284,-0.02743964265076846,0.042310592188621474,0.025414239080292306,0.036612941046034395,-0.004735764695007666,0.06420403112252249,0.1063508162997807,0.08968589923235805,0.02660019835597207,-0.06102006746575363
2026-06-01,0.07147428706351576,-0.05299342825017585,-0.029708492232420225,-0.00885196396483885,0.015033680886138054,0.017452859010357213,0.02504857223811492,0.08547784897967119,0.07309447657040435,0.07783978091879767,-0.08143405987039924,0.0030458620853965335,-0.03909982350425647,0.007233856100872216,0.0011512509550048265,-0.013332079280017657,-0.0022646705118860057,0.034524109225430644,0.034077742916434624,0.019844952157897548,0.008949714947313413,-0.06164000891010436,-0.05271452497448684,0.005071745208526423,-0.08938151071169959,-0.035159476334695405,0.04117400973172874,-0.002375097386061082,0.019686329715309363,0.058294859604859306,-0.02574051200556575,0.023946022528529398,0.012546937187554643,0.03975362507136474,-0.003208330189616063,-0.0464238437200436,0.01587234077614404,0.03816115161095238,0.003158000999951968,0.0014493530344074756,-0.040473610472986074,-0.04274585786801753,0.029183794016194503,-0.00979263419831908,0.003198820910266416,-0.01800981458466027,-0.058744978493803,-0.02748988680892283,-0.024190852999926446,0.05807436661652455,-0.03137551292713404,-0.03551918006834413,0.005124431656209163,0.00634453592403518,-0.030740446114308845,-0.0005544536070841346,0.09168712475052943,-0.022709269145964876,-0.01000155483074455,0.01849344636697086,0.0712400327974155,-0.013102762086539236,-0.02295810592534158,-0.013112678661897395,0.04450893980982509,-0.01831654375461162,-0.04229690176343036,-0.022430164253386488,0.06122511335747948,0.11188860591047983,-0.013975511299455368,0.03250316991470881,0.021710429100066823,0.025756631854420037,0.05232907255387374,-0.0101961972922973,0.011927337345977309,0.01978094303756449,-0.07729894325653115,-0.005122122075860788,0.04611864014269472,0.07043193442680297,0.028474553237041275,0.04957710641519919,0.028767797273294468,0.04971447420306701,0.0820900435283672,0.05351252103704788,-0.03221330924508127,0.04712986264448065,0.022802813857074992,0.03840910036758549,-0.010500185218834465,0.06490854027224269,0.11692403369866484,0.09366205323363141,0.03331963398393775,-0.045983974968601515
2026-06-02,0.06789522800112431,-0.04985152543917568,-0.026697193545483167,-0.014056074141561027,0.00938838644294658,0.020786991377660106,0.021526453010533242,0.07589889937001183,0.06075248262712584,0.06824988470708641,-0.07211782787616382,-0.002557404746682682,-0.03495453520518687,0.009881270547940087,0.002976647790580062,-0.011738871017127913,0.00042705643305021405,0.030596900010964552,0.03008780916080247,0.01698167255172977,0.00455018776144156,-0.06031021926318143,-0.04005312179776811,0.0021835984441970196,-0.069093286194168,-0.026341879699967964,0.03451251106652661,-0.0011056654926296528,0.01496638725776443,0.058484082820255065,-0.030969009414172452,0.016013316151971366,0.01045033608331966,0.03441760384346424,-0.006018142930405467,-0.04023196893393304,0.0140569673836651,0.03240056313300671,0.004402201937814956,0.0036991893299462685,-0.029703385394610933,-0.02908971248286333,0.02446110404665426,-0.007478743747382709,0.008715001184774447,-0.012211529611813312,-0.05563874083218494,-0.01892443640404106,-0.022749823453116505,0.05542374713995455,-0.021027518259842268,-0.030885787600570334,0.000597921012800701,0.006673415386745277,-0.026537838098211725,-0.0015863432828444185,0.07554240733030873,-0.01630385538945809,-0.001915716989343447,0.02704277816261362,0.06479303025985092,-0.004260497144425631,-0.02064658980426435,-0.008848212754736897,0.042501208182547226,-0.012485472024433139,-0.036548478866667705,-0.02097183567906402,0.056004466981180424,0.10494464464866761,-0.013734190798575614,0.028195515915678114,0.013133737295990567,0.022850161760747542,0.049795898425714205,-0.004139689935796954,0.014940949850864374,0.02491306463258429,-0.06699927826351926,-0.005607608442485633,0.04732127940592283,0.06041353929333982,0.02521620256960487,0.040810816463917966,0.024234162632581862,0.056053802402392224,0.07862626681019724,0.04887144927243573,-0.018091314014772854,0.04486715502151505,0.023602276360681004,0.0402023457580239,-0.0046725277794496395,0.0689597071748712,0.10649966595651152,0.08849946054818454,0.027629013672691022,-0.07076697005339425
2026-06-03,0.049268550600261266,-0.055827565678037344,-0.03343443116997998,-0.014566182998756038,0.031372522725389644,0.0148869537054786,0.029475135204429792,0.09471297712381821,0.08599984147870367,0.09146618390171143,-0.08179359500492456,-0.004089003843441094,-0.04397283479224663,0.010017556516899654,0.00506609048941134,-0.017984929296454295,0.001034874889627559,0.041940749464295886,0.04135811176208293,0.027379491907328815,0.013529167298558053,-0.07276298725226976,-0.052281771353990245,0.004859156017019339,-0.1040719419007181,-0.024519118850336377,0.04931714005297394,0.0004596990114686516,0.019751898520576093,0.06434863757027455,-0.01991414011154842,0.016840019186478532,0.02288456275253286,0.049733132697203655,-0.0016668272565252985,-0.06010093944289879,0.014447531329588231,0.038438411739474716,-0.0035307003521060643,-0.005532725714109897,-0.050166089894117735,-0.049731572450064016,0.026900449244974124,-0.0070267917620646155,-0.004379134755603385,-0.025421466107160742,-0.04636853224582892,-0.03386516437066315,-0.03331790033473793,0.061355154967198816,-0.03409270243056639,-0.026721837820482125,0.0030641704214721547,0.011152366774391326,-0.033164017577753155,-0.004409996525026352,0.09822971794806577,-0.028504222923587348,0.0016766404535412272,0.01876400962654426,0.08003536840687538,-0.016011982612744197,-0.026195648306991837,-0.01317646376800372,0.035171175045166904,-0.02990811426095929,-0.05719067332214901,-0.029894358361222048,0.08296943441551395,0.1173409890541683,-0.018151820769044785,0.033537459581651524,0.02167785535801138,0.018234764352120757,0.05751579992537689,-0.013687738737787612,0.0059304095911933705,0.003641126065306673,-0.08416138104833956,-0.008010842336780477,0.061397753440489845,0.08463974667937292,0.026495109203090457,0.05965885779135321,0.02470795348935235,0.04370112333496293,0.08510827990342636,0.05490040814934484,-0.03650148629585006,0.05132217021217189,0.018100667389787786,0.031542048456352924,-0.0199814823973158,0.07274372361202261,0.13787238826977868,0.09135919759843507,0.044472104301361656,-0.057715702575276764
2026-06-04,0.03961130490196783,-0.048911772992795574,-0.032180769137047885,0.0014439531428264638,0.021060612502512926,0.021447886548441562,0.02178474857867991,0.0835878842500041,0.07815574058897616,0.07693143021233984,-0.06727351711573765,-0.004285172386943268,-0.04615389915559659,0.02605657459506918,0.006385363575082945,-0.010345728872195621,0.004309529393654603,0.036359783201662284,0.03401735312369635,0.02266207770015747,0.004540068779149627,-0.07156702717744298,-0.03960882580744193,0.01640345188122929,-0.08773410689223698,-0.029191681420577396,0.04828075436990943,0.0005184114078018529,0.009467574276512,0.06330539985514515,-0.029749530649761075,0.0191382858843576,0.005720688877260012,0.04546907422293526,3.782692968475748e-05,-0.04144344268158567,0.012546133744303425,0.02744658598624993,0.0016049025990484186,0.012611362903784739,-0.04834838166000649,-0.04509097824786257,0.01821496056922725,-0.005497256835428255,0.0022049781671282694,-0.01833157331785807,-0.05718195763233855,-0.02190210212008086,-0.020358422204777522,0.05556818993339289,-0.03483221439979381,-0.025873644784059763,-0.0011204841909974676,0.007730945065123045,-0.032993828963128545,-0.007954478926067982,0.08240808829224806,-0.019656476109880597,-0.0019389398504194976,0.03203208187552569,0.07530450490788389,-0.013922361936400547,-0.02111562237907537,-0.00825394012687868,0.03376417617553886,-0.029965827278208283,-0.03709417392164813,-0.024022004173295933,0.07053528708279369,0.1124436669282547,-0.017971379363248358,0.030859257846462304,0.015148377518306923,0.01662897904039628,0.041438321670175124,-0.010895231884321168,0.023590287695035475,0.011291120870661621,-0.07077314723211293,-0.018136103197435617,0.06029575913569292,0.06623403798578016,0.021746306320729138,0.04786436572810166,0.01905654553832889,0.051900401708109035,0.084892145771865,0.041992546691068645,-0.027860337884042033,0.05311620024423952,0.026929079736899772,0.040568616140765894,-0.0030015049453861447,0.07794203490946512,0.12134599320591812,0.08764088743210886,0.04178805275772331,-0.08084311312327762
2026-06-05,0.03840094456172196,-0.045157376156390316,-0.023236535269434304,-0.0025697662846881093,0.006233660450781648,0.02691727778822539,0.022660740127590874,0.06548539128649253,0.07290310231851901,0.07765960729167569,-0.07265272933553604,0.006905656361759811,-0.054224838855523316,0.015223112343228092,0.0031569647932867245,-0.0028566434343376135,-0.005140237423490084,0.026370370096449082,0.029548130043383455,0.017930084653176952,-0.006522993184194534,-0.061622209898196986,-0.04177540562372859,0.024807142754198534,-0.060434610861357665,-0.033089508686922765,0.04266396092194044,0.012088361639895325,0.007733411741645539,0.0646282123736967,-0.03559435945150594,0.01591374586720875,0.0039030753889280224,0.029022811921157063,-0.0005158214777526166,-0.031006082870407882,0.012075929326070574,0.013533903775802906,0.00607478855878568,0.010127604812423674,-0.031123563333718643,-0.02619259979439756,0.015915605697544268,-0.006993097986984243,0.007514904675408928,-0.010137509686232131,-0.05902438517571472,-0.00644528453103283,-0.021901517433717474,0.050611176288915316,-0.02404793949430832,-0.026941464687736505,0.007551301691259163,0.008571785928022645,-0.024259297202686658,-0.007690310925437207,0.06516860125430958,-0.004917983915735011,0.001309950643812877,0.0317253345926772,0.06896183742737286,0.0025544134236735894,-0.01533593522385398,-0.005886682212160677,0.02967369407630404,-0.011024137841248815,-0.026229640916962595,-0.018147291491177123,0.06240014319741132,0.11566947643327834,-0.011241288231512393,0.03344463911419141,0.020736409705473132,0.013390129209713978,0.04425347057839781,-0.010321899647002352,0.017428391578712416,0.01907214554017629,-0.05663501112170667,-0.022566828667325872,0.045281252361255825,0.054052893341178604,0.02521879130545375,0.03747777067062031,0.02383173190131498,0.05284695045978964,0.07697731356332506,0.03858828214600343,-0.012943927361592363,0.051080938629074105,0.02786183899584685,0.036905606148198246,0.0051538435765042055,0.07307925104869667,0.10788205812388085,0.08363457777389748,0.03082072593104305,-0.12220851253507199
2026-06-08,0.03661276307370424,-0.046254028258133476,-0.025142624430934707,-0.005138354530945058,-0.003863406000953749,0.016954865500564915,0.014508797374067057,0.0508357080276772,0.056291953077252876,0.06448133673676536,-0.06191462810732655,0.00734103774272124,-0.04893046973931975,0.00807757091520671,-0.004952520724063514,-0.006493259352779232,-0.00386312119723921,0.021741658937145993,0.026376693951868653,0.006186885677245008,-0.003629669637737717,-0.04252283461597138,-0.03149682992320002,0.02331838521001891,-0.04693986122906646,-0.027594327765201446,0.03686960237096985,0.007299372155110628,0.0031497788085883827,0.06949809359245249,-0.03658731343933139,0.016996069228353824,0.0067416556232016665,0.017467464035039418,-0.00591689498260564,-0.028150060211996106,0.00972872980088016,0.014792540853366933,0.008033383567286759,0.007058477963885269,-0.02125682501624712,-0.017720115280584633,0.024221552555233224,-0.005503047789286593,0.014456819456145478,0.0017761453237039263,-0.0566284796987408,-0.005121615169927004,-0.01146028736687117,0.04853900718669263,-0.017111386715384647,-0.025486253486820327,0.0067722207401705835,-0.0037507866941287587,-0.01330091613538025,-0.0017733799088949839,0.05497128162331599,-0.0034514443542566203,0.002090203657157697,0.02899929284706145,0.06050473509910746,0.005038426164657474,-0.012008944892701835,0.0011146780551471985,0.03536365065672996,-0.004643746080459197,-0.013406365633076232,-0.013298602486779816,0.048764423587858076,0.10389661558355269,-0.015189084174394027,0.027347990443267495,0.01692344277407943,0.014329253947468892,0.042977834338207774,-0.000728625990932626,0.021678939458780182,0.03173898809205878,-0.04430265714903853,-0.011196815631045983,0.038654296135981495,0.04130654053681081,0.027455495932525234,0.03181247959061831,0.02686604795608987,0.058735053176315326,0.07683106454457342,0.038222092328184444,-0.014739954339242854,0.04562688457999106,0.022917596114378276,0.03680013663904586,0.010486861607468253,0.07414650857741016,0.09772534092248446,0.08096626512673365,0.0154592772738147,-0.10441072871519581
2026-06-09,0.03639335041254961,-0.061333083652184206,-0.04381101698843977,-0.00015857039841369984,0.003246630868431708,0.013577295251926073,0.02694362974524881,0.06447063596492338,0.07774217082985166,0.08100615135473695,-0.062019338592914364,0.0027674693742422707,-0.06429801368322145,0.011009297777087751,-0.01349308732231041,-0.020505005441327592,-0.006216751142149457,0.020941961496277882,0.036943207754777725,0.016153131086408496,0.0008584611397424308,-0.05304224323239483,-0.04196565970241925,0.03623573561058104,-0.06482908122809884,-0.03069911954602251,0.053897953798944784,0.02175869755482333,-0.006452955666950035,0.08277484892561013,-0.031679676107543346,0.029431044688699476,0.014097600349399097,0.025129242393255993,-0.007642135444829482,-0.035175474401468225,0.008038632532058082,0.018424768745030087,0.010065605690177863,0.0015909558904788536,-0.03292166134185356,-0.03279219317441554,0.03216340532990772,-0.009928998228883995,0.014129209718963157,0.0010678832456043272,-0.05520446767857927,-0.015289935341565869,-0.01546710817961358,0.05925163633548008,-0.03046529507849321,-0.038340890933622813,0.01847512874577171,-0.006290152351926126,-0.016729990647053584,-0.007240631341993131,0.07218934743223472,-0.01803482402686528,0.004807988583523337,0.01589283778469648,0.06965694920132608,-0.007782788499869171,-0.015243926934067656,0.0001318990416189006,0.024638209865369003,-0.01351002439724064,-0.02571283060169329,-0.027830511734596636,0.05548725680458572,0.12762522539157306,-0.019250686200702444,0.035249758557046845,0.027656417837358033,0.014301216236216963,0.04112682528109989,-0.009543355157392014,0.012109290240629655,0.015183445180602922,-0.06186922443499708,-0.026787714657892356,0.04508556464200954,0.05116534223076566,0.026971785710487563,0.054992428452590204,0.02974546787407943,0.0525538040802389,0.0906418657745828,0.042511257497008084,-0.026712970932993227,0.05097461223995944,0.01872051436662542,0.03195896698223757,-0.006162707150394757,0.07792765971924413,0.12217397632730947,0.09714406454194353,0.027637377187837486,-0.09241299609839879
2026-06-10,0.03283033831302817,-0.04393621248680328,-0.030847699842035885,0.0011126586881635633,-0.010912069595370345,0.008919562856837418,0.01382061966184155,0.053841977309762194,0.050421442891989285,0.05921906843255961,-0.06698883870620946,-0.0037551175146313814,-0.05497336864814044,0.012769250766519972,-0.004637275012027549,-0.011856834643310487,-0.00868937002332257,0.023227578198305142,0.0273231822090685,0.015361073651849638,0.0013224980276127646,-0.04194764290915687,-0.03596567864588587,0.015689901521487106,-0.04670078700647726,-0.0196855593604568,0.03664722721552757,-0.0009455181476916274,0.0010217605413367931,0.07012303454586262,-0.02497282143284872,0.022654946944840604,0.01183928290235816,0.010735347863986782,-0.0015386246692134353,-0.023762239992967706,0.004497870385986699,0.015747111108791505,0.004391716049624291,0.0048076952553726265,-0.014096954092180177,-0.018411937072866764,0.02645258801411627,-0.001861417092226255,0.020366768602108565,0.006624394813099331,-0.051303001268843164,-0.00168222205756848,-0.005426118988086875,0.055428879953806784,-0.016453895804118164,-0.03015139454086984,0.0028940721286363014,-0.001635107502648999,-0.012863110816800359,0.0012750216577914787,0.04699688099848871,-0.002878540904315741,-0.001172232910633007,0.027560586653563653,0.048607187413795744,0.005812313242211129,-0.007306089404043025,-0.0035828470844289223,0.04552796886023285,0.0004006342649086614,-0.016792874874366398,-0.013444552343441734,0.047025426435396186,0.11072369814897551,-0.007718554670165469,0.03633729568608253,0.009172217787819518,0.01432660979159774,0.0319629369742868,0.0006152367747386794,0.023750364394928704,0.025363847805350045,-0.043427487182114234,-0.010478168739845658,0.03843375711054628,0.04393889929412538,0.029721912207146955,0.030386291669244996,0.024287118908169376,0.05885261222637466,0.07723080022195403,0.03765451852214259,0.007549554309050876,0.04539043739622605,0.017738738213486982,0.034464783857763366,0.017193986098384215,0.07410308953018935,0.0960706679555247,0.0715479884589058,0.011563485853993428,-0.10887655159176395
2026-06-11,0.04304222809610524,-0.04693146025388028,-0.04112514283659966,-0.0003886875023500821,-0.003846987238494094,0.005219348016187888,0.020461485871840608,0.05947171159523873,0.060867044316867604,0.06720597151483165,-0.06792087666113246,-0.009704521658789227,-0.06475982082612776,0.01458982448594177,-0.00938960502340327,-0.01853925254932766,-0.01125143828929623,0.019753363287650066,0.028925209410167546,0.014400865289855668,0.0035255987466325306,-0.04411224845883937,-0.04224367123040431,0.02348805428209806,-0.053314859949546545,-0.01611133772860046,0.04248688706608941,0.0012979019529919134,0.00028641698431698843,0.0762321254509425,-0.027097682661149647,0.024950278270638428,0.013764283058433802,0.01698030845858115,0.0017977326335142842,-0.026257180997319704,0.009074397714700616,0.020342207374080983,5.232226676745583e-05,0.002230702687699048,-0.016354859982256373,-0.02349112895184715,0.03080716291939207,-0.004735239166524624,0.021767896538251896,0.009969489355700085,-0.05035764019125646,-0.007408243680340812,-0.0035908520379123697,0.06453836128839346,-0.031133979747312905,-0.03369641427833679,0.006388368915744812,0.00021516479856419253,-0.013850836544620401,-0.0045230295475216144,0.06005240415432495,-0.008178961360511076,-0.0005447163273813293,0.02823486521024162,0.06712429849322718,0.0006280952354034332,-0.005213780557276891,-0.009568998842127327,0.043195232746109855,-0.00628538376202052,-0.02335971616581463,-0.018292571138945724,0.049438477157403946,0.12363520217816087,-0.012524928467120623,0.036023952185755284,0.010936525808031615,0.010822756268445723,0.03292970147656674,0.00012426975954368293,0.019251960791827144,0.017996950205543566,-0.05203485181577126,-0.01266573054375243,0.03597169285162251,0.044106720046805915,0.028495229698441392,0.029233640435053075,0.02310392598913367,0.05518462319161303,0.08804832199348105,0.03791392851163909,-0.0007345978726872194,0.04966844141186183,0.010998103539150757,0.02891284900164582,0.012750581336619646,0.08243514743733661,0.10744793724482915,0.07615954146046826,0.013633360074265768,-0.10705021369617446
2026-06-12,0.032431052357331853,-0.049551838625260164,-0.025144916523510405,0.000573677647764493,-0.016336935116186647,0.007563253016274618,0.018231889418868254,0.05649350548689872,0.04939786491636884,0.05543600504716447,-0.06482207627790244,-0.008217572425179532,-0.05389923184765592,0.017795613273727875,-0.004399924172454949,-0.007445921410208585,-0.013047660185120958,0.01865909022967609,0.012896799689178444,0.007708904383925268,0.0002221819693946376,-0.03422848978672443,-0.031339760056064286,0.021090076372972267,-0.04052762875030998,-0.019669792083417147,0.04198411851040032,-0.0065732512094606715,0.009524784076670364,0.06963578199416039,-0.030416587404532257,0.020639370009713647,0.015285336280702232,0.013319995654689373,0.0019777463823073497,-0.021607792090272637,0.009773155456922134,0.012419655746672338,-0.0008112804463064009,0.006471719061013426,-0.011493630472979433,-0.01704231213223864,0.027786851251168608,-0.0071165701903816245,0.02409827589273693,0.014006200326628363,-0.04731310424249063,-0.008422818059259403,-0.009066746143066502,0.05793979785575685,-0.013089597829090137,-0.030050742431983142,-0.0018115563069374101,0.0010665089198757423,-0.00980811802402594,-0.0002777749165456325,0.04776000480300097,-0.004065989019598079,-0.00726796473801347,0.03186198904304268,0.06006747140650452,0.0029344492736326716,-0.005315325612898422,-0.008266779792580317,0.0467011724608677,-0.004880521323858725,-0.014753019515787147,-0.015491467214074338,0.05013033609083022,0.11175669804771379,-0.01234371840438622,0.031118812296578383,0.013325925424655632,0.013685896032339957,0.0369606561482273,0.00683968808779256,0.014377940554642301,0.02572286155560946,-0.03878550554547583,-0.020729535549888815,0.033613424977979124,0.04606508146516798,0.031049079978450925,0.01724992814317442,0.0235423558897076,0.05724572382489468,0.07779267946830677,0.036422082178481634,0.011000367415807826,0.04429266545883465,0.014337800412137634,0.03203607759450482,0.018309764187831028,0.07466832048396296,0.09519651124682099,0.06907740510124956,0.007050941221248072,-0.09118986562683548
2026-06-15,0.03691988574821953,-0.04803043667628124,-0.04054252312665264,-5.008957360918588e-05,-0.00810328358019245,0.008649772581430811,0.02547234756896125,0.06514540737943386,0.06411567127257545,0.06382905789547333,-0.06941755130397978,-0.010657705775697286,-0.06466666524130854,0.023568267965406807,-0.010453756396435079,-0.009376080747338996,-0.020388708274247894,0.0220998116859231,0.006231185937210601,0.011500509015703377,-0.0031455863078070512,-0.03280024886360325,-0.04014239680339034,0.02355795271249999,-0.048759024998561926,-0.026338195443606445,0.05063806884673849,-0.003131448889199079,0.010958048305273279,0.06930122057057797,-0.026825111923722778,0.02935051117832274,0.015288876499274176,0.012940744283893661,0.004351005382581373,-0.021890844884938074,0.011874086372994141,0.013958913902714113,-0.004573948192853011,0.005093627861297327,-0.015403033121539117,-0.015472364306635204,0.039018337149387024,-0.01137628514149767,0.0241930068568419,0.014782655230542487,-0.053823096283372784,-0.01482602482704744,-0.010810413331227302,0.06126482307934898,-0.020748373395704428,-0.03097522347878969,0.003069685410237586,-0.0027808368953860726,-0.006473279316921736,-0.0029408718190662222,0.054144841258819486,-0.010998642644960198,-0.007073641635387264,0.028772938514928896,0.06757215855664987,-0.0021557031211526627,-0.0035303717199296047,-0.014267540479945032,0.04382571708564327,-0.007706854429652568,-0.016931161207344676,-0.021331262456616942,0.05779389508275597,0.11730869510178417,-0.009497813950249371,0.033976468706816025,0.02417248329534094,0.014791220454955947,0.03252791229306235,0.00796906531271265,0.010633296328435467,0.01891622611698315,-0.051975269071177596,-0.0408536412180443,0.0318827396676928,0.05512148239578657,0.030213237305181176,0.028521426084519408,0.02036875986807813,0.06409152119108584,0.08167663759884083,0.04350863988033749,0.0028959811193729184,0.04688752420361089,0.011516391521992889,0.028781832528717154,0.00800543751899642,0.0844180458604548,0.10996325524300772,0.06852628173644484,0.006315713452920275,-0.0910279951237188
2026-06-16,0.04030031872576266,-0.04856406502224282,-0.043223487475196325,-0.001497598718659397,-0.007869182889428358,0.008461763409257863,0.02078231992536894,0.06522755222231538,0.06534367362911303,0.06386679785473999,-0.07041332303017722,-0.013353015465703449,-0.06330875625836517,0.029214503307734528,-0.011944034212124295,-0.0061461353764224996,-0.019400058520954035,0.018265550219724484,0.006517330261596703,0.009806916171755541,-0.003489851092984114,-0.02993305684274178,-0.047101949912784505,0.023023282096101834,-0.04736723294217998,-0.029578924901227703,0.051284720563448044,0.006837254181978671,0.012452119508922473,0.06590033574648435,-0.025502987350346867,0.03068177570941181,0.008289436125000814,0.016035529051379775,0.0036134682154039133,-0.02477186589969871,0.013862853316160875,0.015636780436693892,-0.0043925885152750355,-0.0008619291175878691,-0.011580134527561887,-0.008562707770649413,0.040771391974790336,-0.009136930276774395,0.02366727240169701,0.013838929524184614,-0.05231882117638208,-0.012809615237500611,-0.007081019455085642,0.05903801054796766,-0.02088553426751364,-0.028440423128694846,0.0056760372177056,-0.005298931290295591,-0.007705038958493482,-0.0017995607995845066,0.053846868317112426,-0.01144775845968553,-0.005535745331142676,0.031068050976695488,0.07015891926167926,-0.002997044813499902,-0.004640300177408392,-0.01892062052423158,0.04732376457425144,-0.009281795811185453,-0.012556882733638848,-0.019783429484589422,0.05726557110298397,0.1159504724611234,-0.010903679595551349,0.03663216839731513,0.023622435358809972,0.014756466280956866,0.03181645150999106,0.007367573129070834,0.008252242330709971,0.020901709680877775,-0.04526011609236694,-0.04375441987637353,0.027785049962332733,0.0543519851107434,0.03343062351347919,0.029601556728106077,0.022608760581051185,0.056474216646926395,0.08298074249576128,0.04482077587235005,0.002889265615357956,0.04759210337761544,0.01951223450937381,0.027869966498975593,0.011443206790152304,0.08822427485609807,0.1112891134870783,0.067929866973849,0.02108275431788645,-0.1378245597311059
2026-06-17,0.0419464453068351,-0.03289265237701654,-0.04939040616828611,-0.001041198713337254,-0.0140901471334065,0.006994289841045475,0.01165356989900408,0.06411901694680722,0.07317559614257718,0.061843301386477784,-0.07502915925973559,-0.016953122158830054,-0.05955787966650536,0.026138587734662592,-0.01350733274665406,-0.005891644005271117,-0.021491343951737768,0.01907333046790382,0.004991677282477197,0.010236751178290808,-0.0050648687679617395,-0.026967624331953544,-0.04659466687092499,0.022483313212704744,-0.04553894356997041,-0.028152115052327044,0.04385950293021611,-0.002520837943654132,0.011497990160768294,0.05819740192018715,-0.025188633720364853,0.03780375671968169,0.013237635904588844,0.010620524551669175,0.0038147318325232778,-0.02729765895769358,0.018363839092697065,0.013405824859267668,-0.008003534575960524,0.006207905096546451,-0.011313411439308972,-0.012806160312383309,0.044034681344181203,-0.00860702043249771,0.022367892753463105,0.01593763764808255,-0.05506289287316597,-0.008814295145171304,-0.008649493315948558,0.0550420826572967,-0.017240192589650816,-0.02875994005869137,0.0025322792811591837,-0.00420341844486608,-0.004366382006913033,0.00291080504100767,0.05600004442465267,-0.008148493626782537,-0.006874191414335722,0.03210053909163193,0.06520711131281527,0.0029357255805623978,-0.0031074376346532945,-0.018256070770326364,0.044286858366727015,-0.01691166407906039,-0.011036595275722752,-0.025357757755744587,0.06089275509711414,0.11555013237020005,-0.008617247069818394,0.0377874142363775,0.025215182657964304,0.014945618039756444,0.03195100357295745,0.013069086208330086,0.012872290912367008,0.025420742021437865,-0.04068447402709132,-0.041116267559835065,0.02359919779502477,0.05459146816751743,0.026206716361980895,0.02620467855508802,0.024069697768047335,0.052761311869173336,0.08334187955571377,0.045988637383860304,-0.0023175222405881248,0.044770413464615744,0.019214496033834058,0.03152747711045463,0.0098947783789834,0.08468457937626109,0.11343598471165019,0.07177079349845271,0.028767546687194563,-0.13412983375872167
2026-06-18,0.05962632344010624,-0.025770398360797808,-0.036743146963049235,0.0002668600291380139,0.005372843790982339,0.04784663307585656,0.01884112161565405,0.06004234221814727,0.10354535367701949,0.061122974157409166,-0.08204744653598524,-0.005580051458678957,-0.06230696564726408,0.02160897920759701,-0.018275627418788958,0.011125353327972482,-0.01180705925850639,0.02665907639077425,0.0002654667236015734,0.008811057763438894,-0.026711438250731058,-0.045483055833037,-0.05467337329559778,0.03036549630698706,-0.05481171405910068,-0.015096093995954135,0.036358249131639306,0.01193033565650055,0.01844879097980681,0.06859599423498411,-0.022738315562669052,0.05316324597985807,-0.010922790042474607,0.020558043396462097,-0.014346953753876736,-0.02930853081224924,0.017281767969060672,0.002778368905770016,-0.028227178118802224,-0.027387282505482072,-0.030359251009349997,-0.004856275633949169,0.05011351718518023,0.010781112172843674,0.05028075695730265,0.015958993282417677,-0.05794680481915812,-0.026733588906017916,-0.03409856594574513,0.05149427474555751,-0.04471382353227153,-0.054676231590403676,0.0056843690184761025,-0.005797326172125255,0.008219511418022045,-0.009570147410547193,0.05466454240996583,-0.026586932419862534,0.006960926353506109,0.02929919518612955,0.09412766602189658,-0.007218072384793264,-0.0040544291403310645,-0.022376231110527736,0.023488004344238013,-0.013637914485172554,0.004500105553666282,-0.041296909020449205,0.050872812810636575,0.10279110530389686,-0.026145606046486095,0.0346510905569053,0.018747396393428623,-0.011877871664900624,0.025848010322456823,0.025956552500786247,0.017977908525430228,0.04086776932079976,-0.04517974807910736,-0.01561108020083833,0.027669955625490676,0.05562380779728229,0.007741260380043155,0.042725105401189886,0.023621663256708426,0.04542411377423737,0.09847845711424093,0.04903643886114657,-0.007194018013874039,0.04095560782098598,0.020376042743839258,0.012541875999446115,0.009537518654582291,0.1035965769631559,0.13577449779830608,0.09375196355150844,0.03311964167292872,-0.14570657631844486
2026-06-22,0.06519815370477335,-0.02513804845641348,-0.039602365238365786,-0.0006415132191714083,-0.0023907892219433135,0.0461918573525697,0.021423161869338653,0.06193105051352078,0.10641621342258599,0.05659350794600652,-0.08614324006704034,-0.005471116656499049,-0.06029408600738005,0.0247070675656969,-0.014082110101199917,0.015550490564209915,-0.010120195527982363,0.028195173008991693,0.0033303968101175384,0.0053331323393765616,-0.02961814322934913,-0.0443927486002127,-0.05700405418599237,0.02967692380476601,-0.051070829998410595,-0.017034126199753065,0.03459538446635597,0.01336805266972885,0.020833341054809322,0.06765634475449026,-0.02266637507372598,0.05269213324670091,-0.013968924337361731,0.01879855778597702,-0.01434641772563845,-0.03154321778045616,0.015732654243711553,0.0028505987235783424,-0.028375835738088342,-0.021932518520076917,-0.027324031297637462,-0.0027587411032357536,0.0534792895420302,0.011905130347495551,0.05363201815974499,0.01877696595927969,-0.057846851414642825,-0.02874222909466386,-0.03241536502592306,0.05207267768546638,-0.042863477034320634,-0.04966472074451102,0.008145035749608953,-0.006539264486498745,0.006988654244019038,-0.01311699458306084,0.05802409181218234,-0.03364510842460552,0.005130972321814284,0.029345139023264744,0.09816354383371362,-0.008006494017932636,-0.005466818725883114,-0.0181797540040924,0.023623178440626398,-0.010462808262001596,0.0020556178839297844,-0.04066453990643542,0.0559603201959528,0.10139672524045756,-0.02519911218825472,0.03691490243158548,0.018761012614434837,-0.014354897734475515,0.026658059469321226,0.02025258704730508,0.020072599980614704,0.03671838761571652,-0.04345418987643548,-0.021360439350420916,0.029476928561730467,0.053685128364845416,0.005395225828734567,0.045630786755724545,0.02389242625042558,0.04314479146729561,0.09897618867834458,0.047595216414950695,-0.009512452419882486,0.03818171744816924,0.017754008433092487,0.013874825579553118,0.009799446203230172,0.10339244282838134,0.13529474687233392,0.09473546640767727,0.02680261947891427,-0.1493681254392982
2026-06-23,0.050294872181848395,-0.019891167515560512,-0.026268331881306485,0.0017049519781529559,-0.008438669512632812,0.031555496173704733,0.019662217483889806,0.06354745625814068,0.07861331255818968,0.05199850247796255,-0.07396505461242787,0.005150285783168888,-0.05033196796009183,0.02190764844417674,-0.015883951203409637,0.015098374522448313,-0.00933484120936503,0.03761572940598386,-0.0007474079376884168,-0.008616767899624006,-0.02727755543118103,-0.0384675972432412,-0.05075620618011228,0.017712328377931,-0.04304563545349028,0.003161316341345243,0.03021851404419456,0.00602703080422236,0.02525933127953848,0.06221926164015524,-0.01880602206114934,0.043854717451283685,-0.014561515876239434,0.020122360903076404,-0.012714294257079787,-0.02865222185010189,0.013926439514461215,0.01383402744929159,-0.024247146893262093,-0.016375761115165324,-0.019572651795059917,0.004528320456086921,0.03371178895721343,0.008074894516678463,0.03918855053329936,0.012371276507733524,-0.06947122883742934,-0.01044160502738879,-0.018385898181643587,0.0444841511090476,-0.035528517636767,-0.03932644133509465,-0.013062994696853054,-0.007030553362957345,0.013006249856159282,-0.016867112964711016,0.04737445936529578,-0.014026546553462091,0.005786217068169352,0.02564210849537435,0.08599153144422886,-0.0038697531022457484,-0.0015252443913343922,-0.014503824986514273,0.020909662405803497,-0.0021503781935886274,0.009305710096867117,-0.025337949317332756,0.04459199454799871,0.09888796331041255,-0.015294663099017369,0.02729594115741197,0.02155731270735694,-0.006799833374747032,0.04176584753765797,0.034328562369416796,0.0345731469300562,0.04402089284285591,-0.04541368577486604,0.007334727841782012,0.02392785182070585,0.03495421987862863,-0.0007668273458034183,0.05179870064961872,0.013779625673974916,0.06756453076719113,0.09312191180948837,0.0407125707189743,-0.008555873675897942,0.04078976110026009,0.017968907496844475,0.026518228667777095,0.008739471418896281,0.09560685920204662,0.10921696307141446,0.07368825573926134,0.011315908397931868,-0.1716055517972435
2026-06-24,0.04248538139213825,-0.017142641568384173,-0.020411264893447252,0.0014565511890718332,-0.01211443063591486,0.028475270045661916,0.014444077887638653,0.05881422485543096,0.0683293451557083,0.04937894989578805,-0.06804646938582287,0.004784037148253142,-0.04405421172651885,0.017414470572458388,-0.014386329272310481,0.019052722748934305,-0.008088798698637557,0.0332164207524659,0.0009270202535257305,-0.00933036975216483,-0.02388730632802797,-0.033440844374730744,-0.042752613536310484,0.015401056182195956,-0.036749441858487275,0.0019311139858854288,0.02879609784128593,0.002500481713771532,0.021881208772370306,0.057548732706717565,-0.020319489039282546,0.03325681977861294,-0.009948954443883338,0.02089904055540738,-0.011215444154385348,-0.023327493421352888,0.011952972851000686,0.017046824578375953,-0.015294533670902699,-0.008124919825388035,-0.013934079141634642,0.0018484900865263984,0.02790805692361198,0.008913659124962798,0.03381601688438788,0.012458671564008336,-0.06324699297573572,-0.003646505429552834,-0.014777746831440666,0.04057531862068075,-0.027265525132396544,-0.0349376001787376,-0.012604954674896687,-0.006467497962042447,0.009924023161303483,-0.014163068264779094,0.0392407063992227,-0.004054708094863248,0.005663236985098885,0.029786647118888537,0.07499537748386424,-0.0017330196803778796,-0.002529329932479186,-0.00996922566307148,0.02377769965060384,0.004045339732538201,0.008512651128130547,-0.018285600171321442,0.04162954266034907,0.08800785607091707,-0.01365921591123761,0.024574645805068032,0.019482326330075926,-0.0026617486014355197,0.03937400684369319,0.02847012136460847,0.03441557262334975,0.04836254289735493,-0.03916014503675949,0.0096403818906814,0.025060555766271073,0.03004032301486198,0.006674037952353124,0.04140288182845366,0.014628829617320167,0.06923623298440991,0.08487266434183992,0.03980661153187367,-0.002927101410426942,0.03948104109635916,0.0179438827782904,0.029650031956982632,0.014324633539509262,0.08628887183768807,0.09873424211974018,0.06955073540038129,0.006608420103207124,-0.17506008640302603
2026-06-25,0.05534815133215062,-0.024085830307518034,-0.03016605321125839,0.0009074806069452133,-0.005419798222211241,0.0367506593014115,0.026260034129778405,0.06611068738786519,0.08800462231570154,0.052606640370788174,-0.07475304755116076,0.003139061947084596,-0.0622650032969448,0.02092865305308861,-0.022117684799100548,0.017833378460570492,-0.008723712712373216,0.04133281951930559,-0.005542616533986433,-0.012186096720511666,-0.03277564560263952,-0.03857647135042958,-0.06341937817053592,0.022271004259925384,-0.050920369644609324,0.006705666905944764,0.03537814003019399,0.01768460428949804,0.028587546110217778,0.06564869608672265,-0.01912169633732779,0.05430457775527181,-0.0139303199740571,0.02070671903959462,-0.014667635384956699,-0.03482587134316932,0.020996403223792273,0.016286627183596667,-0.03361078909633781,-0.024734084706182644,-0.027897289507413124,0.002671041367794145,0.04097587006645254,0.00954770958875483,0.04137332601321365,0.013204791697410324,-0.07303212958935572,-0.018116751534897405,-0.022583851147100563,0.05167814889398883,-0.04614216857420222,-0.034812318854555636,-0.009532324267487862,-0.007635974984626101,0.015065355617582543,-0.021131314121119606,0.05712600473709228,-0.018928360908429115,0.0077908837054186655,0.022504973686429345,0.09880272856226067,-0.0054575730416183636,0.00011766342386188532,-0.016574341069597882,0.013685075776747489,-0.008158476552525896,0.007748644896816436,-0.029772190852097855,0.04957347477067454,0.10337279598792462,-0.01903765177904603,0.03336826620594842,0.02551899860780498,-0.016490839020136608,0.045213225054876335,0.037478687746161025,0.036330665851616276,0.0392264668788604,-0.05165734326731182,0.008156412981000657,0.023179865238831802,0.03767806637823635,-0.013704513973416611,0.06496424246505247,0.008618219093591983,0.06757684288183614,0.10219088152334418,0.04199863908432276,-0.01493425458243501,0.04203320099758972,0.01649382654697816,0.019148522390932007,0.0047352721429774,0.102285396063908,0.11806998900202811,0.07683009475649476,0.018575133607933093,-0.1752598050095115
2026-06-26,0.06440704890549787,-0.019319364251584162,-0.03458868421005764,-5.660381235455918e-05,-0.012062741099761886,0.03033922638459812,0.023692601407342494,0.07175061220290711,0.08649826406009696,0.05094954510478148,-0.08408024507672487,-0.0193756331646541,-0.04828015062191093,0.01658213475241945,-0.02379859823683756,0.02407363381346102,-0.013376448990104333,0.04344814460818853,-0.004803855435864894,-0.011385444867021284,-0.027236519560737707,-0.03478574854826856,-0.062240514577018693,0.025588186256765517,-0.047527328204386286,0.0010020309890588549,0.035228496520939206,0.014934637776113438,0.03103348801041992,0.11055856808737752,-0.013138295074179669,0.07257374341862828,-0.020409891888052603,0.026244223430288635,-0.009349643809738998,-0.023126073645059905,0.01344605307609152,0.01596237538263507,-0.020610842875744023,-0.023741240165186417,-0.031589305459448117,-0.0058759951465063975,0.03515376335497977,0.015844654557485356,0.02926430969153606,0.016033965151131757,-0.07139241072636135,-0.02012840597312937,-0.021329907838072155,0.041591082985222606,-0.04176344229317097,-0.045668059382327215,-0.013150643521918476,-0.015837367853486863,0.01789229062694299,-0.025063382058839956,0.05459589392712094,-0.0150418452941257,0.008389665597315576,0.023925515764224616,0.09196745911927859,0.009905744217382896,0.0035395799305020306,-0.01939379793015865,0.013983997251357788,-0.008394415815995869,0.004041201148049599,-0.028769419276230973,0.05155264564837018,0.09118683563481987,-0.015803340938722855,0.028175709357819705,0.02920668080896332,-0.01767317563377259,0.03812433341748204,0.035804049216133636,0.0488910934885714,0.042881937778919965,-0.0450753785789847,0.019653187803099124,0.01885550080405449,0.027840446833114547,-0.019409022722527022,0.06845635075809214,0.0012167599126097599,0.0666739854246648,0.09049237285468835,0.0456814431655317,-0.009361732536162954,0.039111788562306835,0.010576739833196071,0.027437713190390615,0.006869813328355718,0.10660194502221876,0.1043106629807749,0.06732761488010197,0.020667369843388142,-0.18802420096261854
2026-06-29,0.0571598223187551,-0.020818245951899184,-0.016328345650423612,0.001184025629883326,-0.015841019983255628,0.007999920237244733,0.019448161200444958,0.06543084510515682,0.08416276992777454,0.03910868581021617,-0.07153057112864612,-0.006011653828559669,-0.03188777015242436,0.004975182928134357,-0.015838701361642914,0.016441608610801968,-0.02312770278604641,0.035165382536048645,-0.01598868089018049,-0.008827369018888613,-0.025115796820376388,-0.022285781378365448,-0.04422356515167188,0.015922726686870455,-0.05269648220887056,0.001453440337471636,0.018907003714593675,-0.0035165520126275215,0.028372160498024386,0.10057785239602193,-0.021090449008408632,0.05940034966300366,-0.022115774879929717,0.015496559493472175,-0.008101590291691529,-0.02415680169636339,0.01779386270992274,0.014454526736792222,-0.012029322639603343,-0.01784753554808584,-0.03572064971300486,-0.01239890874070467,0.032314052901075696,0.009592695762300778,0.027509965687214408,0.021306264495130775,-0.07260377880044663,-0.023768341357905676,-0.018502405874831533,0.03280929422150029,-0.023196372240116565,-0.022185848597297858,-0.013608997248876998,-0.011672955794337523,0.014253281976696482,-0.021374207031085737,0.05141108179155656,-0.008135118050188584,0.01395868808348321,0.03972885796410688,0.075590276296309,0.004516991647976707,0.0009379639186578425,-0.014795214777260283,0.019507641617050694,-0.005534986559902,-0.00459773113545806,-0.007962643029191202,0.05119287992021192,0.08413837173224874,-0.029480797238018316,0.01831866525875807,0.02179015618640473,-0.012066853645645413,0.02500333179353665,0.04685294353429588,0.03758511246263438,0.02958167850814019,-0.043499910069997344,0.009314259753588733,0.023908755561116435,0.03149531186769085,0.004306371074684411,0.056066049956399897,0.006652516916555712,0.062325917696877675,0.09334549437602475,0.051760722840719434,0.00368066918432337,0.041111834763171595,0.023109361804350283,0.024930757774828352,0.024288076304161757,0.10149311105443766,0.11253881843166881,0.07528982786695386,0.021311033672710276,-0.16779854090795687
2026-06-30,0.06537779494147933,-0.021742166519228834,-0.012425418174654668,0.0014570676177220483,-0.018131531172750417,0.0025478482252392,0.032004959627168185,0.0677595434423797,0.07453897943886031,0.03970992471500994,-0.06264800581366602,-0.002165413931330554,-0.028442056923352672,-0.002310864989494496,-0.016392176305125655,0.016466659825810186,-0.019544779884305023,0.033749503799159,-0.013654136752011008,-0.014846155326365967,-0.027908914889944278,-0.024277533875238247,-0.04740675202539467,0.021220480557308956,-0.04502056511812119,0.004711533481581058,0.017804863865198965,2.419483750149866e-05,0.025782724547831988,0.07419109547005122,-0.02205152806641001,0.0581000110721015,-0.01891853199909105,0.017975978159368303,-0.002854953765780521,-0.028744454247486367,0.02050722383570664,0.007158342976591854,-0.0024286998672741773,-0.008206331826767053,-0.04765562928790315,-0.02160568408647237,0.03637256065752761,0.004081816555257075,0.02342075879512997,0.01075852058056461,-0.06757547863471336,-0.029947854814945406,-0.01345647511933242,0.03184053624677653,-0.01722583749942236,-0.028744845385174043,-0.012877694679960297,-0.006753700569003209,0.010930211163769523,-0.019881596632300824,0.04657788714062014,-0.013589625905038554,0.02374964041926597,0.04102449734650608,0.08705456667385603,0.0075275901816320885,-0.009667160674791795,-0.026172013604536838,0.009039690416995738,6.699392799587416e-05,-0.000796534523238945,-0.012728010099731483,0.0500731827452713,0.07277064501939005,-0.02298800052716289,0.021648822448632442,0.022547860080221544,-0.0027952748250869627,0.018592542278475965,0.049068593063223157,0.03737258321275379,0.047396391965425506,-0.03577585028545224,0.003750411240249227,0.023650096109673835,0.025660768168918144,0.0010371521173868203,0.0477363121632081,0.00932325232175155,0.05537246244880768,0.09929070265440844,0.04607933251978519,0.01665451682468396,0.04716716113051813,0.029013527342148543,0.01933219156789997,0.025552230938169336,0.10685005392139159,0.11035743701545958,0.0727639690438083,0.01724812520630575,-0.1594860854618751
2026-07-01,0.05720080842874225,-0.012288398967706367,-0.006604803960357718,0.0003143953176013379,-0.017682046569099774,0.006185026770410962,0.019350923473802066,0.05585517960789297,0.06410003595424822,0.03591849519282665,-0.05873683640877901,0.0016818945305469863,-0.02620359110997031,-0.005536111194122341,-0.01704023401704982,0.024477773090237853,-0.018674815687469128,0.028791048411276755,-0.006070123741168878,-0.012204742742035693,-0.026679767632024717,-0.0310865035693157,-0.041522810933834524,0.01901964257764121,-0.03577708447160391,0.0037144025049349345,0.02026715104296052,0.0003399374194541314,0.02510708298564941,0.05824332455577766,-0.020242994184203382,0.041865899976071506,-0.019935073790388197,0.02154147657239528,-0.007395959066713758,-0.019187927494379774,0.022568458538449254,0.0118888207288568,-0.0017272420896887828,0.010635741038841623,-0.02952822789914887,-0.01822375235351286,0.025773724154727985,0.011836741909029358,0.021756285410325107,0.014402840771559023,-0.05676815873803932,-0.024185806600277956,-0.012041159189239871,0.02239641378259525,-0.006963672460631598,-0.0292173842363867,-0.009931306604161945,-0.0024356967090609517,0.008036906203826811,-0.021688961682727104,0.03894008424932336,-0.008746443609329068,0.01872821218424609,0.04317811549267897,0.07566891617250325,0.009958376025036039,-0.0038248456891557415,-0.01870493429568886,0.01962885495230881,-0.0032955112167758222,0.0027242391693638977,-0.0048684586718286665,0.04989330075125093,0.07145789063419437,-0.022782482608025248,0.01491495308227652,0.02559976020025811,0.004332208748553433,0.021561685768153444,0.03200761192427645,0.03315522026184658,0.05282516618969646,-0.032009577439510536,-0.002203712145568828,0.028135136515894936,0.024509302759810996,0.01050161683574378,0.038362589416858904,0.010289671063432862,0.061636849659926204,0.0858914733677781,0.04570380729441405,0.02167747029334771,0.04580367154770827,0.023817348188163834,0.020337199064491142,0.0323693977077433,0.09041995810603971,0.09841893765351784,0.07060650192347144,0.007238487598048825,-0.17154728597405888
2026-07-02,0.04799279770673609,-0.013584638527698254,-0.0020431673546413703,0.0016523957265413558,-0.02079933316448957,-0.0011285603654142221,0.010783017607052671,0.05141410826399903,0.06027285405424049,0.0414346272009612,-0.047493300466532544,0.005756642437672942,-0.02859047344054439,-0.005939584627653689,-0.025552391055805784,0.021916717453559685,-0.017599608850104483,0.00877708940812228,-0.01599709136167448,-0.017965807471843342,-0.0185030230119312,-0.02076620327071109,-0.02796648490330094,0.016044889051417308,-0.037037289124649854,-0.008249802495208845,0.01500515752055601,-0.0009174391352312333,0.0188347112736737,0.054891713691120655,0.028723520670168957,0.038382086611180526,-0.024399919449894628,0.022747891352972234,-0.008237278684578216,-0.02268865977247473,0.021456081748969798,0.012289855522798172,0.005414394745437294,0.0168364821874894,-0.0294695334445381,-0.02050972358611723,0.0378731320538037,0.01618834001132854,0.02020373374946884,0.008548563669716255,-0.04602938817046866,-0.020266568772846022,-0.016430139711434345,0.021170883161319667,-0.009207081194572078,-0.03019090452907215,-0.009686075520711513,-0.002045973712087777,0.011882282849661462,-0.024066321843777418,0.04396108348046817,-0.01986829941540582,0.014267036682613126,0.0423767000867814,0.07012366775067183,0.005096758037023899,0.005478025227762473,-0.012912574417074526,0.02078989077943152,0.001901386103207359,0.014604933226980983,-0.012220423228443402,0.04717522536156285,0.06737418463898792,-0.020052340079388054,0.021561120073934043,0.02899247127723585,0.0011953783517879256,0.027742388971117922,0.030529104148575778,0.032557133906694326,0.04647904181346589,-0.03831112633747508,0.0023181496016122117,0.027098160604024764,0.013815027687412587,0.012510531353815748,0.03523703415330345,0.00557332190828146,0.05883901282753591,0.08746285203361297,0.041284488459986696,0.017321550545857885,0.047805904075608446,0.025851514134353104,0.013017748330300415,0.022896646688764424,0.08248124473290931,0.09675154193307499,0.07659486945557142,0.010172603295113544,-0.1390051709716161
2026-07-06,0.050616594543144044,-0.010696253625794865,0.0013828897336959703,0.001285915441540053,-0.01808201969483917,-0.004034500978514849,0.008077519472883602,0.05257885941638714,0.045639001937614616,0.04272840952351251,-0.04706771238466827,0.007079328854282092,-0.02610425736877222,-0.004075806439254391,-0.03519793894315354,0.024691032802118085,-0.0183848517434353,0.013962703450617096,-0.01403565236604955,-0.01666498956095381,-0.01978838807684838,-0.02365999466236253,-0.02817862888854039,0.01775863830303519,-0.029093537619855357,-0.008562150890324206,0.014544358336758618,-0.0006058222896115403,0.02217064641709047,0.053041754181216816,0.029582106081240477,0.036968048626037545,-0.022819231252142767,0.021471929030872736,-0.008107871181724171,-0.0217372145122805,0.02186238436597297,0.015317665119875668,0.008540635981279524,0.015322548560487675,-0.03226179668574683,-0.02501135276577942,0.04158650279193683,0.01656012248481254,0.019956047701244893,0.011702433059488029,-0.0453699761283866,-0.025110562815212394,-0.017781844845374345,0.021079861121064906,-0.009981221465682472,-0.0288374672380506,-0.009690185254042803,-0.002273199428279856,0.010258767604181769,-0.02234760182878997,0.04614225885140718,-0.018901260310012727,0.014545761172008535,0.04586025923980881,0.07224654221202036,0.002208068687591859,0.00829056511104227,-0.015936377393807787,0.020926918329824698,0.001568304057506244,0.01632456965520626,-0.014573797758692655,0.05174617947319457,0.06797855364685901,-0.021195379324936127,0.018859082899217505,0.02386821294602009,0.003222761258371321,0.025595104969740712,0.028605165082043388,0.034446215527870805,0.0512317173452218,-0.03847370035053363,0.00017783587689216424,0.02838409140521219,0.013279904300791854,0.011990536731379084,0.037266971740078696,0.007487083429451211,0.05652854607779664,0.08759249653930348,0.04430845009550618,0.0156365853698588,0.04586661821125756,0.027684836894605193,0.013664600856852217,0.022403753156878273,0.08194129180066678,0.09602254555154179,0.0781798594707927,0.005446517131428922,-0.1486529239751872
2026-07-07,0.05047391468971765,-0.010835059877047607,0.001221974256839859,0.0011150328545518565,-0.01759128621487375,-0.0036054000766215597,0.008692822677023057,0.05347903103619249,0.04567915940692587,0.04299032299038805,-0.046254306364432354,0.006082411864529401,-0.02765212255594489,-0.005094861104322335,-0.0352138367618051,0.024797430603070665,-0.018090076811071602,0.014712622525052229,-0.014457000376027164,-0.017506013733123382,-0.018860597609062495,-0.023646146844382265,-0.027782116984343144,0.017497867167467544,-0.028047424849043795,-0.007983698633180146,0.0139562729797426,-0.0005143871758669632,0.023114044396287923,0.053160717116882215,0.027599806611232416,0.03719130875037011,-0.023460221966233694,0.020225942658599845,-0.008091795439049853,-0.021008836351642607,0.022610876515969762,0.01628013266498894,0.008241303767288101,0.014798806077162267,-0.03382535874528401,-0.027418181267358115,0.04066338851442056,0.016346190138442622,0.019006030462042703,0.012037696018997486,-0.044024357655860304,-0.025059966011512204,-0.016681648229978946,0.0204116021830758,-0.008758901684363109,-0.028244935561296612,-0.00915000151739546,-0.0010434884370315953,0.010232310989026355,-0.022686094216530575,0.04566525265630613,-0.019383432798848466,0.015377360736528125,0.045947517768167384,0.07310163626731407,0.002604903146922662,0.007467348104895195,-0.016071040374293487,0.021243492173095655,0.0012221258821037036,0.01697196587748397,-0.014855046317946133,0.05027731137327884,0.06856460329416154,-0.021486634579482765,0.018539771316627596,0.02442981768289129,0.0037955080881449587,0.025494627290780975,0.02871709331931302,0.035937490308805366,0.052044158346647836,-0.03900254513679852,0.0016043794304714878,0.02877718794855518,0.01273171337812406,0.011673394537415678,0.03590468029051349,0.008004669176895695,0.05691208141934489,0.0884049311438956,0.04338583672012232,0.01596157043094984,0.04565958760433177,0.02722037736547015,0.013800462395899151,0.02141242577998194,0.08120402027285474,0.09702361586729749,0.07786631087627563,0.005998441351458309,-0.1501798672775594
2026-07-08,0.0488391177571927,-0.007046804434870426,0.0047727272069754845,0.00016478560829002835,-0.020841794005631076,-1.1574905970082247e-05,0.006336312018753045,0.054731807599614886,0.042657923174542846,0.04235840865433781,-0.043503881008269366,0.0024463297956558716,-0.02668566381843014,-0.004972155893675147,-0.0395846036861278,0.022268881871415944,-0.01717068412389814,0.013144935065256201,-0.015039640879605734,-0.017842422553074083,-0.018253395877759232,-0.020061432978784773,-0.03099731209744621,0.013378742423926004,-0.03321056422832804,-0.0010901962412525456,0.015958330295198317,-0.00283011021165378,0.02211274965913316,0.05474420075071902,0.02718022848678124,0.04222116598546768,-0.023605308047528778,0.022173105369719864,-0.008287787558433018,-0.019650881226454565,0.02140030126295446,0.015691764824564122,0.009861591212742219,0.01313137115695625,-0.03661432460071373,-0.023894522255702967,0.04273468303860481,0.01614155744035312,0.021798045523462428,0.01135727666921467,-0.04435488739792436,-0.022622200116171096,-0.0158996208839558,0.020826849121018398,-0.0067372497221819625,-0.026858857746184725,-0.008312250316466504,8.20766971888244e-05,0.007341254250168482,-0.024167659885153563,0.044228037465747154,-0.018803222350565252,0.015000894669342336,0.04783748425693319,0.0754495071753336,-0.0018145311161533312,0.006225540284050788,-0.015327110247869624,0.017632587562111467,0.0010284163900157618,0.018870294357857052,-0.016331875990617792,0.050117168652291065,0.07098830603988229,-0.021232796251432554,0.01563350015188979,0.02789173483077178,0.0069784228193573525,0.023143034862305893,0.025962338963964035,0.03480111455415963,0.048601152629870414,-0.03814479704879886,0.00022125440568534528,0.028347124096586754,0.012936944772267171,0.013368479384097973,0.03248335498767189,0.009550277866769612,0.05853425927927965,0.08841421723635699,0.04545454087733306,0.015626201748498048,0.041843030782355975,0.02595190033014201,0.012288841110595628,0.02372887312132041,0.08087093058714145,0.1024467644096252,0.07497064080944309,0.008543920243285848,-0.1500254949274625
2026-07-09,0.05444973075332997,-0.002578737301729408,0.0016963686917394246,-0.0002390271020664067,-0.022638273055899487,0.00917906889535937,0.006444360257039774,0.05871108461937843,0.043730738676576605,0.03723398541327163,-0.04770340558306313,0.001889906440887693,-0.024847500300328514,-0.009740256526810329,-0.034989676054125785,0.02553327944948308,-0.01723983164296731,0.010866247763452824,-0.014884366686139702,-0.015722800402826524,-0.014353050150703239,-0.018509109251892253,-0.03258345457210275,0.011582310140953995,-0.033161495028939975,0.0012052839438738156,0.012055589660655962,-0.00627843701411804,0.024096311339986187,0.05529872115405708,0.022008259947261688,0.03753489512574167,-0.024587014807279678,0.01837940889338801,-0.007513216410877913,-0.022371374177161445,0.020166845769622875,0.022741373600641178,0.0063240947617151065,0.005091212378692683,-0.044791062447433784,-0.0253142836143464,0.04371209204596737,0.015462966146785195,0.026141790900835092,0.01411150833693711,-0.047251432429642845,-0.02578282720944,-0.022147882275307902,0.024768490719145726,-0.010333346020484883,-0.02676637088211277,-0.009065788960933222,-0.0002061412593144015,0.0029900410355233166,-0.023781230366669293,0.04811280380252002,-0.02323112324119058,0.017990942970559053,0.05197956714484533,0.0774545158201122,-0.0007101764921480912,0.006067715742506497,-0.009045215318201403,0.015018814703760883,-0.0011163227575091157,0.020402687953403373,-0.019959996790976778,0.048438400439606316,0.07521800030820992,-0.015867709862907385,0.013839886181955325,0.0270452328370697,0.00926674059940863,0.027185909087904983,0.019091256035866387,0.030371093356658704,0.03999102153301117,-0.03665478712136047,-0.004412012215261671,0.0316726399043431,0.01688133821808835,0.020813803351283106,0.029098548871475817,0.016715416199052906,0.06212646959263525,0.08780750601455625,0.04803902899463109,0.011401043494293352,0.04262662768985767,0.028228446976307643,0.011644268727621657,0.022653034158828394,0.08436856777963594,0.10663151044348551,0.07214846391429024,0.01565094945589115,-0.15300948383170618
2026-07-10,0.05428507399745994,0.002317481720147934,-0.00933271761664906,0.0006880410843469083,-0.03272112975110071,0.011869157715041288,0.0042535975093743236,0.05249411927568738,0.046406945569783066,0.04512906569708388,-0.04982883411039114,0.007141268619537526,-0.021298460514717996,-0.007034450955866406,-0.03267779628376864,0.015519204176328325,-0.013806732134106358,0.009634538332604789,-0.014531366413707949,-0.00572832251081455,-0.015063304384535075,-0.016376864584583706,-0.024963533124834576,0.007165716947800098,-0.03809569947021506,0.006565533185987842,0.019269148810057264,-0.006453598550167401,0.025679869640892514,0.05433228959578051,0.012074615160611625,0.019681153631468665,-0.0330792890854812,0.013025671364255021,-0.005950266311545592,-0.01990901923635418,0.014847244896630925,0.020248532669520557,0.00509051145244268,0.007161948399204402,-0.04657756165322677,-0.03374184745331429,0.04356107404389026,0.017200316558333442,0.02214227478000657,0.012544433612169155,-0.04778444257227073,-0.018322719098579417,-0.015110222076508981,0.01929232258350682,-0.014130310529675854,-0.021784302108010786,-0.005787216932730847,0.0041104293694767795,0.018655175080115258,-0.021466531960246046,0.04213825642896598,-0.02781835471709062,0.01820593871901853,0.042238747808842576,0.07371076971154826,-0.0012723622420725486,0.01777863361972117,-0.017361315557408837,0.009489082552443727,-0.006189927421015059,0.02659501219168517,-0.020532786559383745,0.04425546963489784,0.06004918949279213,-0.014075343901120725,0.009720702716005392,0.033854103071020186,0.00692380014016402,0.032786222616397624,0.023302102416878377,0.02852151976007518,0.03696339181138208,-0.0358115929111489,-0.004412263541099063,0.044658493236459276,0.019108063443737798,0.02783307552603327,0.022889400778479355,0.020797924200616907,0.06464702242255865,0.08450912450268362,0.03990613769689434,0.014279340166192235,0.04852738260688653,0.031133182323019655,0.014602911569126109,0.025737170584865993,0.08345669809665941,0.10922411448824822,0.06342768065170473,0.029438816886514993,-0.14406575107832234
2026-07-13,0.05205202453586084,0.004767815039707878,-0.010626714658805306,0.0009978859743992267,-0.03391478797349359,0.010002669317576872,0.006069655191347108,0.05065574905583907,0.042797320270842494,0.04245793659614855,-0.04594613026943391,0.01303632458513956,-0.018108116985719958,-0.009350164538938612,-0.03004766167678795,0.018336946914958283,-0.01447766088560405,0.011134870668876381,-0.014288983337320147,-0.010056501146975054,-0.01400057666659294,-0.015591827022732896,-0.026316854864240374,0.005584900254257504,-0.04087591401072517,0.0024785304672033347,0.017947799538881294,-0.004924334770620903,0.02417587335248137,0.05623774333311401,0.013152104756926176,0.019162875740741617,-0.030989684162565236,0.014589745798660701,-0.001616176379994165,-0.02057097152643201,0.012590453103976043,0.018311484013356256,0.001325226425753204,0.008874150797589775,-0.04796557725001547,-0.03263803095213802,0.04188913737156933,0.014767080058742336,0.025017182422570193,0.01433646084198615,-0.047119941966392805,-0.018430841499849707,-0.016811473286301386,0.016001160872593206,-0.01097558902905532,-0.020689801705873208,-0.006884771901341931,0.0042530700125062515,0.01831648945343272,-0.022877884768691396,0.0430379045690141,-0.030246031761862475,0.0185809633804301,0.04423107002109754,0.07565972073661034,-0.0044432622751717395,0.018428365801835482,-0.014927145524215512,0.00906116635227094,-0.005503434456093281,0.026324800979758235,-0.019307419263020986,0.04426942870933579,0.06269921784400807,-0.01316214671154106,0.00914248826334829,0.03323489262077319,0.007784354078374054,0.03437134554435046,0.024323254496323582,0.029896044966138145,0.03672166108565567,-0.03516492639018661,-0.002761405293265488,0.04461358389024534,0.018129963174087896,0.02988554418030511,0.019510432484423627,0.022811523911126244,0.06143205448905876,0.08409520196087907,0.044001902351902177,0.015938633099833496,0.04966634446278434,0.03042066812762729,0.013747957633600372,0.02290494026833411,0.08561689484032442,0.10981312128441574,0.06394647975092028,0.02594349315224917,-0.14995334036648067
2026-07-14,0.06756677354992309,0.011261905953750973,-0.016144271411170613,0.003304975254773978,-0.033897133547969846,0.005170668831772742,0.010964999868192578,0.04447943966198014,0.06226399983480499,0.03652850183285199,-0.04683461902671419,0.025433893333569716,-0.03748351029638203,-0.006203228580269704,-0.03638235823487174,0.03609697268518535,-0.023665599948703195,0.015113170590263557,-0.02600907889299886,-0.01349167675500034,-0.012883501277408343,-0.01239761506988486,-0.040910657625216944,0.014761720044227671,-0.03978352670065602,0.008106047715708694,0.016040427221461564,-0.002763532143032167,0.028211811490251905,0.07365347292768815,0.02300843914929232,0.019093273301128116,-0.04624869091978982,0.011872708843165117,-0.0077983167597651445,-0.024881061862396157,0.011104119352836247,0.02550381258606086,-0.009960328787748737,0.0018212188745943426,-0.07358965541763299,-0.03394796335240117,0.05952321573367156,0.021872142055903404,0.03917069878525097,0.014851632794020624,-0.06916048296626771,-0.03376054175872471,-0.019971329943120876,-0.006403372336607751,-0.003548942887412849,-0.03086450667878852,-0.002723489565002365,0.02162871515112655,0.016164425594530067,-0.04438423930327799,0.046827255673371156,-0.059835604836606965,0.03089146111291203,0.037126716020046906,0.09069739742931945,-0.016160493484759383,0.02383451684472756,-0.027842352890212065,-0.0012722068490558566,-0.026057096890628566,0.03630655135838482,-0.03154020651680538,0.050084767214109385,0.06076835572455672,-0.03195601147996125,0.011759436254686144,0.045678552191921316,0.00826068489945775,0.03437948902535769,0.0398026850603752,0.011151006998760853,0.03835358099189568,-0.0475575411204729,-0.012157601436847755,0.054269029392935125,0.013748689960085058,0.028677000901442845,0.021854717319929058,0.03622927020257032,0.06090971865004025,0.09187589959439377,0.04032297784913818,0.016615930682626606,0.07215602262694047,0.03798299079176455,-0.0021541543481121677,0.02422378365523735,0.10533585342664455,0.14320046133253425,0.07621311764379295,0.032911097662620854,-0.13439569960788847
2026-07-15,0.0799480005645598,0.020004461013701638,-0.005783017089869063,0.004291581494624821,-0.03864112653624586,0.01647341343851639,-0.006229716735078458,0.039913780040711735,0.0799300512772808,0.03111547841910544,-0.034931750783361526,0.02956307271911919,-0.048336290527182815,-0.0023616564800452676,-0.0590066934919863,0.026001026052248022,-0.02303158010352782,0.01519975082348606,-0.03570357729678729,-0.01876778514641774,-0.009827258416728829,-0.0025688581320238765,-0.04231409762066788,0.008558007266225168,-0.036601914467920355,-0.006867161712239339,0.00280528957575381,0.004915888711060511,0.037697945074338726,0.07589464647278323,0.038467162799955774,0.016491338610664527,-0.044556018920246326,0.01619935985963255,-0.004260723068983304,-0.027667480936326705,0.010254527857776087,0.009851339654632455,-0.01926503190221169,-0.01692839451457944,-0.08332413990224476,-0.05429446127590819,0.07413519595634495,0.016114830405011056,0.06013233683545777,0.025411997559617684,-0.0710209757505854,-0.04207230587354968,-0.019632324727415565,-0.01159576642884706,-0.00809149760575669,-0.033507835722306,-0.001051705830840714,0.0331210374762274,0.004004292488267865,-0.047889407461631055,0.05338889499045254,-0.06704830804893068,0.04357986558525733,0.019932503182484677,0.10130451685885755,-0.00824806998991087,0.022814472157345354,-0.017688436992823846,-0.015150272737708565,-0.03750163136213944,0.031124032051492348,-0.03056588698966014,0.047740149488207,0.05466674876887251,-0.04427036618318527,0.012456073383569426,0.05730231373245753,0.008614421902764109,0.0369575042203831,0.040758428922302886,0.001777800030436186,0.041682767560132505,-0.050969928217746784,-0.01704305843245338,0.06084363419204412,0.014300251358343308,0.034064747561606816,0.024547680066877464,0.05095306225081874,0.05554318113842381,0.09414738283593874,0.028750361155837525,0.008338674528620438,0.08165716946047787,0.04965725482134545,-0.0026374589292030744,0.032689010462527014,0.09561633287699885,0.16537788712795248,0.08181025121446014,0.01840211575228965,-0.10004132974140416
2026-07-16,0.09234707863914063,0.0248353920647739,-0.01131253430632581,0.003740855967693907,-0.03529162137696756,0.018787858350925397,-0.009841962384274835,0.042334260224802515,0.08615416549961472,0.030510698707511108,-0.02784203963719769,0.024434721333131855,-0.0637514535517945,0.0008996743525719244,-0.07440003710842859,0.023448553712398394,-0.029755851903643236,0.014339216709094051,-0.04334518378935914,-0.019009361354561563,-0.010013766241504686,0.002063946232535377,-0.049796673414031836,0.015551233047693179,-0.026996914153799262,-0.01941587252575571,0.0060932463753126795,0.011300283355233129,0.04159079257585598,0.08929460947441721,0.051798758558951774,0.014359092846803477,-0.04534336097402109,0.03051220645314158,-0.004977246290772229,-0.02428161207105478,0.010339821098900071,0.00024517140894527063,-0.016765776521809814,-0.020922452762217533,-0.10739291700785333,-0.0638544944828822,0.07446760369007761,0.022478403314223405,0.06758069932271893,0.026440994040921442,-0.0694750919956921,-0.03896457394103491,-0.025351675503287874,-0.013819752139143255,-0.0032973934635822967,-0.03254630001727526,0.011781224467722366,0.04318784339343435,0.006883542268568614,-0.062456950583272,0.04983323282726525,-0.06978753793339208,0.0514965910365404,0.016396586576422102,0.11645953452632876,-0.011679244383505946,0.02654564280041622,-0.02821413771102023,-0.01834015313611443,-0.04851092899288767,0.03276085548456173,-0.03294987095024926,0.0522683131196475,0.0620614518989524,-0.06811376579048857,0.014574129922593958,0.06697554088347046,0.00799544237524335,0.025299627330313164,0.049839038209593824,-0.00787044756685056,0.041340153898724,-0.05799331725895189,-0.012919550548515657,0.0655715536421728,0.013987200530194843,0.02458016162891774,0.02504838874282931,0.06592493177308917,0.04345423668778204,0.0901633841521542,0.02696823395775308,0.0026915007573201175,0.08988094931240903,0.04166367597631427,-0.015692769175299236,0.04022027096707678,0.10350907301925462,0.16795534658052969,0.09760586161493821,0.022092574101935047,-0.10067083887304036
2026-07-17,0.07500460908260374,0.017136440452246195,-0.0034461275291041062,0.002735465593822258,-0.03911285315684847,0.028998600362714323,-0.01586339317354586,0.047289234047246186,0.06554781051698966,0.056053065247486156,-0.03194261611922597,0.023279682615188035,-0.044832864742221264,-0.004330026017265036,-0.042407847054800385,0.012303460546657615,-0.025151648696470373,0.006636466928197187,-0.039320966587612985,-0.01991705639172299,-0.005899770740353328,-0.008505078231524936,-0.03599343929487372,-0.0013687403547344382,-0.026666527214086598,-0.011114805801559052,0.010062664856193886,0.007606896698894771,0.0207042417175395,0.07615152003524453,0.03656363504622906,0.00792710460027495,-0.04278717236349723,0.018344228433729844,-0.007333923960519273,-0.021236087391109645,0.010949557037455808,0.009865987450119455,-0.007923020990697067,-0.01633488109758561,-0.07161689895035173,-0.05499706692834676,0.07108418054738314,0.019682693948217783,0.04234624383791202,0.019925022494334407,-0.06722481015252747,-0.020870581493395754,-0.025036648934375773,-0.0015933255442990187,-0.0023126276059632096,-0.0245162687976233,-0.0020514447186370573,0.028990334602254482,0.015455070446805112,-0.04369975555178659,0.04176013797415609,-0.05270323836189403,0.033113060253864776,0.03781856363312728,0.09380494283365691,0.0023775439456582906,0.017326767562361886,-0.018279946705095244,-0.00668087379469927,-0.02953383853870386,0.017054183812366883,-0.03152407189856576,0.03916474347175218,0.053455296504002534,-0.04658706971567226,0.02382961962751182,0.049733687391263354,0.013462981745644982,0.028729824506262804,0.04095826710637612,0.00967814726629624,0.04338853157975897,-0.048398134020520386,-0.013465150392545077,0.0530180434517079,0.013574635242020898,0.03581744937947274,0.02105236477997075,0.04641179905408419,0.05747367262036825,0.0830133409276222,0.03190542557633388,0.0014626596823344353,0.07317935922870182,0.04539588792527901,1.075880475839841e-05,0.038149407969804164,0.0909804587810894,0.14291673396339524,0.07411723649914699,0.014175390263101748,-0.0863745414946325
2026-07-20,0.0767136606787001,0.013555007090243595,0.00841541577772579,0.0017250544936697268,-0.04138235424102678,0.036838087465637014,-0.028156024878636943,0.04738480373134868,0.06638207793471908,0.053103265023291206,-0.02269518958857554,0.00854476585742021,-0.04109409644182116,-0.004209889121186141,-0.04841699888449385,0.015847138736050835,-0.019540360854122855,0.0018778548148260157,-0.046524226445311755,-0.025854164299201024,0.0028209749900079493,-0.007037702885762566,-0.040452809769652355,-0.0032722201289332124,-0.021630157672542463,-0.01936637294269187,0.008787909972457576,-0.010177891664151067,0.022172142134643413,0.07472841583648049,0.04659880843603825,0.009114620951764128,-0.04006734991750123,0.026328095394550215,-0.005534454086771055,-0.018321602760941073,0.01010290180495288,0.012442928067042773,-0.011186298725231572,-0.00971263292911822,-0.07550091937459372,-0.045409031081417695,0.06616603737515715,0.02098252781848732,0.039461716496282745,0.020655772241095983,-0.07210130474271984,-0.018925930364529525,-0.026183626734156383,0.0036094377284398,-0.0030554370086113645,-0.02116682317253813,0.0015063054782468912,0.03657063443842818,0.013655003975163416,-0.03527528028255356,0.04487772445522433,-0.05440063733828665,0.02698167702915983,0.03996555317261315,0.09947017448510677,0.004872018639052844,0.023400865437566615,-0.014322601689386287,-0.006015883496552412,-0.03693721568236072,0.023216871484313735,-0.0251297971813381,0.04915321894754784,0.053627753991703817,-0.04592641144768798,0.01877967204773484,0.046145878219602615,0.020236789420007034,0.02774440139370358,0.03531425345079207,0.008382227355561095,0.03544750829280112,-0.04116257789263698,-0.01158975524433102,0.05005882373935388,0.007787345186404896,0.02962395105738133,0.02084142300978535,0.04204991732977887,0.05952505012488352,0.08315836700186395,0.03782583530300621,0.006716716371113872,0.056955440928391915,0.0411542816686293,0.007072648949704547,0.02796252781854676,0.08393137021219209,0.145831124694144,0.07907548556881977,0.011271133672694757,-0.09681336423068496
2026-07-21,0.056162382878686204,0.020742937813996873,0.014409084004934002,0.0027429478795756596,-0.03945125702449826,0.03931693386221444,-0.022089134342262125,0.042211687352634725,0.06948202117642047,0.05153085763571069,-0.023290185656826945,0.004003761348726173,-0.042751032593875804,-0.0038228333543824586,-0.06139026474828847,0.013467231534782706,-0.014305771992468795,0.006251206358310231,-0.042126533364579034,-0.019547719059868976,-0.0066839637957074784,-0.008023741008866466,-0.039689671807683145,-0.007076544905414281,-0.03389183766986926,-0.022891117954901397,0.005144769772085719,-0.014323966345165926,0.02151748807393685,0.08226051351321084,0.04106462210131042,0.007592673972470003,-0.045958194866546676,0.03429102914254364,0.009747411447366353,-0.0215365816397306,0.006022843267167552,0.01707158551995863,-0.011414641265629145,-0.001695494217734697,-0.06099046585689308,-0.03632229032562421,0.07030406274671581,0.02563850319224957,0.021295212326103333,0.010690140595129316,-0.0675019949372571,-0.015556804241632144,-0.0322687866697552,-9.891207906486885e-05,-0.012882018725793585,-0.015607596741636321,-0.006934489602366074,0.022914953126049194,0.011027391327657678,-0.03577372882815558,0.056430189639868227,-0.06573011819609631,0.039628356021422236,0.03297328591110506,0.11229753328888006,0.005856164441156025,0.03443044632736143,-0.00879347311974405,-0.0008028090529935226,-0.04005232363810446,0.01708185723022773,-0.02235932590447256,0.046089840750257675,0.051626241602408,-0.04169466233025671,0.02369419897262587,0.046388083330653807,0.013078402825463614,0.030343794442693993,0.030796872510595208,0.0020327822980796863,0.029056782288717796,-0.0498837011353688,0.004496486330913794,0.05403531113167018,0.011214063489594387,0.036948560820115606,0.012525327518281741,0.04257454537233507,0.05657162200692375,0.07784204505645716,0.0312643858429115,0.001519509964866144,0.0601187091137806,0.04428771120648659,0.009437925779414023,0.03049668014159368,0.08012264032652651,0.1552391213223038,0.08779183236146208,0.011910819916201937,-0.09189239255378762
2026-07-22,0.053280502270961726,0.004639102900964701,0.01253101599805537,0.0038086561501888237,-0.019966668393640176,0.03578307029354712,-0.01972477253776067,0.04215912136446225,0.06532380558546431,0.04213987402826087,-0.02857267213013353,0.003399125070865338,-0.038797033660342053,-0.010940304864750587,-0.05363862013604011,0.011909512653181685,-0.015232578308586939,0.011889049106830574,-0.03522978188917645,-0.012657622463466934,-0.007970072436077833,-0.015151912921898962,-0.03987690714645967,-0.008584252150751643,-0.02577884250547717,-0.02095589017451828,0.00945819724040177,-0.012426899292270891,0.021964886117630388,0.06539058644631494,0.03985816518287316,0.008687819600718138,-0.047354479013477856,0.039438474904337974,0.009825439095487777,-0.022984304542418288,0.009346614574746037,0.014137350924487741,-0.010661696641669273,-0.006858800324135895,-0.05220474957075297,-0.02864412546942683,0.06399010538235278,0.02087351300524768,0.0164155778644017,0.005000444361233293,-0.05936262398395227,-0.017775563277753995,-0.03247610685443069,0.009048603375163935,-0.008931389628353143,-0.008577540183178354,-0.007781495745926568,0.01496361971701903,0.011861942264492099,-0.02864322213530826,0.044298624617157,-0.05376568735281696,0.033417717489433105,0.038164045104267054,0.10286426035233234,0.012441098928068032,0.03564121740692901,-0.011454320034575369,0.009604337873665941,-0.02858636137479407,0.004989022006444214,-0.012436565598225266,0.04337305652238252,0.04625732257102205,-0.03312840434430814,0.01682096083046168,0.03881646710428136,0.014973942873500913,0.03362393348264229,0.03904169364538214,0.016296389890732656,0.03548383278578831,-0.04068655441422498,0.010354885800658386,0.05076624135837625,0.019601560686944738,0.034655948289496495,0.00774151534150388,0.04167224467397574,0.06106172749115733,0.07692755566587278,0.03258353459463515,0.004743777693395247,0.05216609970867578,0.04043010985096088,0.015109811788080277,0.03615366462284339,0.07149470094898254,0.13742494827164006,0.07343260901186842,-0.00964603663828278,-0.09208817662388546
2026-07-23,0.039244000956801646,-0.002029957665750575,0.010205911569493714,0.0038149193039627976,-0.01210090432081347,0.023648766525046744,-0.015097135935786548,0.028427982849648252,0.0441763341224055,0.039077442432936635,-0.02845060189473108,0.00677205230509317,-0.026060769486781606,-0.004074119943252255,-0.0381026343971935,0.01215647803016584,-0.009318459865333145,0.007165106568701872,-0.018657838981945563,-0.010283567109126411,-0.006887177906550681,-0.010826969829422118,-0.019591575928456915,-0.007649467161509998,-0.017709929415652616,-0.016390782392390495,0.012402340723731312,-0.012932711577400715,0.016631284060798276,0.040286089184260646,0.033608099061189924,0.007859777839924267,-0.026171590036760596,0.0307865999963104,0.005573289500874773,-0.014321458539357236,0.002527040508151149,0.009551860401930701,-0.00039161877147866203,-0.0035582731723581822,-0.030280997820260606,-0.016441531219120946,0.04583249658378792,0.012542107305088722,0.014333634303209126,0.003496772185122638,-0.04320138268262701,-0.010335549511510026,-0.02155932729485105,0.013660383730723716,-0.005295721311970895,-0.008968287637040986,-0.005696047313785374,0.007785683965955607,0.012041228718834741,-0.013049281695255271,0.033653161179376126,-0.03055752788330486,0.02409384681552399,0.03718037977754393,0.07357720839568425,0.018442553430805662,0.018342463804091408,-0.0063983384884129055,0.016282418007810204,-0.010910398308320026,0.0027097366293472253,-0.009494383228200594,0.036678284395466255,0.045966036117119254,-0.014700227322378493,0.013120905914320606,0.029114439726161442,0.0160559694841145,0.03245929818421481,0.025712721777286802,0.022900278174417546,0.03121244311658246,-0.023783964536393365,0.009482533536768364,0.04118336296277257,0.02107803221538046,0.031037252899914734,0.0038521635980995252,0.03257210595669044,0.06151743912870234,0.0676480622372972,0.023841740371979968,0.017826277095593344,0.044357602347108775,0.03336793585678438,0.024200249930156445,0.031431330896292485,0.0627232005633516,0.11311041042373143,0.06184231781911475,-0.0006250730551104321,-0.09027626186316019
2026-07-24,0.05752076284631534,0.0037905003810807534,0.011233788800840824,0.003778419937351872,-0.02054571275549464,0.027208949178086146,-0.019241266432220065,0.03204172273129822,0.06538683857487179,0.044904672846062116,-0.025872836320266143,0.010180339047257216,-0.03370444703289894,-0.013618953744896424,-0.058125253739060745,0.01787762616768695,-0.009931148714867393,0.010638986994228208,-0.03204134713630508,-0.013506529750475988,-0.008803331044246273,-0.006658976130494902,-0.03580168226372918,-0.010345599536737545,-0.02601693052397617,-0.019120249192690203,0.010892661469607648,-0.015079060443134345,0.024136369896572682,0.05821312885698719,0.04185370720327749,0.012165846517279868,-0.040755497388077315,0.037134683172567046,0.010282094436793076,-0.018425976801299274,0.007867501319752232,0.0029126479935364935,-0.00580057734793433,-0.012412847934750596,-0.05107915426202059,-0.019665437853286193,0.06311154835207819,0.020445661605778747,0.012420274565828214,0.0011902912158092884,-0.0598632845817053,-0.022770498159059002,-0.026566769031817643,0.009493330941315836,-0.01074816142703054,-0.007154161089713373,-0.003891501193850304,0.014074881037878788,0.012166289252415462,-0.02260618943412307,0.04762113522480162,-0.053009175273180664,0.036568741904297285,0.037936052958948994,0.09865459422318222,0.017335241745652326,0.034615111736655636,-0.013301514613798129,0.00727752201708613,-0.03138275868108344,-0.002112594443119325,-0.0181354212314795,0.04773206205364435,0.053944097302924265,-0.03259576216133531,0.008427156585483833,0.03771691520229659,0.014337089195819025,0.031555983461419815,0.03305607930734697,0.01282453861995296,0.035239395198574545,-0.03902488164204555,0.009298171721865254,0.047405318412206146,0.01947731778851371,0.036307911688321294,0.005013440285953091,0.044501505096224976,0.06546627182910957,0.08040888112903906,0.017039427211514465,0.0002518033761907835,0.05176272801708061,0.04308052650926296,0.021584335725942885,0.034295436916846285,0.0670070623727511,0.14595089687736926,0.07707668672585835,-0.00975585098496433,-0.09422162346752634
2026-07-27,0.04911925201220629,0.0016224698925556575,0.010955089596968283,0.0034983961154464475,-0.01672507970361556,0.02640148533961842,-0.017376673368881088,0.03178865276387997,0.05490328562620648,0.04241835691573196,-0.02678552455567796,0.006949222023817568,-0.027662322509653982,-0.008177935108384346,-0.047058110877418846,0.013809533493250065,-0.009716172446405527,0.007639456837312049,-0.02427286757449161,-0.013717344605648057,-0.006092490539243782,-0.008849203838402162,-0.027478442451438607,-0.010568743699868785,-0.02254411767618513,-0.01639648828831037,0.012318766173583698,-0.0141872028798748,0.01860144141843985,0.04832076930208898,0.03558284623476613,0.008742374269704459,-0.0328912568459928,0.034107657521253304,0.010021895185581175,-0.01540846043511889,0.0037380786958331937,0.005768004024799765,-0.0038507167292585413,-0.00996931444031446,-0.041575036831474614,-0.01966318121589425,0.05380035916976058,0.016646190097820663,0.013919814970198145,0.0032657869371525974,-0.05324499531660015,-0.016190126120264645,-0.024280029268058063,0.011517043354427976,-0.007948507392111904,-0.008514634503775332,-0.003318304179991528,0.009175298221883399,0.012422972698765532,-0.01712075751413481,0.04028764838370618,-0.04110395554223849,0.030468170885212698,0.03858244442705393,0.08481072641635792,0.018607922573442494,0.02584731310232194,-0.00832773379492409,0.011421277201138363,-0.019744654293451333,0.0008790732974389235,-0.013443996092375147,0.04262526047631701,0.051788111235910955,-0.022559757584707657,0.010883490821075516,0.030426807794118993,0.015189945800440013,0.03144780619438817,0.028034654336632672,0.018373320708262725,0.03284207046351678,-0.03043579002833132,0.0071116970848236274,0.045050014961934955,0.02081100975859262,0.03532264876715066,0.0038320571400811887,0.037689981830440936,0.06474516885577675,0.07547920662198668,0.021233480261550537,0.00810034409001699,0.04794934092565282,0.040366366332691486,0.024928770589165504,0.034277030292135434,0.06438701413847978,0.13034923489140687,0.06792983518247943,-0.007200385752249733,-0.09473343072998587
2026-07-28,0.07339514587870508,0.015725595847954986,0.00827070099539674,0.0026907248366933156,-0.011323935984844486,0.03270791398214029,-0.027982839803089424,0.026957890398309495,0.08157030914654659,0.04892501542952166,-0.02120315791005535,0.008416591647340587,-0.04056544909538171,-0.031857098827218815,-0.08500932879433683,0.027176890937528557,-0.017613416828636846,0.00039247783062547163,-0.04864711718335086,-0.01686154462360137,-0.004094704664326444,-0.010386291377119187,-0.05659897879359471,-0.024389206961076867,-0.03148832499597819,-0.011402354290760213,0.0020841463246131352,-0.01582242772875344,0.04529926521110558,0.07935124660186521,0.057360183854559835,0.012068797749368027,-0.055951673144285965,0.03818744054736635,0.013305224388766402,-0.013267283256583088,0.013404334600874422,0.00025169165338776063,-0.01625477182867436,-0.021572527819192236,-0.07044260803592226,-0.020343111239209226,0.08065296250407387,0.0431245411058903,0.0007910687043158147,-0.007645845561192086,-0.07599301742111834,-0.032434561436884946,-0.03211759033009398,-0.005368778800648916,-0.011488376450370772,-0.0004236720172795614,0.009011683653525835,0.03074241286667527,0.01608980376346637,-0.050711990795032684,0.06413175751905618,-0.08372298238858032,0.05549673447151228,0.030254201000765236,0.11411169401097876,0.008725677876424044,0.05180878274027051,-0.015115792647515497,-0.006955005299422648,-0.05814220114758713,-0.0011511811666579698,-0.01831285340530865,0.06890845242373039,0.07427591772345869,-0.05464651137769533,0.015794999101416466,0.04893188612125316,0.012607893709179079,0.03210117229502118,0.03404642221550265,0.004949278823940852,0.03634338574011473,-0.006423959340125398,0.011211381221175914,0.049109690361330886,0.023083454790889926,0.0445268810335706,0.007413732794941651,0.05230526172817479,0.06327788850641673,0.08008049021003656,0.007185600673099095,-0.007780199311649352,0.05821166796085979,0.046656031748610584,0.015854197506032654,0.022654048497529625,0.07518659378122798,0.17665100697176686,0.09700315277660569,-0.029638537125757133,-0.09970218758659781
2026-07-29,0.06506491886306263,0.011700961671582072,0.005669030531465663,0.0026634800558152528,-0.01757665293678254,0.03451483263122978,-0.02546896826564777,0.033246419819359434,0.07200015175087097,0.04930880998258129,-0.021474156932496262,0.0021235445757640126,-0.03908021749434293,-0.024749938830668047,-0.07859857572361016,0.019532523984487626,-0.01913255711563553,0.0039055526496938314,-0.042777133445379784,-0.009567964813600763,0.0003122115717923927,-0.010277241294798201,-0.041699707689416846,-0.020178856533524102,-0.029349388890851202,-0.016298614305101523,0.006406746727681456,-0.013988069155685503,0.02904456401589702,0.06334202145982999,0.04482709608159942,0.006405090408270758,-0.05466448065714512,0.04170778955419467,0.01928072725724475,-0.014872265928167877,0.011888106675265823,-0.0018182407040552209,-0.009133759686152916,-0.02031404947146577,-0.05233145232217433,-0.01765676887986227,0.07377938586374837,0.03557274807723225,0.006931557399465405,0.004833615270435913,-0.06998967749866858,-0.024729414766613833,-0.029510172911325065,0.001352801327111422,-0.014145641524619624,-0.002214983982390742,0.00437299835760196,0.030231476317415185,0.01530978887126558,-0.042946100512176594,0.05527346091448811,-0.07058642588174201,0.04838894084827252,0.028038697022283524,0.0966744967595557,0.013151438694239024,0.03743389165216488,-0.004186079650579759,0.0002270213407133525,-0.03383207796969447,-0.001466603340590504,-0.014731231918039716,0.05915807150653957,0.07234448370667305,-0.044039421125001095,0.011888292921564418,0.04322262222136658,0.017035304743810514,0.028839541399996442,0.029912354946501678,0.016441229576419802,0.03716506840398009,-0.013534041618743256,0.008274456630061003,0.04763062214435459,0.028446895617352107,0.030462014905673983,-0.0028742439365397245,0.04305422953295996,0.07019165168494375,0.07611588331432817,0.00602977281389973,-0.003203475601870268,0.058668929357448996,0.03838872387083238,0.010268866072305453,0.03161087583596681,0.06910603926056356,0.16303871337818066,0.08888630725838477,-0.015887230688498552,-0.09181196608413168
2026-07-30,0.060977317993950154,0.041214017720167556,0.005244884460759295,0.001113061028957656,-0.015654178854293987,0.024067892378838968,-0.04101833314390213,0.041302537931450285,0.07333995255672814,0.04188328475421857,-0.012663377450293977,0.009015945822935427,-0.05049860250730398,-0.02962382979570724,-0.0960948362695686,0.03228789647611209,-0.015646547322231648,0.003273251630393749,-0.04809197538372084,-0.015217222436062756,0.007051157964835521,0.013803551696709727,-0.04220009941030576,-0.01142833674866362,-0.03036674189125329,-0.007879927696919064,-0.00019338405724066317,-0.0129747442622283,0.0047737497888192,0.06354599056581117,0.047984180113528854,0.0098260034615552,-0.061194207852585863,0.04854258058702745,0.0065327371413154405,-0.022536529791995483,0.008773724396378817,-0.00047017641532264356,-0.0008906997218542951,-0.033581757718466373,-0.056207642173443415,-0.00932616181669982,0.06722419242555706,0.024314962186854257,0.01912935073745855,-0.0023801506149067637,-0.07397456264379602,-0.0037414126552805637,-0.010905905871683904,0.013426666362220169,-0.02219169638196955,0.005207836298041238,-0.0072880923494916035,0.04133648730419365,-0.01922905825031427,-0.03671058455471694,0.04682893938480488,-0.04463298700659929,0.051914343886245905,0.0432722317424116,0.1036905390017721,0.005182265160799011,0.03159580896108217,-0.013734351207663286,-0.008071416979850294,-0.03128173247375921,0.0003192154947705226,-0.008620755462675303,0.05658537074558763,0.08250059306116266,-0.0554187408829937,0.007945883043578772,0.04558802324208975,0.03247528657375779,0.03483657343254863,0.006509813243590774,0.03642245526715175,0.01985034756316615,-0.00848941599705417,0.02807385590402374,0.06129576409442802,0.028869525650781047,0.030034576273722566,-0.00011579260372561288,0.033329642298541046,0.0689634675523891,0.08511640791471163,0.009650939116021192,-0.01835546567374962,0.07300998716853987,0.03633287048752825,0.0006512726648854102,0.024262888201722097,0.06402479987957124,0.1682849525767983,0.07874504797265462,-0.024790491585252844,-0.10766497543010989
2026-07-31,0.06955891988223842,0.058629750344989066,0.014200700626626704,0.0002431999608177287,-0.018844152922758352,0.029879075167102774,-0.0786587820583374,0.02574424493660571,0.08008974725651362,0.04974592342645272,-0.00608547085016597,0.0036871003919467325,-0.059181227152763624,-0.014025723038586653,-0.11605937539288343,0.03691563536467793,-0.014997385049764703,0.007483187045122755,-0.0638083446494698,-0.020388177296419015,0.004925515169500251,0.0242394044883869,-0.05594815120169401,-0.009182923255937487,-0.03209050134714105,-0.016152189403528847,-0.003873569217365213,-0.008637380852245245,0.01377962720164797,0.06624029384761054,0.05369202081630478,0.01804354056418659,-0.06523257080960636,0.05321875851290188,0.014645325626517436,-0.018150630598120533,0.017759318031965444,0.003809944448470432,0.0037477680761833438,-0.048388234797558105,-0.06522288468202767,-0.019525692226353093,0.06724558079885533,0.03204054216026918,0.01749097110568013,0.006845630433068879,-0.07722800088864548,-0.014951563748494998,-0.007316390860832569,0.015023088341562461,-0.023534362704032315,0.005211393516736934,0.0033733464918479193,0.05082335627127537,-0.025853962576510903,-0.04748257848730507,0.04537712448198296,-0.0499857644747999,0.0656432202165137,0.019058206822030292,0.11083764869397693,-0.03660669505279239,0.03616130570070086,-0.01372785254837692,-0.0137137130185666,-0.03245202682709489,-0.009897547680817737,-0.0051147326673618015,0.06975633549288768,0.10031413901954224,-0.04683193519914868,0.002658956740763491,0.06814425037602004,0.04231671552198481,0.02406200375700359,-0.004638884691907199,0.04719418715415033,0.01582493718908929,-0.014782729700949552,0.03599426111102847,0.0706855843994178,0.03679572597759076,0.023516419680394265,0.0005646746439432349,0.03745504961037605,0.07496137725330593,0.095010515244298,-0.00699323330029456,-0.02327337346342325,0.07866685773135507,0.030995849823929646,-0.004451328362021887,0.023371704701929612,0.06686136868397438,0.18293929475594436,0.08429868952748763,-0.022891427283937477,-0.12161784427764667
