date,SMALL LoBM,ME1 BM2,ME1 BM3,ME1 BM4,ME1 BM5,ME1 BM6,ME1 BM7,ME1 BM8,ME1 BM9,SMALL HiBM,ME2 BM1,ME2 BM2,ME2 BM3,ME2 BM4,ME2 BM5,ME2 BM6,ME2 BM7,ME2 BM8,ME2 BM9,ME2 BM10,ME3 BM1,ME3 BM2,ME3 BM3,ME3 BM4,ME3 BM5,ME3 BM6,ME3 BM7,ME3 BM8,ME3 BM9,ME3 BM10,ME4 BM1,ME4 BM2,ME4 BM3,ME4 BM4,ME4 BM5,ME4 BM6,ME4 BM7,ME4 BM8,ME4 BM9,ME4 BM10,ME5 BM1,ME5 BM2,ME5 BM3,ME5 BM4,ME5 BM5,ME5 BM6,ME5 BM7,ME5 BM8,ME5 BM9,ME5 BM10,ME6 BM1,ME6 BM2,ME6 BM3,ME6 BM4,ME6 BM5,ME6 BM6,ME6 BM7,ME6 BM8,ME6 BM9,ME6 BM10,ME7 BM1,ME7 BM2,ME7 BM3,ME7 BM4,ME7 BM5,ME7 BM6,ME7 BM7,ME7 BM8,ME7 BM9,ME7 BM10,ME8 BM1,ME8 BM2,ME8 BM3,ME8 BM4,ME8 BM5,ME8 BM6,ME8 BM7,ME8 BM8,ME8 BM9,ME8 BM10,ME9 BM1,ME9 BM2,ME9 BM3,ME9 BM4,ME9 BM5,ME9 BM6,ME9 BM7,ME9 BM8,ME9 BM9,BIG LoBM,ME10 BM2,ME10 BM3,ME10 BM4,ME10 BM5,ME10 BM6,ME10 BM7,ME10 BM8,ME10 BM9
2026-01-02,-0.06414816302268425,-0.032746251300671124,0.05273401298493714,-0.013255954104419829,-0.07058574895960411,0.013634130702674338,0.07723551138004672,0.02450900389831013,0.11204712034991157,0.06227257285315396,-0.018122423376143143,-0.0030827552002112638,-0.03030879323935437,-0.036940259608518364,-0.12259768713876322,-0.0022666879456805632,-0.04393160554909426,-0.034723689370254864,0.032087733225809455,0.03388842172404892,-0.007543199936582515,-0.013953344726289068,0.019461066506366902,0.00313120332039397,0.02630576334316439,0.016538717982451927,0.05544026940547408,0.01986594199296953,-0.01778509650545576,-0.046393958180410574,0.002653253285776297,0.016680998938066866,-0.06822619811198302,0.11634224659060127,-0.03192974631898923,-0.06512785228726677,-0.04007824849145752,0.00014374286089283844,-0.058675486127587106,-0.047753320539902354,0.0006585128376823957,-0.030543777554681552,-0.04989484435784326,0.044125215070739,-0.004013642441381936,-0.01295687615476006,-0.0363723915145026,0.049889890078179754,-0.032443454300147334,-0.014563759825504839,0.023872982856366742,-0.05241205162484626,0.017119585327897414,-0.009302686491383135,0.002374009652936108,-0.030918731551938423,-0.056395901838386234,-0.005555663522690482,-0.002985639015261452,0.029196366066277825,-0.017457747574404506,0.04684211453958848,0.071776957419024,0.025716197708159697,0.0011935982214111782,0.008821693926400347,-0.047076990181258806,-0.03861862865416907,0.024677122489697403,0.06081172363345818,0.029391722764206513,0.004515120461770548,-0.023880406135142418,0.06634674582203258,0.0637815892117469,0.06376217345105117,-0.06633415417643566,0.0038605714321154347,0.040569530813648044,-0.03039992417002641,0.02144984096458946,0.05136990359518725,0.041154338574008145,0.09742095484435048,0.016124438171873468,0.044426841632799585,0.0836394235987808,0.04201084048579241,0.01861167810975605,0.20017350962494296,0.10817797474908473,0.01667459773916008,0.0212366865117426,0.11458042353299612,0.053004337700834694,0.21731243112172532,0.011169574749111037,-0.09050918971008765
2026-01-05,-0.0606317135298137,-0.03399149085969078,0.04512634157219915,-0.00991967019656645,-0.06171289692265661,0.006953687356836964,0.06872193804722998,0.023810383562334315,0.09265218286517544,0.05622119182443139,-0.02247234038861602,0.003196743758118803,-0.02733548529633227,-0.030054976564889098,-0.09526766868421206,0.0013542432023925747,-0.030156072444576756,-0.02234484731900837,0.033756463497216005,0.029243450730454514,0.0002076186377377564,-0.019659126277087456,0.01954493109150964,0.006812325274571205,0.017763717683152148,0.013038791585466895,0.045508918355444766,0.009051606179330575,-0.01878646167025172,-0.0521165705655256,0.0019528342204912057,0.007553117576170866,-0.05147095080933365,0.09757919699198739,-0.035025202691045136,-0.05520727656743721,-0.03724520753635569,-0.0030899936169641058,-0.05629415798747124,-0.04616689402314969,0.0020985206744234056,-0.027212330855455706,-0.04940307640699249,0.03901410439916743,-0.0023375526378056847,-0.005710379688169903,-0.027018886774203374,0.041819182971102556,-0.02877465235588264,-0.008351940567719178,0.022393259041667946,-0.05603067841886657,0.00949664983263149,-0.010316022145852697,0.004081293358033945,-0.02547236760463914,-0.043132338576616296,-0.012942558740620018,-0.004326662930883471,0.02244511937372029,-0.013274696710706588,0.043651682916236806,0.05270878508173596,0.023105170554722238,0.006010910520373751,-0.004916681011886808,-0.037381470929425974,-0.03629786374997373,0.02103370089015692,0.06257001329213728,0.02697617601323063,0.007550615602607156,-0.015871738347986775,0.057303735112609236,0.06345030838544301,0.05462564603823129,-0.058101283716242305,0.019756067125897288,0.03695842477286918,-0.02488957596237515,0.03965651427409732,0.058932560864530685,0.041053942449548665,0.08521957266310126,0.027100934634632583,0.047025622161324575,0.07550852173055089,0.038871087380813775,0.023711509432449807,0.1919055326551748,0.10331188767962514,0.025120680974255613,0.028708624216975925,0.11088798350389197,0.051925532635948,0.19214981870414577,0.01167454338798396,-0.08915215723501205
2026-01-06,-0.06945494743030495,-0.03705068106294235,0.05287760821588532,-0.0037009363415807395,-0.07168566684830475,0.001851530957603948,0.05789563557170963,0.03294852700673099,0.10281917041920036,0.061250115455521774,-0.020008439719902127,0.0023474509748588803,-0.028446852585970107,-0.03883312033741492,-0.10658676120121181,0.010786921295239296,-0.036238639162526454,-0.03091098329029661,0.042542767252497955,0.04192299675731022,-0.010017141633838841,-0.01093527663913483,0.0396620155354841,0.010445763435292263,0.02832358153782865,0.021351689894825478,0.052344786282083576,0.012928359397295502,-0.021229217081315255,-0.05012712671722309,0.0070079630681108025,0.015085380932493,-0.061041523691254,0.12060866664135668,-0.039718919120192445,-0.0685103463166834,-0.04177278452784035,-0.0074007240825636565,-0.06558415365901586,-0.04545393731739984,-0.0008170325921822586,-0.03295854360141682,-0.04645762674629054,0.04169416631890272,-0.011314507495721817,-0.0015742566449295226,-0.031553547849735644,0.055200748425966596,-0.031123524243755273,0.0011629098515603814,0.01034285081330005,-0.05472912344682211,0.012013969947041165,-0.02183992058052958,-0.012833866172626227,-0.025758667744804967,-0.055043330593661025,-0.0016374322728586969,-0.001882159961856169,0.027192778665448884,-0.017714298477720873,0.05389947309535668,0.061223332353741784,0.029835128155971287,-0.005446630953186904,-0.001618361298911986,-0.05981104411985237,-0.03653073809501612,0.030444103054018005,0.06553918314346034,0.03269472798297913,-0.006155250260104562,-0.030696097292387113,0.06330511321636476,0.07225493702130571,0.06551914824573124,-0.0693072731001957,0.026233226238799416,0.04202341629292795,-0.030489395385163716,0.032907467789502313,0.04410436309591537,0.04575440339414738,0.10353530233775218,0.01701161134612876,0.04802141917823291,0.07062864444639885,0.04076757992317554,0.013552745313688023,0.21987928571203336,0.10858317240049616,0.010779530556578898,0.012372148160410695,0.12004211751130797,0.04310084680016614,0.2101225519959218,0.002949167899769055,-0.09769169361918363
2026-01-07,-0.060768037900464617,-0.03464832807069152,0.04345801541774868,-0.0029336494959220777,-0.06480446398925484,0.0017059860487061568,0.05701517461740952,0.028458220500978022,0.08428323141859644,0.05808397566708689,-0.023484607517905536,0.0021216806311769327,-0.024955171612387146,-0.03303837139587085,-0.09230654903913539,0.010632542511273291,-0.031421308195920164,-0.028070032767383728,0.037311199430005666,0.034579703977479656,-0.007426192118674237,-0.009774748019201281,0.03143005710192738,0.012719176152676957,0.02294238901601944,0.01674231097507337,0.04146646968059173,0.0073543149737844826,-0.021904267300320607,-0.05187027681772078,0.004049572558982008,0.009415685523686055,-0.053870589363795185,0.10064347581912314,-0.03981614425044738,-0.05672896656680268,-0.039601851753682416,-0.005832934386971441,-0.05792896317688927,-0.039669197970253804,-0.0003570183335511994,-0.0279691718005197,-0.04457377228281242,0.04006574961643991,-0.0035893732983719503,-0.00048479961602095056,-0.027751721583434863,0.05277136331593113,-0.0265518013374643,0.0012285629421933276,0.011381497804105419,-0.050546147825004585,0.008584340853869943,-0.015803036264873234,-0.007604331390080288,-0.02353897989417636,-0.043598713491333534,-0.007447528225698356,-0.0028970912294041078,0.02221045905133332,-0.013960524207836686,0.046939767475417865,0.05019468860219866,0.026627802877648474,-0.0026442677756535696,-0.006304441277093986,-0.04591068550499888,-0.03329336134014891,0.02437676928051957,0.06582205516980612,0.027028433046949518,0.0014837272053552664,-0.018428149998596453,0.05283210156548404,0.06907279359304029,0.05886899516055994,-0.06356311774857949,0.031170965506830926,0.03942614491361335,-0.023060891774174114,0.04275920953640677,0.049632541304930305,0.04384049404579288,0.09173396115472414,0.02361229849877461,0.05186794369786484,0.06797498282508152,0.037428962535760286,0.020692337389200715,0.19390553053905998,0.10306336477166181,0.023026303101292944,0.020962371899490555,0.11813505991052695,0.04891888325296615,0.18640463992588935,0.009168161072611597,-0.09689286755613588
2026-01-08,-0.05766736333184874,-0.036951261217385435,0.04807435770818619,-0.0012588123218021507,-0.06182410416311096,0.001297493325023739,0.06448280838824218,0.029205890029482824,0.08332828242942018,0.06171322839506272,-0.026468794873292838,0.004753762255406569,-0.026417410334663174,-0.03332823078399461,-0.08364973946543809,0.007772994645217462,-0.025853155801106795,-0.029281480094467315,0.034165257351938004,0.028933054222866773,-0.011707800088783396,-0.011598912738788941,0.029823274627403917,0.010183110431585084,0.022939039933431046,0.017867730425147325,0.040627435375638496,0.023656770097868922,-0.024799121858727215,-0.05860215862962874,-0.0019402623234217441,0.017132075801603863,-0.04910657836099236,0.10645714799026423,-0.0450786735238477,-0.05782649333186217,-0.039291177568199914,-0.008189400379140838,-0.06594628149400608,-0.04812320404011341,-0.0012227273584443973,-0.02788789700689092,-0.04512542367511899,0.037632964652920105,-0.0016989617837935393,0.000802644789229293,-0.028952070494985237,0.04413919304427484,-0.01929843767393155,-0.0050534819741140345,0.021902932623449542,-0.056503748534991585,0.01055968163155896,-0.021750559919734007,-0.004054674111103813,-0.016609069157228845,-0.04294670939194158,-0.005861192735833463,-0.004963940632387413,0.029195185500390262,-0.012880494720722958,0.05217519604553016,0.04568098674103576,0.03844721994132309,-0.002220378245683453,-0.0071962068937850895,-0.05189430958933622,-0.033013526588250776,0.027474998278390415,0.0673142529053205,0.025542174184305683,-0.0019434093031029751,-0.01713000087848502,0.04629543993295954,0.06077870084303969,0.0571853049186812,-0.06122360749698731,0.04041693656260897,0.039530258690732435,-0.015680755526209282,0.042607788696832134,0.05365339150429802,0.04127532154044924,0.07883323005989906,0.023621318100986534,0.045081301331619784,0.07091687068300809,0.04130299358467773,0.013863169816301694,0.19740386021661085,0.1040430936894075,0.019477915818918022,0.01630242207182126,0.12342979848744369,0.04668975853615259,0.19319591275578632,0.00203932107691545,-0.101203252272983
2026-01-09,-0.07489503664298333,-0.04418791558728412,0.06017258359887763,-0.0031588856707896115,-0.07744981482130311,-0.0018361223021675418,0.06739697857112081,0.042322594907398564,0.1265921648101367,0.06891250459717388,-0.01795685189032155,0.005665006768758054,-0.03323140834176872,-0.047850069894694355,-0.09687132853198237,0.00823794272570793,-0.032893038862122186,-0.03750892543824542,0.04027575262474236,0.04164318265187983,-0.018930025615882355,-0.01478507284965627,0.04180805804139261,0.0015088652813963505,0.03613211875573134,0.032104625549567965,0.0605591344568285,0.03952092717106424,-0.026880439657875788,-0.061113195336618006,-0.0014855076805491158,0.03510606249187923,-0.061171740477438896,0.1470639664852875,-0.04281245259725094,-0.0801874279036908,-0.041095645387517664,-0.016003329998909605,-0.08314320169335784,-0.06416609246700665,0.0003998052915886261,-0.034396580815398606,-0.04956349361725194,0.03963425916997129,-0.026889326071298646,-0.004767440244391703,-0.03431531591004694,0.04247285207955509,-0.026780009963805945,-0.011460399848515724,0.02398031836808672,-0.0679017937852607,0.012407727328727839,-0.03734739983471767,-0.017829495752089877,-0.011698947338229607,-0.06689365035279679,0.016321422539230523,-0.007162981039092147,0.04273323972193025,-0.015882920912558135,0.07347094144943166,0.06554000206002797,0.04123638171189507,-0.0032676921695725305,0.004611552847805727,-0.08133694945655098,-0.03954904428764829,0.040536875098859775,0.06259714836695109,0.03740828537651942,-0.016219632107972143,-0.04239729386035484,0.06022635086806838,0.0703058272229227,0.07659391345201347,-0.06605182396115948,0.03529416106116968,0.04352234663374368,-0.028981763244538446,0.022226569964243627,0.046383465744649556,0.04381207152077913,0.09742419164094959,-0.001481903668669942,0.033581644136071544,0.07455284408195759,0.05037375022825608,-0.0036693995363880714,0.2576371869844643,0.11421594359895587,-0.005378649376512532,-0.007607147015886552,0.1279330894522648,0.03398867481897724,0.24567803511992597,-0.008468924149949318,-0.09520983945886394
2026-01-12,-0.07288521899200814,-0.050591270128640065,0.05735650191786578,0.00304324513399963,-0.07135826760106254,0.004049928506182737,0.07329344938898401,0.04012946860265294,0.12304923664124603,0.06177388138295348,-0.019325085162997746,-0.009276012604999289,-0.029860279117453724,-0.04137034332773814,-0.0846333648273315,0.011200431900270879,-0.04217509302306117,-0.044723583866094006,0.05001876871348426,0.033560996786347094,-0.023604178919971408,-0.011968302849088423,0.046654100066950144,0.007212903562784802,0.030329126509530818,0.027426071226218693,0.06578305611872765,0.045351787766884186,-0.021259376597748875,-0.05602936185487967,0.0009252739247781368,0.03196938147526691,-0.06883619361562779,0.1320450355754887,-0.034356323706792875,-0.07315886589177595,-0.04226820850157513,-0.02308492357804145,-0.08029960445438745,-0.06875986875473492,0.009966007531211627,-0.040767742182814766,-0.05024894858210891,0.03629661049274847,-0.02841477743648648,-0.0032132394828490365,-0.05188527552873216,0.0450018797949286,-0.028061265003420405,-0.012836291146735386,0.0402446396171462,-0.06545309908988194,0.020982325075734318,-0.04303152576398844,-0.007659213887761538,-0.021338977425021617,-0.06554365100605587,0.008497877426926207,-0.011640653490520588,0.04998411049252427,-0.007043161282838469,0.07446311402422057,0.06672206670202076,0.025129903892873142,0.0009125393982807543,0.009970090572269063,-0.0883727385215167,-0.034687440415520576,0.04535253811713511,0.06141700348701647,0.03861981621442532,-0.013825355285107083,-0.050886345614565384,0.04578310470145682,0.07939482873612987,0.08204227651617602,-0.06549906961365635,0.038024217392303716,0.0421897162493042,-0.0326724635841928,0.027474292033667615,0.0493234704834105,0.048378923696844295,0.09264398311367622,0.005571337869918628,0.026784213102343857,0.08037749335718473,0.043150292614950576,0.013551127099375386,0.2513443393838172,0.11825650223446818,-0.017076230989856868,-0.010963531127823644,0.1250744934024457,0.03310815634314723,0.2509112706162844,-0.011426834890603614,-0.09974564825891385
2026-01-13,-0.06397474925218666,-0.04654450101658719,0.051317362138131435,0.0005529808412316935,-0.06332645932178875,0.002979383409272926,0.07164008892304538,0.03470413459341142,0.10603781227258628,0.05923376975382154,-0.023286828523068875,-0.0067965875114492594,-0.02668628663628969,-0.0359555476111817,-0.07431563727398653,0.012091802533778725,-0.0364959509802384,-0.03884218661956604,0.04650574702773028,0.030318470015718246,-0.01957097107801331,-0.011209518923675563,0.03756146941585308,0.00994320485827701,0.024743227155060415,0.02259642838596676,0.052712396992723044,0.03637069871620681,-0.024736382244152567,-0.06051151232506728,-0.0018489879748131398,0.023926903043232545,-0.0601460254404966,0.11516332448282492,-0.03700724031576477,-0.063549432162065,-0.042897298872879124,-0.01902662848363479,-0.0740449287188767,-0.05987629836075145,0.007744532023785324,-0.0368072942662077,-0.04923630887036308,0.03703302820316053,-0.01727159838225399,0.0007933933980838661,-0.04362477780543284,0.0447685699867021,-0.023660026805911456,-0.01126287303617266,0.03694858293288611,-0.06226195346355448,0.016074944874102524,-0.033229731216570295,-0.0023210117705952694,-0.021077572093648786,-0.05454915520463305,0.0003172501974301623,-0.011256673863207714,0.038674625004513886,-0.006437476395839992,0.06482897260536534,0.053720472433159805,0.02599647753859343,0.003032864460753416,0.00012161726085693422,-0.07114268427728822,-0.031898541719657,0.03739530389100947,0.06260284285253273,0.030724736001347445,-0.004899363126757912,-0.03551680023751199,0.03998417694801419,0.07312121469792297,0.07028977039005666,-0.0628259384489237,0.041412384093657224,0.04015309049324538,-0.024639608799105706,0.04055704506201777,0.05327620510547732,0.04448956725292927,0.08462147291606745,0.015336247718602678,0.03373729135747285,0.0749802314020746,0.042205778869009385,0.020298228577962915,0.22322075255530588,0.11237251985205772,-0.0019040268670225072,0.004188230681891029,0.12465169336098932,0.038878548379852364,0.22412611118007572,-0.004959672207414459,-0.09964493061323228
2026-01-14,-0.051337566224108885,-0.053301408565166145,0.03607544797441475,0.0009530008581505427,-0.0558914852506507,0.0017761069248927504,0.0726353478142499,0.03419572335852658,0.08894682749621191,0.05768829195315417,-0.02564770619504181,0.0010643718448727097,-0.025101446239680858,-0.03253262238038555,-0.06290039053871344,0.015577250579967113,-0.03447329181314745,-0.03238795904375483,0.04393103188494758,0.027406978335471364,-0.011650224697521522,-0.013313990034918127,0.02935460634473637,0.019319687698311952,0.019894765509940196,0.014389505975600743,0.03966464266030087,0.026619028663073543,-0.024273155561274025,-0.06410039120198752,0.0012246001485846213,0.018704600788857745,-0.055346540840706226,0.09539475616638352,-0.03885724386599817,-0.05176592896777478,-0.03242228892602594,-0.01736215013659538,-0.06615677022034429,-0.051301423248172905,0.0051862054590140995,-0.03555562844100237,-0.05030956185824926,0.031484426564742096,-0.008259236429920444,0.000431207781046496,-0.04450706962587963,0.04352520729166395,-0.01628372201315647,-0.009369797888675807,0.03652626971740075,-0.056415152732650686,0.013705867955533354,-0.02674040682174051,-0.008119852455032233,-0.015218238627056123,-0.0434874874040918,-0.004227125106938559,-0.011411183091071269,0.03546824019771865,-0.005075475802593885,0.05353291248812718,0.04255496639140859,0.0317321194156948,0.006622533016945051,-0.008857444816293069,-0.048685508595640664,-0.0227357454162953,0.03336055804291461,0.06011158334914256,0.02483726705686997,0.0008770070968214701,-0.013869041100823527,0.03379968031805625,0.0653450136676258,0.053605729073264476,-0.06440096123464585,0.04482967805822637,0.037551477391438506,-0.0175197808372045,0.04641010733112818,0.054754258644539255,0.040545006813048574,0.07051338048794019,0.02032382011165995,0.04364535596550945,0.06540321153965178,0.05108998143428168,0.02409204257123191,0.19246417090177176,0.10188175631795861,0.013611985321913331,0.018522165928013597,0.1254359188489901,0.037716747794286534,0.19152078452410476,0.017656957269283718,-0.10431977086868689
2026-01-15,-0.05932886681418116,-0.05536682269905964,0.04030968508646173,0.0002939606806059182,-0.0650012055319257,0.0037367280611634753,0.08473785373086676,0.04077761287365117,0.11003576285165396,0.059131143884238395,-0.01950020612279553,0.00044053965643485807,-0.03142248318719939,-0.033724852532075175,-0.07578988293571239,0.01926993789138524,-0.03835609425081373,-0.04090028856463643,0.05514581943972307,0.026982303718160287,-0.01358897556298441,-0.017479392382036413,0.02962722868182123,0.019545577491606042,0.026373695585286447,0.020080902385772557,0.05270661244708743,0.03631790934414091,-0.024907081490948793,-0.06672064307905018,0.005031778468138798,0.02335360206602579,-0.06530397237679714,0.10867769042085686,-0.0413341005436769,-0.06529807915957828,-0.028867025517922938,-0.01739619904435377,-0.07519686136897674,-0.06392552806614374,0.006146271993593582,-0.036868440107206926,-0.05307840537300172,0.03424248829662725,-0.014941990346654692,-0.0008654987959484869,-0.054166673678617105,0.044760240464602266,-0.01740631986359311,-0.010055901662835784,0.03831192464235878,-0.059951677003324155,0.0115876947268243,-0.033521898985791096,-0.012013095646796814,-0.021611511569196995,-0.052263493015341785,0.0020747624937521147,-0.007842519818045927,0.043917864578231894,-0.0043372797532519845,0.06526791738290962,0.05730044220118144,0.03624583935455555,0.012459006265802463,-0.010386200776029477,-0.062332377033442424,-0.019779606738035083,0.03641215987856696,0.059471197250597595,0.03220701086480906,-0.0054740992130128795,-0.0261984036148106,0.03867711402637259,0.06709356904954535,0.06071783774991007,-0.07053741465676157,0.04430005925529042,0.03944320823692614,-0.024669924549880935,0.039214477494874084,0.05027621229911033,0.03830641881164171,0.07375969712563583,0.013099880220049561,0.04243340842741951,0.05999546855397245,0.05961846992859894,0.019384360116398228,0.2169415951262206,0.10793978523162892,-0.003453605588086236,0.012702272585392142,0.12739148397032532,0.028279010440374924,0.2143565865583063,0.017825262496999037,-0.11357244384395193
2026-01-16,-0.054313212546206635,-0.0576851083519343,0.03768962811455282,0.0027196716956436554,-0.06425063179802251,0.0031649940604596624,0.08370715779389465,0.04257965865351731,0.11178913902224485,0.0575505793421066,-0.02146283660304934,-0.00012079249511089997,-0.03320835369175999,-0.0316420228312497,-0.07598755652892991,0.019838095388516074,-0.0406723181395129,-0.0368455237488733,0.05443987683016477,0.024968198296610174,-0.011781161243946762,-0.020744724997837666,0.026580090760204067,0.017160598759985192,0.02613684528450494,0.01985123389375261,0.052078256641928514,0.033175906218499404,-0.023897650451996696,-0.06829982171299989,0.004577853489693676,0.030077673137928293,-0.06520892877021683,0.11089424832436448,-0.04020707131183932,-0.06332952770805647,-0.029214684001319956,-0.0168138209879196,-0.07448425735971383,-0.06541225320865593,0.006580673349981074,-0.03498047596912739,-0.0522244201354701,0.03541457649181496,-0.015813346737085343,0.0011053358198038574,-0.05827062039430514,0.04336808988576455,-0.017808377070860575,-0.010350368124999306,0.03651881353012252,-0.059514041260773476,0.012814979893911348,-0.03092848708768347,-0.010611682671086099,-0.02457170532292064,-0.049640485986621886,-0.0006532391987968105,-0.009239312511469424,0.047739924838517384,-0.004916933999633657,0.06364850471490273,0.059976797189800306,0.03853809500557051,0.011001897557187926,-0.013810538374354543,-0.06316148431355773,-0.01959238448535345,0.04168820204079517,0.05972687380348481,0.03571799592911229,-0.00589605157847029,-0.028043373687358694,0.03753742449427078,0.06882334682152995,0.06065188320266695,-0.0685560039485823,0.04499096703052566,0.04211823958583283,-0.025073613724587836,0.0402580483239893,0.045805014462519125,0.0398279175644983,0.07431238054728602,0.012243939196833517,0.044899569181082205,0.06072679662002858,0.06043252750087315,0.015997624254959462,0.2177732615921566,0.10832126317233971,-0.005567047814900193,0.015200350260632683,0.1271210534767037,0.020213790711640946,0.2139521237137044,0.01892204978589837,-0.11814378437216265
2026-01-20,-0.04873390503301786,-0.05736916784719154,0.04039356174800632,0.0032105713632841542,-0.06628252133732873,0.003942531646044235,0.08170077477678875,0.03625414538522291,0.1137259641042823,0.05635967646937325,-0.023926454537819462,0.0025271569666433227,-0.03178005554000355,-0.03135322418297826,-0.07542217821248018,0.01707514488705133,-0.04405199115601262,-0.03471760123660847,0.05369178585915996,0.029886253516638657,-0.008417737853083597,-0.02095975016881626,0.030243768941427863,0.016230832525322945,0.025423856637410654,0.02167871321561899,0.04848724823791417,0.0322296590918798,-0.024241864298370483,-0.07263860667530876,-0.004305604156508359,0.02547973063340425,-0.06584070273299447,0.10375140884744483,-0.04226077357433427,-0.06807147402320181,-0.03303878526202225,-0.019679121564487298,-0.07196263705539367,-0.06137871108237193,0.0013877830185832496,-0.02853306112300387,-0.04675176696894701,0.03867505977218637,-0.013551049185426553,0.0012143622692308096,-0.06412616963202568,0.043967364961483214,-0.01616633401881077,-0.01117718176312322,0.037505070170325214,-0.06012049235145826,0.012056786707447186,-0.024533642578037314,-0.011794904393044101,-0.02391865087270191,-0.04964007661831493,0.0009690645478560266,-0.006227411150916162,0.04973206287479917,-0.004616307242747461,0.06365297344097379,0.053219551954088805,0.03869798908466943,0.01295162878255029,-0.008090386630420462,-0.06172201557524408,-0.012711078878845953,0.04195608420208217,0.05819110792465928,0.036750788659371925,-0.005598852054181069,-0.03140107571939185,0.034009869693554975,0.06633531705666104,0.06612620523919284,-0.06900499586534886,0.0437919143394941,0.04542302293146736,-0.02011212412964815,0.04158573123487206,0.0516597494885898,0.040759905640481445,0.07737523276066714,0.019109343719441722,0.04443017079557997,0.0633098972752991,0.06157612160124136,0.01644077626077262,0.21863706705073985,0.10730782017167492,-0.004213598321274487,0.012644445528337437,0.12593648161274226,0.012860696203041136,0.21431298425618464,0.022898488096147175,-0.13930766157616287
2026-01-21,-0.0751756766033938,-0.0706049410828332,0.05850301416074997,0.017052955279668228,-0.09038675912446995,0.014707107431980816,0.09207314833916094,0.03448324299184471,0.1671269450180266,0.048592526581799855,-0.009656481015434216,-0.016181093457642147,-0.04408198023714951,-0.054609663867489056,-0.10946450436894734,0.028590216982974516,-0.06360461527601984,-0.059893653042139006,0.08934447534683843,0.026401173391825454,-0.0008438599702280704,-0.010387445754409986,0.0527432116589817,0.008461024869605167,0.05389807728632265,0.024754837485891593,0.062021588879602324,0.0608579088676134,0.0011123625898952633,-0.06629227064074263,0.009592988563426757,0.04497350397346583,-0.10435169978834981,0.13545287265875075,-0.062198063387092536,-0.0899837801959812,-0.029709758205887435,-0.04519226824673592,-0.08871589309725178,-0.09512988355954545,0.01199747053652268,-0.021416826622335502,-0.04140356903807912,0.06206400342606764,-0.05240866770751096,0.0138405932469575,-0.09875739080681634,0.020899626507952605,-0.02739542374663135,-0.034350383929237,0.06325262439465977,-0.07439594147433466,0.006241318867421858,-0.024874152578825803,-0.02151359904644315,-0.03801558542392823,-0.09215951653578071,0.028705830149421123,-0.028318537157230747,0.08315024380251122,0.004002423628841704,0.10642880954784548,0.11898031184983458,0.040357891376000724,0.024196624792781698,0.03369317526036003,-0.10536518629809696,0.013831389276414315,0.07403671898845904,0.058831098569745055,0.03231950429180633,-0.05948965118876397,-0.06472178839399093,0.04744634792218724,0.08639239333086818,0.1194640029962202,-0.0722443926903093,0.059263096416792976,0.05371578893895792,-0.018453518838844093,-0.0034420080755976044,0.01717750482098432,0.06480187606949758,0.09542822537514575,-0.02446973677915129,0.01099858495329149,0.07042363849692954,0.1139474596194988,-0.00343037205856825,0.2821425301364632,0.13282612079260395,-0.05847779312233281,-0.02639071716928614,0.12441997713408492,-0.013453028165251764,0.27969752242324736,-0.0016885056074954965,-0.19261732692221675
2026-01-22,-0.056206508410279576,-0.05673958047765251,0.05327865634384015,0.008440272959579536,-0.06806375981249588,0.012652309580916957,0.08240258293020486,0.026484143021975777,0.1166693928737575,0.052154883306807544,-0.022685712145620977,-0.011976710413092324,-0.03276463581570038,-0.033348978062046696,-0.07948017830405968,-0.0010449749014254175,-0.03127091005616244,-0.03876394075040043,0.056865967503416284,0.02191274997301912,0.004337790711079111,-0.005315592185872908,0.0302876060398947,0.011265693949943431,0.03243941836639995,0.012774185038396575,0.04665463289556537,0.036991808313742866,-0.023372707603669468,-0.07313960791730913,0.006773539706015768,0.021824337202218706,-0.07202391964209837,0.10175210075961426,-0.05724401802126686,-0.07540480738198124,-0.03067753130887818,-0.0325576819426653,-0.07582783787616172,-0.07027317074952001,-0.00429734896980513,-0.019348902268745242,-0.044823267823964195,0.04884366764921147,-0.015522626059506028,0.02448067753787521,-0.06732208886371796,0.0341145787536107,-0.02418537007911465,-0.023508068173902566,0.050079012069356485,-0.05576050904188279,0.008902134485855879,-0.017089875390335303,-0.0030090019058889826,-0.030437703734992647,-0.06816949622252538,0.012085802302995042,-0.006010845181715062,0.05741342964431203,0.019199813666172526,0.0705973517800892,0.05543590733567314,0.032605988636793294,0.03182323495564163,-0.0027003972651219836,-0.05310614840253092,-0.0019214218807890975,0.043022785917063364,0.05921446129900403,0.014592415242251418,-0.01208720981982213,-0.030838137591746473,0.035377853819101954,0.07098197442281687,0.0658820297924794,-0.062232983593977304,0.06652337524436013,0.04577560444085658,-0.010319708699288674,0.0403944155203187,0.0434391611775184,0.049761574385241494,0.07861291283982964,0.001060502577483434,0.05109651750892221,0.0578334422412412,0.09124215142642461,0.006705558670453521,0.1902683792722683,0.11298866246643816,-0.007360560634021388,-0.00013455246989592905,0.1299110196481526,0.011423596460298639,0.2093587889628973,0.02545639598152233,-0.17409826175927012
2026-01-23,-0.05320157001149134,-0.06023500749576578,0.056565852461312044,0.008886711360179824,-0.06589956012508705,0.010005924259230331,0.08146665821439719,0.026061481127284528,0.11572458558521934,0.05391602164660563,-0.02221536649180858,-0.005223435230139278,-0.031175234142043456,-0.02978024321109187,-0.07892829404923085,0.0027720316062404705,-0.034721191470196436,-0.03650948989554475,0.05620716668541716,0.025308727434613716,0.0015902229605543588,-0.0035907424111492354,0.031300914972719585,0.009862445691528346,0.03904306334390082,0.009894639639794745,0.04867661447457674,0.03751118158036451,-0.019363455196092498,-0.07672628752629972,0.006206760774066719,0.018922335935419088,-0.07233248912507992,0.09943640010501914,-0.05832001098695319,-0.07240090837986539,-0.03067410234009412,-0.029918251144365776,-0.0780591013565373,-0.07209743489533085,-0.006894998857254751,-0.01979583478759544,-0.045733368810498075,0.04579058763841557,-0.01602201327319376,0.023783917561888572,-0.06586862389662682,0.032097940320102415,-0.03186904215676953,-0.02040649263753571,0.04602527577876029,-0.05429904257125005,0.005925085313323102,-0.02120774831240388,0.004154638091812783,-0.03084334110450781,-0.06490114343013628,0.0035527199519869556,-0.011999536641964811,0.06271781970017005,0.02215100194127683,0.068988037509709,0.059780664023425634,0.031678401278797765,0.03148527169551739,-0.00765239559241772,-0.05088046106886699,-0.008827643636488627,0.038979117219776566,0.06068254324438966,0.022243434860342658,-0.013690737926742745,-0.027545323732479476,0.034756642802784406,0.0652068485968074,0.06442823980279673,-0.0633548889052211,0.06580672016386767,0.045625043585918124,-0.007580015070917571,0.042405408234112575,0.0460417812909802,0.05032753047809436,0.08633428586875432,0.00011429322677072341,0.04893547302651661,0.05428178314601128,0.08508548733818114,0.00996055656740601,0.18660385425989157,0.11063329164313837,-0.010482645214673942,-0.006895827320176474,0.1345610784118951,0.01439028835416336,0.2113460661998607,0.024137079006632853,-0.16225464756083408
2026-01-26,-0.05349248236462949,-0.059652421463257416,0.05461013301919152,0.009874142800497601,-0.06523635573800941,0.009263429308194238,0.08149270039875123,0.026789588976609664,0.11827711349296395,0.05347531325332486,-0.021952046271794035,-0.006474842671861979,-0.03090392492204866,-0.03151822621347945,-0.07963156505928187,0.0025712598291326065,-0.033891478478880625,-0.03694058616332456,0.05670145356261573,0.02350877212558277,0.0018237108777046703,-0.003218789341164629,0.03150886000710387,0.010833847320527612,0.03928454923798337,0.010196571127046092,0.04622086637675314,0.035577976113364856,-0.01779865802908971,-0.07491841919386816,0.0047063443129544535,0.019664416479939082,-0.06964636570168038,0.10056278333023534,-0.06124729726863211,-0.06999387526812788,-0.02872243333182386,-0.028272796435007734,-0.07795732227900783,-0.07494858660207367,-0.006312156632396452,-0.024711616758307083,-0.047359535562192884,0.04700798238934861,-0.014900108913630706,0.024907443675757805,-0.06661139420550348,0.03213761839334222,-0.03081810239479326,-0.02025574524118564,0.04552518766052558,-0.05165475283446255,0.008360932926838026,-0.020808751016118794,-0.00019954607362238606,-0.035050646967935334,-0.06411710167938929,0.005160764820845799,-0.01262574800867103,0.062130461509964055,0.020897562432440155,0.07038950784247405,0.061161155287455825,0.02844402489290962,0.033499876229581164,-0.007078563779403054,-0.05442279294458029,-0.009162249202184137,0.0402910336293123,0.06122704443817482,0.024971888540074136,-0.007562363456240033,-0.027125765289398807,0.031375302226355525,0.06765192211365378,0.059417420861518175,-0.066705173259395,0.06951996279358151,0.04354286094770918,-0.005958907435195853,0.043314613270928747,0.04641934474976606,0.053391444664236405,0.08417619416398273,0.0009678399612723012,0.04842772966868961,0.05529443941978944,0.08425648531897331,0.0067578513976611475,0.1848477438097187,0.11081709605698377,-0.00952013897176429,-0.006680950825468662,0.1337334770692402,0.014111954221014904,0.21198067934979692,0.024584994506719707,-0.16158508894223048
2026-01-27,-0.055010821781702565,-0.06476382113206017,0.06044937517989801,0.010554848060594611,-0.06907520739788053,0.015213415318765232,0.07290032774457889,0.02859571416258881,0.12086135629368659,0.061396220868158415,-0.017649766082386893,-0.0018517725864681152,-0.032735282606710214,-0.03495949545924282,-0.08850344545509228,-0.0020004161197563052,-0.029711382572491778,-0.03911510321509034,0.05901845651874688,0.02604632725109604,-5.119883989792434e-05,0.008432134101915997,0.030777044494094498,0.01665040353371891,0.03516836086616769,0.01396230086385114,0.04241323731527839,0.035825397924282874,-0.021356316394975185,-0.075149616708541,0.004495961199710934,0.009605161625259142,-0.07609524538187815,0.09552584852877857,-0.049115081022743125,-0.07645233225420382,-0.029172563687216567,-0.018817995469923063,-0.07439319222796681,-0.08531437888554187,-0.005490571420136535,-0.02595471553043467,-0.0456398660303696,0.0545751157175439,-0.019903975447712573,0.025091747357741834,-0.06998642185005921,0.02304609145703007,-0.024811460469663926,-0.007924393572181441,0.04137183469840709,-0.050777187422468055,0.0088353227899706,-0.024943483868167055,0.005934998065146229,-0.01907116304342077,-0.05730375937616722,0.006114726452336519,-0.013950120492516862,0.05595838293167462,0.020498340927335032,0.06658929091938953,0.07069061413897927,0.04160020964899703,0.026875890004595115,-0.010482122737941744,-0.05912853418665072,-0.007681624153926035,0.039038192482060544,0.06427454500953436,0.026529763767958035,-0.0015375282193926271,-0.026474933718415132,0.026806874244365522,0.06201571795356375,0.05695369483124813,-0.06765647446851952,0.07714888239763967,0.0005437306625493288,-0.010927092069745912,0.04880623019735324,0.04434607064044011,0.06303196826397547,0.07619924900464269,-0.0004818365796090997,0.05184975368753682,0.056210013693276925,0.08926990667729265,0.01567320011674879,0.17685420213936234,0.10517145119239044,-0.0030745665902675735,-0.012356650868380033,0.14575441691314084,0.01307925821486709,0.20642744721489356,0.026074979073983894,-0.16028108794122672
2026-01-28,-0.05579787324701983,-0.06770423169986299,0.05919537830736471,0.01076970899540697,-0.05793115149388067,0.0147606275089418,0.07462673803117008,0.028241998678882732,0.11528954188164138,0.05848251925904185,-0.011251080288963012,0.003988855806638718,-0.04244784378530384,-0.03232327342787005,-0.0860207827612943,0.005506931064823734,-0.02856098502508346,-0.04376616359841451,0.053582015252762745,0.027648862897340712,-0.002513683053312142,0.012156447128774246,0.034528041596616724,0.022160426332376873,0.030674502534096156,0.006480657810568558,0.045261618070963315,0.03800860437402114,-0.025852472876621138,-0.07619506339664153,-0.0014152623668191294,0.0053027765371909796,-0.07339045171501912,0.09884258475948288,-0.048480977615606026,-0.0769487054588997,-0.028407479296117047,-0.010506897795010831,-0.07308800220832568,-0.09468167380385967,0.0010678354108838578,-0.025698539879882173,-0.053981614830443725,0.05061057366679039,-0.015443166023799275,0.029962629754312575,-0.0742600315262901,0.025031404137007197,-0.027286338457455747,-0.005371243081014403,0.03951021437291918,-0.046312580290519656,0.0029135727717236604,-0.024956010534770028,0.002383065002122835,-0.02727164442461212,-0.05096189529706558,0.009344237389136947,-0.014930799755766057,0.04551586740070139,0.0018989136607034367,0.06434528661011908,0.07403500700692192,0.04352210466050204,0.024277337836417515,-0.0028062190196483476,-0.06547774114537828,-0.007200401782469815,0.041500269958620266,0.0644717426407509,0.028427891215596184,-0.0023349064871661662,-0.02613080728154349,0.025313153740152333,0.061807664601708764,0.06325969845409221,-0.06716793654369718,0.08364131630544495,-0.001370743077836233,-0.007077969695570304,0.04741323339094293,0.04775290343425102,0.06438084106389898,0.08206610586405025,-0.005541918657713951,0.04968770260082028,0.051237706838004625,0.08343361387652053,0.01807983037903349,0.17739963056901698,0.11220615000617779,-0.004783509724390785,-0.01955581451722157,0.1476135646433154,0.01157666882074054,0.20438708271515055,0.02786217586367936,-0.14023994654215702
2026-01-29,-0.061837719535562705,-0.07654934844149688,0.06357750225640908,0.015408407227215846,-0.06784294660311238,0.015909725999406814,0.07799392311020897,0.03448670010078465,0.1341432713886939,0.06187944427553602,-0.004570758836677107,0.007924248574789013,-0.04892766822980372,-0.039230259610702096,-0.09295748420938028,0.008116549404711982,-0.03498593542755965,-0.04551713865552945,0.05939618159619023,0.03593392094615499,-0.005702548911228443,0.013301902586621001,0.03819538790358895,0.02770013791662901,0.03901037843301438,0.014468115866019239,0.052962443534964036,0.04928135712033967,-0.02340505561276017,-0.07492035232262802,-0.001646971287805457,0.00702936930452602,-0.08583402876136838,0.1158715425718179,-0.04708945802460462,-0.08742664351305333,-0.033107670696130145,-0.00713750545668705,-0.08323984245795417,-0.10828164171750575,0.002506360431039612,-0.0295775970826693,-0.05563914783539402,0.05712954216336202,-0.025569742707702674,0.03248579548966944,-0.08528338159602489,0.021249423198004727,-0.03314890541566202,-0.003346500971687332,0.03758220101172193,-0.0500872534526999,0.006535763321665878,-0.03924239064200125,0.002517752588576747,-0.038457340861693286,-0.058404983643965805,0.016001750339836387,-0.02198662488071855,0.05969672294080726,-0.0009294063614692667,0.07623022305155458,0.08699896423358265,0.04239766120235657,0.023968355867166072,0.0029914193981680597,-0.08478796450925764,0.0016731787661425721,0.04868151232560077,0.06590469460431132,0.040240854581910415,-0.007524929008188791,-0.03679825917454239,0.02281927103760564,0.06536353719695168,0.0713330894765181,-0.07424358800846355,0.08555897273363722,-0.0016041804091013172,-0.012784461462086888,0.039753466881431616,0.04005086552835679,0.07243301461305993,0.09071127418610825,-0.017502642282563596,0.04556100206880205,0.04872431963227025,0.09225281813156354,0.014122963414405474,0.1952460702657953,0.1256664113635753,-0.01797934193094535,-0.030404755808807304,0.1510977430673585,-0.0024419670855980874,0.2220535280514276,0.022112214352628237,-0.14428690419180137
2026-01-30,-0.0639928327347641,-0.07613316816670287,0.06229805299020619,0.017564498819882257,-0.06836944647454653,0.019028085071381567,0.0814860451471017,0.035005382782501926,0.1378355542038745,0.0636311822620145,-0.006198172990277856,0.00963911263635955,-0.051351614303780914,-0.03778722329806414,-0.089792759019514,-0.004337647420538451,-0.03454519468650739,-0.04409750270283502,0.0646217274513578,0.03675968886576861,-0.002060935262146582,0.013818976521870138,0.038859628569217985,0.025731132990914955,0.03735663205668992,0.014635149965664368,0.05383187367569459,0.048675623608509445,-0.027652032578211368,-0.07281215782068896,-0.002543108766127138,0.005544619271619531,-0.08337755476095697,0.11719548810878885,-0.04206710702344954,-0.08639057409876877,-0.025539750437573866,-0.0046050367283235975,-0.08722993508081547,-0.10990471105230175,0.002671778214908051,-0.03185345887681884,-0.060904881405857064,0.06016455147849136,-0.028878805209639077,0.03269099566104293,-0.0856343701417076,0.02223616769469719,-0.0419488576036182,-0.004878857614260049,0.02975968469410812,-0.050287651957311386,-0.0023383354529731646,-0.042404110150888186,-0.0020257130059722697,-0.03368134794410349,-0.052506005269465916,0.01616952541108889,-0.020052917715745612,0.06270250072758127,-0.005508709738306904,0.07365537410108348,0.09371431506419475,0.03890752936018349,0.022119742871132615,0.000521174274956843,-0.08152229103429916,0.0007421772525876124,0.04795458406641594,0.0665993543648077,0.03816980672892462,-0.009124457704669431,-0.02713630784323344,0.026144015736923792,0.0670572754342392,0.0677102968081786,-0.0659720232284406,0.08592576105042034,0.004625468082032177,-0.013098553159228159,0.04208844606511694,0.044902218838366675,0.07257274165095541,0.0886471815255824,-0.01573612704612313,0.03876915379311979,0.0495530864955214,0.09119003462134766,0.007415457372294584,0.19304697106446686,0.1280929589133371,-0.021173366033750786,-0.025890656674144794,0.1544353263924322,-0.009086025732499009,0.2201488312975494,0.022941422310987808,-0.1451320684685443
2026-02-02,-0.07130154367973864,-0.0813285369133459,0.07162073610785064,0.021678218279558095,-0.07300692187438905,0.02507759584566218,0.07414854574556715,0.0349400073092666,0.15334817087080033,0.06614303297637393,-0.0008787184778494654,0.0086505913482108,-0.05366975353760438,-0.04102717657984015,-0.09680436126012713,-0.003374473150099184,-0.04110085645493612,-0.04097964759185681,0.07477400556409794,0.043008022305342876,-0.01606598180109122,0.010098084654492068,0.04165132639409514,0.03199099556096565,0.04628155550178171,0.027108494421585853,0.05411939056951249,0.053782987351695004,-0.01727474008004462,-0.0721993583717916,-0.0070099048871205254,0.001749620615681841,-0.08860781867629677,0.13404487568506082,-0.03079480517231758,-0.09400876692272638,-0.03643630803929074,-0.01210156889518683,-0.09422361412765223,-0.12451007885386804,0.0011676475551225737,-0.0351927853060626,-0.068139524955796,0.07184346494073615,-0.01732416242003968,0.03330626526520827,-0.10147698576605997,0.009697616932922261,-0.04465035045073686,-0.0020743391131613255,0.03436366880434599,-0.05585171732258225,-0.017883658723167793,-0.04077373031720371,-0.010133964380531863,-0.03809062376351871,-0.052914260420177425,0.02434724757365859,-0.021998586953616082,0.057045441706265035,-0.003336396523736391,0.09131590208715311,0.11085644261487954,0.03356590022886547,0.023679592791455352,0.0017869440601557193,-0.10735650211608144,0.005092527359137373,0.051200961487768724,0.07665276813091759,0.05422708744513191,-0.020368127091786252,-0.012349068850795389,0.014804192236136493,0.07169962578731956,0.07736435912567655,-0.06298577312076702,0.08244279771491977,0.013229987682283315,-0.017678522834259552,0.033382160688964116,0.02537225257021916,0.0823147235752679,0.09509917779424219,-0.034942702607719166,0.020849974130051987,0.04442522983436141,0.09989834961276327,0.0065229936468427785,0.21525007972356658,0.1390337898885231,-0.03678209445041025,-0.03912032111898927,0.1548428155718589,-0.0015517855074397777,0.2323830271942968,0.022461453435677486,-0.14606180684248435
2026-02-03,-0.07103193528272721,-0.08270907472687923,0.07276530426659543,0.02276772221196436,-0.07199249737396293,0.027183535786045467,0.07351290326028274,0.035420643213679506,0.1522147009535988,0.06558178328556591,-0.0012550498939435158,0.006890355213638337,-0.053316232730958577,-0.042611186775770936,-0.09754609978710645,-0.004552046541948657,-0.03944384355613144,-0.04053384093550295,0.07402698243998043,0.04057262646919924,-0.015466720988329822,0.009593238446575706,0.04494755411286958,0.029445677361542487,0.04395509243128084,0.02556952959213294,0.0512323001390597,0.05491769556911633,-0.01982990962290629,-0.07195728912429052,-0.0071618821199021885,0.0018625372767733985,-0.08844570621623546,0.13440095598888538,-0.031359336742527444,-0.09470794201719938,-0.03457900486324972,-0.010540718029808644,-0.09375924491323503,-0.12410666478329004,0.0021926933862253892,-0.03578504938779327,-0.06638628285649362,0.07322772794113588,-0.0143005708970166,0.03551134370029539,-0.09985456985906756,0.009413432060479874,-0.04431528099211495,-0.003438571710047505,0.03726558403246637,-0.05910402510185911,-0.016918580086360414,-0.042519190618844786,-0.010043563001302361,-0.039577675071507244,-0.05409111836022361,0.027843202870310696,-0.0201280461882392,0.057788600822488566,-0.004365583885954953,0.08964883495182374,0.11334491427692586,0.03476262528718697,0.02511732478966209,-0.0007347750927385616,-0.10441888419044805,0.005742598492770532,0.05047849546606967,0.0760605031053845,0.05358284687915931,-0.019645366852876156,-0.013637753744822899,0.013977436618254024,0.07372766356222654,0.07535134675611305,-0.061666747144751996,0.08161060187410221,0.010779104523371441,-0.018619336203266126,0.03531825761441943,0.02466960138967738,0.07901768331200179,0.09139037867367326,-0.03615022476003168,0.024921472844774747,0.043981729154784856,0.10252050433758526,0.006448185097213895,0.2166771140991768,0.13856138953059832,-0.03716941796906374,-0.037341790858123475,0.15369116250193396,0.0021500440416889546,0.23231808569225865,0.021805200365462445,-0.1506401962116341
2026-02-04,-0.08241897360351304,-0.06945201785174579,0.07644272452407001,0.016839071983300646,-0.07714102164498396,0.015227223710491282,0.08098459169334844,0.03688493995405768,0.1328502007464978,0.06844195911029242,-0.005665522606956042,0.00626358425770443,-0.04249481236112831,-0.03719719136640632,-0.08013041546835185,-0.0031143288300422914,-0.005157088403842127,-0.0534144351772332,0.0643765534807678,0.03349861987937494,0.00533470911834039,0.012300503236271862,0.03544051395769553,0.01750160001265456,0.024097990363342665,0.021998413728293427,0.04169965996244318,0.06201751281342412,-0.03588701341849153,-0.058928804533709175,0.01904606192525545,-0.018662129827813914,-0.06605459980111825,0.0923829489878648,-0.029170143190476824,-0.07833127386893099,-0.03874343568134396,-0.030203610369315306,-0.07933012432709086,-0.08376514221076967,-0.004389354114497675,-0.022040868994700813,-0.08564266890776027,0.061502615319860135,-0.002915319821828964,0.03817819718765438,-0.07745418459892596,0.017298027119062028,-0.0510032124021427,-0.023378748187493505,0.028956746636823787,-0.054975265877844265,-0.007423428462699897,-0.025431748597422435,-0.021915141779750777,-0.015372662870847148,-0.06946868033460107,0.02135522683005612,-0.008424164953739573,0.02786273652700568,0.0014999599073200615,0.061357820052328094,0.08810119719266928,0.03250290287394184,0.03447294174799772,-0.005698152945072367,-0.08475571573225302,0.0003044099787925317,0.056075295051064275,0.06508944387353964,0.033975639451992695,-0.013354744360931767,0.010864300553550857,0.014094220119633911,0.07160240147536694,0.06894657069641898,-0.07705994991279996,0.08299437648274938,0.00039343556168238217,-0.0017532900001711368,0.04323542163494896,0.025015186049008115,0.05811078278371592,0.10749953275251019,-0.015716009613027312,0.04938499134261568,0.07537772201318162,0.07869175104498012,-0.0071011624664174735,0.1860428066601712,0.12473636004252171,-0.029021350965493325,-0.021532061003790542,0.1626648790919055,0.004718249677198457,0.20500579907918903,0.02136046439903977,-0.12181182320851326
2026-02-05,-0.07893775602790523,-0.06745041248313216,0.06556469475079114,0.014000439876345168,-0.07813589775653514,0.022742277432171963,0.08135790280026244,0.044248702963693196,0.1285786293369884,0.06650948010257489,-0.004263594395155234,0.0038377762147232637,-0.03805269377311318,-0.03866333307925175,-0.07349715965333661,-0.005410406523771892,-0.014350870808741612,-0.0477136693200926,0.06175755681970746,0.030117123952194624,-0.006384052893286895,0.008099372464931523,0.04270362427866155,0.01025336980574792,0.020935471248418158,0.028711932356393154,0.0341605835581962,0.08303937123336258,-0.025437714458587578,-0.05792869328237438,0.015501906076166836,-0.022284754970953648,-0.06616019485873974,0.10539279032742056,-0.05192590211943045,-0.05184926552335044,-0.04055335177802687,-0.03806969764276148,-0.08441251955907672,-0.08809298545490256,0.011252910657110165,-0.007429485703503954,-0.0921513853333601,0.04488769217335089,-0.01515730846479667,0.0288148646221877,-0.05333653075029028,0.00906145406787866,-0.03987181221861418,-0.014910249147954397,0.02164689861389582,-0.05662651404074538,0.0026186928758906228,-0.030654534654756996,-0.034820335016558644,-0.030965929796258805,-0.05999143779041015,0.017992477786702495,-0.0157618059446858,0.025834806296471072,0.011214256661932681,0.05989559958128111,0.08665421146201475,0.037503404456924086,0.045832122645993796,-0.002860448559953259,-0.08659591480546533,-0.019839614411211064,0.057979522752594735,0.06950152295061077,0.03537802609310765,-0.02174921019851097,-0.0022975482308311562,0.026327883030518202,0.0725182784643251,0.07611566895514653,-0.09519744221333333,0.07161571332269263,0.004768857500548225,-0.009289159956370358,0.06123015270971292,0.026205520833460574,0.04412558898295406,0.09272318847969373,-0.007480358514405301,0.07023842891222623,0.07299160444184422,0.07292964753994462,-0.005387694987666341,0.17885756833735367,0.13528579172087302,-0.02331385360759807,-0.021982735670677177,0.16686300340075197,0.016716153066613827,0.199703978787968,0.016214503687169802,-0.11176676509001145
2026-02-06,-0.0654296563754505,-0.06053867235066587,0.05748189654467767,0.00857256758521881,-0.06824408180295274,0.02105563256367818,0.07595770409814852,0.036741195407792186,0.11195280369810343,0.06407677713159693,-0.009380168194523806,-0.0002701544988786102,-0.03164706914301608,-0.03161824250689721,-0.06621681827187913,-0.004288042219555279,-0.009881491789477623,-0.04154218658339006,0.051885262475157616,0.02723379645686739,-0.0043617781208602005,0.00898808250943486,0.03281845520295998,0.012861102841705063,0.01538105936747496,0.0233083953128927,0.033815095200163486,0.07314901788346174,-0.027207045333787594,-0.06094107221847016,0.010208452491681078,-0.018658276997816844,-0.05743036354830834,0.09111100230164684,-0.05098894840793985,-0.04742117779028795,-0.03738184754213716,-0.030747533540437327,-0.07968245966973526,-0.07081985343217377,0.0031069208686553057,-0.002446580753684778,-0.08968063656783073,0.04163013213753782,-0.003400163800616439,0.021858397660681463,-0.05313384187230395,0.014317835574509406,-0.030497763417060557,-0.009048263326678489,0.01598393586731387,-0.055572133321763945,-0.0018716754296140541,-0.023017230206311676,-0.024221359618160798,-0.023259018019136768,-0.050295885896990265,0.00481154191643831,-0.015408027188003269,0.024066171763770516,0.01511257975868659,0.050905704108813725,0.06331579609213679,0.039463466466123705,0.0417628624297869,-0.0036059117294025556,-0.07057116031072996,-0.027172485925156135,0.046890951613933994,0.0676528351735698,0.030569613378335414,-0.01691394428812696,0.009074569926266138,0.030055148798786166,0.06490781356106202,0.06799625876280163,-0.09146847723291938,0.07197948119539511,0.00372684501654151,-0.01237401697441253,0.06233458334506571,0.03205058297858032,0.04354442992162875,0.08081523319808918,0.0037666183459939117,0.07026445391581007,0.0691334061985555,0.06380490339808287,0.0032546032482866404,0.16846400435932485,0.12590609516893717,-0.007212442433909299,-0.0110313910899819,0.16255184333913517,0.02537477339403901,0.18412374091047645,0.023746093368202083,-0.1080231764925792
2026-02-09,-0.07991736005051332,-0.07624594789820804,0.06719072472816887,0.018135492179272558,-0.06281525254180705,0.020670509206100085,0.07826126158583249,0.04637704775949757,0.12738535769524337,0.06880545312015822,-0.005117842447906425,-0.0037658278531111627,-0.03577568196429663,-0.03220571222541087,-0.07263925607280655,0.0024131190427647787,-0.008714891178153538,-0.046817364143474496,0.06152168698581988,0.02248426331007919,-0.037942952679766107,0.007848072298170987,0.042821605413217285,0.010250595804022088,0.01881986319228472,0.03510699070673562,0.06309357478087535,0.07531859327158236,-0.033336350963893924,-0.06021876908203981,0.005253211826675441,-0.017268905245591347,-0.06928214587023918,0.09963373776947335,-0.04323778804885174,-0.040993076024310744,-0.028536517549783376,-0.06545815757678204,-0.07522864069582628,-0.07286861901684463,-0.0021428874902539655,0.00779213441508503,-0.10080690726019947,0.043502273620707965,-0.007522455054786445,0.032050141342758486,-0.05607656756565475,-0.00042428274628105757,-0.04468682132670276,-0.01133892555733884,0.030196562633060982,-0.056449049876807586,-0.00837875983168944,-0.030402340501249056,-0.041380375651945966,-0.03475533055175475,-0.07072355843953276,0.011148423534405783,-0.010521809880740763,0.02966904576639688,0.025016370377498695,0.07176722384557137,0.06948606833889244,0.038159792718255724,0.03784697678238752,0.0020365522701470684,-0.08343218332965897,-0.02569236855815065,0.055279262156062346,0.07170069755910997,0.03751352619564649,-0.01673550252750583,-0.021550825121644017,0.045123879687615415,0.07266405624761858,0.08172709474714537,-0.1026944701021263,0.050876637785031556,0.010323660721104107,-0.019424885131829113,0.0642375248615698,0.020480829587148856,0.054107723474451114,0.07962826209188041,-0.008374702654572472,0.07986040945769739,0.06641376564402139,0.07575290038584295,0.008981794407763354,0.18051155219192572,0.14564298921503097,-0.01585570640183776,-0.029883361512119663,0.16910333333977842,0.02089520313013732,0.20708219904355327,0.010361003344825826,-0.11068989539210349
2026-02-10,-0.0705729469049192,-0.0651913495380694,0.059943028693507545,0.01315395959180697,-0.05456222334391932,0.018273431254890674,0.07422933430450356,0.03969890946085852,0.11319728478938636,0.06542385841429056,-0.010332229874444434,-0.0035546223920904507,-0.03180945154752115,-0.024909063082115906,-0.06742883538985103,0.0008774706450765512,-0.007375582315380229,-0.04139699338973659,0.0520155750960143,0.02347709353092601,-0.03595383912026427,0.006341639879259535,0.03531951214412976,0.012473798174784032,0.015380125728746369,0.030586635794769723,0.053217152112064924,0.061845974207218296,-0.030968484771210225,-0.062067692726199705,0.0030077397728970525,-0.013952424072440227,-0.059173872952328926,0.09068739691977433,-0.045636872291922495,-0.04210258746137196,-0.02503012186127187,-0.054283454964084474,-0.07046541522786724,-0.06860699487609145,-0.004977632519104104,0.004861571254785442,-0.0935715376390738,0.03848090937319713,-0.0017618394580588437,0.027774911430301016,-0.049619742571394176,0.005576485260267332,-0.03596917731612135,-0.006248563114111405,0.024685935826904613,-0.049116864786560216,-0.012570118605555495,-0.025001768226317993,-0.034613550760246074,-0.02896455836878261,-0.06057781299012062,0.0007001566394278704,-0.012631514396078186,0.025265807067405797,0.030506258276561712,0.06728718639356789,0.05264226578725131,0.03656849970008566,0.03607407879126392,-0.003114558807426714,-0.06866584857715045,-0.03243589877695181,0.04669857207642028,0.06971380010518355,0.029113079491783295,-0.009081888104687472,-0.01095990425669068,0.043904090076392066,0.06588996180380002,0.07360996209923455,-0.09495827241669637,0.05361947884623331,0.00748891950879268,-0.01675847144036699,0.06504473562223718,0.030339336376913502,0.04994351228438995,0.07240973678210985,0.001477316596459579,0.07922048760389044,0.06505996946288463,0.07031956871579463,0.017099673634016897,0.16405342674347217,0.13472868441746713,-0.0015842631129225331,-0.020449182341560387,0.16532013493311373,0.03098281198722879,0.1872331842203629,0.01624681432725946,-0.10008321734228658
2026-02-11,-0.07886279961834305,-0.07438892954430847,0.06847359557655783,0.01975744397140674,-0.07272088381619159,0.02295362725282715,0.07995548063099898,0.04742951661422209,0.1284159374109267,0.06541619324028043,-0.007566630785662625,-0.004847100684079061,-0.035417741777577116,-0.03442768388481611,-0.07095848587461928,0.005006333266530418,-0.00679629418565166,-0.04432016823974547,0.05820610363160806,0.02863624091548734,-0.039159160579519174,0.008709420520735067,0.04376821854406976,0.0105461862828383,0.015229639708510725,0.032787356511712315,0.06692574424523076,0.07396202805484621,-0.033603626087356224,-0.058994166380986424,0.005539311483929101,-0.013433175517737225,-0.06800292678805238,0.10253960788787923,-0.04676247333606132,-0.04280811427453707,-0.030415141248075886,-0.06470555095342286,-0.07684505168109045,-0.07251133388313,-0.0011360971854830464,0.0076206966637402795,-0.09943800357837984,0.039121744861549665,-0.009670711065842384,0.036495192910449524,-0.05350163187678707,-0.0030251088813332445,-0.04262401177862903,-0.006637465202306432,0.030557228614868266,-0.0559440752724706,-0.010511864694675266,-0.03193768665349746,-0.04225799162093077,-0.039016299646309725,-0.07026370845416592,0.012026801657933737,-0.011796986150114099,0.03785510578391899,0.03394758796246663,0.07331160069789606,0.06885706996419944,0.035017796661643605,0.037648208024586044,0.0055359604725787005,-0.0866372659625963,-0.025812409905935287,0.05426001493581234,0.07038940021118244,0.033211216996089074,-0.01746998457576572,-0.023858229815173146,0.04124994295516638,0.07275459590205746,0.08130729051572426,-0.10382714812819711,0.05002535537820418,0.006457116693711899,-0.021002872751310873,0.060867263057535904,0.02645984143603164,0.05903230847483833,0.08318172665288312,-0.00693032879633289,0.0795492543818064,0.06612110982500001,0.07284370318081375,0.0071033141735038306,0.17776858094970655,0.1449298931721027,-0.01837639891769903,-0.029413948588217567,0.17396044128807522,0.025068372157816432,0.20413105228701472,0.009117720045904392,-0.11340482605429283
2026-02-12,-0.07936405168888999,-0.07495697970353948,0.07001490133789742,0.020094634562930643,-0.07469552997402741,0.017121636444040134,0.0860053753709532,0.04896019956589645,0.1308086810248694,0.06575742945998592,-0.00816547729052238,-0.004322681554106153,-0.035641259221104685,-0.03396778988147604,-0.072435304690231,0.007095052230758051,-0.010249331893298979,-0.044108123042588064,0.05858185455396432,0.030479699359764655,-0.03740554319297159,0.006827557867969451,0.04204014765645449,0.01218107678667798,0.013692742089706594,0.03356811180050995,0.06496632222956206,0.07603286306392774,-0.03594418059787857,-0.05864210740321078,0.004925499151947859,-0.01321825797238072,-0.06762166175721059,0.10210523178861433,-0.04433014799213787,-0.04280427459457037,-0.031785166259425915,-0.0639618211813891,-0.07893692913198566,-0.06954763208049052,-0.0005261592186082808,0.010865950559336719,-0.09841322520980304,0.03792032286861269,-0.007902934559825136,0.03793285241574133,-0.060572552223749646,-0.003313001409736784,-0.04387436030270311,-0.002978505657243811,0.024628652966590385,-0.05657138505709494,-0.011941399801973273,-0.03014697749937873,-0.03627715881128698,-0.04066815843833266,-0.07065478527564921,0.011355250998644768,-0.011939576107485876,0.03499968273914213,0.03227581350014005,0.0723050537371812,0.07077066310588245,0.03295146543852713,0.047289509643644326,0.0023325157051229638,-0.08663637522107888,-0.031366373593201574,0.053228455978475774,0.06715103544732529,0.03699004956032413,-0.018559375023791444,-0.022849343530444023,0.045132287334838865,0.07532432383903652,0.08164404431189008,-0.10883023998374411,0.04778189870324878,0.007967625338899106,-0.016985024979093308,0.05894452218105132,0.029728278620857515,0.05853150157866426,0.08348895349662105,-0.008008673800693008,0.08188038653388668,0.06547497350675215,0.0721364694390956,0.005673260410384461,0.17418891730526212,0.1438861430406489,-0.024351889774825344,-0.021826229068689314,0.1717212122765389,0.022688077143217855,0.2033013624117477,0.011589887396316643,-0.10804246022821212
2026-02-13,-0.07781259112288401,-0.07402341967726414,0.07186767037553544,0.021604165989139473,-0.07450713094920555,0.014293736503207134,0.09165306105056215,0.04683922497216192,0.12577553051187834,0.06514292262227211,-0.004618551284355709,-0.003526927170037327,-0.03711209535218663,-0.031205260287130623,-0.0772845009864278,0.008692445491086007,-0.007355994976637767,-0.04632615066569767,0.060287107658767256,0.025762634257926305,-0.0408275700679982,0.006877749287958288,0.041973465836220705,0.012320710022902168,0.011724783676109022,0.0350086139265761,0.0546100567778878,0.09016165655918981,-0.03431766005399994,-0.059838412545393266,0.002722922352559382,-0.01776837914509874,-0.06927740410874013,0.10184004693910023,-0.04833662419125085,-0.03992485571577741,-0.03093382396151853,-0.06441793885386339,-0.07948465739586512,-0.07173541789346757,-0.005219372907764783,0.01397845979702802,-0.10062669650858351,0.038546928762867035,-0.010693463413094408,0.036227980226486226,-0.054889970566466384,0.0007695084621785718,-0.04078715820540355,-0.0040962723771990565,0.023131901661976165,-0.062350061810217,-0.008376306722989552,-0.02726523669781946,-0.03533866175171126,-0.042271501093327495,-0.06970263152122061,0.004515018983034979,-0.00771867525343495,0.038428769510306125,0.04107563137766763,0.06932628061607829,0.07045944974125715,0.03295805100075784,0.04522700298336326,-0.0006574212041524086,-0.08521239780858242,-0.039567115191307525,0.056686561656887714,0.06903909244934218,0.034469870721123376,-0.014299812365097852,-0.024205919718275272,0.04813455953544807,0.07625418272542155,0.08024091047940732,-0.11233725542608504,0.0465040341919367,0.012844038380775542,-0.01930359810244754,0.059339068926236346,0.02256075714700378,0.06243023705798169,0.08463259740687032,-0.005608193564683494,0.07671806913403913,0.06571276868013023,0.07217304495550378,0.0043770359820124345,0.17739481333172197,0.1484771839517066,-0.021507954559647144,-0.019572678639515645,0.17804745560070398,0.021197903637053275,0.1994695420131734,0.014593777694242086,-0.11285727177893581
2026-02-17,-0.09299729864847406,-0.08510622412312652,0.08245216345832761,0.025395044417843952,-0.0815464537635678,0.0167443394979872,0.09946642597747021,0.059880777871548406,0.13415386995081868,0.06542195452319763,-0.0016427062332871698,-0.005925883433901718,-0.037186747214224755,-0.04020402338008101,-0.09175128939399539,0.009640981362176601,-0.012831809065182208,-0.042597842462714634,0.0747237972887049,0.02537589891393354,-0.04668518220847451,0.011489741857931769,0.06538551811131811,0.0165599150129167,0.012598837481378309,0.03843013346528413,0.057671100593327466,0.0922524896937747,-0.06240868086847151,-0.05615349612053795,-0.0016979209328762072,-0.012462809808726253,-0.06496893411426766,0.12320787462804439,-0.03987495504459849,-0.04848301800432612,-0.034789690243939346,-0.07425445041060152,-0.09474912951865828,-0.07437936072985565,0.003524653846292969,0.014915798098052914,-0.10857155622148613,0.03462255259569506,-0.021810122627022588,0.052724624164011406,-0.06931254944251541,-0.017278274875189452,-0.05702177688176764,0.006387401953167263,0.03802009280608035,-0.0717819887905861,-0.004904283371942653,-0.02727994052279875,-0.04802699560215321,-0.049195471456326134,-0.05792868798980225,0.03479822916443193,-0.004733639605961678,0.03779387894444209,0.028870672361722506,0.07422387584633802,0.10187204119916843,0.029518115596534028,0.0523203753602248,0.010995801611018517,-0.10969619240118471,-0.028933089329939272,0.05970243947539285,0.07137541273204738,0.037855508180389484,-0.023023726915156875,-0.03632969433360835,0.0503628650111514,0.07566604349450952,0.07986862787579944,-0.12649976959277165,0.04677626809402537,0.02063941804725589,-0.009652859694561576,0.05000632813764281,0.0013931107356371392,0.0858103906409025,0.08638398690393495,-0.0028207949642779576,0.07489235835178323,0.06420231509708169,0.07337764250372128,-0.0013002101700760414,0.19492420217926051,0.1646683683321916,-0.06629891520949162,-0.02849006517499878,0.18194990491197333,0.023537713705330827,0.2235200547449842,0.002162415918797924,-0.12692584182947073
2026-02-18,-0.08734457151698664,-0.06855567199619939,0.07368307602307105,0.014605259707555569,-0.07532487599619112,0.014854762918048964,0.09932187185030837,0.04957277874586522,0.12432087158567574,0.06647110147798634,-0.002195633667341412,-0.0004804027631863921,-0.034093760333430145,-0.028730922142054395,-0.09162082424760572,-0.0006441300338878766,-0.0054184595491698,-0.03418722870313793,0.06663615020517266,0.021587895364826915,-0.0438647644115605,0.012888751727326269,0.044005212620915175,0.020953519461260308,0.005221662541613621,0.03775585660730271,0.05433625284752766,0.08345444591056334,-0.06800993134748522,-0.06007777793557066,-0.005501871145827246,-0.016435720216746906,-0.04600259393441855,0.11003579964812973,-0.037254316929184544,-0.052093509862255874,-0.030990424420546003,-0.05670321303409612,-0.09364655660550368,-0.07075864666870563,-0.0033162187937317116,0.017059192622964812,-0.0934839606895098,0.029657852746518353,-0.016095363850703932,0.03950875289623283,-0.06464397121827044,-0.010501709420410182,-0.04898124325742949,0.0063201011506491085,0.03219105174877382,-0.05979322272855718,-0.008017100631916749,-0.017303318483362945,-0.04477371260675652,-0.03080084417929723,-0.05262574254983671,0.03026401079827095,-0.012344119937255796,0.036756967810556,0.030906531835272838,0.07136671871753737,0.08007762584481257,0.037240120589744026,0.04302018702267491,0.004200798255722659,-0.09863154751143657,-0.03182944132297114,0.05343377493262272,0.0636168867651744,0.02563310452244512,-0.01714212389958448,-0.025901294932834253,0.0479369297917483,0.06265344974654923,0.07607957541081313,-0.12287426153909965,0.05549069245500997,0.019332621690945226,-0.010685867116761087,0.05214643014265654,0.009942945882817095,0.0735573824048351,0.07910144446694814,0.009576529609702265,0.08012532141098154,0.06308417575332505,0.07059559106375991,0.0037996115971613773,0.1798923446911629,0.14971698678344064,-0.03195578480789017,-0.03324480104907652,0.18057182363800897,0.026365430254716347,0.20888332926100492,0.009012229853452325,-0.11394233542437665
2026-02-19,-0.085786631392132,-0.06901161695568893,0.07263232536168553,0.014529000282552716,-0.07497514058243476,0.01609465834778255,0.09892639012828593,0.04950592569074713,0.1219627387589091,0.06593170669629712,-0.0017931022579251825,-0.0008309771987638232,-0.034236643005129706,-0.027936841209627403,-0.09210541621961642,-7.454960505158016e-05,-0.004511175808972208,-0.03496492118009441,0.06900918445368608,0.019201894423127745,-0.0450919364805217,0.012598867556493493,0.0434458206823059,0.022267461555433958,0.005619845149574853,0.03933324804093909,0.05501753146051893,0.0843039580588848,-0.0684233783091639,-0.060897272810556055,-0.006369875502466009,-0.016870440336139922,-0.0468259102466639,0.110163467616704,-0.03527512130565359,-0.052825029761762246,-0.031146598703984583,-0.057433707836704914,-0.09449472419321796,-0.07235878170003918,-0.0015401056566182493,0.018077854793290223,-0.09329821736484407,0.029189998729545447,-0.015568298471735303,0.03923735620428366,-0.0644460267412496,-0.007573836030441846,-0.05004765218864595,0.006705783681121385,0.031472070107418475,-0.0599669373999276,-0.00883225461059141,-0.01587764785770153,-0.04500918979318476,-0.030515917930539684,-0.05362740633053241,0.03048397262589475,-0.010927500954881762,0.03609484273998673,0.030473048328271683,0.06991851544967935,0.0768672769716986,0.03697483345319196,0.0438277137662269,0.004644993353551981,-0.09983123118978367,-0.03069136297958293,0.052541033200551555,0.06494781446325568,0.02538801408821441,-0.016731096999632246,-0.025561021641121777,0.04817333680361088,0.06171390776064674,0.07809174041512243,-0.12089601160993942,0.0550517527749014,0.019625080349830567,-0.010759627027625162,0.05079922658472456,0.008552547876961143,0.07324538599239812,0.07929401767916985,0.009007717590727092,0.08041446607182806,0.0635306423203168,0.07023448599364615,0.0029604659013786,0.18157933643177918,0.1499833519320654,-0.03222174539317616,-0.032189588048983545,0.17993766841304695,0.025997798809940208,0.20958979007898368,0.00890856105344477,-0.11372795823158528
2026-02-20,-0.09796247938653042,-0.0748334010622975,0.07725106468970393,0.019814676601706088,-0.0791083091384353,0.008197927610641063,0.09956585626696107,0.0533471646964893,0.14127540791165624,0.06116576319123903,0.00749789739548821,0.007740267906934993,-0.03968710378217427,-0.024770541385900464,-0.09504334569850144,-0.00369555791323478,-0.002406561299767355,-0.028687609487904643,0.08160673477036015,0.013978174063660847,-0.03990277357261138,0.012063573567466226,0.04082684866556409,0.012616048324814456,0.0003006596284462343,0.043805536506968494,0.06027525890887763,0.10554733585817061,-0.07334340727069666,-0.06467423885386174,0.006515312291817234,-0.029967269836010668,-0.04275481674479358,0.11650794666712748,-0.026232571080788462,-0.05941957890516149,-0.026494419889444523,-0.0779514775843767,-0.09627859475822054,-0.07076164580739146,-0.0021077258622666344,0.02523267122713978,-0.12994961120122464,0.015360638580094595,-0.024309359743276047,0.056473843915360825,-0.0840352546623152,-0.016194469647706163,-0.0490773386627151,0.005057498541573526,0.04280121388729115,-0.0717441001359247,-0.0015922512366696832,-0.014991722211389792,-0.050203494748423595,-0.025808564536490546,-0.05544337378523802,0.04748450756646422,-0.01742914072472211,0.05050880804292469,0.026049770867006272,0.071466815950813,0.09228693283301655,0.029043977756677095,0.05062432833544805,0.018028274634672055,-0.10400658931606548,-0.035651045514654485,0.051764348040476145,0.06246262248316166,0.038649260170566885,-0.019553721195427573,-0.030782320861855395,0.04148713035150416,0.06665922512558435,0.09626917519519139,-0.12972367906220483,0.05554756980686208,0.013449619594288979,-0.02027455595738009,0.03951275981033531,0.0025122503213544966,0.08422940224066301,0.09035914017398973,0.004072499268971994,0.0949759289027674,0.0713635663515127,0.06768899758468118,-0.008101203759224176,0.18703303170664975,0.16895603900843226,-0.045738845466998496,-0.04419226061306089,0.18733138499499968,0.01903522807593335,0.21722551458566774,0.0013593334305056076,-0.12737643252333827
2026-02-23,-0.09981675611131015,-0.06945028603167633,0.07582382512875187,0.016498442540803127,-0.08070543657268847,0.005223240698095089,0.10183423274717494,0.05301724279155863,0.150480196144648,0.06275819398984098,0.006570016585016026,0.008355992724952611,-0.0399486671261477,-0.022113487599044662,-0.09070531374793718,-0.006953337920162747,-0.006692545977787246,-0.04031708435172949,0.07836295525069284,0.015211787574884436,-0.03408934397296899,0.005679529055027246,0.03283851119416363,0.010804094870713475,0.0029545911829005882,0.045454791927230086,0.06234611376112436,0.11238486846625038,-0.06903206309339678,-0.06695921710725093,0.01770737968976146,-0.04126750902004947,-0.034300703620463176,0.11915259828578273,-0.02269065314039638,-0.05648801603680842,-0.02530847298565645,-0.08453312733807793,-0.09989625405912289,-0.07133886713090688,-0.0038786524844754717,0.022813939762651225,-0.1309636148444374,0.013750532996280368,-0.025600399418809212,0.05953558356222563,-0.08989681149253785,-0.01424670671670174,-0.04937983138511456,0.008708129080045621,0.041919521563328274,-0.07319772408753994,0.0023861430401051,-0.015947351729548295,-0.04759508575675795,-0.02442701079697785,-0.04702978132558719,0.04656306007316647,-0.020871382715846397,0.047932445150321065,0.02326675850674824,0.06533860265105065,0.0970487593490309,0.029572192719370387,0.04784504683601813,0.01664437031497526,-0.10052617236378793,-0.030486477999057966,0.045980361530457675,0.06276535027664484,0.03947862616262773,-0.01805979963308016,-0.031016011541066757,0.04278067191398891,0.06554103807237678,0.10032693013276964,-0.12756266629144633,0.05284324027465311,0.010006466846931027,-0.019001865601522443,0.03657655125826753,0.00507208241927716,0.07747854489473259,0.0886444072175553,0.0014557625642896577,0.09549343151979177,0.06889954190298599,0.06757787809188198,-0.005804903602587454,0.18740730654094712,0.1654457955451666,-0.045765356658054215,-0.04742162389491015,0.18782801688079,0.023391870039283127,0.22159582034165004,0.001983509825235522,-0.12407052118356433
2026-02-24,-0.08316740481270993,-0.06783628512039994,0.08660501204522085,0.009654326348884787,-0.07465658257861242,0.01441668829855637,0.08387853394031589,0.04480497918842139,0.13688385880252954,0.056850516742655274,0.0031789607221540343,-0.00030759904639283096,-0.03864767790256837,-0.02129392652989097,-0.07787981079807238,-0.011762843630273913,-0.0023064207334591823,-0.03707407762743892,0.06250914178889877,0.010201849443433764,-0.03319901089259413,0.02239963014761597,0.036857145194057764,0.017196675632999262,-0.0005182764144381815,0.03595040120637855,0.06473159011473088,0.08073182297052234,-0.05946581812800043,-0.07473053269607285,0.006914363428512241,-0.04338030135084746,-0.025531499997878765,0.10983196887918323,-0.017445094287862048,-0.05224054492615766,-0.02639378555787303,-0.08286782074638549,-0.09356614252647107,-0.07368378458737503,0.014768234556266711,0.012398740998394955,-0.11303511333881071,0.020667346371501756,-0.011265543165694189,0.04794568542372825,-0.07703896539956358,-0.011187688458601278,-0.049754112253959405,0.011384486398489196,0.023572999683086963,-0.06507610076792147,-0.0017756729444739876,-0.014316079013939694,-0.022868948569431544,-0.027702255635296866,-0.034704794755835475,0.03167225058824689,-0.004412025294993509,0.03533079361532105,0.022762407711595805,0.051474706507317516,0.06781400906236526,0.018350625632016414,0.04634653823275384,-0.001424971129865879,-0.07368411467683893,-0.027603068578418363,0.04456610689953179,0.07010278324841128,0.019542051802766094,-0.011705241750125025,-0.020020396421161574,0.051334267138558334,0.06252898965973694,0.09946919513029441,-0.1268686914586005,0.061191260230254854,-0.001222897149898209,-0.016137392068402985,0.03319361320316833,0.01222168194003439,0.08780969297781364,0.08729887609257214,0.01683732628218325,0.08412531741289239,0.0675909569137985,0.06447458304566188,0.0027444542594974837,0.1679834113185206,0.14866927558030124,-0.024404054773588757,-0.033742277195771685,0.18515218219304116,0.03162834152884843,0.21651247182958558,-0.0053438234737287725,-0.1298136591969309
2026-02-25,-0.08257334907718732,-0.07315280372414316,0.08793183037526657,0.008315326242492803,-0.07722296448944638,0.014218863625453451,0.08200002473770611,0.04569174784947144,0.13681706313386596,0.06067826315297336,0.0022576952688249576,0.0027239692163925303,-0.038384593502323455,-0.025465581171327287,-0.07453877451707479,-0.01733587485004738,-0.0022088854190585247,-0.03566691952207024,0.062239707299808364,0.009351635207535678,-0.03323801564020914,0.02737051795426995,0.04938515973160795,0.015052162515472235,0.00179771831136755,0.03920140556829266,0.06356977722610124,0.0853984210504676,-0.06398569503782969,-0.0713905188949663,0.0002661554035095371,-0.0413636285529964,-0.026515907619361456,0.11114322012051166,-0.014798717257482866,-0.055220583235740583,-0.02823259614178005,-0.08300834386884841,-0.09621263320071834,-0.07343276309107723,0.01653071321664619,0.010809781254034928,-0.11205094962428466,0.022140000159627374,-0.013369394941277498,0.041938939977826606,-0.07634835206871546,-0.010316165519498028,-0.05009256135409867,0.01140488691903464,0.026814499585548733,-0.06739519146849357,-0.0024308281933000785,-0.013337139196430777,-0.018166443818364957,-0.028697997171468835,-0.034734440871047774,0.032239621754372255,-0.0058727159691655765,0.03497255725157307,0.021241741032397413,0.04830882051495503,0.06883691030966396,0.016557984296025004,0.0431649049966697,-0.0028580635900000585,-0.07263232764201574,-0.03335432404777628,0.04372682195694827,0.06907992167875905,0.0225082165106111,-0.010923334422411507,-0.01864744418721105,0.045898390653461005,0.06223618837678838,0.10404627435960176,-0.12303038011244886,0.062361881246315747,-0.00488327720236602,-0.012608148181023108,0.02748788324138525,0.016546993169934552,0.08062530100733391,0.09112660113025821,0.012801845933600736,0.08547491590236654,0.06598746856505196,0.0667717691807589,0.0038254033267280567,0.16623679740261854,0.14483222686031377,-0.024147484416584604,-0.035265223684843694,0.18679821583250494,0.03523948868915799,0.21809929421996016,-0.0033363432891799372,-0.12363624471852964
2026-02-26,-0.06594532729497189,-0.07555064435693831,0.08257855079560221,-0.019954496989721578,-0.07409005919181975,0.008531235620208953,0.07322040116767933,0.056525984693588875,0.12848027387116143,0.05873895224188886,0.003071244052155952,0.010351150445365203,-0.03580832147597852,-0.01678400194699449,-0.07521271164053127,-0.00925389490897755,-0.0007656224316224397,-0.032537533703515295,0.06609522538308626,-0.005970629995418116,-0.01648887292412539,0.023289845083158657,0.05676048471399518,0.006460652380072471,-0.0019916788922126113,0.045976489193085494,0.05345143618010198,0.06980305879049603,-0.05324696000535381,-0.07440936953422868,0.0018126060812865136,-0.021134660321602695,-0.02487238947099534,0.09881250637339575,-0.01675247549099987,-0.05337823483077779,-0.02790645032795827,-0.08960055070491249,-0.10393919449698516,-0.07646966534247844,0.016856332928748302,0.02186245847328745,-0.1143875194993298,0.021515571033637715,-0.004972435772043208,0.04982834364438819,-0.07345856454012749,-0.0017208960245809982,-0.048758524434170024,0.022278578997663438,0.03712985607351788,-0.06617424227245128,-0.004202941885912805,-0.010219438443094671,-0.018603860697635158,-0.03293160504045696,-0.03366077590025076,0.0296712973291244,-0.006606211111354952,0.03445970570490195,0.009664051064361034,0.03911580185587289,0.082685328275678,0.022656183489251434,0.03353807109448732,-0.004683669601612459,-0.06543601834403567,-0.022451681935805837,0.04698571126050177,0.07619447487304422,0.016806754602752903,-0.01355111188865806,-0.013081627785082433,0.04695837931973751,0.07313254215216822,0.08882429816351946,-0.13069821628123532,0.07221996822806259,-0.005059531056656685,-0.016738715742516813,0.034777447482906634,0.013462188468469093,0.08135076262603892,0.0759481150503285,0.011269501773497401,0.10179378801513735,0.06211162023226161,0.05243346561893687,0.0001587009413576996,0.15056098646642394,0.1463750182252424,-0.029816096150638183,-0.030435919080290995,0.20021621207470855,0.034288095636917724,0.21059491412371267,-0.009335009302673192,-0.13263626329724165
2026-02-27,-0.06302805126651086,-0.07066816592654544,0.08516671870964805,-0.02363219826315511,-0.07237186018538293,0.007101801779056248,0.07585944427416014,0.05037424485330237,0.1264241883543707,0.0585401259791332,-0.000669291330385631,0.011766275046717447,-0.03714540591276239,-0.01657129449194058,-0.07388298958372898,-0.009602950731598054,0.005340909053583517,-0.0375371691662406,0.06974069343385798,-0.006605083834592318,-0.015229740121963079,0.029127303590516705,0.05670505958013485,0.002612690789562256,0.00023413484355523304,0.043741999724400286,0.0530904963410173,0.06591773755704772,-0.05487018085946928,-0.07827254704404048,0.0019119916602730984,-0.022374434495999955,-0.032028157708215835,0.09853350916983526,-0.01786631354010134,-0.05264384661813272,-0.023708643064362135,-0.0952997205619731,-0.10144783090995123,-0.07159276750701858,0.018472783078724873,0.023877777938569336,-0.11609126953089809,0.02182359669351037,0.003724221864080688,0.04782178431194367,-0.06974834312824779,-0.004551842854924217,-0.052284354672295336,0.04974257846109648,0.03865757855924568,-0.06599774094811173,-0.003209640403130088,-0.013205943491093176,-0.015401623747168294,-0.03443924589455028,-0.03385152638413659,0.02482508238360737,-0.010386966775922645,0.02756716179605683,0.015558191654944667,0.03882985223877024,0.08451938431577798,0.02976102978284604,0.03416829509271482,-0.006626918333669457,-0.06781669448048899,-0.027137754798457085,0.04436749330923187,0.0750155824142441,0.013382125309164234,-0.014293716526303702,-0.012490777558056923,0.05103209847678231,0.06754746280142272,0.07967296228949358,-0.13115263247253012,0.07431126197732586,-0.00937321426549591,-0.016914910029605455,0.03405036690056129,0.018207164045349503,0.07413748295407581,0.0742640727705676,0.011414616172358167,0.1024513710800573,0.06748518375240403,0.05251461749636706,-0.00494834248958234,0.14579047045853802,0.14603090174338051,-0.03139882759969735,-0.025877422334827684,0.20669890209266747,0.030079815730900558,0.21119109256815813,-0.008316999628121229,-0.12861833578372656
2026-03-02,-0.06521884355677336,-0.08586209483839428,0.08307372426388598,-0.020878332212302342,-0.07180912236002399,0.0058476193404135915,0.08148089632558576,0.05072621324427768,0.13861498336200204,0.06373922813048301,0.003748145079879993,0.018505426469074295,-0.041470706512787794,-0.018846414110183757,-0.0868110309544282,-0.011522115712845027,0.0010127168315765284,-0.05234633686661894,0.07848129956897926,-0.012683477949937854,-0.01101432897580707,0.02292487433066529,0.06423634468427428,-0.007706095640271244,0.02635451505932638,0.05325063774887295,0.05758322618574953,0.07825138565345481,-0.05068328453000258,-0.08199350108732295,0.017245953060536848,-0.02331540989487213,-0.03294489933111679,0.10790783074928076,-0.007891881170776839,-0.055227971135587736,-0.028021022366720078,-0.12053074909818325,-0.11672342879583343,-0.0496092146646285,0.030830951399365238,0.0183788282499354,-0.155431246625634,0.009817854559759217,0.003776772143869767,0.07186638512803245,-0.07784520787070875,-0.011848392250996717,-0.049581071467645746,0.05065871145390426,0.05296950621573793,-0.07228428253457247,0.004197691098620476,-0.012578381994692701,-0.021602702347424202,-0.03070000193124464,-0.03774268403114434,0.01837681292813929,-0.009607711335682152,0.03960147775521632,0.023203552584070888,0.033269419129238316,0.10095597713042075,0.04953928870529772,0.019475227126391194,-0.014812174641370643,-0.07518257096910959,-0.012979291829163507,0.041171386156330626,0.07525710270352126,0.03882971581147549,-0.03207253009615697,-0.025139547172420257,0.05954082378692069,0.07885186363475477,0.08892733292613275,-0.14733864398207205,0.0913030959998233,-0.016396936780523425,-0.03090485282061565,0.025841779455774663,0.0009139141040009364,0.08881956774395168,0.06615547130011096,-0.009311960787038989,0.1057094087222406,0.06866413940620751,0.042435038912765594,-0.022545371116351236,0.13038066515679092,0.15755957260469544,-0.04839602129857554,-0.03017912692620641,0.21211484460977909,0.033077378186525064,0.23714207620412553,-0.0036277525580081255,-0.12137992798946885
2026-03-03,-0.058938908333568615,-0.07608310183992495,0.07522205407688708,-0.023246624418231464,-0.06553706322379094,0.00928457368184573,0.07899095312388385,0.04264599387458599,0.1274103858744809,0.06224583887888735,-0.0013642863825671491,0.01914952400999909,-0.037931765206290206,-0.013379318317150972,-0.08136682559744235,-0.011758758849189468,0.000741939222730411,-0.04407845751101471,0.06779636509443422,-0.008301093437487394,-0.011837836941756873,0.01657785032632998,0.05789542285488568,-0.0015964728483946339,0.024976560609129186,0.04745415012515518,0.05036465603349595,0.06493491634148398,-0.05148055996164746,-0.08228364969005424,0.011655151423694759,-0.016813096216279265,-0.03171065338227504,0.10114257002686072,-0.018820392781484077,-0.05306795659239437,-0.02960444655084813,-0.10129668209768726,-0.1087940442266729,-0.05090621756919237,0.026118503129090094,0.011032493964867919,-0.13828065793555044,0.017233164295709993,0.006383635537989173,0.05542149205157052,-0.06802017896015436,-0.004028409605410571,-0.03607224355301437,0.04310437942011796,0.04255888625281532,-0.06508402425319894,0.0027376201028164538,-0.005955386524970104,-0.019439640569978732,-0.022762195629979068,-0.03495379324872795,0.008413204636617665,-0.007135721215987297,0.032469310245205114,0.025108436355954056,0.030193841548077235,0.08299348047414128,0.04717044291025254,0.0228109426401137,-0.018067980960261056,-0.06710752470291263,-0.018426230883545974,0.03771698255053297,0.07398793645280033,0.025089909615881312,-0.021548382129437674,-0.014277129448494042,0.0587082273875152,0.0680453160087642,0.0811402952876688,-0.13424371735455135,0.08751876068683977,-0.011268911508868428,-0.024836935219177465,0.03338191941978623,0.008649602702820853,0.07892828700240768,0.06144512146041363,-0.0008465376497395639,0.10109875186876073,0.06598496620982754,0.04542941334450447,-0.012075715384087827,0.12843358499832577,0.14544807511749233,-0.030245361274882705,-0.025774237587397025,0.20167859362223944,0.037051114239651614,0.22004601859586123,0.0028629367031636254,-0.11423542484369467
2026-03-04,-0.00891191517871417,-0.07350275609627854,0.05975646796036672,-0.03566996308349171,-0.05890664754893005,0.010468587492369313,0.07213420512989872,0.02949271496206357,0.10425663452741103,0.0597548822937897,-0.01214831162666191,0.012655611614847184,-0.027736740301854988,-0.0036954373271183196,-0.08252758696214352,-0.019795907647999697,0.0033234978653434296,-0.03196787162078751,0.060938923569155985,-0.007538113098408976,-0.03397352146321991,0.00642554985374415,0.045867120558845856,0.003714282539845768,0.021255598167520866,0.03729334064773226,0.039395994441378326,0.0626403743803962,-0.04874230852374124,-0.08272033303518665,-0.003133725594941435,0.006746062307531168,-0.026931338460622442,0.09191106862604069,-0.030626339105076193,-0.036977249293634926,-0.02919859291775917,-0.07303945900470567,-0.0825851413091686,-0.05616842502681553,0.037269148426811886,0.010982534214733,-0.11287564630115288,0.023804085476842984,0.015335827902376017,0.03995487096645263,-0.06650135249736108,0.00560616210941607,-0.025858740495446036,0.04535160849517116,0.02798026286358521,-0.06044940170821868,0.005670906592985832,-0.0008569151139481545,-0.01738737905651934,-0.017991600264592456,-0.02301262463900778,-0.0042112467258467665,-0.01416046511977133,0.026584972155516702,0.027127427099584336,0.026581338844205313,0.05341842696675192,0.043385682299101835,0.0273675602762904,-0.010950005481774517,-0.06219549807095821,-0.031913977101124764,0.026764622516159728,0.071588260237267,0.015795506724574877,-0.006213485403932703,-0.012240268656790303,0.0683494661339587,0.05439233552009547,0.061828613845259776,-0.13126512860581394,0.07883868479982838,-0.006333575769353056,-0.029064229592264325,0.037160289342532044,0.025953664047789676,0.07011357243152078,0.05151043545609628,0.007430244293467532,0.09836730703855928,0.07200047684529312,0.0421868729644048,-0.004405896427846098,0.13974325480411492,0.11789872279635433,-0.017868332438096143,-0.025263707542730128,0.1864664381334434,0.0426514300879458,0.22411835619943116,0.015616715730059398,-0.10570984033645266
2026-03-05,-0.007818467307659746,-0.09097514280782901,0.07401576492510702,-0.03568795264782751,-0.06412705201794038,0.005510461293655631,0.08167164168243427,0.034171295923202935,0.10951709332018436,0.06586474535505571,-0.007512619341202063,0.016478664161079612,-0.028557451550557666,-0.006050546617080205,-0.09353612861484151,-0.022270504652964485,0.0030609929340819067,-0.034588725852911395,0.06799926582426544,-0.022105072005235045,-0.030737753463644435,0.01093225724318035,0.05323302433868294,-0.015272990880203353,0.030440267837480772,0.04726575662873771,0.0395490501929036,0.07389050469759298,-0.04256626135493241,-0.07931903399369815,0.0026658363639049717,0.004979521252453279,-0.029476345638808764,0.09430030477702239,-0.02564445947621742,-0.0446726348628142,-0.024243872483652444,-0.0891247455779013,-0.091348051346936,-0.060122825483864814,0.043487968279376364,0.018335091224861634,-0.12547254816003678,0.021724797080774412,0.016663678489669938,0.05671455520605641,-0.07660032517362267,0.003129741350810562,-0.0382302436368674,0.05028730398789365,0.030564204159254607,-0.06291426491694421,0.008843592167988933,-0.007633702098795983,-0.01614999623933904,-0.023419594989509976,-0.018322225105777898,-0.003930776540903539,-0.020632347537098,0.020159911784232595,0.026591579244363818,0.03233452719606427,0.06990383200226305,0.03847487922971027,0.029703311402113235,-0.004718038636037675,-0.07034230695337976,-0.02191603504912311,0.037626123363297174,0.0712064352888915,0.024938401872500723,-0.00824389931520079,-0.019509201181409634,0.07734669255725786,0.048020077259049186,0.07355719031376805,-0.15726829070469403,0.07501822124183168,-0.015303496256490632,-0.032103573022970705,0.03671571173686555,0.015712754735136118,0.0811275941015115,0.055853424055564205,0.001939022919094818,0.09403782852614917,0.07631528863297495,0.042700123093161506,-0.01726807778940253,0.14519447891410264,0.12303155465880627,-0.0363686478459274,-0.03869095237075527,0.20296566247406286,0.04008416569343477,0.2518722838606499,0.01323472207128635,-0.11016599742284724
2026-03-06,-0.004470441136203989,-0.08020014364566569,0.06552120329013034,-0.03891627670852687,-0.0563483679198937,0.005131266420722357,0.0744312954083066,0.03412461918430213,0.09614325633839532,0.06117141012852879,-0.009075520971558634,0.013914388950791872,-0.023299317748008322,0.0002644562660963582,-0.0862296167961976,-0.022087576820369187,0.0057790135598805555,-0.03026196417679706,0.05699337128728534,-0.011085532323880853,-0.028135223847886262,0.001558059982229602,0.047527119386631136,-0.011609628094568945,0.025382777551563315,0.041472396200225345,0.03148994706532931,0.048207096088081956,-0.04153325835293162,-0.07711961040219889,0.00052590058702498,0.01034511515152558,-0.031208677244757642,0.0984729233322298,-0.03391002188312549,-0.04553559700946173,-0.02630382450394802,-0.06475574426423315,-0.08643142401482341,-0.06211237106289845,0.032455912899399135,0.009325352097206105,-0.1034781591752384,0.024448356389788744,0.017354806152699874,0.03954258246613944,-0.06656818338333206,0.008778255250817811,-0.024266176126204866,0.040559776616933364,0.022282330040846766,-0.05978650805049959,0.004172309665709154,-0.0012364682184274455,-0.012335597051514309,-0.019238608131931886,-0.014788498602770149,-0.005976132563042471,-0.017426191095574375,0.02230775168860371,0.03135293859094897,0.02676245081416817,0.06164678855179359,0.03881657865998876,0.02992552807524139,-0.011011495343730355,-0.06407907070054059,-0.025205392634548802,0.03272806053142795,0.07203450588765473,0.018170605994042684,-0.0022290270043787315,-0.01796991862174198,0.07395244236958867,0.04042980874865554,0.06966134033131478,-0.1377281349364992,0.07680329119988683,-0.009569840919055711,-0.022185490371761797,0.05507899189371801,0.024206527848180746,0.06407367776280216,0.05504632991798759,0.00545761727706271,0.09091434577833536,0.07372007360908761,0.04237622998090005,-0.009694698446602422,0.14273373404008025,0.11181481026566266,-0.019098079902156194,-0.03429203108992646,0.18945841939736502,0.04050431773481942,0.23304257418923785,0.01587668817285278,-0.10747788577281585
2026-03-09,-0.005472894725259752,-0.0963026694584841,0.08177975820389484,-0.02848876459650903,-0.06901480905040872,-0.003133715028270777,0.07136216083606747,0.03704441405209567,0.11514084477535882,0.0744418847667606,0.002081817317823297,-0.014180721497955335,-0.029422734347719227,-0.009471405956452598,-0.11237472938321456,-0.029337159442786413,0.026714693192848173,-0.02995627410537159,0.07581973350296765,-0.03354027610870823,-0.03300389008049801,0.005056643981157357,0.06692693743690717,-0.022786173417433664,0.0203635568326924,0.0716916569855546,0.04310769465317844,0.07488154691051437,-0.04622717465043885,-0.08760842898161551,0.00781068371441079,0.018949165596344433,-0.03600358541647296,0.10312331169585422,-0.013486079463483054,-0.04775476364262826,-0.0074257593159819165,-0.09423708419280204,-0.09660959038787095,-0.07229947047626668,0.04548065713619782,0.023814012227979596,-0.13202510041865767,0.02688100005082665,0.011193095501054283,0.06506549301178453,-0.09443501168138771,-0.007773252198475583,-0.04394532083822922,0.0563575998995843,0.010566453818045064,-0.067941656335419,0.013831214115291255,-0.022238584198497745,-0.003583788638474892,-0.01773322991013164,0.0011310031498352972,0.0012766952034965282,-0.032700885597170305,0.02209548527066557,0.033735884825502924,0.03255746672792379,0.10221308655484361,0.04309779423425412,0.025909168443327857,8.781794944721748e-05,-0.07556948082920412,-0.011919977582293963,0.05189308553342002,0.06979416658562605,0.032653016843676566,-0.014540633023130146,-0.0308748236193881,0.08380535508258176,0.04125145206002927,0.083339629255371,-0.1698416663403795,0.08201023927360403,-0.032130066841176225,-0.03360494571622471,0.05520237678392149,0.011246086694896467,0.08007290710935339,0.06421622133921867,-0.022790016623641114,0.0800161265690402,0.08410486057542335,0.03259666332523827,-0.0351357813019654,0.1569946164335913,0.11662502018305193,-0.060704711416474835,-0.052637906110195615,0.2121169245345379,0.03599572962621203,0.2978734917503512,0.008065226922674222,-0.11119863610916036
2026-03-10,-0.006559265516290715,-0.07498668771238967,0.07072620958110058,-0.03057301921639744,-0.0552831458382162,0.007897461140733055,0.062166876853799784,0.027103725049692003,0.0970674996923655,0.0651686449404352,-0.011597081570496404,0.0005207509312587181,-0.0250334105473708,-0.004765709472912315,-0.086458307424448,-0.021630104882447834,0.009973289480329153,-0.026418314943466754,0.06265408130484589,-0.016762308469421637,-0.03740877012411128,0.0015405016193578772,0.042192074594898515,-0.006856559727523781,0.013887413077253155,0.05402737210581848,0.03238451898764584,0.047179396749498226,-0.04028000334650714,-0.08849826933709384,-0.0031663769198673093,0.023637607140719732,-0.028318462966743382,0.09600756930273177,-0.03929640912081947,-0.043311746874686266,-0.015823068527412727,-0.06428593151237301,-0.08573120719911675,-0.07170598834009646,0.029348588081976934,0.014677595465022194,-0.10018015290309197,0.04166770584366083,0.016018956455474458,0.03258895387786267,-0.06969592634693028,0.01839285818961886,-0.03381215301718833,0.03481283190981272,0.003594896927508093,-0.04370045810507286,0.008070705655842985,-0.003389631170078721,-0.011968893295300665,-0.011760357345726323,-0.001986055158233928,-0.0093212076981258,-0.017682259199233705,0.028471839340335772,0.04746575617324864,0.02069532789625657,0.06620289726785354,0.036594508584631216,0.020031343804019365,-0.009854527099232733,-0.06314423576070605,-0.026603264244854583,0.045317764735066754,0.06155913699648845,0.00841686524789832,-0.0038758592410080613,-0.014950650894077487,0.06439641022076896,0.035344221495017876,0.056966267416198015,-0.13916526520627073,0.08203870460825274,-0.024048683839564607,-0.015874411218116474,0.0634769609249938,0.027906392361873533,0.07024000898414322,0.049428106450412505,-0.001487569419787867,0.08277385856657289,0.07065447122175988,0.04261982435611921,-0.01432837910276437,0.1385988145887971,0.11528326573235545,-0.01755191216862207,-0.023993892928877332,0.19328811341252716,0.041068823207822326,0.23775415665396987,0.011988570394227734,-0.08876460064779981
2026-03-11,-0.004390344016503036,-0.09119052235878686,0.07935492698118629,-0.02566933894413958,-0.05846742243017594,0.004591566446146244,0.06514900773104171,0.02891288534314828,0.10737709860495744,0.09153406191563872,3.415882647241422e-05,0.005981431230881154,-0.03257017732741299,-0.0186697333568817,-0.09587503115353624,-0.02384590331611105,0.021804240931888846,-0.03048366770224885,0.08040073246700707,-0.03235780526362196,-0.03803207520461395,0.01125725428196208,0.041672357197397356,-0.004499022524591259,0.012607764515011114,0.061208263604393714,0.04439744746203958,0.0673753399038954,-0.033667511008854116,-0.09194267841910969,-0.008756539535597766,0.012747988884499191,-0.03239252163914308,0.1057266874759192,-0.04385743370993444,-0.04574122003494043,-0.006717017922673511,-0.07515435251625407,-0.09162466886181823,-0.07164779412652213,0.03294807362937147,0.01663817017895211,-0.1132981416595945,0.03903109725706475,0.010222537122166147,0.04010037319603854,-0.08930927729118152,0.005136300494842843,-0.05320675316550591,0.04021714333631177,0.001519191092924527,-0.048410169891881225,0.008325825607636327,-0.010057206027273202,-0.011323380679935565,-0.007619478944789872,0.01396722961252681,-0.005498769356095548,-0.017480309468695866,0.030137164197334254,0.05714042087201188,0.021670884391910828,0.07521288240808235,0.03856002998164928,0.009861300069839896,-0.002132036277467733,-0.07128225731741007,-0.022210937351349262,0.04948118352278405,0.06640386451017025,0.013901282806551016,-0.019928485185963497,-0.021436263307917328,0.0736114861744643,0.04819781951177,0.05584121744705999,-0.1622086098219334,0.08718098811183403,-0.029164538470591514,-0.02512933548998749,0.05839429095229956,0.017456154717922754,0.0816807920373397,0.06252251747786572,-0.016283777976770976,0.07298428682598698,0.06739963930117701,0.04717182893257192,-0.044294637389228675,0.14208145500308555,0.1306340459549022,-0.03216481573047745,-0.03288768947374421,0.20115520121342387,0.04210827697033672,0.2704716802978173,0.00962683247824816,-0.0882470298484949
2026-03-12,-0.007680703891797544,-0.0921747877221582,0.08048852207301398,-0.026103704936284437,-0.058194557292477564,0.005851525665100021,0.0648847673557814,0.032878088022019074,0.10700828555951708,0.09055747503169094,-0.00214348729165279,0.009256984915982569,-0.0322732675206906,-0.01752671961420873,-0.09440412154951941,-0.02322749725045374,0.024989801911166815,-0.028237557834570333,0.07948183166726382,-0.03219887096373167,-0.038391250948614924,0.009632357890328236,0.03999801563634583,-0.006906590215570699,0.010578767794089285,0.06068608407644756,0.04363432827401681,0.06559451662897282,-0.03596617510566469,-0.08971915885809702,-0.004827947063940286,0.012611733910987967,-0.03353844485781826,0.1059655174509554,-0.04538846408791762,-0.04209159047231799,-0.01056025385810942,-0.07518867484720426,-0.08886104387298047,-0.07237033238817393,0.03214775125047168,0.017042969893260686,-0.11286494663011837,0.039193628797771135,0.009360192022065643,0.03606777945402865,-0.0857409308378412,0.008887719703555947,-0.05214655363332298,0.03967617606156391,0.0045861673907351425,-0.04800019658345581,0.009021730952332833,-0.010116983682858146,-0.01399858984729664,-0.00854728690879523,0.010160452655170939,-0.00777232451640472,-0.017342612999686285,0.029792524122688915,0.052621858388401194,0.019727501061347956,0.0752923865332215,0.03828550510647612,0.009603817905224004,-0.0037045349519495615,-0.0691273902599924,-0.02368809483579483,0.049109697393032246,0.06683309978604604,0.013955044834599866,-0.022537265734589543,-0.018080830670455697,0.07345494637957256,0.048879968578506364,0.05052049396893679,-0.15883587843792,0.088688776897431,-0.03123990328887491,-0.0316695976367217,0.06366296873265932,0.019538180255765474,0.08430916901739209,0.06554105868231201,-0.017771959777128588,0.07426010233595383,0.06514597925683357,0.046143260468678546,-0.042194190382064886,0.1401407487674105,0.13429800479128268,-0.029800089808352463,-0.033723800421778756,0.19612524411935373,0.04083261979578985,0.27216265487641633,0.01157811512895686,-0.0838677349395681
2026-03-13,-0.00044416893680401803,-0.07340386423302403,0.07004067965030615,-0.04224976514481928,-0.05913504636500569,0.007667182156287393,0.0578370567118058,0.023576081526984573,0.11536339125582652,0.10182111464431835,-0.008990001010056222,0.016599076999041777,-0.03801898777058865,-0.026722511856600233,-0.10193714809241229,-0.030436401545043533,0.03554940668454608,-0.01567492394390422,0.11957722824691062,-0.010545697387687186,-0.02411602616853023,-0.001469866800795281,0.017688553609451676,0.0006038273728933528,0.002616761232399632,0.058239552743726546,0.023239360286100616,0.07392921753319834,-0.04996654825368017,-0.10022603812795068,-0.005668197959450288,0.014386773398893006,-0.022248623685106043,0.10169867451099723,-0.05149677874867685,-0.050205195378382486,-0.013415321118788398,-0.06699249346624997,-0.07901915804633251,-0.07438881966899306,0.03275331201335245,0.016883178681572762,-0.10024700115275899,0.05143562198808694,-0.005881129655787918,0.011661555322506236,-0.1014332110357098,0.013803400357892785,-0.04485961237247384,0.03872547667251971,-0.013213860023447021,-0.046798923905186085,0.015251287356242609,-0.018852919808823587,-0.01408224985548453,-0.015007975128684856,0.01443774726819685,0.002757822428620619,-0.0013915835200892113,0.02529155388662293,0.04443460403162214,0.0395167819793531,0.05987694748241271,0.032060492351460634,0.015899874589967385,0.011225364277020509,-0.08308887879000089,-0.012435777369188569,0.03508013800397069,0.06422985960883276,0.027698147122751413,-0.01759723814997239,-0.027560028432343293,0.05916499074634375,0.05687405416792306,0.045408941050435955,-0.1375229894535597,0.07496156376047021,-0.04122457224297875,-0.017112576766763664,0.052690444487562736,0.0037033640035747445,0.09164139509832882,0.08031709462088155,-0.0357010999212406,0.08672087681816368,0.07689085934574133,0.03927436049815815,-0.04835790857962498,0.1329884843767417,0.14156077062688704,-0.022694279509999485,-0.025922521745270273,0.19442449764703296,0.05523169670472438,0.2841683439123339,0.01393878244188249,-0.10565970316560969
2026-03-16,0.00028812456219785496,-0.07174195438722045,0.06934841139163508,-0.043453052734306205,-0.057897245829667196,0.00467244543871637,0.057477956413850985,0.024206033878432988,0.11571894540380008,0.09887713327158128,-0.008231203585813343,0.019408020354077335,-0.03806189322085301,-0.02589562754107256,-0.1008000736129754,-0.028730166346359824,0.03160062388349207,-0.014539635220015305,0.11952745070831831,-0.01063522981110107,-0.02396153708893691,0.0014270712366569686,0.016092697613631638,-0.00022768854518727573,0.0050459357618156675,0.05601159934875549,0.021623602086960833,0.0732262316165493,-0.04830697758296481,-0.08977400110201735,-0.00696431632618986,0.013510733891929205,-0.02197654288871287,0.10041123638499025,-0.05259568213882135,-0.052388472460998814,-0.011161983043521917,-0.06861805762661073,-0.08228457516049313,-0.07403538448869441,0.034308188460995044,0.01731324612573958,-0.10034629568599499,0.053078837567282405,-0.0066627465290843724,0.01075549409416769,-0.10404608522626978,0.014191880771570894,-0.043451823329067316,0.03849733235154432,-0.009542863693698748,-0.04507704223864334,0.014289953511279693,-0.020516739392506027,-0.015466956595322214,-0.016225331911772653,0.014273319478383086,0.003189831333186545,-0.00041911118628503406,0.025132074845832547,0.04599716087853233,0.03872610076459415,0.060081712780583774,0.028628797408639738,0.017353728626251244,0.01147713959295811,-0.08216739726191279,-0.012840828739504045,0.03487671482663305,0.06003848307620811,0.029942048958782337,-0.018262103783915004,-0.02813344140897433,0.06093173757315121,0.053496382323073105,0.04543900805805494,-0.1367456660251814,0.07346275218885212,-0.04139668149834724,-0.020820471468153808,0.05354632505615872,0.0014049526623522608,0.09191382950929339,0.08077451061619864,-0.03548676226912897,0.08734074359934588,0.07753103929852173,0.03935383017747283,-0.047834551397501375,0.1314351509434934,0.14302649365007092,-0.02346551961607829,-0.02697602859829997,0.19555550865690402,0.06130400668621523,0.28515111474100796,0.01323170338249105,-0.1073596392250385
2026-03-17,0.0006353617580139841,-0.07449479145453261,0.06632298273490483,-0.04347169217789932,-0.059038893085301566,0.00587852509748841,0.05615891986871233,0.028632673098704653,0.11882200554463974,0.10274740403537377,-0.006775223413097628,0.013889527678825253,-0.037637218308045624,-0.02681586593263585,-0.09698779148318705,-0.034660792617252634,0.03611373383709514,-0.011998945503267416,0.11750184458707463,-0.0038178751158814486,-0.021259778744123367,0.0038633180961929617,0.014605724104125712,-0.0010052354724537412,-0.005514061254947985,0.05249357985316765,0.02930567980683868,0.0720922466455747,-0.04914466686741779,-0.09318605949156912,-0.012316243385695628,0.015582453407061731,-0.02478695272164711,0.1072070205112304,-0.05481971631503295,-0.05243376125838353,-0.004748969086813147,-0.07064056513739658,-0.08292312434481816,-0.08057303475502361,0.0333251490568195,0.01732212805868672,-0.09901561195162022,0.048391308716960305,-0.008208954966233415,0.010900061908139396,-0.10787299004432337,0.010505824186474371,-0.03776899308491027,0.04602777959025073,-0.008959735903252107,-0.04499503951394775,0.017568808204344262,-0.02011827140084875,-0.0123364290730232,-0.015194374929780896,0.0167965127342372,0.005655768874082243,-0.0051207208028977505,0.0244770744119637,0.0415526496974753,0.041766783273860915,0.06752346354172882,0.031119620616792514,0.022351705945284295,0.010259859301553537,-0.0742926147741111,-0.011951797227274076,0.03415332384931398,0.058425852548316115,0.02574217568287109,-0.018405459327676232,-0.029250741817574248,0.06597988563133453,0.05567882705369664,0.03946108441997544,-0.13697156390686652,0.07130875513003128,-0.03947402751680748,-0.01988410682373739,0.055919783343731995,0.0009764659007185355,0.08735875763466874,0.07757887451901511,-0.03854343689933635,0.08791385034050857,0.0769577251844116,0.03933229855779107,-0.04832954470560052,0.13361143590669974,0.14036471194946878,-0.02657978646992354,-0.0329423788671616,0.19653237467429877,0.06456078845361762,0.2862654428036585,0.014196425213129304,-0.1144484996476052
2026-03-18,0.0024077279081404675,-0.06530779084683783,0.0594321813493944,-0.045194008995532546,-0.05323242992098194,0.007293144761296099,0.05831015342238546,0.025510052882955422,0.10826951398776156,0.08683822480630357,-0.009200458622446265,0.01579364200054019,-0.03182348906063067,-0.019926169478881033,-0.08514243759245142,-0.03256987121006102,0.027471672463874337,-0.013234998483082397,0.09819565396737649,0.00047636186846736553,-0.02172390291999672,0.0016851323658278357,0.012425476304663025,0.004607965717983533,-0.0001063098251425209,0.04355965173663205,0.024067727902142608,0.05854766127579946,-0.04654401952147536,-0.08593066432421617,-0.013596335735107106,0.010959913822145938,-0.023967900981444953,0.09935487664954569,-0.053478419726574855,-0.047687241321596685,-0.0099645997927278,-0.05564029368224742,-0.07815643428202203,-0.07393075229275933,0.0272492160191899,0.013416427391909682,-0.08915271850127135,0.04495630529855227,-0.0018093333697361304,0.006856732971973936,-0.09538551510370392,0.0131825750433679,-0.025412076459470266,0.03961904006433475,-0.00795806038451355,-0.04372998509735501,0.015392616018162632,-0.013711367059528872,-0.013315512530041715,-0.011767585050969332,0.011101212473615545,0.0020198126495246382,-0.003621183064677338,0.022462662392104822,0.03908058608582067,0.03718975676914707,0.05251920573962326,0.030822272558827586,0.02317272506861958,0.0032044350569216343,-0.06428953153975386,-0.019939613328103505,0.024920109805761377,0.05979692885245431,0.014497962870050712,-0.013303326212393394,-0.020033080916046685,0.06154335398966501,0.051461572682162844,0.038594404166320526,-0.12156478184409052,0.07321089797511937,-0.028953596886452236,-0.01255785180066876,0.05727194332782556,0.009796252679734458,0.07525899551513958,0.07036136427898981,-0.021796791121280794,0.08773096988905087,0.07704643192926017,0.042514512534018334,-0.03506569134874204,0.1320860809307076,0.13078926545955735,-0.010533857681993787,-0.027718941737584137,0.18475923951819917,0.06656557455549846,0.2546062972699958,0.01790797374495362,-0.11019351911480321
2026-03-19,-0.007080518077366598,-0.0893163700628991,0.06355296507615908,-0.039023784118372484,-0.06236495960123943,0.007086242070199152,0.0529379687153742,0.03296127652734669,0.135122375719784,0.10227660312635349,-0.005671161695278168,0.0004712075385353773,-0.03343710398280711,-0.029341992409995077,-0.10154986200859989,-0.029192694126680935,0.028032035896335378,0.006535020814500813,0.10070292251297246,-0.01047322698366236,-0.016410266700139384,0.014194737718032398,0.017934099539513672,0.0020616417433612644,-0.015828722472843122,0.037519724441483986,0.038189029753648164,0.08438184359526589,-0.04558649279535714,-0.08732692552063699,-0.00280565375068576,0.00021203915983843136,-0.0018128464959736076,0.0980214793922531,-0.05085352041963345,-0.06437615694763706,-0.009006549932264284,-0.06411792264424873,-0.08358741651182736,-0.07932185302733898,0.03054837453812516,0.01536376876063536,-0.10584518554448434,0.0492274349313422,-0.025918480701324666,0.025252391079580765,-0.12028293419537446,0.019358065294497885,-0.034155134392795126,0.03408748211141987,-0.005794151904797538,-0.03996691539432588,0.025244656548351584,0.0029108450058176697,-0.01452761139428709,-0.008441014544477909,0.017794339112835584,-0.0007088377481829083,-0.013680389198001951,0.02911703534682005,0.039146771115081844,0.03756500715531002,0.05361505842797663,0.036001867299376836,0.030172619939759955,0.005307033195295333,-0.08089283091366466,0.004132590312873735,0.03290663642481337,0.06484970742862127,0.04000495339542754,-0.0060995395305779385,-0.02715817064126865,0.0679387704273049,0.06179972025704524,0.044313686455872046,-0.14589491984103276,0.07410737157498615,-0.06343102946083698,-0.0326759571066441,0.05321756716865066,0.0018424902655116617,0.0767618638210815,0.06741108970844761,-0.04836745749507698,0.10045974691366,0.08745209428405812,0.033698860973707265,-0.038889577091340256,0.13574892637743047,0.13314776158095493,-0.02135532082841947,-0.042892914523014046,0.19499597957687242,0.07257476632573297,0.2852739284506123,0.012848477846885066,-0.1129285800383189
2026-03-20,-0.007603244897588927,-0.08941160250511201,0.06820856504107035,-0.03872338970155795,-0.06596601388125367,0.003455454813697031,0.05271494462509795,0.030278957327318924,0.13402878437814209,0.09835848106510235,-0.001974466048988311,0.00151518762309928,-0.034182129927204284,-0.030857472730926427,-0.09988289261137856,-0.028316937996804917,0.029826211453112157,0.007180809481909542,0.10052202825653771,-0.011723570933756594,-0.01785913345240587,0.017266336026837234,0.01720829526030227,0.0059286603074225975,-0.0163387108836753,0.04002818275899531,0.03754197670312588,0.08790736594260777,-0.04651336213256207,-0.08555111259223791,-0.006216945763652953,0.002551254230109889,-0.002786818778605385,0.10167257104277011,-0.05039316694708574,-0.06568823358244232,-0.011312295562653762,-0.06580611936186913,-0.08076440633223027,-0.0812665234623941,0.03272254261255879,0.014611215345146134,-0.10830253227450562,0.04597705534782903,-0.026185374283399586,0.02547342406236846,-0.1222512225447097,0.02524723464990438,-0.03311025217281261,0.029162654743976155,-0.0042530126724281345,-0.03975226994557001,0.021796895708600703,0.004853618342602471,-0.016702179675559363,-0.011361626832837453,0.015921562229871997,0.0010888843313632997,-0.0165146060681094,0.02543917393393226,0.03683222221794499,0.038327346053469956,0.05410422913008274,0.03295900015816278,0.0287439906713704,0.004369709208142527,-0.08218157623920926,0.0059161350340445,0.03102405707139897,0.06424640221319156,0.04042579458065022,-0.007664127744542839,-0.02818165275520855,0.07211578563156003,0.06188536317567117,0.042328918027613543,-0.1452234324717701,0.07311578472732672,-0.05852121162136861,-0.0296456768529873,0.05608373798539692,0.0008002215225587448,0.07543592894507614,0.0674837644038275,-0.04513670694046145,0.098943039574583,0.08819347093664043,0.03536879005352418,-0.03881349544896601,0.1365844311791518,0.1308241956783566,-0.022399958952323745,-0.03995868535892899,0.19440959954611445,0.07658053639043426,0.28442969289623854,0.012980546529928545,-0.10770287024578788
2026-03-23,-0.00419915477558898,-0.07664776748361415,0.06073104175594637,-0.04473355808304104,-0.05018376655381719,-0.0007344566066812656,0.05306146593892638,0.025603635179619756,0.14418981817561988,0.1027177307530816,-0.01228991302687907,8.558001611235454e-05,-0.04217363699365736,-0.013556232083417668,-0.08976590755122886,-0.038281402985302415,0.025469772350924486,-0.007002666835780101,0.1094520421875301,-0.0029920243664715972,-0.011358466273092822,0.0028859666295578453,0.006035610251569792,0.0075321208175397805,-0.018638804067448597,0.026789241081032936,0.02719999011897807,0.08644074320784378,-0.04398567936508097,-0.06675917451220939,-0.014622174956177876,0.0019097528544698775,-0.0014184056845531097,0.07449049242101631,-0.04436316221334548,-0.07367462586605084,-0.002867544467030341,-0.07647373817379999,-0.07953448704094981,-0.08885776752162246,0.03771207461499756,0.020712221091698225,-0.10367552457730952,0.05818020299992371,-0.009857210080643957,0.02038789092550302,-0.11055776481687798,0.016573853712739964,-0.04582723312183392,0.025995047270017543,-0.004298537413394537,-0.04343195331945784,0.036966205904255985,0.00832338314565494,-0.02465045008603383,0.0021686932588099554,0.016860017551815872,-0.0029140852721308338,-0.004546631574036231,0.04910663229185225,0.036824730369937234,0.035131401152728094,0.05112120741267336,0.03476596436307313,0.0349896986880476,-0.012528758899970455,-0.08114299964735655,0.003371908184530625,0.04247406886698897,0.06707088056400443,0.026753486164116103,-0.007120693276320632,-0.03450029648504261,0.07268743481340108,0.04366798200009291,0.021123941936058956,-0.15850308815139785,0.06902124757195324,-0.054231730565709596,-0.04849996096657562,0.05931876145668882,0.02182750936758078,0.09574436091342116,0.02484747969636305,-0.04462397396149887,0.09233515281622788,0.07535989777806536,0.04119559128452604,-0.04199078864449509,0.1353897469263764,0.13299074182661005,-0.01922641976041882,-0.020251964111901076,0.20556744928887255,0.08661986718582101,0.2962632584138866,0.026763172233097016,-0.10331358556293352
2026-03-24,-0.001385290042032885,-0.06861586777359774,0.058663177082338834,-0.043856414848379266,-0.04357885801794551,0.0022764840529365758,0.05496995221663879,0.021311138325593223,0.12727899320376446,0.08414407383001274,-0.015550121706923785,0.004442394899814329,-0.035643840505993826,-0.0096807436107189,-0.07884320244995034,-0.039260802058892305,0.017167854954783172,-0.007395144438192608,0.09424147230304679,-0.0020493538419511046,-0.011263512745204528,-0.0015999570348467756,0.006580071509377559,0.009164880813764828,-0.01315649757913137,0.017135377982035502,0.02412706372768337,0.07192694342380927,-0.045343053414978796,-0.06538731219928431,-0.014719206608275965,-0.004574788267364672,-0.0027904258777183086,0.06928398086731506,-0.04717721018610982,-0.06966000475489362,-0.008797011770802573,-0.06319260650394112,-0.07578579074804281,-0.08288541061876567,0.03502893001307598,0.015980703005885957,-0.09300845777075176,0.051645334012828066,-0.005351109797898488,0.018085903989572723,-0.09786805107260418,0.01809638975896899,-0.02478614178810591,0.031393744977720135,-0.004466419926247953,-0.03962394390508053,0.03002919302546045,0.013886307735370397,-0.024909346203227906,0.003343641572789726,0.009828353378895082,-0.007587050991885684,-0.005041183345025757,0.04163349704461591,0.039484811721474715,0.03172673437198708,0.042011312349678115,0.03139152667951294,0.036550625244269185,-0.01197161316412323,-0.06607387592175631,-0.009946857352265555,0.031032074254481325,0.070692232933684,0.015127522394541452,-0.002774209701939555,-0.026349431285161776,0.06266398271396344,0.04227084666163927,0.02328372026359198,-0.13698062417117315,0.07221205965482931,-0.04137756041355827,-0.04068321829279589,0.05901785735339844,0.027666603149849575,0.08244587746983947,0.024143749250760217,-0.027746901429990256,0.09245046392990111,0.07633530770907059,0.04134170173222944,-0.029600803017048587,0.13789339815600285,0.12804321212134687,-0.0019944425866369863,-0.018539392431745093,0.19085340528999473,0.08168549265619944,0.26437282943213675,0.03251784864055252,-0.10000799167007143
2026-03-25,-0.005027283596617275,-0.07832138749696037,0.06704697869860327,-0.04411191542238803,-0.04554681036567498,0.004596728598369806,0.05251983825119452,0.023825662598700642,0.1386696472768837,0.0959896754600247,-0.017110208617578254,-0.004160170844926182,-0.041053248438047224,-0.017517317885641683,-0.08054881713103637,-0.05088356960474233,0.028618182785791937,-0.000575407054662155,0.10975368035591786,-0.010065817466695945,-0.014068939157377917,0.0011655970499926359,0.002720068743638745,0.006870829523561574,-0.015352624194405954,0.02014773177897392,0.031860391177067,0.08909641305957453,-0.047304570449115166,-0.06995835340122844,-0.017335664834852264,-0.0036937688268952433,0.005306492097618444,0.07524274553869424,-0.04924247599905914,-0.07836761328563145,-0.003137354560431762,-0.07702369882967888,-0.08092107965369863,-0.09517018618655892,0.037485097435062065,0.020560884740752922,-0.0993560844486128,0.05785808769915241,-0.013129602642454241,0.02551754410139879,-0.10954603720981361,0.021261378258527752,-0.040126439873631264,0.03235507806383764,-0.008753127025857897,-0.031228313655639023,0.03446903791156034,0.014089070861175949,-0.0283767273256159,0.0027885617719919714,0.012212748053702257,-0.003645036169974176,-0.00897828251107675,0.053016683688692,0.04035333821464036,0.03288100118911977,0.05437099954003467,0.03263361444571502,0.03546820204612025,-0.013462126843946034,-0.08080249582873637,0.00755550626901645,0.03483025973565385,0.07588781874669477,0.02649493557223341,-0.009950146950507726,-0.03353217782625141,0.07186008259839666,0.04182488994455647,0.02075171438955334,-0.1557142999290869,0.07081576707050163,-0.05535990817290083,-0.04439191640721205,0.05445811610135795,0.024666262263594523,0.1006523801896772,0.02245651577631768,-0.0485325834330336,0.09453370245217409,0.0752864484236534,0.038004468360362906,-0.03688206318296144,0.1357885469091169,0.13245680905335958,-0.012847550425971353,-0.01603669117568242,0.1995195025402957,0.07941705754190458,0.2978424913158908,0.036053578751486536,-0.10475895067901973
2026-03-26,0.005959592159568506,-0.06886909631423693,0.05585888833372096,-0.04348292353327613,-0.03781691901018352,-0.00304183907410693,0.060890366639968566,0.025214825852144202,0.12310530280261878,0.08142286380564888,-0.02304401793574859,-0.01733057845254561,-0.03275620655700106,-0.014014428339719795,-0.07599739243881018,-0.034082820444461114,0.021419961960208667,-0.006495591364410544,0.09096029803221022,-0.004180376517207037,-0.01208316221498412,8.90996177055816e-05,0.004284912827387372,0.01351104298728052,-0.010084092080078542,0.0061857129318804,0.028897607331470856,0.06608693762595987,-0.047315172321538236,-0.03606769823949201,-0.014443061003808015,-0.0010389907582677646,-0.0019663438879557026,0.08252724081331729,-0.04866029112615083,-0.06497404098474159,-0.0075817415491239454,-0.06219910121072189,-0.0776461382887287,-0.08827086547646316,0.026933112117517234,0.015139590734646472,-0.09898221461689008,0.05825419784972982,-0.014012168332075322,0.02319149530400457,-0.09144771585125823,0.020052562724630907,-0.02740590083674726,0.015344318928206351,-0.0071604785764158765,-0.0409063097029123,0.035033185291391274,0.0073196815692999,-0.02527643452501712,-0.005411746550856807,0.00710638842300987,-0.008666939464369016,-0.009439736519586338,0.04900653585931802,0.03629094370555761,0.046932546153540894,0.05447272982164503,0.02912168376505736,0.03705690294599334,-0.01983368724311605,-0.07549139777275381,-0.007230167354713176,0.030894087537928112,0.06494434059509628,0.018554081245920666,-0.010799223785390591,-0.018907971974662242,0.061713641408925275,0.03987771815950977,0.024399445191081764,-0.13586111792777522,0.07062092246604258,-0.03711231024158059,-0.029861878598752244,0.05603548560936806,0.026417199004613298,0.0816924967549198,0.027450338778949798,-0.02722785464644442,0.09163703721067591,0.07799487823339074,0.04972622679728755,-0.02646930153135766,0.13404678203504397,0.12381965983755923,-0.0003727815411240752,-0.01680225703036039,0.18202919880461438,0.0779651248049096,0.26305495808850055,0.037710789842914164,-0.10013245757397031
2026-03-27,0.00552794539679309,-0.06709593698150859,0.05258543203570053,-0.04502396408050055,-0.03949468780040196,0.0023962591673863352,0.059387464627807134,0.02954927192624706,0.13033861677110506,0.07841118106299083,-0.0274226823199447,-0.010990221061857349,-0.03186901224033038,-0.010962113706216072,-0.07422449133270585,-0.038035917602725414,0.022880902360499236,-0.003443067616703018,0.08396332918554422,-0.004972042180398272,-0.008962816864404104,-0.0011941923762937168,0.0035828827121794906,0.01590203494822218,-0.007057882329817628,0.007424655321470865,0.027423530094277344,0.07276406284293495,-0.05127277326826611,-0.036952899757050295,-0.015582530571326197,-0.003843499445578177,0.00583717079797245,0.0767788313994162,-0.05181845726447243,-0.058252786316295976,-0.007971176238532088,-0.059655925908760524,-0.07546654771951412,-0.08540027515319158,0.021233268392734633,0.017579420207979944,-0.1026162136959088,0.0548544233099276,-0.014143228654678675,0.014147287256693593,-0.09748176343402995,0.023045058503866213,-0.028747891440416395,0.02313721235002701,-0.005924233096192626,-0.04709837043688964,0.02603407284438721,0.0054045549619173095,-0.029738967041958823,-0.007480143442942509,0.007432927866417109,-0.0010003097961003207,-0.006305304966085593,0.05323636794602075,0.033923710655971065,0.03859222269673836,0.05677310558878339,0.02834448293168363,0.0424749561216603,-0.01426159799010073,-0.07580445673392197,-0.009910748085664627,0.025997685145907078,0.06851749423311104,0.017751534898557526,-0.013665592912874022,-0.011124975797548219,0.05771985576793657,0.04383372134716544,0.026484863048085373,-0.14263447714748775,0.06891386144125743,-0.03922538516036876,-0.029920319514210904,0.05685146218112003,0.0315649305609139,0.08098645388035054,0.024343168152652007,-0.024148225795506587,0.0958306156055297,0.07911690345008542,0.0534913748418807,-0.018296577199126668,0.13011347368539183,0.12461667580012813,0.0012088749893852668,-0.02003155451364933,0.180928522195512,0.07584705765502459,0.25679831668286474,0.0365425689093438,-0.1018998197651001
2026-03-30,0.005054994680856133,-0.06254008662581838,0.054379817186793016,-0.05160640632304462,-0.043223977933380155,0.007484966557299662,0.05686735599723435,0.030314128966412758,0.13779827819303894,0.07618188302195773,-0.033101536995893625,-0.010036145458847399,-0.03317014656774508,-0.00727642075040332,-0.06880551420220082,-0.03402787873243391,0.023736853835830483,-0.0014480268861008175,0.08269959823923181,-0.0036906530966880225,-0.011003481953729724,0.00038288679080147707,0.00013538054483699935,0.012478659385356314,-0.006443863024612967,0.005465768843902718,0.03455321217234222,0.07188658886740679,-0.054055381626393464,-0.023150915844416496,-0.014723378852740715,-0.007735215929198019,0.004371405538261789,0.07721385293627829,-0.05716977450514456,-0.06097951965780886,-0.010511243561136441,-0.05798918792126505,-0.07531575454404338,-0.0889863632804944,0.02651622030302308,0.01694485540051039,-0.1008332231966313,0.051768062557020184,-0.013321685200257978,0.021832086697317524,-0.10193930295181101,0.02539123915050303,-0.03856615966980617,0.019984612613894556,-0.011970018888563154,-0.0401558000160568,0.0244587245890273,0.006527666191936541,-0.03870157529369198,-0.0022218633174123353,0.006176679471828956,0.002464269977859629,-0.012597982350389782,0.0543236608362274,0.024885917416754767,0.03824148481350839,0.054459583493657544,0.036961703202083654,0.04825596887064567,-0.007657111522715547,-0.07397796369913379,-0.011833114827037172,0.02118071413958597,0.07072673572577724,0.01962492230880168,-0.01884629073059932,-0.010301787911430124,0.06000095314037806,0.04409749661293851,0.029225393812520907,-0.1426758501507483,0.06619287635821638,-0.04236306411662728,-0.02420614162984981,0.05810340460936919,0.03479782278760702,0.07953577255920155,0.022143554063119228,-0.021928866334176213,0.09989350440673415,0.08290291482393346,0.044071108635891774,-0.02680030810514899,0.12953387391160612,0.11865974460202029,0.0022409801428497546,-0.016655739137824206,0.17832959856430008,0.07647085939187943,0.25440829626451117,0.03682151044749718,-0.094615681328928
2026-03-31,0.007795523932350614,-0.0539936908538681,0.05774963089143849,-0.06150844523003263,-0.033117405685083104,0.027385715288904947,0.045043721042272236,0.030451867748610043,0.11972377720085904,0.07486271115046311,-0.032682826473060644,-0.014546795130150983,-0.03348583724517824,-0.0047754551994815524,-0.06243583437168235,-0.042025283491781425,0.022300660693871238,-0.0055472303034630865,0.07945211109177343,0.0012731232754231193,-0.011962437069705683,-0.00882078846273947,0.005686713721845918,0.028861670761426907,-0.005637454535445034,0.013075891315512924,0.032010478257540845,0.07033801093572527,-0.05446229310217922,-0.01950336795640243,-0.018604082984425764,-0.012977391760492394,0.019609759023616526,0.08643758632405746,-0.06435117140532155,-0.06985294665645046,-0.01688950123420331,-0.05393620497074923,-0.07523166658928636,-0.09026385471073058,0.02348119061324691,0.013646163899966375,-0.11158431350161492,0.05592980612686376,0.000349784109705667,0.02025420715348366,-0.09543687587013151,0.02061098109849343,-0.03445118502443318,0.017485284844266796,-0.02271590327327118,-0.043503716953015664,0.026716866038920976,0.0052581126074509295,-0.032077107851841216,-4.720057787388661e-05,0.01086633189547371,-0.009898941416756095,-0.010596696776292039,0.06110223951222144,0.02601610149625045,0.03875581135850831,0.04817409695040068,0.042556465583745345,0.051022311083872264,-0.015694948269093678,-0.07553866743196366,-0.005696823939524693,0.01936913968853323,0.06276239394060736,0.01073789829519055,-0.031715573106031646,0.005102165905836859,0.069263593115902,0.03687066500744809,0.03839076112527529,-0.14346355735273297,0.06007091078647646,-0.033232999329370835,-0.029876732687156522,0.07088467650508189,0.03406865945075088,0.08968024399640115,0.02585408132864142,-0.019000900441928793,0.1020255987414976,0.08310405767713555,0.05684119660497123,-0.024970642074632086,0.12091078675361057,0.1027943832928989,9.103167790161862e-05,-0.025590196214233224,0.17797069731392584,0.07972274855880161,0.24663452984383794,0.03459977449235181,-0.10032975361782918
2026-04-01,0.004334542563065751,-0.058971467824924656,0.06273610633642494,-0.06399984245292356,-0.033575433184031334,0.029906526011278266,0.039880975295856894,0.03774769853122702,0.1316664875597882,0.08893702593326959,-0.03139562142940781,-0.024561217771310026,-0.03887290962240332,-0.014083907649208414,-0.06559508486186261,-0.051170406909020555,0.02716752956813577,0.0005388793552169781,0.09394578195350922,0.0027463242446207643,-0.01296757336676759,-0.007090781427365729,0.0028671072658811927,0.031885618675191976,-0.008191639740963012,0.022520882044601863,0.037781352416087405,0.0814095432471293,-0.06302084630224175,-0.017097007369805378,-0.031856984835486366,-0.0060926964598419595,0.03580512951158816,0.09658542200191464,-0.06992283907112774,-0.08007999778813042,-0.013706902661572143,-0.06820163756972764,-0.07848602908427088,-0.10150413716745535,0.027313689701699395,0.017500232235835023,-0.1246360361621963,0.0690849578113129,-0.004589530370438341,0.02664903598300495,-0.10602734082256218,0.023385455023357517,-0.04773968603817302,0.019312808792065667,-0.025833249895115172,-0.04557948583290585,0.029710056521164964,0.0056274530864820595,-0.035048622765208766,-0.0024821909045676244,0.010715074085890288,-0.008776087165195469,-0.010967934328519462,0.07831325934469473,0.026823546548476122,0.0397265308687615,0.05894036982085694,0.046745840405505744,0.05068717817477235,-0.01744149980650468,-0.09054406374726495,0.009211942528714297,0.027042670422803415,0.059816976854742084,0.01798728859890283,-0.04715702552146833,0.0048925985217787935,0.07677487937048409,0.03866067728139056,0.03962064249123337,-0.16535000327893495,0.0566067888618815,-0.03907832448589597,-0.03939545750450812,0.0724616150102728,0.02922061301219815,0.10894104581497983,0.025414321510912295,-0.03206194009396358,0.10153874569440814,0.08101808145910622,0.0596054365598363,-0.0341941241239238,0.11919050296689468,0.10202419351017432,-0.010329038844504446,-0.02729317640088018,0.18841322167505364,0.08140333493238047,0.2752351577089936,0.035283886853694525,-0.11439325991692485
2026-04-02,0.007134852561101267,-0.051902034276153676,0.056412843304569735,-0.06472151764571146,-0.03086778050740055,0.02789498377744503,0.04380391906069071,0.035188041889438776,0.1142466455877785,0.07844931738578864,-0.03267695551891849,-0.015632188083575714,-0.0344620265596083,-0.007759968608495616,-0.06129877194560307,-0.04088589028391289,0.021682082035974257,0.0013855016841915375,0.08028728407732477,0.0048763880866786735,-0.015164069711769796,-0.008866538828152073,8.494225460197423e-05,0.031067099808141187,-0.0018250875834042897,0.012871064537023705,0.03228949166613184,0.06640754278971772,-0.05195642290257886,-0.017822831213861363,-0.030442613829002284,-0.008664632332396437,0.023564753289764567,0.0893014661033303,-0.06470695996436968,-0.07192134354677751,-0.01820826741435739,-0.05479427477666465,-0.07942594942254276,-0.09264525730789458,0.025084852503456878,0.014070603625218987,-0.1101768168033203,0.0577951601213587,-0.0005712259909913062,0.02301451490493476,-0.09583614353166536,0.018929454347075422,-0.031139920233468586,0.015538439468531867,-0.022718193166371692,-0.04249347356855539,0.026963480554858844,0.005639236725021747,-0.03337703022102081,0.0006557587995259101,0.008906182870454691,-0.005981681673999898,-0.011708216753120127,0.06546783476322826,0.026789736219421212,0.03724721803448129,0.046305435711945425,0.042998762787371934,0.05237411821127803,-0.01838502219902447,-0.0762125957598788,-0.007285523966328358,0.019229598930679014,0.06450709589379958,0.008142155272107057,-0.037139584130567276,0.0038213762056946796,0.06876463828911471,0.0360012364132935,0.038184538405891616,-0.14183736363839847,0.06248621976668943,-0.030685220752310206,-0.03267048075152651,0.07067569090881647,0.03469269363296033,0.09381892390606147,0.027139106258944938,-0.016610701397921375,0.10159071652095826,0.08083004382713221,0.05524191525625134,-0.026636125991608986,0.12247190627225257,0.09941995183694122,0.002937828949508432,-0.019066229184349276,0.1766693480760374,0.08104283748851016,0.24561650451084052,0.03313390518515693,-0.10396430937792027
2026-04-06,0.003853043042466816,-0.05873313240335773,0.0633873612475121,-0.06327439527972156,-0.033183338853758154,0.029334918196513522,0.03659973739273206,0.03708593770073211,0.1234661961694806,0.08808833020717995,-0.031116818016754047,-0.020540280722423844,-0.039377791423924884,-0.012368985050846862,-0.06520193952349859,-0.048635164802261814,0.026959052582585838,0.001980172173161659,0.09753715218739367,0.005702264610186639,-0.016502840546871636,-0.004048701446420078,-0.0021838329229160406,0.032156241346703536,-0.005970592249328584,0.020318246896346016,0.03165561963399941,0.08279476456880133,-0.06125211634992854,-0.013978434847993921,-0.02848628021879656,-0.008698692626658863,0.037594856691271966,0.10091704539281679,-0.07129290509620953,-0.08201390310907479,-0.015408625264875396,-0.07078018454751765,-0.08140494957425222,-0.10400208956555189,0.028701082529929173,0.018822999884296365,-0.12087249483633082,0.07061531221801845,-0.0067630303078937744,0.02810211212437934,-0.10454926242744064,0.018865005118699353,-0.043396870485996504,0.014907703577566067,-0.024764691879009315,-0.045253989052014706,0.029565528780882866,0.00706411966813446,-0.03493379193642053,-0.0028609973580085296,0.013373262342229578,-0.005662844056265709,-0.014143230587022075,0.08033173101839206,0.02648885282594799,0.04275160805419088,0.05948724822316399,0.040487545760941525,0.04376831652347589,-0.020317334024374425,-0.0918389763365637,0.0050740869635458406,0.0288047726459318,0.06153526544894492,0.01981422536848631,-0.050353391767383876,0.001774675725166439,0.07725270419298348,0.03829949797620003,0.03735512130902367,-0.16583575325630365,0.050360836992435105,-0.03843627529236504,-0.03800255464137994,0.0731069912229516,0.03219646827443332,0.11218627996449418,0.028828044160397158,-0.0281221499989606,0.10424764483345847,0.0867166420485414,0.061356313353877076,-0.03416708137375572,0.11858799650499253,0.10118688014030759,-0.015043876198399623,-0.023254407611078505,0.184862319371745,0.0787280217242846,0.28060592947729596,0.03497280242985527,-0.11358789094957318
2026-04-07,0.011081312266970044,-0.04831406753532845,0.0499071354697696,-0.05919370930984508,-0.02851479657440064,0.026147321020252426,0.04895599368701185,0.012377797874835214,0.10163153299905717,0.07042691897410255,-0.036342731341722785,-0.011044748628665354,-0.02965249022745027,-0.002458552176852395,-0.05360162605521279,-0.03225944048715938,0.018916063874118545,-0.0007335949756991627,0.06743497689091339,0.016520364538874312,-0.014865959829896429,-0.00690647685905991,0.0012344354938304703,0.030610919330167435,0.002024575930964166,0.0015049911023597793,0.02670989506184751,0.05255354833803426,-0.042536764443521495,-0.02203438864886126,-0.029222402518849375,-0.01744848487714607,0.016609115409197288,0.08432843964027768,-0.05967627510715562,-0.06171176723869477,-0.020637345567728234,-0.04083310836598571,-0.07883548965803726,-0.0833976951291708,0.022378779192179288,0.013392129117303458,-0.09524160007308483,0.04974189078411655,0.002046842427640404,0.017394867443930994,-0.08509725785136446,0.02011474580164084,-0.019533646374910466,0.011350040424005616,-0.020821845256975433,-0.04265208521188606,0.02073715381903437,0.0031389373872841835,-0.029264281122515737,0.003120655955935774,0.007405632364612879,-0.0030398164076954077,-0.013609811805099356,0.05381473718898263,0.02360532516317876,0.034813300717026555,0.033336828761678414,0.03974422909989752,0.05123422602457582,-0.018642450339294958,-0.0648303090545371,-0.017762121941888198,0.016975092768493627,0.06454354830082479,0.0015748839112209034,-0.023650395232733032,0.0050794051578166915,0.05805953771410977,0.041039941204817916,0.03756547147137223,-0.1195417254049778,0.06317550538013679,-0.020447705242325948,-0.029508903862424864,0.06963654844071338,0.03943382510967804,0.0785680686158461,0.02794344874097348,-0.00324274463515767,0.10334862983315454,0.08415861265116178,0.0497607699489809,-0.017394937820714197,0.12311880082247946,0.0948617538866056,0.012570247852882882,-0.014946490985977166,0.16342585780832555,0.08012379214271104,0.22013671558344844,0.03404215798234754,-0.09603823072370328
2026-04-08,0.011604171400564156,-0.05055389992395837,0.05321001063609342,-0.0572333070952806,-0.02983313777645339,0.026576638667907375,0.048570801888628196,0.008366262943011868,0.10325194275328063,0.07181080239440646,-0.036394131386076736,-0.0087338780862598,-0.03077285094514183,0.000890974387649613,-0.05485656552010136,-0.03330277071751329,0.021814338759371846,-0.0003490335547287598,0.06901721642938988,0.01846844203422292,-0.01957797622647424,-0.007691135715114339,7.581125082733661e-05,0.029462059860735614,0.002315808354210762,0.002747352372684051,0.02939037010406144,0.05024152295373803,-0.04268199652008392,-0.023836468976605595,-0.027637246405746975,-0.015244585012882164,0.013649508438023882,0.08378380176320106,-0.059557115529224255,-0.06296339055214023,-0.019837351487146923,-0.04313440976587392,-0.07569827386372995,-0.08380786929949305,0.028147659449508013,0.012087590602938233,-0.09547444499445266,0.04904875057691086,0.005019439467119856,0.0165054730670459,-0.08305801102427188,0.01881921321041253,-0.021628442829311707,0.01214227761659845,-0.018416111934179885,-0.04574113935466656,0.021866894803146374,0.002875870820699688,-0.028518620613856648,0.003388262747497421,0.0080253577170745,-0.0018050333626313739,-0.0163924789800092,0.05693583095562895,0.01829596343067539,0.03555460132488423,0.03483312354239003,0.03693999163295754,0.050449295544656866,-0.020298700468284747,-0.06721834197667308,-0.017897801022557294,0.02005386980176336,0.06301811010362939,0.0040240168123264536,-0.02274888746467949,0.0055950997022876595,0.056942901468593106,0.04028636433482811,0.03694696458978466,-0.11971037143489978,0.06485860790529595,-0.016541719015223506,-0.028876281666915957,0.06453721652454449,0.039224604123032136,0.07691387565867387,0.027930446177512135,-0.004050885711502604,0.10877593636927972,0.08006668583451829,0.0489847558316236,-0.014661670149680476,0.12135109855238398,0.09191891322948273,0.014708115183385126,-0.015284212194954674,0.16071272991745741,0.0839528911476788,0.21922043087011797,0.03458336760352922,-0.09876988708510052
2026-04-09,0.0003176937942814904,-0.06171017028985924,0.07349927704633155,-0.05525229392224053,-0.03479020059017978,0.028570362586412143,0.039610765621215384,0.0023125806420620267,0.13333047822684735,0.09436728485297267,-0.03324345870736929,-0.02138366594456307,-0.0425005297670255,-0.012853688927373768,-0.06622179110026293,-0.045506645753510176,0.038109274656090146,-0.002238644546135697,0.0950757729499475,0.01667483022300581,-0.022738082026070423,-0.0010763356590739771,0.0015710758033006672,0.031107896139855026,-0.0036315905321789316,0.01751117526249852,0.024584120014680494,0.07520864153297707,-0.053139216859015445,-0.01787518773216721,-0.02370709407963787,-0.007745856695513103,0.04312714680193671,0.10694392605261917,-0.0693957446496869,-0.07895466446656337,-0.013361873118922828,-0.05808080390098526,-0.0816734774797657,-0.1051254204337732,0.03894598122800026,0.02071814438662712,-0.12548740054476742,0.07624878255812209,-0.0007297351301943332,0.02633779239964522,-0.0917056936808163,0.011339410154665951,-0.0559593136901714,0.017230809401168282,-0.020377331166868372,-0.049745988048398124,0.02664784332042129,0.003349537486186477,-0.04254699153962118,-0.008738680806463088,0.01267674778770612,0.0027551685435134804,-0.024789010587894365,0.09622988282595502,0.019907054767642384,0.04478366626025922,0.04736454055747471,0.04631050218458407,0.05520145412547349,-0.022337163915992726,-0.09690165730033584,-0.004731870489605883,0.04281053167370096,0.062237101462104635,0.01698574038989863,-0.03816123689169338,0.004669726871908311,0.0624089232858776,0.05492213374383041,0.039342558361699205,-0.16642825572286432,0.04999787880301872,-0.03460601186588585,-0.04796634484917258,0.06369189284847979,0.021672916815929734,0.1079420058806814,0.024749937146204187,-0.03924120883901596,0.11465567806240923,0.08760931851871476,0.05215931385630807,-0.02953243657359019,0.12790723561162531,0.08668134681695043,-0.014973081773154545,-0.040940857213119776,0.17389696109024924,0.0864470660664963,0.30082113594118715,0.03596683002928944,-0.1174391456595424
2026-04-10,0.004532150441190427,-0.059471233621581715,0.06416066603285868,-0.05762490306021735,-0.03201111468170884,0.027590764228002697,0.04531921605792443,0.009998526594285502,0.11951410954261714,0.08559282305283361,-0.03343083638937114,-0.013413663977807926,-0.03982448351876624,-0.01118117211213505,-0.057275547646358754,-0.035371210503119525,0.025771768199323624,-0.0012432262366344916,0.08014032517057819,0.013886235421089545,-0.017685915131177288,-0.006122272017304314,0.002793629586746861,0.03308228716914923,-0.0014019323090151553,0.010988683734758675,0.025253546273006074,0.062107195081597726,-0.04879973060412948,-0.022167382464503907,-0.020726634707379607,-0.006781322262097491,0.027299440318279966,0.09861418837758056,-0.06749322817869853,-0.0731428299594751,-0.018897025073549754,-0.04887687039402138,-0.08101974401744323,-0.09468556722430779,0.033243092165597725,0.020305045731128856,-0.1097220373272183,0.06631091976458867,0.003511641726295124,0.02684512683797642,-0.08636690734803576,0.011624458816461583,-0.039169510531418435,0.015226359031901275,-0.023165506510742957,-0.04584741058304487,0.022996191646342756,-0.0005232243808822503,-0.04240916949579751,-0.012247399705050155,0.007008124835359179,0.0009793168164738512,-0.02350151809880594,0.0800846281807043,0.022048488086456486,0.039249891438459694,0.033220675793791,0.04549905533900949,0.05372872618385503,-0.017537704503454904,-0.08375583713714922,-0.014747543731007106,0.03179920873749931,0.07111701456734573,0.006577292066787422,-0.030420656723235094,0.008390231562336585,0.05964518783059134,0.047981050670756024,0.030932855065834305,-0.14353092930103703,0.062235131802672,-0.02816152931592021,-0.0386944176455057,0.06284454601260961,0.030883106095428124,0.0941403356335674,0.026637230492905388,-0.019633297971119214,0.11204357048027647,0.08866617075441982,0.052540791762156695,-0.020130056673439742,0.12276946740959063,0.08763419767726696,0.004499187974397084,-0.034900534253545945,0.16116114968978762,0.08901475707836239,0.2634889927154944,0.03369188776863814,-0.10410762419773366
2026-04-13,-0.003229862105384543,-0.06610941063225768,0.06356888793191366,-0.04929523303221807,-0.02604811239985333,0.03221504814485818,0.048685898330455356,0.01556960178472554,0.11600875235742758,0.09375930826322845,-0.04015331513944351,-0.02275012146155944,-0.0344422669079462,-0.02333238574979018,-0.06457125642728113,-0.051222265600626954,0.029592764809903298,-0.0034618908401594997,0.08872034768027315,0.020055958121144524,-0.02098475793303891,-0.0060319870174965606,0.008284449215878458,0.028122671896920512,-0.012251886665145451,0.012111444098759177,0.029349009365700292,0.05605135597012296,-0.04867538191713761,-0.03403204616935089,-0.024107021811247915,0.003207027433674752,0.03283316150794709,0.10978667549926956,-0.0698938851720412,-0.07160336901865441,-0.015895432867142532,-0.0543468142339702,-0.07597380853711108,-0.09297678750757962,0.03547202647623019,0.013689273481300147,-0.10768791625633796,0.05880911621593155,-0.010052547140814399,0.0344211773700804,-0.07807591401937888,0.0048714730525576885,-0.03928034233864971,0.034251913881774836,-0.02458364886939065,-0.04058451446909133,0.02343689897233702,-0.012823575311683948,-0.0359982599346459,-0.013237367734391743,0.01696380694726718,-0.0004850111324471284,-0.029393183442189504,0.07445047942858642,0.038053900537911675,0.0342965026971109,0.042498027622818,0.04927350699392962,0.053717075598121555,-0.013344695804974235,-0.0812920579262878,-0.02044576948726031,0.028369981717508853,0.0791739536622267,0.005110572072461201,-0.04179936400229768,0.008230397007958487,0.05400451500307773,0.04842599878017032,0.017177325400536174,-0.13676748177980846,0.05502437460362472,-0.02987143388804695,-0.04189914088241249,0.06265452954022982,0.04589389331289342,0.10182361511781096,0.03775714974420485,-0.03151063220114007,0.10604429463294017,0.09706140351424272,0.058386329796562005,-0.019385347600771527,0.11137736333879954,0.09575255856941624,0.008459672417565232,-0.03389350898784941,0.16107760810848326,0.07648968706430269,0.26709746370206333,0.03904163098974917,-0.11276084742868041
2026-04-14,-0.010401095983593555,-0.07519708496896733,0.066163669572735,-0.03569781259985004,-0.03097172745114575,0.03585564635692751,0.03873556288597771,0.014127260702489562,0.12974615784638976,0.12716056291225739,-0.04937336645815643,-0.038725157351131974,-0.039674252864038716,-0.034449996147194885,-0.06837664320879042,-0.05541923508767206,0.027987678005021187,-0.008508019579112415,0.1305855761384318,0.03366366837777456,-0.02590960299040697,-0.007931583939375398,-0.006815677699868234,0.0222245752255691,-0.01962909512367631,0.027812181808588146,0.04334301881350584,0.07273597726090908,-0.0588655352245267,-0.041112207799146774,-0.021706836587659713,0.008127548996747374,0.06068573386031109,0.12106410479335034,-0.09259151164005398,-0.07945323812435516,-0.011608261175310509,-0.07806236509758104,-0.07803622343861778,-0.10684432493723434,0.039651362533195,0.030544919451415874,-0.1195628641170126,0.0886155513410955,-0.04977204688596657,0.04845999760438443,-0.08568051255574857,0.004395696854303893,-0.06326100803646617,0.04639075545298513,-0.024920483054416513,-0.03976936832584363,0.029615142425800066,-0.01782753426638547,-0.023579064027171102,-0.03260701050372035,0.030336100043658686,-0.004166693253038867,-0.051130081437125566,0.10523321123773764,0.04196469741034404,0.025662495116483462,0.07697985788544359,0.05455574009730304,0.05075396812801286,-0.007030833434243952,-0.1008772487797549,-0.0064134029138130984,0.05025202211468274,0.06676684672210277,0.01664914344232337,-0.06517418554194175,0.018468409445718707,0.0666268233376223,0.0469709097457504,0.02184550311938306,-0.18218181918445991,0.04181881306894906,-0.051075574413472435,-0.057382102412694785,0.06249930660536026,0.04135937126294905,0.14478241660695576,0.04190084923286588,-0.08276627186998646,0.11665802562789947,0.104086357157112,0.0614011722900617,-0.025002984509266843,0.09745705645066005,0.10389618427586936,-0.025906053817832085,-0.05657531476276123,0.1666915250842777,0.07037583936561728,0.35524443887662227,0.050184731078906,-0.13109085047024854
2026-04-15,0.001881454836754658,-0.06094144420858823,0.05430121141152409,-0.04139372398239048,-0.022569881934783174,0.03007713225016459,0.04217145547188566,0.02217947904277038,0.1240329591764172,0.11035020446921702,-0.05435839818811167,-0.03730117550838184,-0.03842865141769844,-0.02676906059249857,-0.060186254767161274,-0.05281865716580249,0.018941060885346177,-0.0006330641289397088,0.10283693974514785,0.0348087334450133,-0.014039852253509228,0.004829062267032341,-0.0029622801671204593,0.029034038650806816,-0.015033019408583882,0.02092586304749113,0.05677989858112353,0.05479402496800152,-0.05076351089828811,-0.041029470370241856,-0.02633246195261716,-0.005140746199861195,0.043959856926008116,0.10599898105782989,-0.08988479516829798,-0.07493903741216308,-0.0044950583317965725,-0.07595879946480846,-0.07274595274861838,-0.08731309182279887,0.028488740675593115,0.03489097739205113,-0.10231212043172028,0.03673780225482905,-0.03425835768360454,0.02069175499119765,-0.06453469426089774,0.00026976546381341643,-0.052540124728178775,0.05467264012736073,-0.02468042843941537,-0.05329808872197975,0.03258344282098048,-0.006921641385828398,-0.026782540877131437,-0.023943649373856485,0.030667920756943974,-0.014053444175943711,-0.04311820070560952,0.0941470898158857,0.03229915260220765,0.037383352818558424,0.04639970038076921,0.04729696985240081,0.06222932198004749,-0.010348156603242653,-0.0998725885001334,-0.00925067258676558,0.05735857976456717,0.07022580841799171,0.004513355496170228,-0.04645324942722221,0.018935783628305114,0.07060389483022986,0.043290673984573,0.015173673904171604,-0.1441005223652913,0.049807807170478814,-0.041195764833140275,-0.03724705464988196,0.048925803610956206,0.04918035334692046,0.12657299027537133,0.0373064267952319,-0.06704642268322109,0.11265197416817258,0.09429539138945693,0.053084538551724875,-0.02038998583221597,0.10818265728437927,0.10352141537008157,-0.00985342970857296,-0.04811413198063105,0.1655066353540714,0.06888860253085852,0.31027122337330376,0.03309574171736108,-0.12170066108200538
2026-04-16,0.0004518959467598848,-0.06330428506564272,0.060102045758001425,-0.038743924367738464,-0.02239925257546343,0.02611493781564874,0.04331552168227262,0.018149907018819328,0.13705532923672972,0.11769030617217872,-0.056758481174532166,-0.049379000677595854,-0.040560835628274866,-0.032135867833547126,-0.07180565625653718,-0.0639135508667669,0.025230480228276134,-0.00237017888586339,0.12273030652769258,0.04336311719001688,-0.014077368976379538,0.005896096606512217,-0.0034498429739452333,0.027005298555477543,-0.023150298820191352,0.026875176128146328,0.0609568381043563,0.06306815259980834,-0.05303107949937791,-0.04806865690410636,-0.024820154615383075,0.0005224360867294806,0.059488767157316824,0.11878358549079499,-0.09287281239191897,-0.0800599024314981,0.002578987014015738,-0.09297118985230829,-0.06894895987944619,-0.09843045067760386,0.025772253609849395,0.03998860534313707,-0.11049290276818798,0.047461968364605055,-0.043615858510528155,0.02376101718329186,-0.06843346125069451,-0.0019224387601197452,-0.06840396778913385,0.060476111546488895,-0.022919560337373378,-0.060097848222467956,0.04173212484852561,-0.008927167821258042,-0.02331764046147631,-0.031054944794392546,0.03943972956548218,-0.014741704521533927,-0.04831258654885144,0.10589785652396107,0.030484794082915545,0.03671846046254855,0.05895295076695783,0.05304605029070848,0.0571629776763256,-0.015457860110719689,-0.1096693827647566,0.00350995204309959,0.06351927560971757,0.06175475324891832,0.01540890057903595,-0.06624361640905156,0.0236469289096621,0.07204903940077138,0.047473096234018554,0.009408717055690935,-0.159423526363566,0.03869343138697263,-0.05350981108992653,-0.04628482438538949,0.04800101312453378,0.050074931532144824,0.1495895144895204,0.04590680238631246,-0.08369620418591332,0.11684861535118887,0.09767348766008627,0.055323352612902735,-0.02513551222387249,0.10336193964239018,0.10165596689202938,-0.01964053478481511,-0.059306463981599555,0.17465847749533217,0.06498944982259804,0.3506046939230541,0.0370477859655216,-0.12961464251010402
2026-04-17,0.005604690314616422,-0.059378503952100134,0.061282448416814954,-0.03358289016980962,-0.02689750021448073,0.013389486951837084,0.05078703757842975,0.018722011874890233,0.13878606445670913,0.10218986935715059,-0.055478475875414685,-0.04025765399899686,-0.037685581009750564,-0.02775987488860073,-0.06649469836078438,-0.05524659598873545,0.02991201449559769,0.006560653526951352,0.10857577038431089,0.029452568409296075,-0.02781100257105331,0.013483979977470742,-0.005114438965853212,0.022088482216695182,-0.026789565618039024,0.023891637274257353,0.053579292905116996,0.05122530848343649,-0.04240386844638193,-0.039686271053784486,-0.0209357365556969,0.003934203719181285,0.043092972472477134,0.11057483446407808,-0.08597612915136153,-0.07047871521786823,-0.004893662025545529,-0.07406121663050944,-0.06499829371705008,-0.0949938709839952,0.021688386207545957,0.023927504586221754,-0.09851454586618184,0.038695668020747316,-0.02568699015575989,0.01850096977002863,-0.06436075187253783,-0.006100290844460033,-0.055828780643354906,0.05441679619521513,-0.017498068377683418,-0.05339069956878387,0.04428208584364866,-0.010525234740008693,-0.03085551031686972,-0.031037778395872906,0.025841628204466498,-0.011561404891081905,-0.04035946765690337,0.09750721420845664,0.0200609123805913,0.03455413457382992,0.05163641034837523,0.049952056147554096,0.06111187850457074,-0.006878302015538544,-0.10394718371997454,-0.029917249770898414,0.05212170249193106,0.06671020465208741,-0.0012228124770254922,-0.049066401932492267,0.023421653049695894,0.0778831366621958,0.05309484915334949,0.008587265631705771,-0.13668716444869855,0.05213429507291608,-0.05120276727243195,-0.03908317528019281,0.05385403891934931,0.052543140728084345,0.11357574809746182,0.0357464172528483,-0.05666703249548913,0.11095237000793778,0.10695035025693601,0.05140153668967033,-0.030592999366037398,0.10804806140895479,0.10407892787762849,-0.010440273224315655,-0.04477549532643214,0.16846209105607624,0.06812527027253396,0.30089050015961905,0.04632774140073005,-0.117093347057444
2026-04-20,0.005407141874674123,-0.06215865793999022,0.06292066931525593,-0.03263170155299014,-0.025411658756994887,0.012756048466652464,0.05144483770248405,0.018746826214973703,0.1399432094090708,0.10190696825579894,-0.05498258886259064,-0.03972219612775876,-0.03685837834111731,-0.028337280540575938,-0.06512220521271325,-0.058076592835947585,0.029693388018825782,0.008781009637385494,0.11050870850827535,0.027378556561779656,-0.028495281170028107,0.012127826685662216,-0.008576756848057787,0.021214524562568754,-0.027628566828606795,0.02319799483277903,0.05072684968651424,0.050432947080879864,-0.04161139520107592,-0.03985783545300312,-0.020291315976112584,0.005839800078708055,0.04173092480708135,0.11163926779124965,-0.08668400340983297,-0.07094981328442218,-0.005842449689223381,-0.07051254350249646,-0.06500627514650621,-0.09393498202750293,0.020805750131969107,0.022136484867349544,-0.09742513317555578,0.03505670618291418,-0.026618934800782125,0.02009847752199862,-0.06262067879094564,-0.007394682753543181,-0.05514221639403363,0.05470953326943481,-0.015574355874631558,-0.05021183237882622,0.0439572216897815,-0.012257346462696583,-0.028079029502544393,-0.030391605996898816,0.023570629411952884,-0.012197117814523093,-0.037187894046078813,0.09858933027548164,0.018956739983894855,0.03531869086334975,0.05251496320650616,0.049503095847688035,0.061617020337171056,-0.009246674579093816,-0.10395882411177433,-0.029958721414985033,0.05001792656432735,0.06831182609575913,-0.0016792685536814907,-0.04940599484232411,0.02542996249245575,0.0810310160045394,0.05164407245648458,0.008840117120770428,-0.13862589903300515,0.052448328930513245,-0.05120225007206706,-0.03978874490874725,0.05375370377108729,0.05225313156884084,0.11298075471832487,0.03546815438869815,-0.05662472939885503,0.11185028562481053,0.10489096993972429,0.050169498626144546,-0.031007367443995834,0.10815593614083747,0.10355708128174336,-0.0074462109482783725,-0.0434979542308586,0.16835913335608266,0.0677378527367517,0.3008399092397123,0.04461667599479081,-0.11535253389623772
2026-04-21,0.0016230289382695284,-0.06806495920112633,0.06382652718849222,-0.0268935348265291,-0.02039948879282049,0.008358965406246362,0.04976449516721681,0.01637733446457723,0.1535236447304111,0.11943284181282103,-0.05290284761856302,-0.05167692528445439,-0.04249506807701308,-0.03585697554570986,-0.07425711124322035,-0.07238717368473849,0.04442656493156954,0.01648735973419559,0.12146603760211386,0.035129303816169896,-0.0263134600085983,0.01726921658478113,-0.011827177393965773,-0.0034420421081566965,-0.039704530532865955,0.03099415989292445,0.053182137782860954,0.06380710119441689,-0.04492721572360935,-0.046714174614400916,-0.012216728274350675,0.012814030329059686,0.05531135874223324,0.1283712776290839,-0.09131990145317995,-0.0765150878601393,-0.0007425839314885597,-0.08946793212197457,-0.06213109833421593,-0.10149238752927114,0.02207497628783081,0.02303389075487283,-0.09604768635071098,0.0459311813998858,-0.039393158873663986,0.02142059518238037,-0.07054483646515182,-0.014006581109698836,-0.07099184442189675,0.05923224037126004,-0.020444188905271915,-0.05109397873162098,0.04650339466493807,-0.013812574484876891,-0.021024565404830428,-0.03826366884138615,0.02627436955744681,-0.01880494636964114,-0.038820261218130064,0.11096183780611642,0.017747436240876442,0.030455236387123746,0.07083894960919583,0.05120959294427047,0.06086629416434252,-0.02196028509293054,-0.11180243551825476,-0.015132809779697642,0.060448689405083356,0.061842691733372916,-0.0010029624236447647,-0.06820213583611172,0.0329331225524344,0.08589682772540175,0.051636846576504226,0.007769141238833941,-0.15625695575845536,0.04036270744237698,-0.061394557561598825,-0.049461416689500645,0.05372404765182233,0.05051353663523403,0.14347374745533428,0.04374326927681373,-0.07836195998252173,0.11324457352447014,0.11413498832060637,0.06159976549933918,-0.03533660687869166,0.10656644788355055,0.10690407005084497,-0.018128920036123444,-0.05029369220350591,0.17297608757082739,0.06594301892239314,0.3321535767884938,0.04296452430566781,-0.11521562877907966
2026-04-22,0.02594804794071761,-0.06227348304869289,0.05216066250513076,-0.03010325456135276,-0.025759326696010686,0.013285898996289906,0.04734876827494533,0.03803971134010722,0.13497280810514148,0.0857774988750875,-0.053890001999955806,-0.04422691688964156,-0.04450215366396948,-0.030794859446840996,-0.0704397419276718,-0.051044231341126484,0.02490530553442316,0.011465619170335298,0.09498399799906629,0.02626512185569689,-0.013987535986479565,0.007257988716040054,-0.016730169212871335,0.015138247939746014,-0.041837749715496766,0.017704293978875907,0.049468004115413175,0.06357748255084315,-0.0383101608220135,-0.039484743561205134,-0.011304974485313592,0.0005076403399535655,0.05323120070672411,0.1217859599286088,-0.07899987212508752,-0.07915806679364434,0.011879906775225043,-0.08070586421449105,-0.07470429129196869,-0.09393970788742542,0.016471292029419566,0.00649045707928133,-0.0900577695212853,0.03984954316587519,-0.03822645621746239,0.01742224434468221,-0.07210414177331437,-0.010394152392082542,-0.051899476597335154,0.04176637633768281,-0.029841887804222138,-0.05155630235133722,0.03938902200093043,-0.01832141026194395,-0.017471717338706047,-0.039508118982780886,0.02654084682660441,-0.0037837178267831496,-0.02764520625953143,0.09705501466128919,0.01813706394302104,0.013810527212052375,0.06260804248015733,0.04249507173896267,0.05900960890661958,-0.02476119360072547,-0.09498477202282528,-0.019135269732514948,0.045346555528156834,0.06554284104213541,-0.0009569100272391658,-0.04858588249313525,0.03322021712493624,0.0783334428313862,0.04544258170158387,0.018250656689472424,-0.13744736371184088,0.054020221475204064,-0.0537094966844492,-0.03380565369113713,0.0518233095858515,0.05459742622115043,0.12254862799399202,0.03465976679091329,-0.053913478403589774,0.11646712359308418,0.11175793855039289,0.0690634066198834,-0.027371766281162356,0.11820133864430969,0.1134190011818542,-0.0010852997067097494,-0.048951856311148324,0.15385037325320003,0.07243802281910733,0.28227947588567215,0.021300473408244733,-0.06159567165095886
2026-04-23,0.027623542454541947,-0.05373290395374529,0.04766441185020733,-0.03171965562880055,-0.02668443596818508,0.04145882617783556,0.047486923364001565,0.03368805970510342,0.12247356884550269,0.07340404319981712,-0.0543010241600515,-0.050955385519310156,-0.05054872408507021,-0.02286847028076435,-0.06751906709337233,-0.012425377554945721,0.020719449554058383,0.021434959063262232,0.10196035695978996,0.023733999081997185,-0.013371222679943994,0.01698331631273647,-0.029336195159000898,0.001609848393928236,-0.029527108724951144,0.013273705372654251,0.03564912146382325,0.06444712516537351,-0.04780977484151977,-0.038076351739180975,-0.002557647062973961,0.012932739318830388,0.051112193273098995,0.11593954053483856,-0.05904843373893165,-0.08493001373626038,0.018006682790691647,-0.0827968302356588,-0.07959825650656366,-0.09692798195277941,0.011373844013219054,-0.006727599848046028,-0.10011004085642217,0.03494490344846538,-0.04721411605064072,0.0007105753512540239,-0.07863112593151154,-0.025242369015833953,-0.04426600822132068,0.0637072890273444,-0.038320764550563206,-0.0490505330678925,0.043938923432800314,-0.0185557921026544,-0.0066161273020802925,-0.036342417998224165,0.025437970364296614,-0.00442187954401432,-0.029415631279207682,0.08484310163841814,0.004221801871326751,0.01203173251003935,0.05629876766974031,0.04997018537354222,0.05490723979995623,-0.03158588243882242,-0.09279980641746237,-0.020348632641870604,0.04134485620132107,0.06315629370152802,-0.00882968045277486,-0.03525522798186764,0.022114834250815396,0.0973013665197706,0.04798543667827844,0.02249179460655232,-0.1421046433885044,0.06048175476385481,-0.057481136251530215,-0.038694567470139545,0.06067472775777799,0.06468739813687548,0.1071947563741868,0.03532502935572985,-0.05151548460944655,0.11711537820823305,0.11409232160413388,0.10116906931450026,-0.03977855681522681,0.11647509755469299,0.10594469677373265,0.005664928364551387,-0.06306273159577991,0.14858132694611167,0.08654333022779838,0.269813910887178,0.03160011377858821,-0.052641552934860336
2026-04-24,0.03111172084907527,-0.04397216614522619,0.04337400408064338,-0.03722228907948244,-0.027376686517909157,0.04475486819933975,0.038982239406842124,0.03038502194847305,0.11899351123436241,0.061538606124636595,-0.05824380624140445,-0.03272781619353148,-0.04047465740881209,-0.02016459013960281,-0.05617018125311121,-0.019289149002101554,0.008846486052762288,0.01963987021802384,0.09497313077295282,0.028925811970320146,-0.008552442642393002,0.021956237965987904,-0.01435019658941874,0.001562554740847601,-0.02571081797438861,0.008273127581378412,0.04138608340818951,0.043637451257850596,-0.05691363360765943,-0.03482689301816833,-0.01964529180041328,-0.001556486789860317,0.045967715638680524,0.09794157695773187,-0.05921389161781798,-0.05201083424243166,0.003092926891259966,-0.05936500946203074,-0.07697495141620034,-0.0799009298623843,0.014130559850019271,-0.011592170125965804,-0.08942269596274269,0.0320259023663731,-0.03145945381355421,-0.009343731912593705,-0.07038574848223082,-0.03435602445801751,-0.040772448056638495,0.04791858313907862,-0.033823020285727,-0.04109468612852894,0.05688875275043848,-0.023575427257666884,-0.016195635551529086,-0.03991101498613542,0.016665531554714744,0.0025049211846157058,-0.03242348005152923,0.05887628500500525,0.021653076586574456,0.013220563063643165,0.036937016572896816,0.04645252907920754,0.06419893654340128,-0.026473740119631148,-0.0724879262369955,-0.030135320615780975,0.03619545981310903,0.07164966303108224,-0.005957688028771791,-0.027955981138345125,0.017661759841949183,0.07471075974658321,0.04588487230010833,0.016147264120949807,-0.11959706433942581,0.06331340494027234,-0.0433743866736057,-0.024681134604787887,0.07444137314608179,0.06519871292448384,0.0649738680592636,0.03398056357604006,-0.03595332448012054,0.10830062106469056,0.11758627147909931,0.10229983030236706,-0.02673310028084684,0.12033889214976687,0.09630742642633268,0.014556683052679181,-0.05690296035699391,0.155864517323921,0.08140204447798359,0.22770839971616863,0.02955115584525512,-0.0456182613810009
2026-04-27,0.028287171806595922,-0.046165618655395715,0.04587726059838789,-0.03462902971534649,-0.02710564911707107,0.043572701206458384,0.0348580193236676,0.030941851079832834,0.13457312676135866,0.06781061821869347,-0.05969930913844865,-0.03914407173841922,-0.046914136210119604,-0.029340496949173032,-0.06292184478777234,-0.02742254898638454,0.011009805821787932,0.029210682397355095,0.12159950726639399,0.031352440684917,-0.009195978914962733,0.028009006652056002,-0.017068632551360846,0.007428099809701875,-0.026983482299322917,0.011825066627172434,0.04986907991827315,0.047898195088154495,-0.06357409277068156,-0.034952953786077205,-0.013740107521059792,0.008129186575946983,0.06318882557561695,0.1106690500673758,-0.07200833305824073,-0.0589987017872593,0.0050347005278834605,-0.0664072274502174,-0.08150071521893436,-0.08893157026907611,0.01861933671093397,-0.018365512974708634,-0.10427076357427467,0.04227860835343383,-0.03302643697251558,-0.011778888783456004,-0.07963806762437037,-0.046689716266168926,-0.05544524703084425,0.052959161796487804,-0.03820212277916376,-0.048052497247395375,0.07126710811214583,-0.021818995577167127,-0.011329133503668152,-0.04447989649167762,0.02010259716259638,0.009218592509583245,-0.042388965496077,0.0652004326500245,0.026783166549267066,0.00556888052345018,0.05688987434753826,0.045674744992336466,0.062268727907031474,-0.04201393361178249,-0.08310189793057743,-0.032671570711002414,0.04113659574782255,0.07360041499147889,-0.006704247508044067,-0.043816630496838364,0.024440957311018918,0.08133170930104702,0.05157486080527107,0.011158760797350203,-0.1352657998269747,0.05714702173308632,-0.07176048280116866,-0.030424897595120903,0.08255153147493352,0.06481658284335629,0.07772233483918052,0.037977901711093005,-0.05423556652630092,0.11132027910513151,0.13172532767495992,0.11116254954602758,-0.02617484388296116,0.12128327307376364,0.10573814390137634,0.004610029278774352,-0.07505455216648646,0.16243036476701872,0.08016479764455714,0.24921846683507506,0.04055822285435706,-0.0462305855550699
2026-04-28,0.02822442674543165,-0.04609501500299522,0.04597299743307878,-0.035281747933726015,-0.026627460792973713,0.04231463793358218,0.0364052766069275,0.03228158298588139,0.13370632198997312,0.06933076483639324,-0.05949811914229902,-0.03907352141035523,-0.04646793702676458,-0.030319644811886717,-0.06117869044174716,-0.031388527457349755,0.0100279843029508,0.028230218966414908,0.12268428580782675,0.03042980307325604,-0.010034230989806653,0.028902280419145464,-0.016047514495363173,0.009960074259951537,-0.02671888173746296,0.012884993576939143,0.05073912590498685,0.0476935083527892,-0.06214814959979843,-0.033292590495404874,-0.014052590325904347,0.005903253386382985,0.0638119777544276,0.10998132259006042,-0.07340579913070291,-0.05922083782694802,0.0052105354362616,-0.06689937508526841,-0.08326063016648287,-0.0872912698219242,0.019803557883561855,-0.02025963337035805,-0.10602716693611682,0.04074958228975968,-0.032407287754756806,-0.013299691933663477,-0.07849914356422791,-0.04690194996312246,-0.05514435800732889,0.0518067863122522,-0.037873377812429096,-0.04830664096197542,0.072107307974157,-0.022646646470884137,-0.014686226698586024,-0.04330580156944596,0.02112391837555696,0.010805384555199141,-0.041063372796144575,0.06488807299797478,0.029102660493078122,0.006061435036442109,0.05696053576802509,0.04521323887183308,0.06411433975511088,-0.043519839923831495,-0.08200896005471456,-0.0366008082598612,0.040832511320232315,0.07247309440251423,-0.006992394884898568,-0.0437453124181473,0.026343843601946644,0.08034645942890072,0.05150173963746919,0.010263450129416056,-0.13455037631605402,0.0582087059079401,-0.06939606054876016,-0.028709752955950178,0.08257973509832914,0.06338496552191221,0.07972375749756491,0.03934433071530018,-0.05335201457739197,0.10977305938733051,0.13192901949310334,0.11002984699196458,-0.027124029078979588,0.12039379997960703,0.10690840423659005,0.004573111072177497,-0.07430250256567637,0.16372632034701043,0.07668501902234048,0.24879285110420687,0.041219886934521034,-0.047440221387520354
2026-04-29,0.024469772659240527,-0.045724262136497745,0.045522826069872895,-0.03126853645014131,-0.027833209960760837,0.04218696727749603,0.03625064193984368,0.03435648963022347,0.14681901204842626,0.07935507439565975,-0.06048596165318032,-0.04468162711833915,-0.052120456730740304,-0.0369856418311643,-0.06812519877761418,-0.03785749190448934,0.01108185562710581,0.031141542821524905,0.1464243785889921,0.0346321327928772,-0.010662380503761488,0.03316022488327681,-0.01818594544009191,0.005168290240687309,-0.0313028703642104,0.015668780913861542,0.0591282442641554,0.05366770984560975,-0.0680229726751818,-0.037376190462645974,-0.010293438210257475,0.012444080551242749,0.07630617760550143,0.12175622304028476,-0.08132350438720055,-0.06586271241825799,0.0078897407125639,-0.07605104905588979,-0.08360901877387308,-0.09289248427933411,0.02565783029516256,-0.026237769819037096,-0.1148500215479618,0.050983107804508335,-0.04351958253055068,-0.01850335934021928,-0.08328630010332823,-0.05918424755930343,-0.07131612727892847,0.05859508719421214,-0.04151303124014322,-0.051598235990907806,0.08937397970079516,-0.023476557501156743,-0.009374260458456312,-0.049141907649183886,0.025369457952844385,0.014535534854732503,-0.047572660934105775,0.06906913360161768,0.026423485648312386,0.0009846215457036817,0.0747668103621284,0.044743120993493875,0.060772386663668444,-0.05749882133839719,-0.09155853999688623,-0.03485654239005683,0.048892432215061954,0.06870915472882692,-0.0018211008359601197,-0.059183795841055,0.03537427804208114,0.08648850154282475,0.05745684468549728,0.004408358923669938,-0.15047205733253471,0.04831578504963412,-0.07712514590176056,-0.03241757424277875,0.08928684618765849,0.06612324721997638,0.09266347684046299,0.0419305064269879,-0.0746094262822404,0.11466761284432224,0.1430386532185167,0.12703141412454239,-0.030087180830664743,0.11732536273480985,0.11012717474942713,-0.0013600754335201144,-0.0899757132503324,0.16810111049998994,0.07501974973450819,0.270572378509686,0.04483612086365778,-0.04786874290466621
2026-04-30,0.030018728196609487,-0.05812615561583885,0.033382811142687076,-0.03971453655607934,-0.035119405281716906,0.04902731198789683,0.04804927386661704,0.026403465028114005,0.12959622319729508,0.08315783034519732,-0.04875128442665803,-0.04102741236641755,-0.047007774399577505,-0.026700162995954395,-0.055964974192330055,-0.022981595368242458,-0.002510550866560034,0.01726504318540709,0.1280296594337413,0.02659225529731471,-0.013163000305954955,0.033980590561279736,-0.014163922108669074,0.021652223657776887,-0.03640213800072138,0.003536159920086427,0.0453756193112741,0.025210106311699385,-0.06823194346926924,-0.02967517385908852,-0.024898989447444293,-0.008234158527243822,0.07286954558909246,0.11071538998360486,-0.0634688597539091,-0.052269403820569466,0.008115633915984386,-0.06687404081560948,-0.07395895319442006,-0.0897700357038745,0.020474049665130528,-0.013065199898499883,-0.08110855147256366,0.055079706789163414,-0.014842857515561301,-0.01689997932362103,-0.07036678788436714,-0.04474640908897012,-0.04736809723828138,0.049818917350895275,-0.031829653542162765,-0.06311388888490606,0.06640274249855865,-0.01016912506553092,-0.02173478897736013,-0.0337438979205013,0.03021324420796105,0.007983347194957796,-0.04253512707589767,0.07748695599346232,0.02734909286236216,0.00236751592782416,0.054330512030139465,0.055277658471053585,0.055470541113208476,-0.037584110429012774,-0.0870399305070887,-0.0484403090319619,0.03279330841677381,0.06540568218204433,-0.0018749178030924869,-0.0471772152535439,0.03389158840187118,0.06571253984264096,0.040449925993781076,0.0031803909629480815,-0.1412552826608443,0.04059118709763152,-0.06498227099639542,-0.02025696180046708,0.08405014687109874,0.05391414949650791,0.0786886035655706,0.05434793951669866,-0.06786135931053532,0.11565100450265055,0.13263574595163174,0.12049244307744808,-0.03712161849928082,0.12638677497038345,0.10948693945611973,-0.0013851435461299157,-0.06915461988917078,0.17102421389143377,0.07871271562106726,0.23890496342547454,0.02381768842275439,-0.030697532011029843
2026-05-01,0.04062046350288827,-0.06112002185177791,0.02731789163545919,-0.04312705494350107,-0.04081317526889094,0.04681810850855207,0.05205373860529374,0.03557112518308037,0.12448913332600456,0.07661018172075401,-0.05066670647804714,-0.027660838756935903,-0.040850971375317624,-0.0063268434961838375,-0.04631572916605589,-0.019372462774872395,0.00044016353541668184,-0.0024100002754514054,0.09860607028148986,0.02144911606088052,-0.019597471261384142,0.023097164735407412,-0.028156705274874613,0.022344528414731474,-0.028093316086751127,0.0022517295749425216,0.04031921429620619,0.023048901651946497,-0.0468721014502313,-0.022835675188274084,-0.022563977688523848,-0.0012073693062957247,0.04416981595463598,0.09278914156594102,-0.03660749916575841,-0.050269793420272185,0.012365769511942681,-0.052862423321955565,-0.07256274945602578,-0.08899813270300266,0.005895018691659559,-0.011992212711468617,-0.06006114986095716,0.05314926408286748,0.0020882046491394243,-0.024954022907049463,-0.0754679754153478,-0.04365273175605443,-0.043091764633628425,0.050867896345758126,-0.04858381992137765,-0.05409425027679597,0.042269415210324915,-0.014511774085284661,-0.020925535804750386,-0.020278354378943868,0.01828623029391311,0.004261397099725515,-0.014676295356134338,0.07338354887158328,0.017168288651541422,0.006775015841796775,0.04024898850187502,0.05671449545009458,0.04193411926102039,-0.052303678283414715,-0.07281463154807886,-0.044998932556709025,0.03789888029431213,0.06540873284628468,0.0002891504613555321,-0.03668694631578954,0.025666323422862625,0.07488713456773351,0.04660422008886454,0.005995525876688043,-0.11701786834591558,0.05512483014677512,-0.06608997179665614,-0.015393415777413254,0.0825501375340332,0.050362068994392925,0.06977556453841113,0.0351920289892292,-0.03323894844584716,0.11267978226478291,0.12286259436799513,0.10449317520497087,-0.030518825589234792,0.14213768238674543,0.08172587413992205,0.003064353796586287,-0.045558382618952786,0.15007140385144238,0.08585960510378689,0.21642426070656806,0.028662155947601423,-0.0389371194520287
2026-05-04,0.041826204328140944,-0.06553046600589113,0.022599843435768076,-0.03866237261441128,-0.04849407886577723,0.04630453139771727,0.056900107020444866,0.04200150066144352,0.13746221542801468,0.0967861636958979,-0.04941286447567587,-0.03411307057062283,-0.0516873831078329,-0.010793229203762003,-0.05601702180741554,-0.027122322779891142,0.0041541303276742105,0.007610768186377683,0.10820519971559167,0.02847518540743782,-0.02298736882886436,0.036131377179915915,-0.02233075481333078,0.03477801716996604,-0.041889185787302566,0.013995576029208064,0.048416531910628474,0.031510796803484654,-0.0510764669468732,-0.01983788507906168,-0.009601905840872447,0.004352703212918993,0.06197162834064469,0.10166996843888917,-0.041022163863680114,-0.06063931372627385,0.016807193292515663,-0.057929192867302276,-0.06971138299198379,-0.10900133878706483,-0.005553518353132865,-0.026998790539117384,-0.08340835404767175,0.06580419541561956,-0.009011749558543556,-0.031887815013491014,-0.08181887876255962,-0.04660055072672035,-0.05845976198573641,0.060421480418307,-0.039111870186930985,-0.05390649446786476,0.04072841155618421,0.002843430814815793,-0.020682478939533205,-0.040860184312867566,0.040170237224302116,0.003653370084952471,-0.0078071926967168675,0.07227846486843395,0.0046627806313949485,0.00029924813168627495,0.05125215119888109,0.03802923000170774,0.04927054207568781,-0.06771839243832928,-0.07307826641709522,-0.03659547166703849,0.03992983821871913,0.052584679029001276,0.005405337211909399,-0.06360947544404644,0.032347231967725966,0.08984445596646173,0.04939677936050298,-0.0018296137808898865,-0.14190124863861098,0.047320249677568066,-0.06790702026523837,-0.01177845365187327,0.09775764985196489,0.050634739961891245,0.08718563443961497,0.02377004299586927,-0.05128682175601199,0.1210970765888278,0.13222185422465046,0.12661247759116748,-0.05442624263266237,0.148584377684124,0.06121834856531815,0.021407651438817822,-0.05807036995255083,0.15672681927847784,0.07602669946138042,0.23751814897203996,0.034667319888470056,-0.041461811580033064
2026-05-05,0.0406560867398468,-0.07791909186301274,0.024156285546712966,-0.028313756975406078,-0.044770537763417544,0.04192487277795746,0.06133006490948121,0.04615317732935224,0.1368345760060826,0.09388904983171446,-0.055454958724247244,-0.037507049478442474,-0.04768586967676025,-0.011367711942533396,-0.05473267445058924,-0.0349096754439306,-0.0029507423250321255,0.003352749304687967,0.10922391185922277,0.030440311706073926,-0.02134049696104047,0.03055170184504822,-0.023669454639749947,0.03921357495485227,-0.03997993246809694,0.018455008255049095,0.04714280186977478,0.03236137506959225,-0.05184370594633503,-0.019370224396609848,-0.01667603061050294,0.007729735641211103,0.06681487091781112,0.10243880683335174,-0.04655155993275945,-0.06980187931407437,0.011620195238337034,-0.06798362793528555,-0.05993758312766782,-0.1096228601659442,-0.013171796876639172,-0.02073394812137272,-0.05784229946576536,0.06199574589186685,-0.013329799261856531,-0.02569050506046692,-0.08002215896911657,-0.04742062007600649,-0.05685124523723298,0.06431026674080549,-0.0348868535402277,-0.054823646351655014,0.051202318177699546,0.015203223867495515,-0.015170773408352283,-0.057492681398392725,0.02767946882145452,0.010700407119023385,-0.007626565406173362,0.07708808379893053,0.007467241655703991,-0.010277960148725626,0.04231977412917075,0.0392727540363516,0.04605499990500285,-0.06467449321555893,-0.07790599977685268,-0.03325863419812783,0.047525346290247746,0.05024404559860137,-0.0032068110494069806,-0.06421249303217583,0.03715224105597516,0.09012234702554611,0.05208561184368087,-0.0069300894985090105,-0.14334298427646647,0.034893818214053324,-0.07225542936981386,0.0019648179704508818,0.0959231263285229,0.055734849419207914,0.09392892245117801,0.02893186848712978,-0.04548599786090287,0.11936564666298688,0.13063777425975182,0.12080230420059196,-0.048947741080098604,0.1512969549540294,0.0549457658573584,0.027080302199454294,-0.05690566911081951,0.1478383768173904,0.08407982254166087,0.24441202484291108,0.03101335763274947,-0.052706145500989524
2026-05-06,0.037979108600085174,-0.08758745543704939,0.021828560217807613,-0.022397285803072417,-0.04997096569291144,0.044082501756734484,0.06588460669115606,0.053361298112659786,0.16465174451903727,0.1158743418525998,-0.05255539746228516,-0.05838470106923657,-0.05039324705415358,-0.03330195687599905,-0.07504533934450995,-0.03736311403735045,-0.010571616752955674,-0.007564567161564067,0.16442236106250954,0.03977398476210758,-0.027451027707892692,0.055625639661391245,-0.031085080567078933,0.04917205457879709,-0.048296700267765724,0.031152622237271832,0.06909808352598562,0.047192865331525974,-0.05568002406311155,-0.02573761488350315,-0.004592777324644899,0.01932870813437245,0.090100703328064,0.11964446326802033,-0.056676358906024044,-0.0794660510853371,-0.008496952936885243,-0.0962914565517127,-0.0527062959437314,-0.13240086241555502,-0.02180658835606089,-0.03557221899295141,-0.0634343831428169,0.08717448141826334,-0.02662421675590819,-0.031955456768336436,-0.08142705301234705,-0.07383042048768913,-0.10770676911649713,0.08896156029584205,-0.043624126840442465,-0.07439198480302583,0.08061000405640233,0.02017090253109219,-0.015338533223780962,-0.07412032123517874,0.039075118365550957,0.026796533363385076,0.00390345404694775,0.09018295236466896,-0.010043198613098275,-0.03343292743240128,0.07663692842880043,0.039895828895114935,0.030072324698909525,-0.10346776823060168,-0.10538093100834374,-0.025176983588286656,0.04948891585762982,0.031684110662796465,0.01477961146054137,-0.09550958776195331,0.06179415350674454,0.10177890091961911,0.08380576482421696,-0.018053451535009007,-0.1665717107657596,-0.0009638477438472341,-0.08629343073736374,0.0030436048038088356,0.11220940824896528,0.07110742425364125,0.1286934105245667,0.019035587449632727,-0.09813089680910028,0.1273315423543042,0.15718843579412328,0.17514422050555514,-0.059707147665431184,0.15989421784520472,0.03834776595395875,0.011353970315360586,-0.08129124046390182,0.16391140839596102,0.08652795576091901,0.28657020373196596,0.03223406576030883,-0.05070637060046485
2026-05-07,0.04801927875833934,-0.07965019885006462,0.01900258732928812,-0.024843807176750214,-0.04083820860923791,0.029286323210462574,0.0644339593257862,0.05595971073336927,0.13810087452061343,0.09545411101250689,-0.053329614594855176,-0.03550151366551977,-0.05136401157925051,-0.012425537125160755,-0.05868146181900759,-0.03410421068380347,-0.01433756576175973,0.022813939145009267,0.109645599975591,0.021206262965955215,-0.016803015417990397,0.013435754196640509,-0.03038330740758048,0.03695333811370494,-0.029948776963720322,0.012521672056386612,0.0613050703326575,0.02144260461615154,-0.07143742005323885,-0.028220656206275667,-0.01770671569208678,0.01345038215282252,0.05285184598724995,0.09203311154664269,-0.02404320272278334,-0.03675202272241749,0.008975160196019922,-0.05730896189916554,-0.0696030513262527,-0.11932564076095502,-0.0040577510757551505,-0.007078990715353549,-0.06223482166625574,0.037671929902030936,-0.01662425871557277,-0.02220086398667282,-0.07359438407945455,-0.04868479450042371,-0.04666495965265768,0.07021123449437655,-0.041096224177776856,-0.06746389390199067,0.04624187490386823,0.0008467649959340538,-0.011924028453935963,-0.05616208610458083,0.029616179589285453,0.004642340468567084,7.608228198910556e-05,0.0834036032429126,0.01515679440940709,-0.01511769711391311,0.05409367552703763,0.04189500246301028,0.0404913036532867,-0.07839937059981933,-0.08569892436913439,-0.044378706609662935,0.05898296897410815,0.05879766110825805,-0.00450820947499107,-0.06241084329590181,0.048752709721043674,0.08358468293807254,0.05586466106401187,0.0015886129479274758,-0.1339746691578517,0.03184857503901321,-0.07658545277919811,-0.003073913391263684,0.09701486855727577,0.05221303343665763,0.10161223954873531,0.0517320143796901,-0.054112089625738116,0.1088433328205419,0.11623434600337662,0.12637197060042507,-0.042228136343413505,0.14590179095523975,0.06201921755019775,0.016403400119813658,-0.056380220766669625,0.14410763338508445,0.09407818451991729,0.24412883440744845,0.03083689828708098,-0.050891816874959056
2026-05-08,0.051110036935976856,-0.07763159854081608,0.023719619021367037,-0.02950579647403115,-0.04115469938873504,0.02906471501874488,0.05567803635034035,0.05574294744385004,0.12331026750405563,0.0900230223825963,-0.053873236627419094,-0.026758292703858592,-0.048336811996188035,-0.008616474331544737,-0.04900689489364368,-0.03430496352031559,-0.015915797547774238,0.026160298901373356,0.08715136207944758,0.01211378363475576,-0.01436257241288018,0.008114639740541711,-0.01231356349049544,0.03053336469479017,-0.03694868679184946,0.006452803782437952,0.06577832156775457,0.013253818176268486,-0.05781844935616004,-0.02510198381603756,-0.02012357070216092,0.009528044763203021,0.03940898469872618,0.08289151837749684,-0.021280297267333187,-0.030790844057022683,0.009272244943658628,-0.04094258348090593,-0.06819390093642018,-0.09832453370828269,-0.004698703893750322,-0.010872935088953517,-0.05334907753254439,0.028723311623315005,-0.01044680379033691,-0.015556952086152943,-0.07952557757348748,-0.03951865877556341,-0.02821940519730548,0.05452737772185369,-0.028268974233297654,-0.0547951423942072,0.031049049502887553,0.0011560602924269945,-0.018347370200068686,-0.03795180349966973,0.020763982189719664,0.0011738153365368088,-0.0021559644981377028,0.06808189172074255,0.02405909514046129,-0.01000140786470704,0.03845335151223439,0.034048410911606125,0.0445797791885865,-0.05357406133437352,-0.06887015496022714,-0.043677888889067554,0.04933158698911087,0.07030155559169776,-0.008354090616293742,-0.05066479018162085,0.03265014742908679,0.07040539169091611,0.04304070710312552,0.009037098033377853,-0.12212880783775952,0.044161345723392524,-0.06644080836816536,-0.004663892743405996,0.09250807303098021,0.04822302578009334,0.08443786242422872,0.05305684369851434,-0.03144246986468346,0.11041876288056787,0.10375908150052246,0.09636629831889267,-0.03703268655005582,0.1490710170800578,0.06532197216512015,0.025609116918230524,-0.04194878963317399,0.14041613964460173,0.08653662839717298,0.21972428044566045,0.02609335055903779,-0.052581470911260295
2026-05-11,0.05540049724315098,-0.07107571718587578,0.026683637786707452,-0.034414524578740405,-0.03536101361904019,0.033901707958279806,0.04366023644367745,0.051407651197447474,0.10663440089626805,0.07095318304171473,-0.06049839845919386,-0.008356302561833449,-0.05127422929127096,0.004828003684857261,-0.0402614286808072,-0.030246591613700448,-0.012753123067657334,0.020369147469171844,0.07518414687232315,0.012662430631434667,0.013001118021302847,-0.0040728334983749295,-0.015935540655217406,0.026254649636384866,-0.039572053315647615,0.003637411829257967,0.05679242744809525,0.010643569327882794,-0.04708205909384194,-0.024595492096184918,-0.02710569439164317,0.004020454068576344,0.026328719579954127,0.06532777428575166,-0.013443111789475997,-0.03508794730112163,0.01047497159865469,-0.041932445366813474,-0.06363509112226283,-0.07832505331788123,-0.006994110781613995,-0.009332475565115924,-0.0445080211264339,0.020503588507297776,-0.00016601448807142434,-0.011498591365600141,-0.06919801758515769,-0.024902857227359056,-0.020109248882554352,0.046283044604267444,-0.024656817711989597,-0.04639719555803377,0.019285581091155357,-0.004743222858355777,-0.01547691203417941,-0.026876653469916995,0.014366038400514248,-0.0016347246063700676,0.0020196122155860634,0.0574206361663137,0.026226965985968555,-0.0009729125482816226,0.023588742181574272,0.027206546089946097,0.05032385338522596,-0.0387812079615855,-0.058885931396879726,-0.03824808504357105,0.04107711499828699,0.07210753061872376,-0.009780401245325096,-0.03081551023625005,0.027442649247730037,0.07031678287181714,0.0437334771758925,0.01879965366955128,-0.10479306738078398,0.05050498580201418,-0.05967930912750481,-0.008584168072159273,0.07447896175027575,0.047752212865711,0.06589312163309964,0.04611281594100795,-0.017882303103842166,0.10751202242999092,0.0979615709602843,0.08472880446021755,-0.029810725076058447,0.12644876486947365,0.07479852922669916,0.03250635290602998,-0.028023877780460442,0.1335529059929673,0.08885657682312076,0.19673072224848331,0.01273981426488399,-0.05166510516496536
2026-05-12,0.06016712947730039,-0.07366113394892698,0.025178817291126292,-0.03130417606187233,-0.04002793502150474,0.032304990135284935,0.04832641394122847,0.05337892329969845,0.12040162645802228,0.08178958868459582,-0.060425605709108404,-0.018570069355865644,-0.05719214699825634,-0.001432910796952451,-0.05277764157751044,-0.029996889395649907,-0.017005326995861263,0.025990386831261834,0.0957082179034111,0.012837915039789895,0.01710036321818846,-0.0016732116773014259,-0.016501431194905075,0.028120487197112312,-0.05295418826733772,0.00897912636050032,0.06948137523503561,0.020405411283748176,-0.05795820872847711,-0.02974060661120574,-0.022031201536249524,0.012075267740920851,0.030288587354379497,0.07350632188027267,-0.00882816817176922,-0.037907797643419325,0.017503545215462477,-0.05046710263075849,-0.07053533665766744,-0.08953926486863485,-0.007738553131656877,-0.010890094027293818,-0.05250482440852501,0.020442929052138625,-0.007727582594361548,-0.016617135306839156,-0.07802404727223439,-0.03264616248139641,-0.030447718926831062,0.055004188533795274,-0.030691163920505082,-0.05158282573801135,0.026311853575234793,-0.0109215380984254,-0.006889009995913966,-0.03203616834045049,0.016847231415731766,0.00503815955079823,0.007379016075921873,0.061466877962089606,0.02334806640588688,-0.007627358654917824,0.03916547810246554,0.034324369728612074,0.05044419989424961,-0.05477107643914046,-0.06596276402202156,-0.041481478146820086,0.053838103108844806,0.06991637545624341,-0.011166545552178936,-0.04353721137312994,0.03553549737125753,0.07542905248708635,0.04598357840714945,0.014728433426994023,-0.12396959624504404,0.04104312889008456,-0.06730835304769697,-0.010995035608690766,0.08619006017127114,0.05535218025139368,0.07669710085697046,0.05178382781814028,-0.03235471717513815,0.10687002239670419,0.10338781796020062,0.0949222407578144,-0.037696723538496395,0.13402649452500046,0.0770378280784424,0.02261599676059132,-0.04765134187471951,0.1398003837152652,0.08932426536868525,0.22053422152528412,0.01344247829810371,-0.048006572706117905
2026-05-13,0.05243449202449276,-0.06725205137859246,0.022544003436509735,-0.029029889075638367,-0.036229364696826104,0.03239055742018027,0.05515021687659414,0.048046311293992346,0.10497669850152384,0.06647279253324836,-0.06178561540302882,-0.006761874586029297,-0.047505632015066274,0.003590777883863437,-0.04193052935220868,-0.031568763209061004,0.0010091109386661697,0.013528748110636056,0.07073364003275842,0.014583235398318075,0.013748262893795318,-2.0028175563875997e-05,-0.005006861447228733,0.018571005996987043,-0.04532464654727382,0.0015279404346066547,0.054297398684937694,0.0036199319709920947,-0.04683645620284825,-0.020400603880312736,-0.030866719340658474,0.004976219767024055,0.02542577034927774,0.06767160979037297,-0.016158306156119753,-0.03597118279487364,0.013294775541377847,-0.032358214495019515,-0.07175339038795267,-0.07976929072780799,-0.01531455501314045,-0.004080357393396962,-0.04380149270273399,0.022560589953959542,-0.0031544336345703874,-0.0007961687335557056,-0.07667766510151813,-0.01342183302933229,-0.02063791815345927,0.042546058896331194,-0.030618230677323693,-0.05148201503741237,0.024182490809382767,-0.009042018679426238,0.0001914092576903552,-0.020383390569197163,0.017123113626658262,0.005946694504490334,0.0014464512459000257,0.05075820459269249,0.031437788852191235,-0.004861499621347992,0.014347956952497853,0.02911121111481537,0.049401003317377346,-0.036519474846239026,-0.062401235094015114,-0.03867987662645679,0.05777323401970896,0.08200487913337953,-0.006330536210288522,-0.026208072013169895,0.026123574016909984,0.07174832681443837,0.04056887263816457,0.02882555813296416,-0.10250137915816276,0.044083631280153794,-0.05984420482148836,-0.016201596831209843,0.07374244874232265,0.04897818244893871,0.05827873520547309,0.04192239353198615,-0.018300246499312223,0.09957581501628077,0.0922033890793151,0.07810119976114088,-0.031075860881823014,0.12622076116087705,0.0707634103298859,0.034853194636048454,-0.02814552304376377,0.12849796567596378,0.08820399936311937,0.18859143082466862,0.005288040494791855,-0.036986511066219155
2026-05-14,0.04677749914232195,-0.06042526412407359,0.02342010008844367,-0.02954225318960018,-0.03074740616975525,0.030516613164052152,0.0510222888683171,0.043853014519643636,0.0884405552157901,0.05950211458193252,-0.05814056924400317,-0.01001780831382605,-0.0447630729394932,0.033199955250159764,-0.03107546344107083,-0.030328165527425045,0.0021222122273359834,0.013411059610381516,0.054398721631414876,0.01454307579493681,0.010082735018647813,-0.002880513468525109,0.002345335304222212,0.011744329117562942,-0.03688783391210668,-0.003866716912241946,0.04852111215647828,-0.0069062559065711845,-0.03331159360055639,-0.016759371197157764,-0.037913040324759235,0.0031131478563279497,0.019966992029937843,0.055352493464651126,-0.019490864761716076,-0.0338922455194737,0.004198832637978126,-0.02934625505703227,-0.06157847183794177,-0.061656072261788,-0.01656445531898877,-0.0050539006915750855,-0.03549123611151361,0.014339787572601676,0.004319050775220581,-0.006806866769631834,-0.0704308379978214,-0.005733270011904776,-0.016381493709149604,0.0413939212219699,-0.02280758975829921,-0.047743969612374385,0.018316254704467155,-0.012092368825078798,-0.006676386311138956,-0.014341379279369638,0.01718590079744551,0.0038798212172971597,0.0008749315272107566,0.040886814854920336,0.035481506344046954,-0.0019297528603723704,0.011451859242393355,0.03010766616350167,0.04867793709959144,-0.023536986839946906,-0.05658138920307816,-0.037902687418285654,0.04648687744762847,0.084034916682418,-0.007303398760732391,-0.014332353778753316,0.023135932379722463,0.0628932213500055,0.0412099587879227,0.03307301125692909,-0.0820173811513288,0.048191358939030746,-0.05301747329040035,-0.008153610375050026,0.06357341770057874,0.04687244307539578,0.05120069259651912,0.03590462425661648,-0.004381137964154626,0.09868174065094977,0.08504005263700125,0.07100139781201067,-0.02494024503806757,0.11788380251483144,0.07000158153903786,0.03630427798437144,-0.01489440604888411,0.11436729995532846,0.08859852936096711,0.16482613336211058,0.0031974866118225096,-0.04128258126738335
2026-05-15,0.05559789278027545,-0.07149955313104266,0.021786816244334622,-0.024632046282230674,-0.036274452120774375,0.02480301112566426,0.03948320231099512,0.042168052379157495,0.11349060281113268,0.09031656419603759,-0.060388467037742824,-0.030254391547802323,-0.04427909426393858,0.032124529773460454,-0.049533881085775375,-0.03494893852382311,-0.0011129139355134012,0.026386521029780667,0.08770132004444038,0.020133067241001362,0.026161891419811734,0.0017431632120216475,0.006986508635076443,0.003965017642183858,-0.048147563344400714,0.0007058669068435892,0.05900359214068904,0.0022733410438803923,-0.05939678214567387,-0.0360360089338577,-0.038737983292139934,0.008401785786975546,0.03575359789211386,0.08817089115500015,-0.007641326091362645,-0.03244279295383724,0.017858766236428267,-0.03034705614498874,-0.07782130667024521,-0.06368973725622122,-0.029269295387533735,0.004874306081698024,-0.03601658198429083,0.015307088924156692,-0.016582084581689006,-0.01655966385112346,-0.0840814593605843,-0.029571794673566486,-0.031945453567053715,0.053475535366255135,-0.028328936770295333,-0.05300465873550955,0.029021808593258272,-0.029271414057545082,-0.010295255412890067,-0.022678302765163826,0.01929879465857994,0.0004840178424717935,0.008745462901303801,0.051998309399620427,0.0316080350363393,-0.00532414664487613,0.02848153410890881,0.03837289041248398,0.04262126653336242,-0.05758309486132582,-0.06601245146100398,-0.051071029010661795,0.055593509150019996,0.08638341626398624,-0.013048138918164703,-0.03229476685104707,0.03845218747849343,0.08722839815180643,0.05570879492693937,0.02614437097694597,-0.09856279962685008,0.028757055016879203,-0.08745234078184044,-0.015286278698628463,0.07713540868511008,0.056289601416821385,0.07017853427430976,0.045249136848158275,-0.03208246761467722,0.09993027456379386,0.09203633106374572,0.09436441721148026,-0.050256410680373884,0.1183078032481409,0.07679738591398026,0.008042371433267956,-0.04472847741467223,0.15216392775559862,0.10154149757898576,0.21533784056675265,0.01659881965563043,-0.043054535573852054
2026-05-18,0.05323525895036325,-0.06717652329233544,0.020448724182727036,-0.033347227108077596,-0.03108263422488848,0.026853673137956523,0.03924633107690574,0.03793266202135119,0.10007976348149686,0.07906094084919418,-0.06104732074402476,-0.020481397171718548,-0.040704142459608315,0.03979370670313653,-0.041534595958127356,-0.027244178637343977,0.0004987613603825661,0.02266015218685221,0.06509156286917613,0.01980644935465283,0.020737121132710402,0.0005340923449984776,0.006916942092549325,0.006139688375419684,-0.03830615615712832,-0.004363167472042738,0.04743238406189641,-0.001640615248025657,-0.047197806414651086,-0.028050705923711325,-0.03963501617051528,0.0036259624716674143,0.027858959759588305,0.07821984701716324,-0.01239213404918999,-0.03166274197482105,0.012818568398912407,-0.028552015638868194,-0.06843232243303145,-0.05729705305556383,-0.025972971378784668,0.0060023994838933675,-0.030597383310932674,0.012654505252347074,-0.006758796286832304,-0.015518610312621696,-0.07942313097999605,-0.019852272962523107,-0.021543405781545767,0.04500029249187621,-0.024092615339871698,-0.05205555002166702,0.021435870571711396,-0.022047281224157347,-0.013077006537640585,-0.019999606890023156,0.016847694494597474,-0.0008508990380042547,0.003499125427160143,0.047852995812787506,0.03670908186126057,-0.0026949081185345704,0.01998232800383269,0.030772863939472053,0.04463646734006473,-0.04519988337553853,-0.05916812116361973,-0.05085224155628593,0.04890449833606104,0.0917048414381621,-0.011293902949784515,-0.02273862157898788,0.0318070863997233,0.07865641198093462,0.04992721293020677,0.027365219516240463,-0.08104636296180158,0.0398624222093123,-0.07587543310488601,-0.008199261811828404,0.07070390896029599,0.0524447848262483,0.060547530660023274,0.04012270938426301,-0.01583537669009761,0.09750869089076204,0.0846483619503822,0.08016015062831967,-0.041748647542614356,0.11518739641474449,0.0787410543377148,0.02023593865335449,-0.032676192978245845,0.14063471261714977,0.09730032289024548,0.1879412994806706,0.013418392499985643,-0.042941885482405635
2026-05-19,0.054645648081715,-0.058287171651111525,0.01459966293439038,-0.03374958701990334,-0.02731864408340505,0.028227264534817026,0.03489786149919481,0.04482534010348152,0.10097461102068862,0.08062290740546826,-0.06174871323019902,-0.01578439461478494,-0.04303964946663438,0.04033134030655056,-0.04112975512735466,-0.024134360317481625,0.0007949388684404205,0.02200092115659189,0.0625376281742153,0.02083030599876296,0.018588882528021603,-0.0009984789108702687,0.010198878737387757,0.010834667649450876,-0.045072685896028857,0.002416104597988033,0.048636238822945425,0.0017634360766518257,-0.05147669342228086,-0.026937037978112005,-0.04197286045322799,0.007189865148344058,0.028233060728718257,0.08217568041472097,-0.015970825831156006,-0.041551379392677945,0.01473074403618211,-0.03296652384380913,-0.06748138975463301,-0.059300195694178964,-0.030524417732229962,-0.0030301002400275074,-0.026439442622934302,0.008663965317732713,-0.007726885575866966,-0.009511061874115068,-0.08449875240213219,-0.02862376368048586,-0.022433310688667614,0.04181610455230729,-0.0250300238701405,-0.04513487097684838,0.024348546861255062,-0.02426365550880931,-0.011554519697755181,-0.01682337901446452,0.025969910066243253,-0.0035814771795429964,0.0020594301309667697,0.04595107823059236,0.03729295348175116,-0.007756244136064834,0.024700588078020173,0.023803342642146307,0.04784326566893106,-0.04050616414644592,-0.06370564101157174,-0.052063063350407855,0.05016968023136248,0.09012833316770741,-0.014305328878181508,-0.0191298819505518,0.03128241897158354,0.08822697762685122,0.04935530750221247,0.02143669608121641,-0.07831683474746386,0.03437884881202876,-0.07296759330405739,-0.0059088037126604365,0.06750098525432109,0.05302731490205811,0.06144729434058068,0.04410274367304059,-0.02442626719643188,0.0940317133729096,0.08269544975211401,0.07617137787366622,-0.040990972760692634,0.10892946490756417,0.07823355399276834,0.020585125557450228,-0.03155297351151005,0.15254315786830214,0.10113143225736398,0.1849380386412078,0.011519441464649336,-0.034614753647722735
2026-05-20,0.053743182306803326,-0.0603523720197507,0.011653997968786703,-0.032256287280421625,-0.027157137308245836,0.031835231002402584,0.03417973615626396,0.04528553819734175,0.1009903081203291,0.08241640418676498,-0.06459850770361732,-0.017183315817459938,-0.04215262790876765,0.04025118369053934,-0.04173848818790297,-0.023288199682913,0.002040428255870865,0.02262114886654186,0.06147755773953402,0.02145939365649683,0.01971281857380274,-0.0006922940745995795,0.010341213787538482,0.01086873963124031,-0.045898091985648995,0.0076527094577307445,0.04832987388745593,0.0007691847415192219,-0.05192202168857648,-0.02703514263900124,-0.04209979655610438,0.005854044120108229,0.03018596267003918,0.08063839268471086,-0.017190590460804095,-0.04009971869377668,0.013206613069258114,-0.03255992779799036,-0.06767933629534852,-0.05925049359986688,-0.028726247508766498,-0.0013873499802473273,-0.026137995779182646,0.01067665839832493,-0.007639938159134834,-0.010418259221246328,-0.08484533079768491,-0.030274424521087417,-0.022402080752949263,0.040923704007718165,-0.027491584402679986,-0.043893288596384604,0.023762962352269067,-0.024817424293271412,-0.013648821363770153,-0.015254688999783076,0.026299201860152388,-0.0035550756523118673,0.0020866003836046802,0.04939983954981301,0.037089963340952437,-0.008506592680996865,0.025303413878178582,0.025193107987588982,0.046755621509151676,-0.03982154266340981,-0.062088801380965036,-0.05265649612627095,0.04888876333254054,0.08911633148061528,-0.015037582289860673,-0.01943867306692268,0.03051185953689061,0.08944212678461881,0.048796596613873276,0.020951508817130805,-0.07824981684669788,0.03463167462924274,-0.07263424796508616,-0.0050673576715472915,0.06789079926666974,0.05265553663575724,0.06063410375868687,0.045519817868312475,-0.02404744759281959,0.09327253633266992,0.08232782265126862,0.07607772640190605,-0.04158908266195415,0.11000923323100838,0.07783341475857067,0.019386026915155515,-0.03100158777868546,0.15334435623253098,0.1009101632103885,0.18367150564936727,0.011425945469934275,-0.03651649716145871
2026-05-21,0.05809176512345151,-0.062303406974314565,0.013067095892447039,-0.029511377368519477,-0.028785472655468783,0.0285470693926433,0.034761150134704606,0.04658689141696232,0.09855720148599033,0.08129528247631454,-0.06398535928660358,-0.015753433507379948,-0.0429564189053183,0.04171377066857795,-0.03962387592728674,-0.023124543747140465,0.00036731056276820967,0.023326417799757068,0.05791094632555927,0.02057026400181574,0.020128588956814825,0.0025208905177276078,0.006747905837553329,0.0043088156468440225,-0.04531719278221692,0.007573153486264603,0.048102897582684254,-9.880741761883645e-05,-0.04954543205019999,-0.026086666217239506,-0.04480012085462712,0.005862199896032489,0.0356489216887362,0.07556964206877696,-0.015955885696521205,-0.0414969198295394,0.01560068593473967,-0.03196153441212843,-0.06737709925425565,-0.058004358840730574,-0.027936984107261857,-0.002853865071883975,-0.026118401238793457,0.01226749540065318,-0.007639359763386909,-0.011171911683227771,-0.07979336176105066,-0.030086098270805522,-0.018865806668942463,0.04005556807251142,-0.026565082063391164,-0.04297141784376111,0.01744463234956592,-0.024443258362951047,-0.01571430408991497,-0.014914690857740108,0.026567598345230606,-0.0023791405873396995,0.007726547510880342,0.05127552581018968,0.035915981558605335,-0.009372597931836044,0.026073559192071168,0.025938178907105452,0.0464888103596046,-0.037305164189854655,-0.06001507036334178,-0.053997275933105576,0.047901140658199746,0.0912742427476476,-0.010385621607425137,-0.020653518901162807,0.02746654360799263,0.08820827606485955,0.046990997344711315,0.018436027001389733,-0.07776276995628274,0.032465653794976713,-0.07300220070041104,-0.001605013186730989,0.06798517155345345,0.0524223378050736,0.059501177664611896,0.04572450770231503,-0.024632813517049414,0.09274704575361381,0.08285377681433728,0.07582431594269577,-0.040945042024022625,0.10977912670335649,0.07762212095028694,0.018576890535829754,-0.032638143626328255,0.15045540682870945,0.09763506113789583,0.18449883777889178,0.012394425656942019,-0.03691902841626299
2026-05-22,0.0578080707236158,-0.06114161302837094,0.012252642148692375,-0.02909798641155878,-0.030679197790183972,0.029593497732990096,0.03556181669090419,0.04734375610332347,0.09694710355055831,0.07694924746194831,-0.06327004917555616,-0.015327294259551797,-0.043088450013255813,0.040780109182022135,-0.03950659074596432,-0.022949681303322554,-0.0017867234493238338,0.023645968005943534,0.05842554774141113,0.0197398709040079,0.01985042294819754,0.0035700915077442226,0.006549781331913114,0.004118601177797251,-0.04527376010207765,0.007892217373201078,0.049585186183676175,0.0011306373826645236,-0.05116195441990193,-0.02553074256643692,-0.04300014743448814,0.005052309934533601,0.03763207085437264,0.07792199006811093,-0.01578592956129065,-0.04142633562939023,0.016543088158067414,-0.03429646903736106,-0.06738042720362916,-0.058147027495573544,-0.02911326939528923,-0.004552617804517,-0.025327702336503326,0.014602487168786427,-0.007555972604323143,-0.01145468204908356,-0.07938205782409785,-0.030242203358006904,-0.018263870184840256,0.03904577552025616,-0.02752298209234165,-0.04379823138097216,0.015807261422243604,-0.024679288767790207,-0.015167805670840485,-0.01449622010400223,0.02964568010875996,-0.001905007146715338,0.007288536041476109,0.05263362723785518,0.03415034897892743,-0.009105929434892737,0.024338964528733395,0.02243205205225017,0.044828502967213635,-0.03999646857522093,-0.06066904525986935,-0.05436618406040984,0.048161739211121234,0.09150277796999416,-0.01087760768762275,-0.019370428815388377,0.027853626262851323,0.08869973760477864,0.0461796816430217,0.01672005182877388,-0.07708020813624358,0.03054550828132234,-0.073747806618719,-0.00011476898588431463,0.06778516744943144,0.05449270720184607,0.06112993265863161,0.047164302283331495,-0.023819718362648977,0.09224800873677465,0.08251190408699213,0.07589458932187143,-0.04242951020691552,0.11173244584432893,0.07866149078884976,0.020581664488317906,-0.03345733811132465,0.1511934028083686,0.09825907386248141,0.1837665071203802,0.01193429414311371,-0.033338572187079786
2026-05-26,0.05214997292185101,-0.05926178461304059,0.0045351017466785165,-0.027713109197672545,-0.029701161467607803,0.03325265309672519,0.038168101847284766,0.04892557512947702,0.07962680692284285,0.07068113064318454,-0.05385562314364166,-0.002934844357873707,-0.03658999283875667,0.0437271498009408,-0.02895209163477607,-0.015070948564970552,0.0014129584456192244,0.02148069681520715,0.04290842830719777,0.018631852894195867,0.015997231628016167,-0.014563004148465295,0.007583599049695792,0.004944353006310556,-0.03767378560899666,-0.007815060612694559,0.038957296112902426,-0.0036296943649058427,-0.03948243996971297,-0.012016693505762047,-0.04145462644292845,0.004456299397831829,0.024588061351681668,0.0713191334243198,-0.02068627345186412,-0.04392676771141007,0.01267232716322276,-0.027211102747776723,-0.03675086638946891,-0.05691766441047198,-0.03064572080258953,-0.001999456222393642,-0.01867429597921788,0.0066532347102046365,0.0027559072042268283,-0.011129020150555115,-0.06725908702424303,-0.020855004697739356,-0.008056587548778296,0.026922436036144422,-0.017178995024756255,-0.040236035332018076,0.0032200618088441173,-0.02215573666873332,-0.014518816351988066,-0.007113704240061252,0.031303487475122016,0.000775871805507743,6.931461679654874e-05,0.03889425245110693,0.03705777781452195,0.0001827354549221935,0.004648270999938344,0.013146811744547904,0.03872576012015359,-0.03718096891846247,-0.05428455032088282,-0.05515127074037193,0.03527523440334897,0.09793037860800065,-0.012512428534115097,-0.006104486018034977,0.025840433671817,0.07579443894494481,0.041308530463399974,0.02796827552004566,-0.06318851478531051,0.052778385227806,-0.057444466733678756,0.0037615499246960926,0.051462428610178794,0.055812384794369105,0.056880140034225965,0.043770621155005754,-0.011257086422609126,0.08983434066851638,0.07867064501909246,0.06529178266073073,-0.03259711176882099,0.09588416869965972,0.07062428005142,0.028336272662248314,-0.014409588424348632,0.14039931062950106,0.09808489677176599,0.15806272820259898,0.006916619929133272,-0.04090203070722233
2026-05-27,0.0653037166618157,-0.06945050611258746,-0.003614194728391468,-0.02425804000286956,-0.02540467640691857,0.039433754234424696,0.039136247656260725,0.050342321347936744,0.09695348546011825,0.08198002992534383,-0.05939483982761963,-0.014311916113421185,-0.04226332537321409,0.04641726632490064,-0.05301748710912299,-0.022268977963885057,0.014146388869959413,0.026056236212901235,0.07946628918680103,0.026941040816278634,0.022350339096786978,-0.020745279224421084,0.004090795199010601,0.007063735913564237,-0.0639312366201348,-0.007451595571714613,0.048163253889857614,0.011562107581079981,-0.04510039299143073,-0.015511144866739565,-0.03232783638778018,0.008052934134091394,0.051422052392491736,0.08287474342320189,-0.032709908629821094,-0.0352996998927396,0.02890166924712851,-0.026997319323083573,-0.05965158899521879,-0.06222251901887271,-0.05540541570531489,0.0031071609498836998,-0.017867444886029225,0.013524466639445877,-0.025818724634957456,-0.018393241921143742,-0.07634641240312898,-0.05245190598049072,-0.013724235472562346,0.030887963178888957,-0.02476875301311566,-0.03956463852757701,0.005440050349951997,-0.012722708929994006,-0.00962958024159036,-0.00240277214110551,0.05096499980650937,0.00775727904269657,0.002213997197078781,0.04436951971170837,0.04069862780959784,-0.006010399628421521,-0.006916688019224784,0.019613280402289282,0.01813795443157305,-0.0645922780421858,-0.07860491122749165,-0.0635775841104306,0.059347580200672496,0.10946853897379072,-0.015270565756444606,-0.0060063905147014155,0.042778416844969136,0.0927347139087872,0.03472176385340182,0.035586173158163086,-0.11790843852630252,0.04136879793884161,-0.08296131807019666,0.0031802683102939286,0.05668423644648343,0.06816262094440274,0.07278321790185288,0.0648750945065347,-0.041324946459068854,0.08787117661715173,0.07679350034230858,0.07810310593464267,-0.05499008917698295,0.10925721833294079,0.08054852647702365,0.0013824253077934622,-0.023196081881719455,0.14268450951088427,0.12427151130706039,0.19856882343894874,0.02690422871460208,-0.04906214563496039
2026-05-28,0.061796194387609804,-0.06268666752636927,0.004599279787125546,-0.03159747374949078,-0.033486789968053106,0.03531209798278763,0.04216996501868637,0.06147670165558469,0.0866158009826334,0.06484946955562143,-0.05653903965552218,-0.007192175205818352,-0.04367125459129363,0.05116860226580461,-0.03647660547250985,-0.01424227437020959,0.024172226020063477,0.020731017407743742,0.0615896774781472,0.02798350758949395,0.006941101443787288,-0.017845703695926404,0.010668275807999703,0.00671213308944985,-0.04684852241857443,-0.020808483687691337,0.03697542930534151,0.008501311393573085,-0.03455633835510843,-0.010359399806220861,-0.034575300667308406,-0.0024040201451792018,0.045755405166790566,0.07148697350062044,-0.025817930176315715,-0.04021578053029494,0.029605871015786323,-0.026747180422606973,-0.04700501294572751,-0.05435569506054856,-0.04959142436882816,0.005126488046922827,-0.011355145530072447,0.009632066178225889,-0.016107787176080683,-0.018280010620216072,-0.07918283175922551,-0.049346069169300136,-0.014208849830392169,0.028274678856096427,-0.014907914108668084,-0.03196617545194318,0.003632683320950342,-0.01106736098430349,-0.0056981740876569775,-0.003506279820405708,0.04040923652489035,0.008750495132658555,0.005143091742836015,0.03505288510405824,0.053393088753659425,-0.012729049657967928,-0.010945135488896604,0.02158756438306832,0.036192476346612795,-0.05532584376691893,-0.06406910998286704,-0.053295401485096566,0.05405395384087788,0.10802825412401086,-0.012598276525707665,-0.0012379568390492902,0.03466690095212495,0.0880456567736325,0.035254902639564434,0.03745989018233892,-0.08321968969227835,0.0489311822021871,-0.07200822928366699,0.0030995896469563815,0.046343710297522905,0.04531219145575757,0.06145224707039385,0.05208202613367349,-0.029261666410514885,0.08447636623186244,0.0705452579302338,0.06928609754762592,-0.03871402939609539,0.09405903675468669,0.07760353021386635,0.017175640129753495,-0.01741775365415428,0.12667461395444599,0.11226290535844322,0.16813307007187372,0.018545586347891337,-0.056326591563277725
2026-05-29,0.059641089854145596,-0.06588711198829712,0.005393861693690773,-0.03323650014725364,-0.029997885838667686,0.0343939368376454,0.04187272555768175,0.0621288765189536,0.08540419597982331,0.06692433498146846,-0.04959607835048865,-0.006007678501884052,-0.0429366886967649,0.04807829793957834,-0.03805824169121055,-0.015123528048412388,0.022845011719991024,0.020021816583887166,0.061895308728064403,0.029605101388395318,0.0055017972271410405,-0.018912953487921366,0.013965513469585931,0.006905371506256757,-0.04805756351840997,-0.018937858028598882,0.035102300339503394,0.0013575955982198067,-0.031896454011113434,-0.005762970811206152,-0.03678132693352034,-0.001281079288971287,0.0484248254338875,0.06704538663800227,-0.024100977195473522,-0.04112619027484425,0.02876892761069616,-0.026067153567019337,-0.04422707578457958,-0.05181455390990348,-0.050632108201227814,0.004781694608119817,-0.011297781180672485,0.007903121851434328,-0.018085594508860568,-0.019976718547399748,-0.07739699343095666,-0.051133574408145754,-0.010407821063899871,0.034390135110344826,-0.017418684680332995,-0.03505985189769751,0.00750399300128294,-0.01140188035307157,-0.00588533695436177,-0.0027832536096997207,0.037439377733232915,0.007446979457136254,0.006191104458474687,0.03706032396426337,0.05166083450890559,-0.011761023567239732,-0.00947900884637306,0.024835105130405627,0.043288051206676094,-0.055980750292661974,-0.06052772628952341,-0.05379187487307792,0.052678497256566544,0.10569682749810458,-0.015393687988699343,-0.0012039073188924963,0.03666550419902106,0.08529765441053368,0.044135586883961575,0.039764152406970066,-0.08376260260887118,0.048163447006366746,-0.07220123054515543,-0.003928141160791869,0.04108448390642834,0.050697494896291016,0.05674637379518005,0.05096280026496732,-0.02737869092937583,0.08269151110400663,0.0708032320853611,0.0700925653667415,-0.03696534242099659,0.09891077327673663,0.07591940156672233,0.014735988233277493,-0.018162465784237483,0.12591660078986583,0.10915198998513417,0.16915709921487834,0.018986752652665202,-0.06420981189991129
2026-06-01,0.062221970030790615,-0.06506478971363683,0.005360639723565752,-0.03777340578749136,-0.031279623388032626,0.029834230006678425,0.03963351369255931,0.06328996281197802,0.08269230346724424,0.06484728834737952,-0.05080347159765426,-0.0067719396246528184,-0.04364030096797609,0.04747313126470232,-0.03417659448642953,-0.01409036938271077,0.023707795937232462,0.013284623103440538,0.06845491453536248,0.031210092216795653,0.004712224520898983,-0.023692624199607965,0.018766623618971544,0.007493596244521228,-0.05205668500100641,-0.022639304547313603,0.034024428058494115,0.0024008377341988556,-0.030470445943121656,0.0015682134211841663,-0.03670128788429862,-0.0015475627136681477,0.05161495258441019,0.07337031595574635,-0.021904184255478167,-0.042579628295018025,0.0261079055117995,-0.022379739810710356,-0.04037502040228418,-0.04914385251741615,-0.039266134234551775,0.01628506183534705,-0.010145484352647857,0.006686330951347106,-0.021235163801975133,-0.023297294177033245,-0.0779733205305504,-0.052162498276579525,-0.004786822124923042,0.03510132528755811,-0.01687929792230522,-0.03332384807359367,0.008306712001343825,-0.0143296577776517,-0.008468226406747872,-0.006122911712687721,0.03799041385087198,0.011844742648010977,0.00694843813023961,0.032109304238518085,0.05470515142580855,-0.014421469959736878,-0.013496065932721806,0.024979064241995183,0.03881166597368432,-0.05677906269226288,-0.0644597366425105,-0.047249052229754326,0.052132760966728676,0.10189002600252049,-0.018352664516148698,0.0009096267656038808,0.03821073126834042,0.08761507305321471,0.05030866467834828,0.04097235991767507,-0.07842956972689147,0.045422932929480846,-0.07277581630921298,-0.005760072609221749,0.041315521529298814,0.04863351085039211,0.059701721063181605,0.04971788833278703,-0.031691460729159515,0.07964504505760495,0.06440727194596059,0.07040615875286195,-0.03149065765425612,0.09401661175405897,0.07543893574728484,0.014886328490629168,-0.021244043668333594,0.12661061994364575,0.10490098038583785,0.16952904394796983,0.018664279375114647,-0.06994270355125437
2026-06-02,0.05832475804643282,-0.05271854771140767,0.004434481812831789,-0.03721423087938847,-0.03171296826535096,0.026047711919195457,0.0397141099839044,0.06044288728100973,0.07221186034301319,0.05943671118976999,-0.050873782502849574,0.0014041576242242518,-0.03955445073524909,0.04872192486593818,-0.024740939754645176,-0.011678302952314373,0.0192726846977561,0.01130536973877028,0.0513390427677237,0.029301943431990295,-0.0019352135631535063,-0.021604791319046524,0.020323951904360406,0.005079304503160798,-0.04576952238064944,-0.023579098466656408,0.02983418388732556,-0.005070696074013397,-0.02517382524295829,0.006069493921694212,-0.03349918401143504,-0.004883860422589613,0.04066316010724085,0.062341753958207034,-0.02276127919388509,-0.04120996593505163,0.022532629581687398,-0.019447587549614537,-0.03606627254782004,-0.04284317374442157,-0.031525458026889094,0.011939249736351992,-0.008332577416922228,0.0054452678734235906,-0.011680989619355776,-0.01738248485385551,-0.07401591874417694,-0.03565387143636058,-0.003223991849946378,0.03111184007122677,-0.01566821367536738,-0.03032174925333922,0.0027626035005258887,-0.013645351924414498,-0.003951266277984124,-0.004273159619841444,0.03288051394585047,0.010683288351671276,0.0008163947291022766,0.02872096382529052,0.05080143579953329,-0.007677133087117321,-0.015667249019215894,0.019238554929400083,0.03948950485710874,-0.04116931922497844,-0.05389886689098809,-0.04082720192860416,0.041771713098581714,0.09742810502154595,-0.014577289601489888,0.0037525185331674076,0.030368350004562082,0.07691419088365267,0.04666844717225759,0.037950780452690305,-0.05899269363762788,0.05485248354146612,-0.060642562018309226,-0.002986513106319583,0.03825739499291902,0.039929372037517834,0.05155465403795116,0.03990351775576717,-0.014321744206484922,0.07955382560915551,0.06449066257948811,0.06724296653712598,-0.024951235761490352,0.08755344498606257,0.07123768273234848,0.023401180356131764,-0.00857176038786738,0.11548153649796139,0.09661810276127962,0.15015169858810404,0.01770434702063268,-0.06918241956464397
2026-06-03,0.0667602073034136,-0.04638965628098695,-0.004770207303803212,-0.03642935330517858,-0.03327792363013123,0.029525494420885888,0.04250965210456498,0.05684736746163077,0.0806902591522513,0.06717299219941146,-0.05345812273998446,-0.005746935124207637,-0.04405541779703423,0.046616490870845954,-0.027948146355422067,-0.01728061922914069,0.020531124099093315,0.019801329516675285,0.06511079569759758,0.026012906570124054,0.001216254553711887,-0.024548076668222236,0.01569038702912797,0.0027297080421152115,-0.055911439954884526,-0.027455839489660155,0.027186228746292063,-0.0016125388840370677,-0.029457756398384972,0.006489064999410949,-0.03400426042760725,0.0007200597644149206,0.05145008162174251,0.07156670463487,-0.017057855968391315,-0.04193789680540269,0.034058332168687165,-0.024477791584063005,-0.044724217201486796,-0.04829181898712653,-0.04354394336736447,0.011922508427234003,-0.008540821472574423,0.0030909496287310516,-0.024468092263468584,-0.025720690766973454,-0.0772175629280968,-0.04535684320392774,-0.004406555733137585,0.04092001511897409,-0.019258249252409897,-0.025237899144903986,0.006824617735531163,-0.01249349255826254,-0.007749337856160521,-0.0036121913661575685,0.04476708161086274,0.00793442448969858,-0.0012242389971966212,0.029851073896533437,0.05041412231963861,-0.014538589386951932,-0.01997976617458793,0.018632722752352712,0.038794287631623035,-0.05399186962884152,-0.06417758608574921,-0.04928384608800572,0.04357728163782843,0.10566934968450702,-0.01652241738502625,-0.0004576637546599392,0.033979326840174594,0.08768162670057811,0.053430890505543296,0.038828777520534964,-0.07664565511757743,0.04958002100496443,-0.07583992587796458,-0.008112196033295134,0.03882974124630729,0.04678535310647754,0.0586508840016518,0.05016409987496755,-0.027493297740554014,0.07800155117033097,0.06784847893498985,0.07969972816108781,-0.031146194753436177,0.09718501687913378,0.08019568987477754,0.017975531248132327,-0.01922220706978684,0.11787496058266016,0.10382824821357617,0.1709137378803883,0.023415598473919927,-0.05487612996835185
2026-06-04,0.07032393944568945,-0.04960212208877232,-0.003952217643262406,-0.03581461886533874,-0.025688859954203044,0.028597361177765998,0.04428101630431247,0.05668281700667183,0.08762321526931977,0.06907997259247597,-0.0545987751097335,-0.0045285489801040555,-0.04615916945213666,0.05130812798951303,-0.03178120548498572,-0.013965022720651735,0.027065501123722628,0.02337788047046717,0.05607579299314124,0.02207729379826636,0.0020525215706515346,-0.025234470251967636,0.011178840732140741,0.0031910986185169025,-0.045754195605935355,-0.0421526169940907,0.02544726447855223,-0.004315749834974047,-0.03520089340448674,0.014836426485877012,-0.033890807482383725,0.00822302431360205,0.046770624631833055,0.07102930576806388,-0.013980391142671618,-0.04096619128894706,0.030020648009563645,-0.026106685056492634,-0.048030193611010796,-0.04342872347837187,-0.044943550376141755,0.0049101140003377395,-0.004250913443256284,0.00689746781526561,-0.02671754560153477,-0.024999769726323687,-0.07772613842275639,-0.04054184404700955,-0.008756632009483444,0.03543795317001169,-0.01308230767072936,-0.019927747880975254,0.008391098034230743,-0.008351404209593629,-0.005437592776474711,0.0003899725155736902,0.04848622743943638,0.003711346998393549,-0.009516587895178624,0.02548712190083842,0.052689125134538016,-0.01612304780390037,-0.015175247158119852,0.01729561916639382,0.03391711503551226,-0.05136438912453658,-0.06088226372617134,-0.055451771874433564,0.036353325527356616,0.1057535946312093,-0.02880174573197669,-0.0005176284475076707,0.0322244423571842,0.08252852973398231,0.05420783175363306,0.04197568051103538,-0.06926712738838448,0.04782086676987052,-0.07463261189180123,-0.021568120609494257,0.03664836550692557,0.050752586147610634,0.06236377990371002,0.049089258745447735,-0.020300394523802348,0.08233758846583111,0.07140681371277645,0.0771181461799494,-0.023247975902605446,0.09288552658157438,0.07046983328541993,0.018595803523293306,-0.02537081738121192,0.128151139070928,0.1033902562330634,0.16972913945447674,0.018346674810826066,-0.04689838282285959
2026-06-05,0.07374225387673324,-0.04947316333535554,-0.002962908694645574,-0.03831407730074921,-0.03200603165816524,0.02493832151503552,0.044686935964933866,0.056436618070778995,0.0926796729427566,0.08022515284038043,-0.05949721847484836,0.003789595841620051,-0.04411247718599888,0.04869746273082787,-0.03536260693343879,-0.01759839507647827,0.02469117025420061,0.02209691626758158,0.05381696961253066,0.027117084347410295,-0.0031913741876590553,-0.02272195158042164,-0.0026778883315830265,0.018167244100183527,-0.04553175040807422,-0.04168282034700798,0.018818864550845214,-0.008408780316789133,-0.03837998650870227,0.012015403279568704,-0.03246892926478811,0.007136389075082579,0.046782499776409324,0.0649244049487634,-0.009983812711888697,-0.03200991007352922,0.022809136621485575,-0.03172492068932192,-0.05093991612483251,-0.04681085927813486,-0.0414363127603372,0.0063948564384106255,-0.004161971563689314,0.0024994809053580074,-0.022488390156477668,-0.02118797948540265,-0.07824897191889958,-0.02380828896505254,-0.004464325506672853,0.030138137785842394,-0.007753695784116893,-0.024280968312105675,0.011206696148654969,-0.011713384805139471,-0.005417113209618489,-0.002265001276310897,0.04381741359072842,0.004680333831670152,-0.008861382992355492,0.029134804385477386,0.055870393696272634,-0.012815459320282248,-0.014361380928861694,0.025079160098028394,0.03604348167578457,-0.03806320300692683,-0.05926163807618104,-0.051254467529696486,0.04006531179639542,0.11452028224717498,-0.03020343619153632,0.0011026376702364896,0.02806435012844819,0.07740818606760795,0.05729706307250803,0.04676960683600181,-0.07326472146319293,0.04094111384819966,-0.07126527160556338,-0.020940608593182163,0.038100667257420194,0.05277310167422924,0.05726412826911484,0.05175762954954825,-0.017337391584480867,0.07997577270463463,0.07347683279610198,0.07409488708727871,-0.02548747466410895,0.09184910696846638,0.06562655330712353,0.008828251842367914,-0.029725637888007153,0.12174078543799115,0.1076021690560606,0.17172107899942227,0.013221906793940516,-0.05671002251301717
2026-06-08,0.07882390073333105,-0.053658309193510056,-0.006759130217974791,-0.04073350977997944,-0.032968961981809625,0.02139493797739392,0.04723883309671216,0.05145498930246302,0.10323711160002658,0.08641270995451458,-0.05616886070875096,0.0009040364831166964,-0.02839210720504458,0.04763458565831803,-0.04899517447093139,-0.026307447558903123,0.022966135716623957,0.030561855319232258,0.0693839210777504,0.021163649137448552,0.0010095706722840648,-0.021930382642662512,-0.010194279392417611,0.01811408619263244,-0.04982725649777722,-0.04480258402366566,0.024919853673571867,-0.004750052994143541,-0.048000603275020044,0.012133511464472327,-0.028384322133988636,0.017167338334705795,0.054443868256491494,0.06990150874026728,-0.006834245008904763,-0.03288098936817369,0.025535618217066288,-0.039219376772709834,-0.05862113169609948,-0.056060774801721516,-0.05065159818572734,0.010720797349644106,-0.0006406761330749588,0.0036077410979643756,-0.03428585792544473,-0.0180728634189228,-0.08540534200852051,-0.03112523624097,-0.0003034282964306731,0.031546980420145386,-0.009705200212671418,-0.02776697807681997,0.01569220804517926,-0.023712674208030964,-0.00040765965765475996,-0.0009845016031379081,0.050917255792820665,-0.003205680727399565,-0.006620790371675405,0.0338987304201975,0.058699518048175005,-0.023737128958745322,-0.012938459805060936,0.033001141734653,0.03447468501175627,-0.04883080022600949,-0.0628642789007851,-0.05711083015997126,0.04017772916320496,0.11742235920562545,-0.04375245759067989,0.0021512087853491468,0.03167307550592392,0.08401426728692742,0.06580357925133698,0.05449700986498774,-0.09483340058662866,0.03772518432840417,-0.07894553482877946,-0.024624197591556908,0.03894122907181154,0.061602220270491656,0.0666295721893984,0.06348487576980674,-0.02698411683294838,0.08662679770504544,0.08026820270751187,0.08271897612307781,-0.034914674054860415,0.09701102507393591,0.06262191007340938,-0.006581169744212171,-0.04513135522834574,0.13027366573485102,0.11290266225827808,0.19163374914122971,0.01663693828014056,-0.052150926020453195
2026-06-09,0.06187769665416858,-0.05203998546521481,0.0005854831505531805,0.0072838862759967435,-0.04158127111001541,0.016517952527286082,0.04121615956859738,0.052561870567904664,0.07709887972449028,0.06978353132324629,-0.056066823304205524,0.004912884352958633,-0.028096922930773732,0.04639316297544461,-0.026896150426312014,-0.015911033563708203,0.01630645726441475,0.01744171663505739,0.0403779097884854,0.0195019821264003,-0.007917648179909453,-0.02274313282804196,-0.00140535493515726,0.008252204963578768,-0.04087830099337098,-0.034206274939844704,0.023264289800017948,-0.010278866242960339,-0.0314019387746423,0.016195293056433965,-0.041075092817769304,0.0014022066868783316,0.036600119449294234,0.05340157550644664,-0.012012119184329954,-0.036538055566101464,0.018291885990426884,-0.024189100880981085,-0.04315709339581405,-0.05211657973014801,-0.02846845102242805,0.004352246198327931,-0.008387193505346726,0.0030286522409672416,-0.008851495839623339,-0.011497997460126202,-0.07667074980348638,-0.012632270411086768,0.00032866694633477446,0.01959996568852592,-0.0048859770684351045,-0.025937791579724888,0.0080167903309132,-0.014960079696479523,-0.004680429810083686,0.0022520677639938976,0.04240551743349752,0.004523701211011208,-0.005422095942310476,0.025624151270087197,0.05437580577601047,-0.008258759035747602,-0.01295465233783895,0.023505179071032386,0.0427970695565538,-0.026691250806510025,-0.04426613190802311,-0.04299514777387693,0.030908428860127006,0.10915512557580904,-0.0266001325365397,0.0075275948539496205,0.01910291418372674,0.06872512707802968,0.048663685310845764,0.043957273718233415,-0.060758826826807694,0.04758327750539614,-0.0567990596621271,-0.020946577104276866,0.04056826946983948,0.0417175229030881,0.04919304799637338,0.04357494942560061,-0.006027766028722082,0.0849502107453144,0.07096270319233472,0.07138440392139878,-0.01948641487125765,0.08785657306551867,0.06113066574653698,0.016490045880013682,-0.02232897962043042,0.11192530724437062,0.10425694021261926,0.15557513134004194,0.006517431561411102,-0.05278361574532617
2026-06-10,0.06909883937413076,-0.056794979935776105,-0.004822179817887266,0.008024692229502785,-0.04403199014337322,0.01656786194228535,0.04471752267942479,0.05306939746583206,0.08868985028184227,0.0784083859004102,-0.05565720954460614,0.00017626138182511193,-0.03059409127021972,0.048315740485336,-0.03634864150575679,-0.02214048079168008,0.019202137723476835,0.023811535693187932,0.05426548041400723,0.021528573955397874,-0.004192413096014175,-0.02401882600595822,-0.01106276791164349,0.009420460199065893,-0.04643719462188746,-0.03768715061238033,0.027694090369380447,-0.007869687911027606,-0.037096759837809225,0.014291996763037818,-0.04010727723091358,0.007158299468558622,0.04646112484075361,0.06134549234324181,-0.009186716047758494,-0.033854266045827815,0.01832721919119164,-0.0272391040042632,-0.05269075779985498,-0.0572184444591432,-0.03734711607653028,0.007359476111524164,-0.009283075650774344,0.0027445434955985244,-0.01877425075738668,-0.015458033596753592,-0.08056300746994177,-0.019825087191270338,0.0019232102210925209,0.022238305595204733,-0.004319555462922543,-0.026354261518565597,0.007366177029363263,-0.01825219194196344,-0.0019922454959686794,0.0043726354911046775,0.05148468101450053,0.003737011913374208,-0.0056420309136766735,0.027420831717557305,0.055872496250485626,-0.014677478846295987,-0.01187787754217238,0.029469560266133267,0.04039202688423297,-0.03640977064521046,-0.05361882468178962,-0.05136009664064651,0.03627550297587236,0.11432440702101278,-0.0353812463447958,0.005930887783064308,0.021847904210228773,0.07630675935746414,0.054076702567037116,0.04761957270766002,-0.08166574885232208,0.04111012979649698,-0.06934813014185867,-0.02658719207572542,0.04191060797293408,0.04996771747305118,0.0550093857703587,0.053896640084296316,-0.01799532285297658,0.08462315536231552,0.07425928968673301,0.07979975869668153,-0.026293898981797424,0.09641842362638912,0.06327354925813644,0.003361965450387659,-0.034734950831447446,0.11937434293671365,0.11421025379951591,0.1766326771746045,0.009055435636916326,-0.047428654933358294
2026-06-11,0.06313736418261975,-0.05045962912798379,0.00041461258388588405,0.00696176369586555,-0.03845542824321248,0.019010193573150428,0.04088017709014188,0.05154444901308983,0.07486867788033459,0.07245214174499771,-0.05986612503828999,0.006819106128642373,-0.029460228136361087,0.050093555733479254,-0.031180042389005486,-0.013868297036390644,0.01725763847800633,0.014561281865078414,0.03714238223730174,0.015119128397112378,-0.005166268156150953,-0.018715551390876252,-0.014545018671868826,0.00396763101912834,-0.03835991070773957,-0.028910293893894247,0.026513795303145182,-0.013147248023575158,-0.028341450484967626,0.016221501910434533,-0.044701385006070286,-0.004163449554192254,0.04052965179443472,0.058983245700688955,-0.010782685590775559,-0.03354356423383649,0.016258521358530363,-0.016478817743984638,-0.04007105609817206,-0.04756470808719397,-0.024009863647898234,0.002203180620932388,-0.0015211723516415782,-0.008498629965572916,-0.004441689074019319,-0.009435564335861188,-0.07157397256862359,-0.011507140429817314,0.006035715711819669,0.014419876234518883,-0.005794559125702826,-0.025481032355790793,0.0023242258720878317,-0.013871378030572265,-0.005937440343119412,-0.0004625014900928714,0.04316868316740539,0.003313981711306164,-0.0031096670419224724,0.023900003659528143,0.0586717105152862,-0.01730748148118045,-0.00999397261619704,0.02005498847869444,0.0473268181822137,-0.02892151505914857,-0.05195010283746596,-0.042501704108593816,0.03303988727101361,0.10996550313437664,-0.030568859021973004,0.0071556797973833155,0.02252881088025437,0.0618542509208934,0.05426879660279978,0.04465127549200768,-0.060250634137687734,0.048469079126754376,-0.05890186250994833,-0.023401421550641018,0.04020200976270406,0.03903913956033093,0.050212342359360555,0.037569115589172676,-0.0057326702481925295,0.08507276021340873,0.07200521965091813,0.07236696161777453,-0.018586692229226535,0.09165502228632462,0.060985394230693726,0.015154821848890273,-0.019405881491283875,0.11245315284364052,0.10027048220140913,0.15734997839823053,0.005262631052116755,-0.0547397530176046
2026-06-12,0.06419208001390132,-0.051579798816808096,0.0010106307548792427,0.0069683374270346765,-0.03910367506821576,0.020026061586480605,0.041669619615257954,0.052849550633828554,0.07595374021708522,0.07327660301689365,-0.059895966546994875,0.006548558856794887,-0.028336536382635148,0.05010901000028046,-0.03265898625356,-0.01430320518403482,0.016606835123822446,0.014291095250124277,0.03736487413141742,0.016039042026290952,-0.004720007855478277,-0.01750429183020053,-0.014820993562515187,0.0028275588584622405,-0.038816279013453255,-0.029737528481539648,0.025734072627074882,-0.013235187648307415,-0.027845709162530853,0.016749302986427003,-0.04517029424209818,-0.004708032433557115,0.03998441259481693,0.05895239840587771,-0.010926237639230377,-0.034074107836002517,0.016572768360972365,-0.01590643905232912,-0.0404635627280032,-0.04861198854624015,-0.02341573007577031,0.0022369855399333866,-0.001767616644284915,-0.009082484636456908,-0.0031937616803542797,-0.00810242086864378,-0.07100964947042404,-0.011054442070037853,0.005914380467973852,0.014371368400236423,-0.00563110673833791,-0.025968697394425734,0.0024604522686940957,-0.01394845356853945,-0.0067189741029962235,0.0012608233176754028,0.043205268157405365,0.0036610979326477952,-0.003434358324076684,0.024567466909291437,0.05802537228391066,-0.016458710800562687,-0.010764496947029552,0.01780727432050143,0.048001254649805,-0.029430299828957736,-0.05264587440020238,-0.04262848586961897,0.031016917256674943,0.110194989593092,-0.03139068617476398,0.0077141273224887764,0.02253247434147819,0.061664127159001395,0.05480382534415881,0.04469081781196722,-0.05941845045986896,0.048551191129196085,-0.05864987964053486,-0.02346089129699646,0.04101476962947858,0.037730140757986544,0.05081916777183873,0.037501175950460694,-0.005694543118638694,0.08531434028157744,0.07224337889652732,0.07181438510039607,-0.016284174754832452,0.09165353732108263,0.060415265680135964,0.01520696751404034,-0.020478478692219387,0.11152893747174933,0.10024132748153061,0.1563879136021885,0.005727467783814556,-0.054954046094353864
2026-06-15,0.07236280705451117,-0.053197581079197157,-0.002245621705481598,0.007252904384895191,-0.0439259792501644,0.012252322393147476,0.04127148861753445,0.05603296878908906,0.09166028167877542,0.09322625909623565,-0.0637598459396737,-0.0025626498399484807,-0.029560625982191113,0.05577253150750504,-0.04138440337652449,-0.020732510580667635,0.01566908586616131,0.02577706790177842,0.052808328020359584,0.015240974973763404,-0.0034790690885309495,-0.014602055883305364,-0.020688902110523814,0.006237788575885155,-0.047347032368289584,-0.03926787874514459,0.026543378585208242,-0.005682747346274221,-0.03955080397616039,0.012937638949714326,-0.04478579650681843,0.007409694763507728,0.04807221753446466,0.06934141170889924,-0.015951751104439013,-0.02921825851477771,0.0186440943238804,-0.01924197733364287,-0.05345549254406322,-0.051574589609396336,-0.03219109857121463,0.004751820517837226,0.0011143893513836066,-0.011290760991243086,-0.01198889262552894,-0.008196915558591316,-0.07770247205222532,-0.03002295222452666,0.007291581527368431,0.0201049779134121,-0.009706369641586455,-0.027663879327537347,0.007691817137681816,-0.021372710103837955,0.0012203017847129821,0.01048089109158055,0.05302263618685377,0.0008696058047280436,0.006419776427133869,0.027754012544205647,0.05523039795597145,-0.026040033668930908,-0.009205414550278035,0.017400613696923417,0.04244214328871982,-0.035371191346320406,-0.0503959641893884,-0.04189834593365558,0.040329895373687814,0.1107326331400248,-0.026365093725679738,0.010040961638657957,0.019971360340991194,0.06444826771982669,0.0594586587657193,0.05359952279688616,-0.07001795681879783,0.03963257259354373,-0.07054747377030048,-0.03805036322197581,0.0385658934449801,0.047003320047556627,0.05271937821561069,0.04253376955736917,-0.017718610506312363,0.0891670396290533,0.07360816928437526,0.07588253421765817,-0.020723759061381027,0.09603684519408628,0.06134642651755694,0.0007663935071024145,-0.035518128851836694,0.12310986922298629,0.10757538180455899,0.1698730900528783,0.0039669793533284444,-0.0504732127459034
2026-06-16,0.08077330036136299,-0.0675550936040438,-0.006804979419044571,0.006820794712897326,-0.0329019003761316,-0.002293751550517144,0.03831122524873388,0.059860513240680376,0.10219844138555949,0.09998464524866965,-0.06450390185909265,-0.01019947107100992,-0.035613760570827574,0.05780400776200874,-0.05628463558417428,-0.019060276096546876,0.02048849848129718,0.029876373868654417,0.06867188700790758,0.019006942889857076,0.0002317102149358742,-0.009138705379689563,-0.029417319267233677,-0.002139625775215809,-0.05476222538034728,-0.03957669125452225,0.03076811710153384,0.00877805146833795,-0.04733626110886775,0.014006296567174151,-0.04157353883451639,0.011754597731736668,0.056987784566475186,0.0771375336800462,-0.01818389732000121,-0.029500530876218206,0.01877075836393214,-0.02330083465750589,-0.06177788855528607,-0.06684417452931014,-0.031586932114040046,0.010179302935908149,0.005598329467517139,-0.011529851715994225,-0.021619036549705553,-0.010145306418298394,-0.08387969604194787,-0.03489581908608332,0.01190156350542041,0.023740341120428568,-0.007086447542098402,-0.019123602750225795,0.012229027048449944,-0.034766973511371604,0.0019961635061259766,0.01818698936198282,0.06117362852021796,-0.0026520687686511345,0.008123057055371998,0.036475663226361615,0.0673585886020954,-0.036983143433701945,-0.014091606008444378,0.017879650355698763,0.034889035413718066,-0.04641870125821689,-0.05210605939815174,-0.041125285398045185,0.04506349607973258,0.10927605126983211,-0.027654411893332502,0.011805248386012589,0.029258300279427052,0.06977511761283528,0.0705656548434806,0.05768817954372415,-0.09460533830206896,0.029551882896342023,-0.07657879268042331,-0.038237688377703825,0.026420238401577735,0.05383237405192254,0.06504631296397306,0.050833203909003345,-0.02937128099567153,0.07823785717142653,0.07819159153647812,0.0852756431144934,-0.026826178613135687,0.10085482326217698,0.06929069632448316,-0.019429915457972444,-0.044980231676207204,0.1335868514361675,0.11841113607183257,0.19143193344036455,0.026796227468992836,-0.08869180902378172
2026-06-17,0.06997165077263122,-0.051651878714291354,-4.033398249960775e-05,0.00593548275704772,-0.03304379325244968,0.005048669729114322,0.034672603056861775,0.057618147252889246,0.07955558440681465,0.07954982226846681,-0.06598320502677711,-0.0006616410197143995,-0.027550550792044652,0.05379136035190726,-0.03414571599433625,-0.010849208439347236,0.01332928232727818,0.018404456260263376,0.03949868896984322,0.017354629722286345,-0.006426336762084777,-0.009276917041058466,-0.01697663406889722,-0.0011050636121080447,-0.04361684662599053,-0.03963924381871667,0.02429596465379406,-0.0007705540093542098,-0.029923709688850074,0.01568057715983256,-0.04298334769992483,0.0015580254011938223,0.03745289599364727,0.05780933775838241,-0.020235946825578596,-0.030872079399893206,0.014720852501587788,-0.015683956486730113,-0.04418263497103008,-0.051303603182199224,-0.017915063150964743,0.004050948787069455,0.005089353444685478,-0.006295349537384405,-0.002385921213334141,-0.006108000605703641,-0.07264099708161492,-0.0189562758498382,0.008131385441868696,0.019499044924328315,-0.005952367519165549,-0.02354906120102218,0.002407846648011684,-0.02096848937715691,-0.0025679062169462006,0.010700032469243666,0.04022433172021792,0.0008883530280241626,0.006564094908599714,0.031208341530896355,0.05780944329777435,-0.016304119480696905,-0.012017461918371957,0.010573274290020456,0.04171316124344176,-0.02337540651696024,-0.03942835673688205,-0.032939823071556025,0.031671107123054085,0.10463912839993737,-0.020104969439112233,0.014057469289307532,0.020428116322826054,0.0594110505134318,0.05478386878345965,0.04802555541095581,-0.05752127649432852,0.04518286830567129,-0.0541883838778857,-0.02852271052803032,0.03244884013342457,0.03667788645508526,0.04912278813032,0.035081352611963025,-0.0056965228318258555,0.07955464325690863,0.07114587596337987,0.0681367012774537,-0.013516727326929526,0.08659508405638788,0.06433333712161284,0.011401317979990272,-0.02285933690840216,0.11752109335936939,0.10377679368068901,0.1505179081396873,0.016594706895189573,-0.08547740799014025
2026-06-18,0.06502587281053285,-0.04637543194934388,0.0007727416476478229,0.00513461594764614,-0.02747958611080987,0.010630683284816101,0.033334392333616354,0.058703773062482804,0.08022778916629407,0.07071920039781374,-0.0659421981082108,0.0017874735718721342,-0.017894819669000202,0.05046799440333009,-0.03096998180794519,-0.0022278142360827435,0.012858307827229467,0.018446044284823205,0.02554301641123896,0.012360872230862489,-0.010981112615788905,-0.010463156675999145,-0.01109337007114603,0.005668885958481519,-0.04171191991900484,-0.029652407700480547,0.019380353993075715,-0.0025235173141377985,-0.01794185984017834,0.01921070218154179,-0.03707112486131439,-0.002973700244106944,0.024377942642933654,0.045999312746741954,-0.020430545739758936,-0.027968231027440726,0.0076549390047125476,-0.015350361456550539,-0.04023190220656897,-0.049634429555463926,-0.01801685160582831,0.00694935775939624,0.003429927920320217,0.004801399752340992,0.008260275033057585,-0.004100237895157847,-0.0689095308885851,-0.017233978451425262,-0.0020423301365002557,0.013366081330500629,-0.011899731463935992,-0.031065554796666194,0.0009910186296727182,-0.007170220966925987,-8.583054374925944e-05,0.004360704427109298,0.026599321325983596,-0.0019475986816228797,0.008528353170628769,0.02992525540358975,0.05739609583940977,-0.011425456337081608,-0.011579331148726299,0.00896788858782711,0.040414336168333016,-0.014145099681681704,-0.02713135971997791,-0.028783159798317713,0.025332698163107386,0.09382959448149479,-0.020152868426148156,0.012981644373033561,0.018335369222710503,0.046642981203928575,0.047265972599828204,0.04347054818574785,-0.03897298613119413,0.05869689922127446,-0.0449740288161681,-0.013988039099219704,0.03500360063547654,0.027284999349589757,0.036544693897786015,0.028100213240039244,0.0022623426732115495,0.07643208077528181,0.07036655560519439,0.06203416575248243,-0.006458800967529566,0.07727302763765795,0.0590493554455081,0.018745450007265685,-0.01308372390091385,0.11614482694920375,0.10412900336644917,0.13625225961113735,0.01478634798498558,-0.09117536907156935
2026-06-22,0.07161227324560565,-0.06210718163063342,-0.007585409211523142,0.006915065363470736,-0.022599997451761077,-0.001278420599084843,0.0436310076335079,0.060580117671415634,0.10256282587257787,0.08720830813228819,-0.06514068295349383,-0.0011133336436842823,-0.017714647529081334,0.05094180761119389,-0.04309477260695973,-0.006636075134050739,0.012350494451380948,0.033482946727988225,0.045364438080422585,5.342443429609718e-05,-0.012138675714238668,-0.01281413992075891,-0.026342530368046076,0.010822022216460182,-0.06483438857677608,-0.03805556544108398,0.026267334263372168,0.004760429570152804,-0.020413408314277945,0.019156253887395145,-0.04040338580508141,0.008196078963967207,0.030518070696832225,0.06957456463768233,-0.011166958393407879,-0.03364417981332131,0.011200468767942198,-0.023778289145410213,-0.0579289623789708,-0.058740571774923686,-0.030066010517483928,0.023043908522270486,0.008003428345110288,0.00441112349685028,-0.0001760569179104464,-0.002993564767599802,-0.0809314353674312,-0.036406339502206855,0.004886174283264438,0.011888391774722867,-0.016244204279251738,-0.02104204239205989,0.008722641894202939,-0.0058564219750217635,0.008844601675197995,0.004182639437572133,0.047995037878331454,-0.013336966245649161,0.014521305286013711,0.02988675188702114,0.07254506772100182,-0.027430189669877113,-0.013758559932786277,0.01652977783195278,0.03834909737376694,-0.033652812129055416,-0.041272310777179716,-0.04735945949200972,0.03262955563664613,0.09530213499159548,-0.030721154528710173,0.011138151628095807,0.02056644333996959,0.0498407724977533,0.054752744075740434,0.04584297887139597,-0.06954697061694012,0.05484470201747038,-0.07115436501276882,-0.015556552848753553,0.0349437524624995,0.03856357094496324,0.04025259877904734,0.042125474687891386,-0.019590650372791132,0.07699217809202893,0.08599923879248872,0.07465448926663344,-0.019458781991644428,0.09069971058333287,0.06836290012464107,-0.009218976998370125,-0.040267466982952416,0.13359852503610858,0.12964991750602659,0.17324921170715224,0.023786998896616063,-0.0932310598483054
2026-06-23,0.07541226103738441,-0.06529364350940564,-0.00787562639888926,0.008425289774283454,-0.021242805875998173,-0.010999072151763026,0.048448050580155846,0.06159716131448492,0.11069991014668851,0.09270770240913144,-0.062413001608932164,-0.006487288704917738,-0.01748344848018804,0.0554247802366777,-0.0567319790805523,-0.018530594793354525,0.013004548189060985,0.0432198058042679,0.058191276379246495,-0.0075812261465499475,-0.013051548982229556,-0.013759498819508375,-0.03768828374693398,0.009715043546277042,-0.07602790996093724,-0.03605665385308576,0.033382264538791576,0.014570247671366512,-0.015717350946021898,0.018764845093334287,-0.03454373002397636,0.01867522107473729,0.037895649177857524,0.0628256582400835,-0.003141677217589567,-0.03736134515925999,0.01054319384100704,-0.027474571224448692,-0.0674185493543848,-0.06554150473943257,-0.04188893763593787,0.03580230541531904,0.0016828714212263549,0.00405099006890401,-0.004558582045525172,0.0013459410962428382,-0.08833107988428393,-0.04480267182167795,0.007085076334776588,0.01853752154980362,-0.014119366988576831,-0.02198788598114656,0.013577858200935265,-0.008605433271087223,0.017436919338843723,0.007316259960602978,0.05621501046736765,-0.018236283082913793,0.017454269324187817,0.027930750061569087,0.08237087128520142,-0.032310710833004935,-0.011907171034094563,0.015928487271459256,0.03226048265329879,-0.0444919980448912,-0.04263272292748273,-0.046013664718770594,0.035229732596385795,0.09717404389143781,-0.03505559897510384,0.00486850478024493,0.018304077013089483,0.05693255951718519,0.0666992779986508,0.05536714779331187,-0.08406208913325586,0.04729281718080053,-0.08531329479852737,-0.01339234596007141,0.03335400100717568,0.04901633235351414,0.03792509748809929,0.04063167166897819,-0.03700318557231895,0.08075068116165396,0.08452281252764031,0.0814800785675459,-0.0343218291562077,0.10266573793068777,0.07664321434005299,-0.03175629167868729,-0.04549910568316973,0.1435744768730983,0.13163909764320084,0.2013192132749847,0.029215288716384492,-0.09839282782360265
2026-06-24,0.07717462484766698,-0.06702750927746651,-0.010304894234523512,0.008003598425188233,-0.021412979785858155,-0.005972216791231831,0.049242355462451995,0.06565930866165975,0.11204052759831773,0.09319965356670883,-0.06432944143858504,-0.010398761104901058,-0.021615762531668456,0.05067815494548187,-0.06176289189506243,-0.016729343418374877,0.014987296984458469,0.03607932315389305,0.053133014018593494,-0.009706230654210049,-0.012274895958016582,-0.014363691216040276,-0.036418315809623486,0.011967930234216165,-0.07994190214405829,-0.03099644378050844,0.03383048597604874,0.01711079166936006,-0.010706075874198155,0.015087968185953489,-0.038004633194875716,0.018575787948847493,0.03938947109024276,0.06858186455253358,-0.005024626766379851,-0.03762059988556743,0.013638451814420322,-0.024472735088871413,-0.06259677227673574,-0.06578036623253407,-0.03976079334544095,0.038197282506576835,-0.0010317131475252542,0.005449824042643793,-0.004776478558229781,0.0016992230899675626,-0.09168358625878802,-0.04712808979286249,0.005708320411602408,0.02269266371272516,-0.013785653398555963,-0.022791642256686284,0.015285030019205108,-0.00802586578699087,0.017731014829699635,0.006526148895047965,0.054986116683493326,-0.013942645814125002,0.01876799920395225,0.025429074812149812,0.08088447600223028,-0.03346236423991471,-0.01297955427116282,0.017261427073724547,0.03005890422625223,-0.03921758783567426,-0.04631737562726371,-0.05055794491250003,0.04226063683148899,0.0927139025308416,-0.036320447664349005,0.01233138193900744,0.01816191692197447,0.0545480280826179,0.06104618490996747,0.05398682223840059,-0.08446422000447075,0.04978063736674849,-0.08904340154765214,-0.013105193117734374,0.03210578108245935,0.044904272172010644,0.03473055135417214,0.04304732827143575,-0.03684095373067273,0.07992605052439199,0.0818686079338145,0.09098212573254505,-0.03449542012913611,0.10279403856403921,0.07851775786463393,-0.03250571414818657,-0.03444869384370414,0.14232718571167532,0.12722724303259025,0.2017651535007446,0.03176682255000113,-0.1017041149699576
2026-06-25,0.08049555095713352,-0.07408829352243722,-0.014350674383902228,0.008418002167582612,-0.021461007249849055,-0.010958249337268152,0.054464874931693434,0.06392947741387638,0.11988558620520524,0.10043172836901061,-0.061053276317932906,-0.01786110648856054,-0.022324524455154295,0.052631349570477916,-0.07543355325054563,-0.021385127342530057,0.016974843097567787,0.04412407661726224,0.0683050527673749,-0.016921976392143656,-0.012065765678367228,-0.013540309660988565,-0.04656440959697598,0.013909674421070486,-0.09094958232944382,-0.029960678257410465,0.03531653261840872,0.024668228781248608,-0.012132928729028153,0.016148746964581566,-0.032466838862230535,0.029354818215317893,0.04743026916386183,0.07720862738524344,0.0035946211342439225,-0.03911995134081622,0.011714626885034623,-0.03107313455644492,-0.0754768989086683,-0.07027463343409542,-0.04856466996928109,0.04786897064094859,-0.0010777728908836215,0.008190777774987518,-0.014286716531788141,0.00502834262846267,-0.09763771864040315,-0.059231286066982705,0.009177899866284644,0.02695081583280226,-0.014568624894200207,-0.019603410322458194,0.023962593521450512,-0.013608352009148552,0.021686624391069477,0.007093390964965109,0.06397538655353724,-0.01782942187756071,0.022298776805293342,0.021849705208790968,0.08733465836875953,-0.044929511939204705,-0.020664903087158293,0.0216057641717861,0.02645158268136328,-0.053211265430589794,-0.047750700308179,-0.05584530837985076,0.047791335959475226,0.09504821881290035,-0.03867185611565529,0.010960028104089648,0.021682802556576605,0.05645071370491529,0.07350483006469649,0.05644644295288632,-0.10108076888634143,0.04312623220655163,-0.10035224319444662,-0.015204064020918432,0.027904779279755515,0.058231310264671474,0.03645110045412042,0.05122022368827675,-0.050748417274974526,0.07778648955739245,0.08315364624807524,0.10335812371981043,-0.04005138485602,0.11093957879141206,0.08227639156828176,-0.05615621762734746,-0.043640631254584235,0.1500673675205074,0.1344239124125862,0.22574918226114393,0.03846822175587151,-0.10334474328792347
2026-06-26,0.07698773839915354,-0.06346566164376749,-0.012539211756426862,0.0073686194185461846,-0.022944720365753936,-0.006894193178088466,0.05165845671826686,0.055339194299936584,0.11013824716805475,0.09132809373251682,-0.0616647061129971,-0.009044023400373842,-0.017245304556357213,0.05301931560796443,-0.05943629065102324,-0.014390336943453144,0.010360806337807386,0.03611812001461685,0.05360847627995319,-0.009591105121426585,-0.010816433048695765,-0.016155416744605515,-0.03888619267492407,0.016092128603022053,-0.0830001042376885,-0.026162529262306965,0.028398720499624892,0.017986717877724323,-0.010760680036600368,0.02153991449293511,-0.04001541762534979,0.018340688276163593,0.03215114004023896,0.07023003279365796,0.002590228928440832,-0.04238049113485485,0.01928898615960662,-0.03234211447247469,-0.05709651571189407,-0.0718011857024056,-0.038785079973826506,0.03545974753744053,-0.0003812258315803972,0.008652052819515284,-0.004885216374940476,0.0021803807247762954,-0.09112561832090826,-0.05302800231172418,0.0073208984319062505,0.018619426276353525,-0.010501386340341238,-0.025702545478888374,0.012830268442647732,-0.003672112399481238,0.018064189844065964,0.0045975799868682625,0.05292111558349923,-0.010715231545508871,0.020317648092794877,0.02449602395957297,0.08285824328736412,-0.03430270270084467,-0.018904997182549323,0.026928396175308157,0.03498245697690155,-0.03968813802659005,-0.051088518197753945,-0.054467755253577,0.041699735881517846,0.09567483455052518,-0.042038917932323505,0.012776822956179757,0.016312322418151302,0.05706082143348165,0.06096355410717944,0.058689733986039064,-0.08421146790408203,0.05466366576207516,-0.08767134579219021,-0.014907030843599614,0.02948048692796936,0.04303488531652845,0.03364380153470852,0.05324429682587874,-0.03664414052159995,0.0784051934749231,0.0868650230167895,0.08690511060438826,-0.036868395091359134,0.10241934210107738,0.07777938154904511,-0.02847303991120722,-0.0402939917439413,0.1407991115806613,0.1292046806050899,0.1985096208843282,0.03255480042732312,-0.0984717856708208
2026-06-29,0.08095923962106052,-0.061419118588143404,-0.007118093984512705,0.0076844603164070695,-0.022654338181157384,-0.021522374994413417,0.05088671863503302,0.05642541653668311,0.11835418666309107,0.0800245479947862,-0.05841876477966086,-0.0018982104729239717,-0.007387157927312581,0.04717645794731694,-0.054696723287132334,-0.014575671077759358,0.0028187077252790765,0.03534713747389342,0.04448568334363884,-0.007232508049855346,-0.01175058576351151,-0.010801191544672325,-0.03790102467006097,0.010008542249329937,-0.09074177078354978,-0.024179896513662515,0.013522771539281496,0.017184054538173038,-0.012300872038187085,0.02496807474179491,-0.038521410056280805,0.01867045571017511,0.02483629447599138,0.06493257619272196,0.001096040076485198,-0.04509567061797007,0.026690868944263896,-0.031416818292593525,-0.054767982875829416,-0.07398458114533507,-0.045050327868467785,0.029630458799587082,0.0002330928457554681,0.009286388829164894,-0.007531503715594549,0.00917975806514563,-0.09255761842393886,-0.06072375062977402,0.007386173660084429,0.013105561973002295,-0.002935316794159322,-0.0184713278759387,0.017843846906598123,-0.005117897400731436,0.022051748625402868,0.0039285827626956,0.05690082356308614,-0.012433848861208569,0.0266791402939923,0.0338719850209416,0.08001985978956401,-0.037772294959837256,-0.021556628636722606,0.027834472088288265,0.03192013249180901,-0.04122195774766933,-0.060843639483788625,-0.04326570958999137,0.04003105844119684,0.09523420940998792,-0.05440740368768808,0.004461920724898472,0.013319120945604546,0.057844169733924124,0.04908165181904314,0.06637354579571123,-0.08966578272248944,0.03985611736860331,-0.0884752542527858,-0.02345554006576181,0.0331843173230757,0.050508904241712595,0.043267525337663475,0.05516371996554755,-0.0354942112872465,0.07600815806346552,0.09788264829332921,0.09115753245002967,-0.032535067952447344,0.10431432747974183,0.08221010902293999,-0.028699689258293387,-0.027416094182998355,0.14545007214353323,0.13411351088854387,0.20571731434865836,0.033551411362437354,-0.09665997455811436
2026-06-30,0.07341422000638015,-0.04689204261857002,0.0023121788560588885,0.006882967639727351,-0.026302718331296132,-0.008243597045992842,0.043211728726061806,0.05624053490754598,0.0931736457705175,0.06500704108110866,-0.060270101953060096,0.0038801020485400087,-0.010146091801158193,0.04212498097690755,-0.0333299019210967,-0.007682994803942451,0.0039534935919109835,0.01937537936349841,0.023573384217933046,-0.003289020195402991,-0.017534022896399624,-0.012962628767733695,-0.020969633422572805,0.010504434308024757,-0.06459210156684446,-0.027037871710280055,0.014682410459308438,0.005137467138168185,-0.009949061228802304,0.02135364739648845,-0.04277119960026798,0.005199702840648443,0.014663886360749908,0.052202245045427684,-0.01051911117781359,-0.0402864849622574,0.020336170940055714,-0.020001209401932493,-0.03670004100570752,-0.05319752452195087,-0.029096399798288222,0.015119177371654422,0.0013997590026939167,0.00424128151006182,0.003596342653038009,0.002018594016001166,-0.08083816566034868,-0.03762504802479363,0.0021337337538864035,0.010713429291883559,-0.006840197150646541,-0.020498664523248826,0.004943661281138509,0.002529981875199972,0.0076202034329318855,0.0039483153478147345,0.04029455871928129,-0.00711851485288773,0.019506721130587473,0.032794043389183236,0.06472916566721415,-0.017430327378380975,-0.01634351720426256,0.015481876739021114,0.036681125673112755,-0.02147512537389453,-0.0423853930166932,-0.03413469611864481,0.031097452765686193,0.08916564446610238,-0.035070443120556904,0.010471931982116371,0.013155805092279864,0.05255246120667995,0.040034541828185076,0.055384270755489455,-0.053863352226149463,0.0524317955809565,-0.06277191874460954,-0.0140922379460148,0.03586888227278724,0.033618476290255106,0.037059437495238594,0.03789402881001026,-0.010537869501239248,0.07658508428197111,0.08540052843665498,0.07366465725165568,-0.015279826797255201,0.08871351620450975,0.07274052190322433,0.0029173174150358408,-0.00998044537297641,0.12768507743907317,0.11894733280612574,0.15891887345551797,0.019723937364811463,-0.09095366589016013
2026-07-01,0.06669826457843463,-0.03875904769752264,0.008840522323421798,0.005580395067020439,-0.023996485883496163,-0.0010231362042701399,0.03246662088344761,0.05161734219295073,0.07930779396623633,0.056330595826752684,-0.06174173511112013,0.008560916389396109,-0.010706215703960157,0.03553749631940119,-0.02630944406254218,0.0008211374432347037,0.0027225891806343574,0.011247474189329688,0.019559161307183413,-0.00015708776099199184,-0.020263958799481223,-0.01770269550580142,-0.01563718687179705,0.009243827635421266,-0.05342311814968112,-0.02512912766279115,0.015293682146964093,0.0005248703433018836,-0.006227742105944447,0.016777195624067074,-0.039682506713518806,-0.001527904853266612,0.006726849102038127,0.046905600107502526,-0.017305414464006623,-0.03247147760391653,0.02003531601806025,-0.013401139189548794,-0.03153397707339598,-0.03452246015276105,-0.01500256303533942,0.010125344246884405,0.001321499821694454,0.008189397954371114,0.006007590779030959,0.0037823511715372182,-0.07235607683251298,-0.02932565315528437,0.00014207169314908036,0.007581068635709632,-0.0019493753881832266,-0.02362925582562437,0.0034872076692838002,0.005179790117867367,0.003512069668179534,-0.000857539087700341,0.031439780171759676,-0.004658434599268908,0.015772182008849854,0.03084442311309122,0.059053822314797055,-0.005759157778484051,-0.009638592587857443,0.012304713049660746,0.0413983708136502,-0.01852178298462307,-0.03462261027293181,-0.025746988363879633,0.03017302916792624,0.08566993883801494,-0.030098756093943517,0.00803735078572343,0.017134203096818096,0.04905038072545296,0.03889494904935638,0.04268429412040634,-0.04201401821670041,0.05821501434675561,-0.05112542422400917,-0.016546727748535627,0.03773150936827565,0.028565580908077953,0.03530705177163412,0.03170191617588657,-0.002512504858015234,0.07940016291849702,0.07541993387986692,0.06881447621335604,-0.004407050365387508,0.08244133157170827,0.06557525155025755,0.009818966864194641,0.0008175090015308389,0.1146713225805557,0.10909574218027812,0.14087416866005134,0.012750423279151477,-0.09748946793999615
2026-07-02,0.07288576112351794,-0.04475031724628092,0.006235009816905914,0.006503614460806696,-0.022441311583581702,-0.00669586406438707,0.03554936415326138,0.05415536692788832,0.09424083941082086,0.060858024522103406,-0.0610740854267747,0.005736486355285556,-0.009959078742887472,0.035080697246551086,-0.033549716687221946,-0.0038257003900124802,0.0008782147004191224,0.01601291124964384,0.02557291110527937,0.001438668761273446,-0.016264804215534993,-0.016408328466844133,-0.021494802955092922,0.005091974952247558,-0.06544678208263267,-0.026883819833393413,0.01947896473125259,0.005641513045284023,-0.010650152742548874,0.013601690553216124,-0.039610627663610946,0.002330307459686572,0.00869066381199693,0.05628708142721438,-0.01485071040500484,-0.04008943364093878,0.022233394700302955,-0.016053629858858595,-0.038799850698714014,-0.03903739129659998,-0.020568366549278454,0.011973078428776013,0.004422066780604049,0.015541367657734537,0.0045972575643682834,0.0032900987590835633,-0.07846163834268056,-0.04091169019098964,-0.002521912049561568,0.006232481943932204,-0.0031359958361738584,-0.024038373376855812,0.006678957247723655,0.004877264432970789,0.007304552108255423,-0.0017059939668068597,0.041007108587476186,-0.009910443258945198,0.017404882904905106,0.031341779793003254,0.06655826146433935,-0.013978075016554832,-0.0068813999815287834,0.019361294934688654,0.04288795340961241,-0.02905707200556598,-0.035053357982507076,-0.03493416952587543,0.036063423760469455,0.0907235308531282,-0.043824580606181864,0.006571540533604529,0.020275296661474033,0.0561680560782861,0.040177627655446635,0.046040747728342074,-0.05750411822468107,0.057070171594748746,-0.06517478671129254,-0.02422410888992335,0.03609029063017549,0.0298054290417474,0.040422668766805336,0.03820141174876755,-0.012954706057690049,0.08086740766647216,0.08380300211190474,0.07330954345592079,-0.016464895439768146,0.09642495243148107,0.07756500381082009,-0.006287918467556589,-0.011149334483625607,0.12048025634570791,0.11498002245836084,0.16213858305101764,0.01899619736614407,-0.09152768531829285
2026-07-06,0.07643266745483174,-0.04927157093219583,-0.0008514205155640709,0.007111374062060638,-0.023563206387715703,-0.012899234718365361,0.040683167853278725,0.0570631756829412,0.10453304358127359,0.06567120514130882,-0.06101338158335404,0.005786442962436725,-0.008119760948030038,0.03802343437254608,-0.03866574110346612,-0.005874972585417483,-0.0002920463933280392,0.02076005360542702,0.03341245671699041,-0.001680792460602043,-0.015661334300851086,-0.015414505294670379,-0.031018447824361715,0.002404598863567222,-0.07791972256781257,-0.0272336219644487,0.01867151495931666,0.010842509732608493,-0.014046384100428999,0.017331574240885866,-0.0359287577090499,0.009995553974280286,0.00723053112403257,0.06759286050801754,-0.007205762341150319,-0.03912505007182051,0.026222624856041807,-0.02605993581753395,-0.04937344777162863,-0.043592587539069604,-0.020767046906236007,0.01665162225168184,0.0014646183275985308,0.019220579104812428,-0.0014602657543918377,0.0009113583479837123,-0.0847571498998455,-0.055127185857837296,-0.0025709681262582034,0.007219176761290691,0.002284663230437363,-0.01995897218339677,0.010897332160971496,0.010376238759039,0.007124136330163478,-0.0017299694467216402,0.04559264587516983,-0.00983441332394733,0.020861298169338134,0.024300409016467524,0.07531945557257863,-0.019540504701852125,-0.011600272722941495,0.020232528336834647,0.04079620662821031,-0.03828684816608117,-0.04088147313330434,-0.04124786467271813,0.041997512591941365,0.08789788269654697,-0.05848029452349458,-0.002835017409408839,0.02432856696037562,0.061257382193913225,0.04379562286023166,0.052157220851631055,-0.07486080504283316,0.0547067883669715,-0.07551203997341305,-0.026806517960264113,0.0359694717124846,0.037063909233500364,0.03610659146197266,0.0436960847716154,-0.020383861736592707,0.08500435568906077,0.09564746171091017,0.08196935586000534,-0.022438197907446326,0.10440268984120181,0.0825892659363853,-0.024933643301573362,-0.012432809488802524,0.1272130291449382,0.12415019952408601,0.1853220542948633,0.02370389385293846,-0.09074259094977118
2026-07-07,0.06874477890511264,-0.04210701402954549,0.00843593788456329,0.005769742490204209,-0.018488775478297532,-0.0029840191550922247,0.03282095047367337,0.05222635701156287,0.07477584553922936,0.04909285939416267,-0.0633358958754644,0.009101324414698315,-0.01232775565209057,0.03506344538847488,-0.022929270698300086,-0.0020095827549526327,0.0026047198733249914,0.010915236177007927,0.013607937025690697,-0.001212349767403047,-0.014655997597406828,-0.014650573023711864,-0.01751294395874363,0.003955615105654073,-0.05005364647781733,-0.029299648919471656,0.02005531688713157,0.005479520277284952,-0.007499139457178993,0.018723247524617306,-0.04047552981367997,-0.00012879888900690743,0.00401224058287121,0.04520118993718841,-0.01291303195300624,-0.031896493782441075,0.016564321556792744,-0.011540564597132976,-0.030900853324318432,-0.03259987673324444,-0.019538178515442206,0.002786190149968737,0.007322447216488953,0.011262621753289737,0.005004123751522077,0.000289242344768105,-0.0699328897819543,-0.024106488572570688,3.6199897680043794e-05,0.00455372618499234,-0.008690412544007086,-0.019939648748439877,0.0019133242605622186,0.00923908664569578,0.0012633644858305818,-0.001094466066809633,0.03168670553932026,-0.004076081845776704,0.01409974939154704,0.028401588696697788,0.06063177017457137,0.005885362333809263,-0.010920419561244005,0.011063444493006565,0.04494474195152322,-0.016921599170817467,-0.025310767049350806,-0.03237837547036022,0.02858192790784734,0.08439688270537239,-0.032613890676941336,0.005989619592153257,0.021811540950715,0.04830038222635313,0.04035325773858218,0.04268592345594318,-0.035177995866047015,0.05871572985069346,-0.051566602998862454,-0.015893313374735152,0.038638513322468114,0.02557920580559378,0.03668213206067201,0.02791111516938314,-0.001427778214067926,0.08216543706399519,0.07927988563000356,0.06396836760777234,-0.008296866948487308,0.0837635569335745,0.0656353308430068,0.0071467274366437085,-0.0014171621154048936,0.10847368739902319,0.11031182397508377,0.1399165162359743,0.014340174305348265,-0.09335731447709672
2026-07-08,0.06186841355928066,-0.03328666041195619,0.010196421531761923,0.004605270549634099,-0.01628432954350411,0.005562659895835659,0.028531419955937713,0.05398702660676862,0.06182095368603551,0.04436509006278026,-0.0579776748108799,0.0020021516723988803,-0.016761512710840927,0.029329180485236243,-0.0231064762989174,-0.0033719733996014512,-0.00128213246175936,0.0017419352924951913,0.004095566145508728,-0.0003717670978425746,-0.01978776712830549,-0.010809374820008292,-0.01266915128647778,0.0017729921222298679,-0.042441782537372935,-0.025381299033363044,0.014050799391353957,0.0031012137290610704,-0.005870242423191946,0.020488537442880664,-0.039570308516076846,-0.000738109453171789,0.0015408714755576567,0.03959872934640941,-0.011943724402376387,-0.02764692808422154,0.00992360206793308,-0.007869731961083102,-0.022408791298517604,-0.02144171175077613,-0.014151403201649362,0.0015798272789519594,0.014345367019802206,0.008644584351344513,0.009635028526912646,0.0004193031978376154,-0.06461046311144863,-0.0102474230620528,0.0005092274518009362,0.005561797791030406,-0.008043421933237331,-0.016091297152936765,0.0005899877780822221,0.0054877671360809965,0.00046426312370558866,0.0010488163425819066,0.025192156816424102,0.0021936920383959675,0.010769509731427155,0.03089864941102915,0.05375684707702107,0.008528427740216157,-0.007204275720473897,0.007792616238957949,0.04318768988377703,-0.007067801678797154,-0.018196162403579567,-0.025102096379512856,0.023647433239813245,0.08239050712429104,-0.02217326259926366,0.008605802582807446,0.022440181036531073,0.03949314295768475,0.03741310056269225,0.039401810738344624,-0.019888298041644582,0.0552403865647616,-0.0389938307269235,-0.011577144830965282,0.03649239676362276,0.0218976933428459,0.03369891839967482,0.02160372678103465,0.0073005958866841775,0.08356570566611395,0.07318441724786695,0.06014808006996053,-0.0031885662644802176,0.06725049392693158,0.0577024579499478,0.017102084862755614,0.0038942813513211244,0.10126700002463875,0.10429870726998704,0.12077166915575197,0.013613338131755357,-0.0940554290550874
2026-07-09,0.07940280961577274,-0.05716631047682627,0.0008321895131849517,0.005010889806519624,-0.013984215694809418,0.009220148408048799,0.04730830728733083,0.06509115254341925,0.09353499251689884,0.05185021929684582,-0.055339451148708446,0.001708653640167531,-0.019083665155627136,0.035063002666141305,-0.04943202751094615,-0.007876946543310887,-0.005884315528204549,0.016220747301811,0.014856847054869973,-0.00245361692128105,-0.012557963983340604,-0.009944586376158733,-0.0369940879152366,-0.005375490583359928,-0.07062209242050733,-0.022343929053298656,0.01858410911149643,0.019931664213002083,-0.014261363784171832,0.02569472900840617,-0.047311728359552364,0.012519578665796447,0.0040261150858437655,0.06338873312865337,0.0029693463144374417,-0.028401122283074176,0.018765182138935143,-0.017881506857048958,-0.04995673857049943,-0.045196020846570914,-0.034962418342210075,0.007269848804416953,0.011896018186543907,0.012949449633515308,-0.006114934745902823,0.0002148425785156241,-0.0825816229531612,-0.052877093859530294,-0.0013881534309560638,-0.0017395164208866502,-0.004573945430014038,-0.008785361907304697,0.009589603687143863,0.01933059861804158,0.007908199243670047,-0.0019683932862108802,0.04145948740571461,-0.003246115330576631,0.023993526286840136,0.02597394793136011,0.08059169961863816,0.0006738400562104757,-0.010134820479582916,0.010446687177414248,0.04455199750224952,-0.02755350952562386,-0.03434588960101543,-0.04821560772210211,0.027353640436181346,0.09304341248753681,-0.05448005675984399,-0.006687432223400463,0.03409453808710272,0.05142790566772132,0.039845588980357234,0.046000481403869864,-0.057330405801132134,0.03663836443790349,-0.07318479215845329,-0.02773282844302155,0.03511604014398116,0.038031488097163516,0.03811486722440931,0.031145639122137594,-0.008218729152622077,0.09247881267292113,0.10437806265799032,0.0719789354731522,-0.024336201409885086,0.09238091423900564,0.07500275995473085,-0.02660610723392371,-0.012513206488054372,0.12273621038172228,0.139816220341286,0.18488937571623426,0.03361785768847892,-0.08927595654379425
2026-07-10,0.073700578767312,-0.05956014700712495,0.0027035251932681203,0.00471873559130609,-0.01280112296378645,0.012056524568893074,0.04699350772327144,0.06565910027240925,0.09736293022853514,0.05767861766283598,-0.05335543041769612,-0.003998030956827112,-0.01923955261085599,0.03333552766184942,-0.04581881706604842,-0.008908370161313116,-0.005675374018239402,0.020648292901963683,0.014810956959502925,-0.0014721205712055173,-0.011713125101838218,-0.009730977831830865,-0.035778453707145226,-0.011964462316545537,-0.0708087617881223,-0.01810146848880502,0.016511126613702156,0.020926479523908373,-0.016225121242013266,0.02709438295775187,-0.04591155011620338,0.014913691834052317,-0.004107048465611262,0.058989755710768726,0.004474267246847262,-0.021293216992202844,0.019532892070577398,-0.01769143057508432,-0.052747608450988956,-0.04298636580737273,-0.03271735832653419,-0.0024861175171007697,0.010158490340727104,0.013269255304337656,-0.008919433724773577,-0.0015180680671188756,-0.08445749639524144,-0.05298218760127836,-0.00420849662225941,0.0009927556692217853,-0.007617712615116937,-0.006050884143516627,0.013337138213593124,0.019453464116807814,0.007826360149604446,0.0006920305166098588,0.03812001094979465,-0.006186857094231642,0.020749025258222226,0.024299669550837927,0.08555481604375714,0.0008502003991939719,-0.011123529280106419,0.008575339985791483,0.0404176256686577,-0.02529140313216264,-0.02825523687190734,-0.05160827754926231,0.036122410572472945,0.0883932484572056,-0.05481920510780905,-0.010771714901655039,0.03961586302926414,0.05015886234192844,0.03909961624344837,0.05026182697954661,-0.060416653464310965,0.0354744620177945,-0.07218937706366797,-0.02805024753113304,0.037831882958988663,0.03835994338885947,0.03896444129882628,0.028959138285304886,-0.003428659895670214,0.09642342997600567,0.1111406417285987,0.06779491783860575,-0.029859604481055013,0.09269300729245156,0.07212405210187112,-0.02504582838526604,-0.017749748982549877,0.12289579298118349,0.14457887255990867,0.18247850435702967,0.03785954557232782,-0.0919948802269458
2026-07-13,0.05790097772206927,-0.03749858779530437,0.008790591310396894,0.003216303764293999,-0.015737852534772355,0.014392428997166896,0.02750313500867372,0.050936777261078786,0.06255176349941499,0.0437553015584138,-0.04936172739041495,-0.002212421089960089,-0.0164211710178276,0.025818736986651464,-0.02166314818265736,-0.004210171085826336,-0.0045263378355641926,0.005973807939229479,0.0036600521066719686,0.001983962104304543,-0.01571124006677179,-0.010538389612100183,-0.011601286814615757,-0.003095002333626416,-0.04012371381968545,-0.0200823767280513,0.01527299766609461,-0.0035342479107168603,-0.006445548412743135,0.024783858802273767,-0.038893612133184256,-0.00271582095185338,-0.002831508365120061,0.035899174002757196,-0.0038620225487243955,-0.021739592280145548,0.00854592690426712,-0.0020263596247724943,-0.02324688185605795,-0.024732315278049713,-0.021410414946017982,-0.003769215140006889,0.011501415419798848,0.00833730410495264,0.008541264080434673,-0.0005130122266983929,-0.06260825546768077,-0.011840773483224121,-0.00782045519340637,0.006472356991437798,-0.012729693268227016,-0.014913882455622652,0.003044089587292002,0.009373142123495359,0.0011186056900095945,-0.0013902374320529983,0.02816488867108146,-0.0017426628932984724,0.00975763384891733,0.030203197484569386,0.060715033320027846,0.007292032871022933,-0.006360262246223413,0.002143677922295339,0.04003253910939764,-0.0028882349046773694,-0.011468955137453414,-0.02893555778096684,0.024990024555649616,0.07982290502666652,-0.023027162481301544,0.008563313219981944,0.022720615147911398,0.03982924133577478,0.04133730060695879,0.03480835650964389,-0.01723183205106644,0.0431585846234925,-0.03670395176231626,-0.017436768479838362,0.03497907433973836,0.023044552471232473,0.03700174741519888,0.017884776142922276,0.013632122292249815,0.08729692530660661,0.07934881681135965,0.056555276774707536,-0.0031729687509567117,0.06698586436725404,0.0569488166591513,0.019229854555558437,0.0041524450182031875,0.09989176305908587,0.11265639749101176,0.11872019577116803,0.022665966567567523,-0.09513228115800475
2026-07-14,0.07293996711001435,-0.05508585096249759,0.004819062973290282,0.005576677151841706,-0.015098482404185909,0.013275592083717808,0.04504316957530046,0.0553025728166428,0.0999800112405531,0.05388203527829965,-0.0426884283240978,0.002990661969875235,-0.0203915360368547,0.03575149466838637,-0.06467451852500782,-0.01294592886821837,-0.018075173091490038,0.033352957430389414,0.014085001544439231,0.0066264061643483575,-0.013694790402410126,-0.014117508405003627,-0.03150476563506306,-0.0066307231519874225,-0.06831313668894018,-0.019783529797576645,0.024141729072687315,0.01085941245401154,-0.017187827729799474,0.05213603167539266,-0.03906903488380113,0.0032193981425321667,-0.008406283335060523,0.061590287913821574,0.009225139259441434,-0.027420115722766397,0.016465457332241418,-0.010170889620433854,-0.05077795649402835,-0.03395791877897211,-0.037955700290229835,-0.0018849135493361983,0.019874253571105893,0.01262502912790598,0.003268211206381719,-0.0063975520203786215,-0.08986721280463285,-0.03937512534964943,-0.013583634001980193,-0.002966815843857471,-0.007162214383067486,0.0009173765114350637,0.015461163907938247,0.022371499033028194,0.003479538634426547,-0.016449542138485658,0.04601585261769833,-0.02234982807757256,0.02869878457260703,0.01645294771931431,0.09171593118080495,-0.004228246419666445,-0.004443001969124857,0.008237097370130814,0.036004737433661935,-0.021074001833843288,-0.02550451918958648,-0.05369252216604102,0.045397946371583175,0.0899198655892885,-0.058750210589208735,-0.014057714730869775,0.024387695070314033,0.057867503002330026,0.035821808197013805,0.041864796746995114,-0.05515366724417435,0.03450142149837946,-0.07536001199447807,-0.02509225360880362,0.023751838383001857,0.03445341651770953,0.04494913453275969,0.030761905744054713,0.004271267566049566,0.10683986932964235,0.10652590395988798,0.06416588093061591,-0.01600358523089524,0.08122889346991038,0.07554766069657322,-0.0240961970314622,-0.015439265197579937,0.11212992825545195,0.13783402061021585,0.17770349144457934,0.05208159363890993,-0.10750919577581299
2026-07-15,0.06871764593775274,-0.04466567722298448,0.0035568442784025874,0.005254901762294993,-0.012523884117643934,0.01920338213168972,0.02613553196090878,0.05374601179279287,0.08615413982425207,0.0508758299123662,-0.04210869806843829,0.0041121987676510895,-0.022024117249257208,0.032858318586529336,-0.05125066986173581,-0.006145375271563903,-0.014444267601886421,0.02499132041681534,0.009024829900849622,0.006675968423858272,-0.011191644335734658,-0.015083938487888035,-0.021515971668114586,-0.0036786533884727093,-0.0610888775638322,-0.02153801993839479,0.024604247165075265,0.003940937520479826,-0.011071225830895785,0.048310184495250194,-0.03592584351559642,-0.005316531762107711,-0.0035277364054179684,0.052274024555447676,-0.00016339366589844355,-0.023661454364193285,0.010974633678069397,-0.012333450504428327,-0.037781064022633426,-0.03436408930901998,-0.036638550541903965,-0.010336183491568179,0.0185433040297625,0.005011715561574235,0.008683915159662848,-0.002464005236048384,-0.0781423874530048,-0.027565054005891577,-0.014383867966718525,-0.0019282671583018083,-0.01869199247725431,-0.006128238655377089,0.0064442251960939905,0.02265851852141585,-0.002680536329003308,-0.015065134626696794,0.041516191279303886,-0.018216140438508423,0.02509670147800335,0.013127991404388886,0.08548209162429624,0.0006241546341611403,-0.0017204872938613829,0.007585685989473039,0.036043767209023546,-0.011867370978322992,-0.019474311004116965,-0.04851233704615676,0.037331500223095726,0.09008817324795346,-0.04898507316222313,-0.003484428277197112,0.020993221876743157,0.05488032398852124,0.03478882464825861,0.04339313072005828,-0.04146961382777364,0.0408314736395213,-0.0648047285645244,-0.022012725778133353,0.026296676180371917,0.03215624527265695,0.04492651835919787,0.027597591830668754,0.012051366279026693,0.10173017840320997,0.10074203805256116,0.059079355384409324,-0.01623998021917352,0.07446451573404611,0.0764432363343266,-0.0015426602807807055,-0.0063574918874864435,0.09516937645455717,0.13327762116978356,0.15329578891487966,0.034540149458048244,-0.08619036851337535
2026-07-16,0.06261694009582638,-0.038172593358646714,0.005799124433585727,0.004378878342556408,-0.013312763092029266,0.023272022332427995,0.02121718145895917,0.05428141197096885,0.07063619018614956,0.049529094579108195,-0.04266428681060471,0.002291213827446138,-0.024330453706348232,0.029364287141087304,-0.043391164355250235,-0.009471956879551482,-0.011467259209938631,0.016695812813859526,0.004635404525862557,0.006151473004006687,-0.013174566809251472,-0.013655278873529504,-0.014309402480675826,-0.00039950849576894827,-0.049089132288207694,-0.024899609936663597,0.026680331001426062,-0.0019110592071623616,-0.006372656948840519,0.04578166361519016,-0.03303107006605905,-0.007907054825974922,-0.0027345424546052644,0.04665900069761889,-0.005832364330927204,-0.01918245691772711,0.010941787064225016,-0.00967181837696922,-0.025544002918308564,-0.029611088845475732,-0.03230736962066044,-0.01088643403397791,0.0173689659809926,0.006311483926029418,0.011505730079665202,-0.003959968964615262,-0.07226730361164896,-0.014486227624702456,-0.01321821939246067,0.001363051068411043,-0.018265296539299217,-0.009731956593303484,0.006198668097237334,0.017342384560563223,0.00017086760840186004,-0.012367472605553315,0.03469388679613637,-0.012647639210754803,0.019684226486882166,0.0200358386717,0.07558865537352036,0.004443100023205008,-0.00284625344167932,0.0034967268630754084,0.03696813134801023,-0.005463901702243734,-0.014425262655533606,-0.040488209385988794,0.03258562287114982,0.08708504218057446,-0.0400170047311464,0.003886553591798194,0.018513898683133363,0.0486163663036373,0.03283325328694182,0.041255975895426525,-0.027523539070280496,0.04271321037414197,-0.053282817251413914,-0.01645563825665467,0.026357715443009806,0.027125663474439017,0.040142127694780295,0.022658584105581032,0.0174180622851423,0.0936947572260173,0.0905036420377977,0.055333851675034865,-0.011646483330710536,0.06635019311095874,0.06714198104327923,0.011423951671475103,0.0017782547243059554,0.09224546148613462,0.1210116195808684,0.13333589378128813,0.027276170003002913,-0.08496829729290946
2026-07-17,0.06811234090924927,-0.04404775965840595,0.0032941024335105644,0.005121678861095229,-0.011144719082246827,0.021988915858067705,0.02501106867452393,0.05706784889249473,0.08216040228754287,0.05337583681571879,-0.042193438064135586,0.002211460775164431,-0.026234844444748592,0.032334208549730015,-0.05390694883917602,-0.012102198296053067,-0.014273763535604644,0.024240053637115705,0.007156013426973671,0.005557973156652091,-0.010616406474581801,-0.013274776003887273,-0.02138616618491839,-0.00048629103948349267,-0.05950593886631153,-0.02565705306408359,0.028964312244017097,0.0033974370599517273,-0.009182312403124658,0.051070994032652625,-0.03335534425576829,-0.00598070885072583,-0.002610985067690051,0.05670666767694857,-0.0027456461626508798,-0.018432264221986995,0.012458769298736351,-0.015326045123331812,-0.03195212345384741,-0.03488364726533934,-0.0394379655169306,-0.009744620865856932,0.01927263415763269,0.006765606310134857,0.007097098211821208,-0.0050979013376499915,-0.07966117910503065,-0.02316836455697365,-0.01530713709742767,-0.0018999865932199048,-0.018686825182970344,-0.005376096421694386,0.009283925326333983,0.022552247487370565,0.0002170005066292214,-0.01496715774804913,0.03950821168950452,-0.017781261536317552,0.02631862668397965,0.014102066576758351,0.08670928352667938,0.0016822116352249328,-0.0019089006616640255,0.003628932721720473,0.03691710996356721,-0.012206942502400881,-0.02116643799010342,-0.0493520821622154,0.037869360257208495,0.09049371778125709,-0.05317766892199094,-0.0018978226360392095,0.021366679260056098,0.053915020340392895,0.030323478556289474,0.04643423301929806,-0.0411887867639333,0.04171783202830237,-0.06516275810762931,-0.019503734885851956,0.024509754569614288,0.03286846902177906,0.04178686868198557,0.027434186252760014,0.014885904047763734,0.09778820534888567,0.09964292565522619,0.05720023319256096,-0.01898640651240445,0.07336316099646424,0.07441601378531253,-0.0009766548447260933,-0.0047821560255065405,0.09479786591773726,0.13119103920565905,0.1545783595072282,0.0343630687728216,-0.08449318725141701
2026-07-20,0.08077664325971144,-0.05431112106062387,0.002973854772468508,0.007274899024594785,-0.008523216091675117,0.023126085010188,0.02003327866501193,0.05374183298882381,0.09971744193000834,0.052456618762572904,-0.04217544802502021,0.0015872778695756769,-0.024147931917427708,0.036789372131170665,-0.07117714124276187,-0.01348809921476886,-0.015374043928335022,0.038949157090318244,0.008465478000958178,0.004301362274554503,-0.004766367654766337,-0.012577184951721167,-0.029130411214242022,-0.004239585742543746,-0.06005752434160329,-0.03469929565409521,0.02477068549248118,0.004729656588410139,-0.010366246829086696,0.05667724687206536,-0.027940382102364547,-0.011416871574405725,-0.0033317863166326886,0.07575908227999383,0.001347539256609855,-0.015201419047300014,0.0063976705018922875,-0.01624663532415664,-0.03833468145016593,-0.03501490117488032,-0.04824806781792719,-0.002510554412342823,0.017555873850365382,0.015800095866792926,-0.008034222279041924,-0.011026048132712142,-0.08605134208439964,-0.029157255957321486,-0.01298355339753361,0.008288990130536104,-0.010540276307715429,-0.0064669473335216224,0.017076009132266586,0.031902413686711054,-0.006751021135125811,-0.01463211877969761,0.035005012851257025,-0.02810278263923883,0.03312492517523575,0.006078859546693584,0.09860983920789376,0.005505961839977329,0.009513592403859952,0.008759398230150395,0.031125729943086905,-0.02363896969111732,-0.02380190497261689,-0.05770249272970371,0.05289323910024491,0.0965204867433156,-0.07000001773245901,-0.015177105285917628,0.029057736868359045,0.06608553188664373,0.029865391228902076,0.05296708281258976,-0.05387066845120132,0.028757153702537355,-0.07548593064284341,-0.015313420993352108,0.015443503781843473,0.03988746664198951,0.03483344447737615,0.028766089005592313,0.01218004130212185,0.1016210575004762,0.1141302644956039,0.0562212116645299,-0.0256063870302611,0.06653374670268734,0.07992813712475012,-0.004830230931488001,-0.011914623465030095,0.09585694128441903,0.14130201318802518,0.17744337342224195,0.03054627302974825,-0.09469583353908834
2026-07-21,0.07184310712314931,-0.05293526965918424,0.006935407976860389,0.007645865423952889,-0.006368083177183693,0.022757350480677806,0.02170336844737781,0.05009102684010387,0.10037826927919662,0.05156120225365359,-0.041723148362736995,-0.0014435320795008703,-0.02408803645560338,0.0364976788816441,-0.07596193488965947,-0.013978430817705839,-0.011405016936918045,0.041717353646054556,0.009389592889087531,0.004081030530783254,-0.009573805791139025,-0.015154190409970859,-0.02920634921851107,-0.005427682684563699,-0.06403373816391508,-0.037011511574294144,0.02326826767673435,0.00405560277152438,-0.009415796351401896,0.058410572283528486,-0.03107911125447959,-0.010679113425045942,-0.004053277179294842,0.07973930321788174,0.010083139092627178,-0.014232804345751452,0.003973677386884981,-0.013578308178350961,-0.03977451956588617,-0.03079822081328161,-0.04190539575701957,0.0016497927385684674,0.02181725788253892,0.018192224935017407,-0.017122170885369915,-0.017206484417434213,-0.08619143325825335,-0.028768877980080945,-0.017792182207430708,0.008031626624275548,-0.01424944510742135,-0.004190272569088839,0.014292288119476127,0.026337693650965242,-0.008206993931234583,-0.015304484000534751,0.039682161948040744,-0.03356150831141536,0.04053038135694009,0.002933782155270296,0.10436028717179914,0.005166907949651238,0.014462104558500225,0.012019120527855738,0.033121388880866846,-0.02367354951095081,-0.025662658440207313,-0.05749484575325052,0.05208412263877547,0.09647665254093353,-0.06858615879669022,-0.014047583900785572,0.027837130864700674,0.06171895872615737,0.02978893239193249,0.04924070916962581,-0.056781174343162794,0.027673907168736328,-0.07725437106370274,-0.009613584114994507,0.01604740373793196,0.04066004629777043,0.03705894462229049,0.025055050316644904,0.011144291778844729,0.09981410118103003,0.11114370630726995,0.0537311797988919,-0.02591196388893517,0.06689942584409896,0.08360879478041516,-0.002939661823304447,-0.009520559197023907,0.09599484235061867,0.14482507802003042,0.1813284983025962,0.031963651077656384,-0.09291702202577044
2026-07-22,0.08016421543125382,-0.06754800313566531,0.006698223239305691,0.009366848359844051,-0.0005614263591233997,0.024391227107629247,0.023833104231008893,0.05396893638566911,0.12336390073676279,0.04477224751049848,-0.04160848459797844,-0.004058204597508469,-0.02757168166608067,0.03665036770991476,-0.0914993569963568,-0.012893415157191388,-0.015886414634462144,0.05591639454272969,0.014927830973413138,-0.001268158733079526,-0.008700118452360532,-0.02210592270470614,-0.041909211700282605,-0.008282976941788289,-0.07061312275478346,-0.039798772189098025,0.023895681087695984,0.01535726217921898,-0.006505997391532953,0.06455478030116023,-0.024230332226725104,-0.009939531128725232,-0.0063517205446948655,0.0992899998094419,0.015540574453386118,-0.014713026490329283,0.0020767147924361136,-0.020830988477442795,-0.0470004148344052,-0.03813349441558488,-0.05334595933271574,0.010248586130744213,0.023904492101618338,0.01904892409634131,-0.034629163643643615,-0.02600680872559437,-0.08677995575323427,-0.03972693484586843,-0.016298036973541298,0.01141368693251687,-0.008805605283279184,0.003146637836851855,0.021808579076184404,0.03090170087097184,-0.00923576492300311,-0.015490603777545858,0.03675429371520632,-0.037078844768734256,0.048553887000016095,-0.008459795654511796,0.11609713340717703,0.004399214457226252,0.030324547509396872,0.009041379242855429,0.03202633360656599,-0.03442871625083041,-0.042901296503762745,-0.059456355949508904,0.06426106203615058,0.09742739961950721,-0.08506259075904751,-0.0317926231430024,0.03406670650830255,0.06728609316424171,0.030079595759568603,0.06594908987061002,-0.06500115262898672,0.029577218250404796,-0.08870097794383101,-0.00546754929641839,0.012189838463952562,0.056674414097872404,0.03563245304185331,0.028864759024776948,0.01605283859634849,0.10521211483594259,0.12420078706271866,0.051738612225850106,-0.03766224236930188,0.06955379887111815,0.09088223680905876,-0.020669460734293904,-0.01171138458650041,0.09022290325042084,0.1471542893878976,0.2074362260826917,0.02369002520671793,-0.09986756702398572
2026-07-23,0.05521996220933099,-0.055207490582076024,0.013072170876301081,0.006992117261845064,-0.002306491682036617,0.02495934785003198,0.011800276325833066,0.06207609266613457,0.08807925567859502,0.046144439139139196,-0.04884587219505764,-0.0007676847109019582,-0.018693131047418772,0.029013826339448587,-0.06241417873525447,-0.0034570730309239975,-0.009122194892904783,0.033243981350873024,0.005148346563995455,0.010779567228407665,-0.017740613580048928,-0.025342238080569464,-0.02614605906349196,-0.00695726912222981,-0.05141024988229052,-0.03503141115027291,0.024326131544951834,-0.006222956256745323,0.0008620093320078383,0.0509109413197997,-0.02855303923109563,-0.005556289501754118,-0.0006684696189737573,0.06647257488091407,0.01357902716679664,-0.012913904647276807,0.008451152110358882,-0.012325236006085772,-0.030149964644277966,-0.0244176309422844,-0.027207356855850205,0.0015801379747541425,0.026347686788397606,0.007051900127988833,-0.010151659378065498,-0.025061351249706723,-0.0784762828631946,-0.017408425421042158,-0.00869795169479612,0.010410637177430739,-0.019953420116985428,-0.00711045039188416,0.017549401026955833,0.019132639720357815,-0.0033555398822569665,-0.01662815735085777,0.04622062140011853,-0.03294095305803447,0.028568854681417545,0.00883437327559099,0.09343087779512083,0.005098734402229096,0.01490845958841177,0.0038520996581130765,0.02141043819677981,-0.01751911321013342,-0.038135008506511234,-0.05018927918063669,0.048086959732409326,0.08984518058959054,-0.048456861108396705,-0.003910566161351327,0.030939787585470516,0.057565511947633104,0.031280039627045425,0.04127698136769336,-0.04065691269445851,0.025137834140799595,-0.06030962626710444,-0.005203980058459835,0.018029732198050877,0.03794886470626864,0.028640074960262656,0.017037752845305183,0.030861340278114123,0.09682602693512088,0.10658881020964651,0.0341897143648201,-0.018398958825912984,0.06976585425363094,0.07544231143584866,0.014531007199479402,0.0042168242346228135,0.09363114792250436,0.13872645854212107,0.14864067652819557,0.005225411445901203,-0.08594108182935557
2026-07-24,0.05096153877351645,-0.04803511364710658,0.01375344904050267,0.004768400276767177,0.0026386920720122267,0.019246608751615712,0.012577783197979454,0.04867867376671725,0.07216491884818951,0.04100710446676623,-0.050153107299393304,0.002009230333948165,-0.01868340651423117,0.027793977598474164,-0.04514347710714531,-3.8114715310531844e-05,-0.007726400507004993,0.02733613566026437,0.008366188345986035,0.01339200977196259,-0.025240737972911292,-0.026636607171181867,-0.01697270150177555,-0.010923497526318061,-0.0442025624942774,-0.02480606580424527,0.02183856632461157,-0.0019153928830878183,0.0012910689066740946,0.044695730179484756,-0.028735414704260727,-0.010561968620979396,-0.0047943656839912595,0.05463422791654116,0.013102209043354853,-0.012301521461414855,-0.0005449503578887661,0.0013614021643327152,-0.025448363532427985,-0.012914266782248876,-0.018155100943661975,-0.0008066467921197355,0.026057625878055005,0.0063671161442518005,4.753244154438556e-05,-0.015775489026335167,-0.06521079382041604,-0.018288157476623886,-0.010292289485598028,0.016232380280861457,-0.020505256093160625,-0.01387872249299931,0.010595411519631764,0.01638976478798226,-0.009442629498450707,-0.01883488558401373,0.052410338282825174,-0.029565808223840376,0.023073858196740297,0.02151879866117671,0.07801578999935767,0.0037248492316409804,0.010886600185125632,-0.0013184293196809548,0.031221000970758486,-0.008543133295399715,-0.019505751171704465,-0.031875146914055914,0.04719939377232079,0.083833174356143,-0.040427773793553175,0.0019160686035437947,0.02115202025809118,0.04751960236136509,0.029063660949069543,0.038574489063812493,-0.02443858292251358,0.02947263953439421,-0.05027104708195377,-0.0004729349786691435,0.027348009635374877,0.03594723346351589,0.025861702408501074,0.009794251074123165,0.03491478112196338,0.08566250897101464,0.09104895944107068,0.03940631733552167,-0.012710144216836227,0.058580422383812204,0.0691860042334033,0.029511858878051876,0.011595142592419,0.08580692171318165,0.13041683158489067,0.11843923726940946,-0.007073065899788339,-0.09724038770607066
2026-07-27,0.04620487426886221,-0.039732303803681666,0.014443046086141352,0.0038729180718790343,0.0006066118360666551,0.01905500878958102,0.010357749294884706,0.04700463123810581,0.05857856763999698,0.038328320883356935,-0.04979468306613005,0.0014923216924514152,-0.016986984179669193,0.0260646217719121,-0.035364408815920956,0.0024917477111390867,-0.005310291232743021,0.02045905915410303,0.007479522782406647,0.013325532571721825,-0.025779830601606248,-0.023519571319537573,-0.012081760486574009,-0.009887115130053572,-0.036792559230768206,-0.02261802573853547,0.01914291626948663,-0.004284562260409058,0.0022902338760724845,0.03948937811410534,-0.02607887059411553,-0.01102597571628641,-0.0030589259580903905,0.0443663002603462,0.009698899829056477,-0.013920449008739037,5.254993991911025e-06,0.004630067032470108,-0.018354960327784893,-0.010618194549291122,-0.013570020669363745,-0.003638164209094529,0.02312576305483064,0.006636933902162332,0.0046660449877508415,-0.009913099034051515,-0.057272156933219576,-0.010036272210542421,-0.01011159688261609,0.017138727815065324,-0.017808565462410733,-0.017236064465752057,0.006957172912636553,0.011376464937011582,-0.00716205779807323,-0.01446381646360576,0.04454093003566252,-0.022714419662710143,0.01776741873556268,0.0260621888978897,0.06717881637320694,0.006494342146115121,0.007275256288521595,-5.593764878052479e-05,0.03235577491856745,-0.0025137069102670034,-0.013317597026207105,-0.025726668654980703,0.04169232443096158,0.0801188691838772,-0.030110901778231294,0.005813270164716479,0.017551881087119674,0.041456146744837385,0.030785988906077817,0.03343100794910899,-0.012523071913303227,0.032609811586437144,-0.037131678741862816,0.0007632592967313431,0.029395759464649195,0.03125632889075386,0.027143088460864488,0.007872216122932856,0.032719424645507277,0.0816461808943564,0.08181687148300924,0.03967469477084934,-0.004210518617513211,0.052842847569854134,0.06010177379004648,0.03312129730842809,0.014296125009239338,0.08170299085823472,0.1185269044838147,0.10341070718089289,-0.006882036380213398,-0.09910536597368655
2026-07-28,0.05506844392672568,-0.05646674374169028,0.006477759073448818,0.0047096930528277,0.005826141042034747,0.019936771344002943,0.016506169440061186,0.05556833690417721,0.0867646565014478,0.04103226725511641,-0.049910368176360666,0.0012676258979413355,-0.017791773225762933,0.035292029689910256,-0.055941438590456055,0.0006599348563511229,-0.006425282909653577,0.03608138194404045,0.014316760714636279,0.014154330867228568,-0.02545204811696429,-0.0317615678998676,-0.024426826798497586,-0.01002350937166623,-0.0540884644445145,-0.02960138224599025,0.02271553061412525,0.001624885564178424,-0.0008277230574460261,0.04737157151297942,-0.02804139070866994,-0.009642240330930101,-0.0038576381884471486,0.06410505175402856,0.02121848668438652,-0.0113427452267319,-0.001599410409708877,-0.004948574050574613,-0.028816976526700226,-0.018305919618399204,-0.021941400348760243,0.0005631053782242969,0.03103240651557116,0.011468962736381781,-0.007820619899923857,-0.022733461248162827,-0.07046949210259583,-0.025917644283676593,-0.012353836405154124,0.012188459838120301,-0.016573271236469254,-0.010169531443730858,0.015322288259068978,0.021701452577327036,-0.00905419796311466,-0.023244447529397742,0.059345013234771336,-0.038246548437296635,0.029930895167455944,0.016426765802483707,0.09047871469587197,-6.372450980642735e-06,0.01677134805698199,-0.006032209663002478,0.03007170409393222,-0.015418269737724656,-0.025463837414087566,-0.04154078210646599,0.060310431876834096,0.09111213751603303,-0.052444041637460304,-0.0034328210417450492,0.023188982214921293,0.051347747813013746,0.02449274506063947,0.04484859608282793,-0.03672837387078473,0.02624419098328585,-0.0629804958373594,-0.0033589503829249533,0.025676865332431967,0.04261056589385137,0.024616067345636775,0.013021254467739073,0.03398467714510739,0.08676917874789496,0.10027696594105018,0.03552140479717423,-0.020594820848811292,0.05991225443305767,0.07459531985433214,0.019221637425955118,0.005009309027740491,0.08726260277340213,0.14250427690524486,0.13634664555194576,-0.0009094922571072379,-0.09816586040019012
2026-07-29,0.05454316397603289,-0.05592991501450978,0.0057807947024772375,0.004759948721361044,0.005080184114203813,0.019602143429367926,0.016792266051942173,0.05617204557431766,0.08604532062205637,0.041770585603044655,-0.049747383479134794,-0.0009932937141438683,-0.01830631008081074,0.0353337494172796,-0.05624565684088555,-0.0009889641225336466,-0.007482187548493028,0.036310482496245446,0.013913670335086321,0.015325627680265618,-0.024069578678137936,-0.03110133091286308,-0.023638319057538236,-0.007583216001391035,-0.054077889407547666,-0.03034674615856159,0.02240829535658463,0.0011810397641150439,-0.0012450908032801862,0.04681795343836624,-0.02931719142174035,-0.011158880318756363,-0.004728942404774752,0.06483450587974611,0.022077279990762116,-0.011353355034966697,-0.00033032806257201827,-0.006598213395101129,-0.02903908735749542,-0.018406495353196668,-0.018904108897515794,0.0007590296637916636,0.031234756106108943,0.012006005176805522,-0.006059063831135083,-0.021546540976671823,-0.06998088396960761,-0.02470408018466385,-0.01288848890036238,0.0119039426141218,-0.017244488588455446,-0.010146679682446752,0.014995674597890384,0.022054450777442232,-0.010386362940507795,-0.023175985059603076,0.059279590536974756,-0.03760069358364105,0.030231882558341187,0.014596037974065099,0.09088641435057701,0.00031161731727259723,0.015562837628582925,-0.004615371861266097,0.030149170058113114,-0.013883460341717545,-0.025579083395571238,-0.042471703914989334,0.05950146093116665,0.09126407977434071,-0.053511939871672506,-0.005152623050483937,0.023754599565954496,0.05201458476203811,0.02369964429316939,0.04465377780769936,-0.034994982578722154,0.027519816243360203,-0.06407683514037292,-0.0030610655253795506,0.0262357404562062,0.04381433030436889,0.021347613824180316,0.012678282846214022,0.03402196812061886,0.08833539829420395,0.09935622329032139,0.03419032018746878,-0.020191632186671603,0.06067834893090123,0.07310206293339859,0.016888494856754067,0.006073228262333859,0.08699283100936797,0.1415847422605599,0.13751804504135462,0.0010330095032919113,-0.09611462036272364
2026-07-30,0.044302888036996314,-0.026557129046979586,0.003247727665574467,0.0019548811665447714,-0.006045827944335782,0.013061931521300474,0.005545272050038054,0.04884037090853874,0.05844199128897405,0.03401520537503936,-0.04958023711292553,-0.001497461622662925,-0.019603989355096663,0.02857781180319703,-0.04070521734548871,0.005843935656621321,-0.0034938018566961822,0.023745062488181326,0.004452385951178556,0.013023130113708318,-0.019505095395964664,-0.011616218146610976,-0.011018362680785708,0.0028521177381491845,-0.03425795168840645,-0.012872613022533943,0.018185386406231546,-0.0047209654073647,-0.00879215044677348,0.041425866731798155,-0.021717899506603723,-0.011177332096729478,-0.006680610916621253,0.04925695667362619,0.005167179833114149,-0.014916268420407027,-0.0007982800316683331,0.000867047000593188,-0.011878157626784265,-0.0176982046838901,-0.01225373889370972,5.415013173769301e-06,0.02299062669250397,0.000913675672228241,0.010257484997652864,-0.013549718380909946,-0.05416639098089879,-0.003083765102316489,-0.00482346204984016,0.01904167361491275,-0.017755189941743563,-0.015986242723863425,0.00043417687786649097,0.016889509189043757,-0.023462561961080215,-0.008764427471987557,0.03824622964808439,-0.011716605233282015,0.02117633939394673,0.030223543511625296,0.07973424672031859,0.003031128750693588,0.004249248377516835,-0.011413658756587551,0.03233343732705052,-0.0022257860376187367,-0.012414629447622663,-0.024765064512125207,0.03868405715886105,0.08707701190933488,-0.036923787310229404,0.002865409086115117,0.019236105966732905,0.04581742921923501,0.035288767879251406,0.02192999566003602,-0.0014004232982173098,0.02321787573439623,-0.029498944836225963,0.00725489025703877,0.030666272798808784,0.03299903079259336,0.02129367333703662,0.004451262611338036,0.02653352557849052,0.0820774166967662,0.08402815627082479,0.043774286185736665,-0.0076774061520080514,0.053091602486232306,0.056544645929871386,0.029322317118005946,0.014468047875850213,0.07356951070837238,0.123464359189606,0.10276874249352352,-0.007528873712408861,-0.10821382598207625
2026-07-31,0.04422309937749488,-0.023113604445939975,0.0045807807453353815,0.001995866259207132,-0.004287423597480473,0.014526425903244993,-0.012235132562228234,0.042047335607981726,0.05637779521223767,0.03935994697627795,-0.050121008490877444,-0.004959765492607212,-0.018643724619208983,0.03473359945106689,-0.04020718066544909,0.009370249544096236,0.0010165381136180759,0.025896804357213296,0.0034692119331346223,0.01552092673518287,-0.020825267995634,-0.009888092527067923,-0.015056534536225333,0.004548982156354297,-0.03403109720855274,-0.015229201427226792,0.019077195878536173,-0.0003606496176768465,-0.005541802602477641,0.043173637082522545,-0.02254888534759668,-0.009011672800347302,-0.006698654688289099,0.048298861746280494,0.00755899734171694,-0.008936458640498248,0.0013006549696092645,0.0008913445336640631,-0.010670083125662816,-0.022452246982813888,-0.008605330773465961,-0.006644553205863312,0.020804296763584793,-0.0026390847692536277,0.009911146370306323,-0.009638837532281093,-0.0518907465423264,-0.004615168816187438,-0.0033770799838440963,0.022543578189601635,-0.013677252908281376,-0.01776827852492425,0.0010579061057162074,0.017141775059201787,-0.027273335136663746,-0.007398002490186488,0.03242160879566589,-0.009338995376011282,0.022624716896150025,0.01900187775801062,0.08077961873968623,-0.007083085320728625,-0.00015874774829169325,-0.01215680542981856,0.030341169811695386,0.0025412229595208075,-0.01786398829422043,-0.024817972442397397,0.03591444316720221,0.0900162765359324,-0.028224087646219365,0.0007767919416089633,0.02465531809192691,0.04713386577578142,0.032600611885484625,0.01936294370119225,0.003578751317295201,0.02040235845128833,-0.029763225008158957,0.009918204504881836,0.03329736057383482,0.033367700862243714,0.016187456907102944,0.005793261498792064,0.027449206977185905,0.08546022598368463,0.08645822985819805,0.04008585750364917,-0.006346213680656037,0.048669610007458196,0.056122783739226294,0.029409371725800867,0.015600326292831753,0.07460297959299046,0.12347993575676901,0.10292044570046259,-0.005292858435128259,-0.11100935228797075
