date,SMALL LoBM,ME1 BM2,ME1 BM3,ME1 BM4,ME1 BM5,ME1 BM6,ME1 BM7,ME1 BM8,ME1 BM9,SMALL HiBM,ME2 BM1,ME2 BM2,ME2 BM3,ME2 BM4,ME2 BM5,ME2 BM6,ME2 BM7,ME2 BM8,ME2 BM9,ME2 BM10,ME3 BM1,ME3 BM2,ME3 BM3,ME3 BM4,ME3 BM5,ME3 BM6,ME3 BM7,ME3 BM8,ME3 BM9,ME3 BM10,ME4 BM1,ME4 BM2,ME4 BM3,ME4 BM4,ME4 BM5,ME4 BM6,ME4 BM7,ME4 BM8,ME4 BM9,ME4 BM10,ME5 BM1,ME5 BM2,ME5 BM3,ME5 BM4,ME5 BM5,ME5 BM6,ME5 BM7,ME5 BM8,ME5 BM9,ME5 BM10,ME6 BM1,ME6 BM2,ME6 BM3,ME6 BM4,ME6 BM5,ME6 BM6,ME6 BM7,ME6 BM8,ME6 BM9,ME6 BM10,ME7 BM1,ME7 BM2,ME7 BM3,ME7 BM4,ME7 BM5,ME7 BM6,ME7 BM7,ME7 BM8,ME7 BM9,ME7 BM10,ME8 BM1,ME8 BM2,ME8 BM3,ME8 BM4,ME8 BM5,ME8 BM6,ME8 BM7,ME8 BM8,ME8 BM9,ME8 BM10,ME9 BM1,ME9 BM2,ME9 BM3,ME9 BM4,ME9 BM5,ME9 BM6,ME9 BM7,ME9 BM8,ME9 BM9,BIG LoBM,ME10 BM2,ME10 BM3,ME10 BM4,ME10 BM5,ME10 BM6,ME10 BM7,ME10 BM8,ME10 BM9
2026-01-02,0.010203241807424903,0.01020316886625633,0.010203392567517254,0.010203565433774214,0.010203182822737302,0.010203417280363287,0.010203809671778507,0.010203580627638344,0.010203631136690854,0.010203790729602275,0.010203035348785578,0.010203737424285255,0.010203352264008165,0.010203546135932003,0.010203442923612418,0.010203674453822822,0.010203558605817986,0.010203464584242237,0.010203750302084142,0.010203560853595861,0.01020359806876224,0.010203598499941782,0.010203743179318736,0.010203801481856154,0.010203652192672096,0.010203726301287509,0.010203816949622036,0.010203594775017125,0.010203723025237442,0.010203690500923325,0.01020363080768316,0.010203698152626022,0.010203681648262183,0.010204033547004205,0.01020356565030724,0.010203774617758517,0.010203722262966553,0.010203975317818331,0.010203677459101595,0.010203714713432276,0.010203730960436226,0.010203849477745289,0.010203588758771375,0.010204030012725606,0.010204138735904953,0.010203921833901782,0.010203669771313591,0.010204241433819301,0.010203881938615988,0.010203935212883071,0.010203975981847363,0.01020368869436066,0.010203978462856488,0.01020392045845248,0.010204024642644197,0.0102040766764652,0.010204047230475929,0.01020391959228393,0.01020393027285833,0.010204024344313146,0.0102041344688764,0.010204196463166665,0.010204073560855278,0.010204137686683842,0.010204198938500574,0.01020407035188337,0.01020415001072133,0.01020380450268958,0.010204045666156522,0.010204682768379351,0.01020408348401199,0.010204122547694391,0.010204204855809517,0.010204243776984367,0.010204433261587386,0.01020429126046001,0.010204009673616758,0.010204528549188773,0.010204195577401006,0.010204258846718701,0.010204380231057384,0.010204455823636289,0.010204439466763771,0.010204435049653127,0.010204397607465283,0.010204708024890905,0.010204554429566193,0.01020441438625259,0.010204349913315404,0.010204616271957267,0.010204472241030832,0.010204490163480982,0.010204382253671204,0.01020477784014461,0.010204625087769809,0.01020482254478362,0.010204225779843016,0.01021668914908865
2026-01-05,-0.09802591483672135,-0.048291263357764014,0.08739163357171086,-0.011821988952566682,-0.09022318178528627,0.0020586872169220463,0.06234853872542881,0.029105395605640995,0.19596168740772682,0.0671231709035886,-0.011428638718196901,0.0033478327233229634,-0.04199638229625573,-0.05913242112347493,-0.16056436800383841,-0.013130043030070976,-0.03745160568740534,-0.04293587823255235,0.04852556411890446,0.034435088887779255,-0.00749637197067036,-0.03795112323195489,0.06755645898436943,-0.017774333987027643,0.04815706254306287,0.02593760021657708,0.09714102679733093,0.05658251692891281,0.014807414090543846,-0.03209015690540059,0.031404787521939204,0.03877814440501465,-0.08249191165295276,0.18933957422607897,-0.02614417231737859,-0.11750378663245055,-0.039357855429440175,-0.018645069119833102,-0.09325918404458246,-0.07219926726348823,0.0018883862247909017,-0.05247788367618893,-0.04686997350320625,0.047891349561809425,-0.04322291733897554,-0.0452079826967028,-0.05533605215736684,0.045920329505471466,-0.03675615254981707,-0.020724971509848776,0.02721658042828081,-0.07029957075731454,0.020650275285553462,-0.05197829558662905,-0.0330110866662206,-0.0028193980754164065,-0.11338643433095856,0.012049674148529492,-0.004436656983609729,0.056836939656188724,-0.02504697217513132,0.07722904062450012,0.12141290216720459,0.03786006177759335,0.023361799135858327,0.04188184665232851,-0.11587414346720258,-0.05646339514521048,0.04216196858098553,0.04752844771478367,0.06446748630290552,-0.04487242576858312,-0.07376154442907391,0.1540267605685658,0.08245230652039981,0.08600357195232979,-0.06758362483004897,-0.019644460232608477,0.046926925742551424,-0.05058105486073653,-0.03900394106772564,0.025379153206035204,0.042953878465084964,0.14178077899470234,-0.014957895808763147,0.021044848645837604,0.09499498064507061,0.060444508617290046,-0.010511551432667987,0.3205060732501217,0.10728866835746562,-0.0295757565371038,-0.006283261886869432,0.08281549200868758,0.017821080049201684,0.34267696107118817,-0.019742088293024554,-0.08513085038985331
2026-01-06,-0.06945494743030495,-0.03705068106294235,0.05287760821588532,-0.0037009363415807395,-0.07168566684830475,0.001851530957603948,0.05789563557170963,0.03294852700673099,0.10281917041920036,0.061250115455521774,-0.020008439719902127,0.0023474509748588803,-0.028446852585970107,-0.03883312033741492,-0.10658676120121181,0.010786921295239296,-0.036238639162526454,-0.03091098329029661,0.042542767252497955,0.04192299675731022,-0.010017141633838841,-0.01093527663913483,0.0396620155354841,0.010445763435292263,0.02832358153782865,0.021351689894825478,0.052344786282083576,0.012928359397295502,-0.021229217081315255,-0.05012712671722309,0.0070079630681108025,0.015085380932493,-0.061041523691254,0.12060866664135668,-0.039718919120192445,-0.0685103463166834,-0.04177278452784035,-0.0074007240825636565,-0.06558415365901586,-0.04545393731739984,-0.0008170325921822586,-0.03295854360141682,-0.04645762674629054,0.04169416631890272,-0.011314507495721817,-0.0015742566449295226,-0.031553547849735644,0.055200748425966596,-0.031123524243755273,0.0011629098515603814,0.01034285081330005,-0.05472912344682211,0.012013969947041165,-0.02183992058052958,-0.012833866172626227,-0.025758667744804967,-0.055043330593661025,-0.0016374322728586969,-0.001882159961856169,0.027192778665448884,-0.017714298477720873,0.05389947309535668,0.061223332353741784,0.029835128155971287,-0.005446630953186904,-0.001618361298911986,-0.05981104411985237,-0.03653073809501612,0.030444103054018005,0.06553918314346034,0.03269472798297913,-0.006155250260104562,-0.030696097292387113,0.06330511321636476,0.07225493702130571,0.06551914824573124,-0.0693072731001957,0.026233226238799416,0.04202341629292795,-0.030489395385163716,0.032907467789502313,0.04410436309591537,0.04575440339414738,0.10353530233775218,0.01701161134612876,0.04802141917823291,0.07062864444639885,0.04076757992317554,0.013552745313688023,0.21987928571203336,0.10858317240049616,0.010779530556578898,0.012372148160410695,0.12004211751130797,0.04310084680016614,0.2101225519959218,0.002949167899769055,-0.09769169361918363
2026-01-07,-0.20199614894417328,-0.05549605600676749,0.11557813130835688,0.06299504913765447,-0.17314950455381506,0.008039967172685372,-0.09052092517823639,0.13306657435724267,0.17701596967277705,0.15712260941507522,0.021189886478112867,0.0315411924689766,-0.052347494724030996,-0.13178910446853537,-0.15184602302393999,0.045417335929400296,0.08453614751098303,-0.16007741861509775,-0.007754397261891819,-0.0718693941286072,-0.16259834970625728,-0.10209554947442041,0.10720699369805108,-0.13005184919597695,0.1764801067582896,0.09715068643578081,0.14792222143170364,0.11668713752297014,0.0895098845978773,-0.023389200129961554,0.06598352013185653,0.02862054522920409,0.011118118801950155,0.2673807193507504,0.10566354024862519,-0.030898915580586488,0.12389500435976206,-0.13273580314186062,-0.049013968874063264,-0.1543980342802603,-0.07876418796128816,0.14459174304682001,0.0232712888180926,0.09371672142089149,-0.20195314083019544,-0.16252140776455823,-0.08639095234917221,-0.08623690118619633,-0.03973922319586215,-0.012988288128770323,0.017340792563137468,-0.11445866043061817,-0.11151171593287583,-0.29764857051513977,-0.3201515241762124,0.10775338616897745,-0.023756171154103375,0.12024594525444919,0.009364527249985788,0.3352424372179687,0.0774922158415207,0.13611956450856558,0.2949236099376878,0.0647669740342692,-0.05295800001077072,0.25330408870502547,-0.42582562678885594,0.12016016004947895,0.015754426523941385,0.04123785579628751,0.1462831604647078,-0.19450102294698063,-0.25103338352469,0.20645162093058564,0.31200974739366166,0.18644845846518482,-0.11261601667333906,-0.053410331790203394,0.02630106842627824,-0.2557530713896704,-0.4803244434069143,0.009466434586575277,0.09991859845062821,0.31025975475145334,-0.06000529190835993,0.09956356182846,0.1551427078957258,-0.06091339324037376,-0.15146943902499985,0.7706922105333045,-0.16695414817835655,0.18739904153454373,-0.23513676172804512,0.10768393235839435,-0.022536068269759957,0.4567363728038557,-0.05382846686754163,-0.10834940291620766
2026-01-08,-0.04951683435422669,-0.03468871246969307,0.038351341138427184,-4.2278938610947406e-05,-0.05477917102085418,0.001258634894456729,0.060186857026721496,0.025133933445227567,0.06645022432486739,0.05747595365070978,-0.0301413506784467,0.005096353880219582,-0.023015837575254848,-0.02757265904372711,-0.07130318303059098,0.008427430235053547,-0.022525306886599872,-0.027673610956640837,0.02906337802988762,0.021373128696558767,-0.008189572365883817,-0.010147846540502293,0.02356049036366286,0.011940199469642207,0.01785730937073069,0.01215587153208151,0.030619703054132932,0.016197507625768548,-0.023829490285996055,-0.05777270831909097,-0.002907218833127693,0.010921840014992816,-0.04183619226468392,0.08765494874142325,-0.042746217651545064,-0.0468526318022302,-0.036645660546167844,-0.006435975991349622,-0.05721263358600996,-0.04165187297111247,-8.903721952029618e-05,-0.02228304325118395,-0.042904587313691345,0.03613204724280175,0.003951903094481026,0.0005999394935707267,-0.026767046073553832,0.04314791063061432,-0.015466801570758288,-0.004199225723940653,0.020575794294211497,-0.05083421417509747,0.007415432652671198,-0.01629571754815854,-0.001149683222593758,-0.01380427987906944,-0.033370526807469186,-0.01039010741257869,-0.005173867167075153,0.023860652115200102,-0.00860789321678833,0.04530548745316349,0.03725523619499093,0.03438147079712236,0.001466878236997947,-0.00881565058698599,-0.03907547259341904,-0.030444197129627683,0.021320035416094417,0.06715403773458097,0.02249726719695789,0.004159440402973609,-0.006354610310071713,0.039876528473621754,0.05880474050104966,0.050822850265531315,-0.0547051735867031,0.04337726382731554,0.03689355650559319,-0.008565098421308046,0.0490009116455955,0.05581718379074703,0.04043305255960666,0.0705755127161466,0.02920948472318225,0.04947266977313462,0.06778720890805646,0.03818885894344005,0.020602277574659288,0.1729781794320168,0.0968146295764998,0.030242457224702306,0.024129634354704037,0.11816842122371697,0.051115935904671825,0.17040602533493568,0.007794171097613482,-0.09867699348559796
2026-01-09,-0.07489503664298333,-0.04418791558728412,0.06017258359887763,-0.0031588856707896115,-0.07744981482130311,-0.0018361223021675418,0.06739697857112081,0.042322594907398564,0.1265921648101367,0.06891250459717388,-0.01795685189032155,0.005665006768758054,-0.03323140834176872,-0.047850069894694355,-0.09687132853198237,0.00823794272570793,-0.032893038862122186,-0.03750892543824542,0.04027575262474236,0.04164318265187983,-0.018930025615882355,-0.01478507284965627,0.04180805804139261,0.0015088652813963505,0.03613211875573134,0.032104625549567965,0.0605591344568285,0.03952092717106424,-0.026880439657875788,-0.061113195336618006,-0.0014855076805491158,0.03510606249187923,-0.061171740477438896,0.1470639664852875,-0.04281245259725094,-0.0801874279036908,-0.041095645387517664,-0.016003329998909605,-0.08314320169335784,-0.06416609246700665,0.0003998052915886261,-0.034396580815398606,-0.04956349361725194,0.03963425916997129,-0.026889326071298646,-0.004767440244391703,-0.03431531591004694,0.04247285207955509,-0.026780009963805945,-0.011460399848515724,0.02398031836808672,-0.0679017937852607,0.012407727328727839,-0.03734739983471767,-0.017829495752089877,-0.011698947338229607,-0.06689365035279679,0.016321422539230523,-0.007162981039092147,0.04273323972193025,-0.015882920912558135,0.07347094144943166,0.06554000206002797,0.04123638171189507,-0.0032676921695725305,0.004611552847805727,-0.08133694945655098,-0.03954904428764829,0.040536875098859775,0.06259714836695109,0.03740828537651942,-0.016219632107972143,-0.04239729386035484,0.06022635086806838,0.0703058272229227,0.07659391345201347,-0.06605182396115948,0.03529416106116968,0.04352234663374368,-0.028981763244538446,0.022226569964243627,0.046383465744649556,0.04381207152077913,0.09742419164094959,-0.001481903668669942,0.033581644136071544,0.07455284408195759,0.05037375022825608,-0.0036693995363880714,0.2576371869844643,0.11421594359895587,-0.005378649376512532,-0.007607147015886552,0.1279330894522648,0.03398867481897724,0.24567803511992597,-0.008468924149949318,-0.09520983945886394
2026-01-12,-0.17480524400691863,-0.07106633665765588,0.06409594212836409,0.06776441573436788,-0.1654855800810336,0.03740463147721331,-0.03514106000028248,0.12170724868528564,0.22283453169300843,0.10081624747167249,0.004940426705954582,-0.022571450986370346,-0.04295860670409436,-0.12080172549682062,-0.10609042248314128,0.09803185422913242,0.027509791635402035,-0.23245444557616807,0.07873854913594676,-0.05240074254965146,-0.12738866630988524,-0.07990903664573915,0.11371742620693234,-0.07792862738528648,0.18773478569307386,0.07204814508636449,0.12795081361836702,0.1168363711512912,0.1524482750913395,0.010575818749159482,0.0611579087850512,0.03908640228040446,-0.05420541312321639,0.1950174052883127,0.07567979563138379,-0.04550364547899276,0.07653294264896263,-0.16418826169443704,-0.11683168874382698,-0.14844173563592145,0.00519781700788089,0.04809732638352843,-0.010976335414611146,0.04074596981000333,-0.1676075222385243,-0.16616762117539366,-0.13596419297402673,-0.004854705998288359,-0.014400784039061887,-0.033009784180105195,0.06586240940739907,-0.0691295833689638,-0.09940311178865517,-0.2768714404381292,-0.21487189659629674,0.024875867614241154,-0.05568727401327778,0.06989360926383613,0.005448050634070471,0.32442881711054294,0.09739590081990593,0.12963069569192875,0.2313441638054465,-0.045851397946991335,0.00456336499858014,0.2561127746929645,-0.36908202918017147,0.08399993903139219,0.032752153423668474,0.028910355941792053,0.16486081061887622,-0.1498634158311369,-0.20343323441800953,0.14479375790775542,0.2729780652805293,0.2669295251226678,-0.07647905945417906,-0.019230042805117552,0.005550953934074308,-0.18935512011751632,-0.3708007432970025,0.06866251485380351,0.17618860121251445,0.2151611097010911,-0.03839946004388347,0.027786651443225986,0.11097892658945886,-0.07520046972311861,-0.0731739683570514,0.6273928224169741,-0.056850721520120245,-0.021666390633554786,-0.18888627785951223,0.06993689792207763,-0.020176311147819585,0.5222779237690726,-0.07390873607971665,-0.11591318533661439
2026-01-13,-0.15690209077967582,-0.07544394296811854,0.06169599448508326,0.055573002645932144,-0.15432345273784692,0.027456419903281987,-0.008299662119309702,0.10637054365545942,0.23406606492478474,0.09362900136057829,0.0037267205171815218,-0.021310441497157252,-0.043097882041827504,-0.11500557809354618,-0.10372060184211866,0.08039979379908278,0.002065992127640805,-0.19408724497082303,0.088435415528555,-0.03252766118576919,-0.10431881590812843,-0.0678362903847324,0.10708732911770728,-0.06023073017466772,0.16911717990886568,0.07288586062928014,0.11605305859852487,0.11001367959558266,0.11797783949765533,0.002950644152306982,0.05056394243389012,0.042234106608014216,-0.07400657321050935,0.20360003448114986,0.0571439671450406,-0.05599199424692039,0.047786580535618094,-0.14331406380858774,-0.13789334949703158,-0.12903844389742172,0.013541162857670843,0.015254568041303311,-0.019050733353974746,0.03617848738338888,-0.14927686515363028,-0.14842561369323987,-0.12214868652622042,0.011167268655398318,-0.010605293298558601,-0.03615749106156838,0.06074806854185601,-0.0755459449069508,-0.0706193282871852,-0.22968978663198447,-0.16798425637844064,0.011979165697046226,-0.07830914478579146,0.06890106181127713,-0.01020296798431202,0.25488236040847145,0.08123112920016089,0.12468473387279186,0.20935036852062447,-0.034844485795399525,0.0036989161998030266,0.22710806209875245,-0.3151850596141348,0.042568464682349066,0.04933052552851506,0.03068634866075872,0.14911075947074537,-0.1305835485318456,-0.1858199210590221,0.13056913356049005,0.23096631734103215,0.24542151080292626,-0.060667593312489165,0.009593506629793075,0.01417597087867228,-0.1493559545567548,-0.2909141270724471,0.05967734951732884,0.1665582697838873,0.19498003276466647,-0.05210310379247742,0.01645612447513954,0.09302208086823575,-0.04620558222866783,-0.05751315361819127,0.5610675417797467,-0.013165436037319617,-0.05621054376548794,-0.1558407499011633,0.07064943650823331,-0.0176545751093624,0.49971157565569774,-0.06593193608600473,-0.10674277194116163
2026-01-14,-0.16194370764217533,-0.09295535047288277,0.047041407502879454,0.06177570079283903,-0.18598315635741086,0.032227684800077754,-0.02602611559385031,0.13196281363520956,0.2512930464241451,0.11760740101875543,-0.0005582254255608442,-0.008650324360718506,-0.04014259398955047,-0.14110082349738798,-0.10158534834672213,0.13874244937035013,0.0412525579564392,-0.2882868467963783,0.1571007442157302,-0.013051856302009697,-0.11088125732596242,-0.12383728594630504,0.08635552994945879,-0.08420853812557737,0.2507312869693105,0.07802160683668384,0.10595707500600696,0.15658719978482125,0.14946852359783455,0.0031945893236664143,0.08539791507253633,0.01676625956582191,-0.028135441403118487,0.17723980632889846,0.035020625382076766,-0.05668880364685888,0.08524188804024461,-0.2140674698718569,-0.18285758722839082,-0.13989717083981215,-0.009371893237715955,0.02148350783685367,-0.025587668475613494,0.005285645906944329,-0.080088330720724,-0.2076666472621312,-0.14813702140437535,0.012244411872545755,0.043928308949505744,-0.053967947905938465,0.06705434973435807,-0.05517195909298851,-0.12591134888985117,-0.31558952344574703,-0.23237119164600561,0.01933632129360244,-0.036186605632258506,0.08906837707558062,-0.06955780075964933,0.33846329428061495,0.11857221157987881,0.13693187347987004,0.24098630785192515,-0.05429864404515568,0.01945619347469905,0.2797099665084338,-0.27263304070403327,0.09671809933573279,0.026172380373283094,0.012942992776765834,0.19762052800699334,-0.12280529064444419,-0.17947880202322516,0.152704464832219,0.3193162511546423,0.26262935027521545,-0.05433268069137469,-0.06092457792101094,-0.0107612497204732,-0.19427058083604473,-0.4388684001250215,0.0484638252157396,0.15197102054762943,0.21302069432313925,-0.13389697559872862,0.03576557560643352,0.11899112707255163,-0.04514243622418636,-0.07495426317723716,0.6496572460291984,-0.09469977825123524,-0.014326930856115477,-0.14967541054389558,0.05647631293841874,-0.06500142733592836,0.5434376702073036,-0.0345562159687086,-0.12630187380151794
2026-01-15,-0.18576070769985106,-0.09556278551771426,0.05081786805776399,0.08056760704278351,-0.1873737586038404,0.04651897688137835,-0.02364352946839518,0.12925899404636065,0.28918056401699255,0.10902217545457021,-0.004379656832071812,-0.007724564455421469,-0.03537137438270204,-0.15529500415003394,-0.12446147353668242,0.1701205519439354,0.01662157129181403,-0.3295380284022976,0.17880295101631852,-0.032929414832022455,-0.0974591807864564,-0.12460619051922368,0.07561825322901304,-0.1081470950718384,0.25718324521336655,0.06750853282461956,0.12114157782416607,0.15919277329901937,0.19011043491408575,0.007997462624739654,0.10101006916342338,-0.023917617879531908,-0.01593897424227872,0.17066567185429835,0.03001975427597789,-0.03579476147832237,0.09639201424591452,-0.21746991485422212,-0.16604873158413821,-0.147744445980773,-0.026466747789511212,0.04955124245930873,-0.03123225277753225,0.0681623326401658,-0.13751108985858318,-0.1965142346207136,-0.1478143326302943,-0.01714009795749684,0.0841005397972231,-0.03892247988097159,0.07237634170595074,-0.07094915726886837,-0.10659892018569299,-0.3331346731771455,-0.2558497686199221,0.0014665429923328144,-0.04872589133552149,0.06248840377325349,-0.07967293744579913,0.31997942337681534,0.12556492002523956,0.14403701612649283,0.24365512197918995,-0.044268642283898,0.011187041535815134,0.3063155564838189,-0.2848211879413235,0.14062604692259786,0.03076385654578579,0.006538123632460294,0.23513160683438913,-0.1833239275183124,-0.146657143747531,0.12017521834274869,0.35325687579854514,0.29682158889930754,-0.015071021187062631,-0.06586243480913935,-0.03183276969183944,-0.20497149445771834,-0.4733594370406162,0.009380143498300637,0.11920382082043723,0.22433939470863457,-0.12211119455347318,0.05378872247184958,0.09712956136255292,-0.0468691440240115,-0.10778284328451504,0.636150998095148,-0.0694524021404074,0.016905311037479196,-0.11886734200703795,0.07494480725299095,-0.052452368850717634,0.538716993791895,-0.06519835146051015,-0.14790710330728618
2026-01-16,-0.12449337055663025,-0.08757101890480493,0.042154630833081685,0.0474368045368284,-0.13575699233023739,0.017023160372654215,0.04414871470268987,0.0929049703896101,0.254392606581541,0.079291121978625,-0.011982675050703181,0.0023863632174021578,-0.05585839287973776,-0.08821870988675408,-0.13704521555032745,0.08609498771698736,-0.05642244670128736,-0.13111749729850258,0.12366550491203879,-0.0095687384398648,-0.028510462619163394,-0.08965951405396509,0.06931028635216607,-0.04956739633491387,0.13363521362395864,0.053679293384591,0.08216102635084295,0.09883500950558383,0.08723311787304315,-0.022973221638473713,0.060716063297036174,0.061576451429633944,-0.08898231052830646,0.18219808061887705,0.0018095434628054696,-0.07026882412396063,0.026910354911922917,-0.0901856269275064,-0.11755124723028114,-0.13083255654661094,-0.0008387900586217783,-0.007087834154217593,-0.04337910661600955,0.0446077845683031,-0.1384954554956669,-0.09050615373565728,-0.14045920739841566,0.029196100390825208,0.01535302996751024,-0.027081404667451854,0.040614847439482696,-0.089887724273733,-0.004822674123163315,-0.15016747164399336,-0.11392137293668206,0.0024381096990388146,-0.10553716900751646,0.03410562337979479,-0.06918927446482487,0.19479543467870153,0.043876159219937205,0.12469642054091437,0.21680874547558485,0.04097592593801609,0.01843685524903358,0.11235739254575111,-0.2074509344619466,0.03487668207152458,0.07911900742336415,0.029214429422707917,0.1693726677743632,-0.1534098302058684,-0.11173081819804567,0.10454679162417686,0.20805136955197392,0.21654828363641795,-0.04600330971790983,-0.014405233073238871,0.01993359886799564,-0.108585808537782,-0.18836877922251513,-0.04721542144587318,0.1350654473652082,0.14491176657008442,-0.10001414720921074,0.04303554527794,0.08120993325351886,0.04578034786989593,-0.06595604755046922,0.45416324968533595,0.060832520454247405,-0.0747271717259674,-0.04701398282131749,0.09122852953695582,-0.0688485161275612,0.42952632764705895,-0.0245392793157264,-0.1470330973861659
2026-01-20,-0.16095038417837548,-0.09904089419557566,0.05532042983078749,0.07499464735350024,-0.14987988794180065,0.013219439569426766,-0.0008262731359900896,0.1397074554911521,0.22260021423564422,0.11885669658917683,-0.004268815223520723,-0.011183950461664207,-0.05391676063971408,-0.12517283187441106,-0.13472473153253298,0.13375778572245575,-0.0634223474666187,-0.241165922961116,0.201189648117166,-0.028843497308330877,-0.06480941646430197,-0.12269643553627128,0.07522401517375796,-0.08495431717725095,0.24484098715224376,0.09086308002628621,0.07072245564886076,0.10586703252905368,0.15202258557950693,0.009055474150400667,0.0824181648307993,0.0037145951217369393,-0.02856192922659547,0.18901794538796973,0.06047139808592329,-0.0012271455193377558,0.07243766183161597,-0.18607228939495946,-0.1080131099408716,-0.14637698194188548,-0.036617017462777894,0.042273007289172555,-0.04822376825945267,0.05848883321988337,-0.20075445704053027,-0.1273171593497654,-0.14512581855333956,-0.029473678928869478,0.024926611242201364,-0.023762441262168213,0.0408625420003533,-0.10132844499886069,-0.041241373209073104,-0.23969156774816872,-0.2047544946141257,0.002875604739235738,-0.08095285480968434,0.026162493559991083,-0.07903936910098464,0.2655511850306299,0.10981293028419432,0.11977868838815879,0.29417103428828256,0.01892790990102856,0.007277945891300139,0.2637718461301554,-0.3120684932301155,0.11024788651672936,0.06932786563478735,0.03537408163459163,0.25128117923106885,-0.3050795549055932,-0.12062222337096583,0.08909127091974764,0.33376508639750474,0.2897272386322365,-0.06494667489649798,-0.05148081641726166,-0.0050755423777374045,-0.1905991638453501,-0.3230767252253646,-0.04085448642294999,0.14742979598929665,0.15538192078977422,-0.11638031731351652,0.09463454034824244,0.06634236187868402,0.07042311942394056,-0.058143399617483896,0.5939284036036356,-0.07537209796575207,-0.028717401491146433,-0.09436687955305778,0.09170045795284933,-0.11194976161091005,0.4869380759292703,-0.034743346580412365,-0.16890837699136996
2026-01-21,-0.14006321491896756,-0.10679626524056646,0.0721768756257693,0.056444443929621745,-0.14567749353944714,0.02989604783061431,0.033973838070413105,0.09206064919864693,0.238298505044648,0.08729200312229224,-0.0018827108609776391,-0.03403772428091553,-0.048185126263276645,-0.1299666356955221,-0.15426451319937112,0.11016967386747095,-0.06453717842866563,-0.1910220140677207,0.19577854237003708,-0.032138353819016446,-0.02050703709317673,-0.060602005290597505,0.08107936291013258,-0.05457125204583109,0.20197500017358685,0.0536478182949774,0.029253021491721327,0.09834803626421865,0.19811837395947482,0.012374027226974345,0.09090914748213219,0.009023688159521108,-0.08970946033827781,0.1682190801634214,-0.033209653259598314,-0.00570922304776547,0.0360048354530909,-0.1904561893411558,-0.08147129749730302,-0.1497069298874418,-0.01555224848408064,0.022570204514688226,-0.03197912011726814,0.086544463382645,-0.19603389053788878,-0.06321734069823158,-0.15195969302457438,-0.06394749253091345,0.0050525049213941235,-0.03956318550359485,0.06785003387361607,-0.11025120749020512,-0.06188365315170363,-0.15255120766131175,-0.12185561098483176,-0.011377040346157904,-0.12608093421624408,0.028647177931796546,-0.1101643740425584,0.17794759089837542,0.06883199775536307,0.13578938146419886,0.31858366191262755,0.0312160918250365,0.029835540729099094,0.258865454153007,-0.27122863867892927,0.13241401505427752,0.08699568783405613,0.034919526834427256,0.16272182631275015,-0.3238706026039027,-0.08186550287567268,0.08707431174573411,0.29151647678130566,0.2845547897599938,-0.09146137421268481,0.013942808811736864,0.018042219019240628,-0.12189354422035549,-0.2394372185935204,-0.04481579448208543,0.19346486487249773,0.13030906110000712,-0.10156981100554134,0.030727298974669526,0.07891666546992011,0.1510720850348208,-0.05889929503537687,0.4985585551668715,0.0322591518084644,-0.10058457509083757,-0.10658114930680881,0.08112703160568502,-0.07183760411525403,0.4442701961891339,-0.05783971442749833,-0.21684754482257756
2026-01-22,-0.12385821932327375,-0.10569541049140833,0.0876880204112691,0.04539786077082984,-0.11282097077827799,0.02408355521778385,0.04138846041089376,0.056272152031367303,0.20486265331850936,0.07877193747115566,0.0031889057821786566,-0.029299830099239796,-0.04323520618214033,-0.1203417602234813,-0.13509289083669232,0.08071598675155661,-0.07490869533592201,-0.17597539511575927,0.17725580311365793,-0.011568371378290006,-0.03848874797984835,-0.0317712978736557,0.11429553995911529,-0.036574109769514834,0.17448739957186601,0.04870032350250497,0.02545567793167292,0.08859234707558492,0.16606153642564023,-0.012964313326723058,0.06361416399206148,0.018678903636569825,-0.13614697245530424,0.14685099496363677,-0.02718053157522273,-0.02033141408793375,-0.032335201271250655,-0.10681435147098846,-0.08114569696642218,-0.14319967509739917,-0.016459054970099113,0.00848100055404292,-0.01889847703157555,0.10934371051205172,-0.13249325793668382,-0.05518657983682841,-0.12461068282115688,-0.07422259366860819,-0.018034629013066773,-0.049733972653132466,0.08510158935033861,-0.10235072199156801,-0.028194221140083353,-0.12391276665165761,-0.10958279338340035,-0.02895150466615673,-0.11094305345659845,0.013174039535082482,-0.11728287180761536,0.17887659638795958,0.046158963420989664,0.1342932218670844,0.25920269612211794,0.004575835959704323,0.007409183008790735,0.21123053879389686,-0.2208085358567064,0.1476505689169534,0.08393985972848776,0.053031358642956626,0.10634490287279333,-0.23416963830609297,-0.09562640474071249,0.05416378773417363,0.201539973650407,0.24873574068226817,-0.07524857673870453,0.056399366118299654,0.037013374886120304,-0.08762720192604975,-0.2055622595696771,-0.013162567213328822,0.14159195936637423,0.17788277132891228,-0.04775926269685475,-0.03506546181965544,0.10663844763763608,0.19507683712324794,-0.051441918882837064,0.48470587863416464,0.08843152269018949,-0.0828062476314676,-0.10152680165503365,0.0767099472600561,-0.06474798388783065,0.37859495943334615,-0.07178001285795406,-0.244721738106416
2026-01-23,-0.09981171054368201,-0.13682985860888872,0.1068362477897805,0.03244690476403263,-0.12724260848007649,0.017445312922429065,0.0033412387434008043,0.06822076355942834,0.1935822311391681,0.1128179404141006,0.0033883886794529652,-0.014107405819989325,-0.02514120066177633,-0.13086717747887192,-0.15143614058325028,0.13301556912312135,-0.10211802132117383,-0.2071795398733557,0.2530524828394084,-0.014060839352359586,-0.04941224366033995,-0.04331280311353969,0.13199697222977788,-0.028400775790676347,0.2614964146878672,0.03667832386907314,-0.03730207165756159,0.054518872100331,0.2651684956309796,-0.010987548477318703,0.08437882091981876,-0.05444462134423482,-0.15236920015418648,0.15480581080564418,0.014969247193549839,0.048492624429327266,-0.06330959114664961,-0.09167644663861259,-0.0564675969619888,-0.16083806239580686,-0.05312820732369991,0.0378485985130904,-0.011390043443453892,0.08720610285023998,-0.19483329143906253,-0.10187285249403755,-0.11008397947155597,-0.04440347709982406,-0.07050310742472458,-0.039515815328390665,0.05663077783069504,-0.10215215551215258,-0.05485569158973183,-0.19109829013763002,-0.08966310377593165,-0.017465399025224884,-0.030446355747528048,-0.04109304010928807,-0.19909013080351867,0.20489222104235585,0.06010861148349274,0.11277994681343556,0.3614013180448108,0.03443969734949641,0.02872172842268854,0.22853388899242796,-0.24379414768407148,0.15365381828999683,0.04174624137899508,0.08001397915733652,0.2348071733739782,-0.32205017068077435,-0.11089906738086186,-0.02415709964211902,0.17279612946926018,0.3093060026462032,-0.10592926774080991,0.104332634165701,0.06641943690930258,-0.08900541322542363,-0.23374856284784243,0.026806562769916914,0.2097088368005824,0.26059346248677234,-0.056772211970133754,-0.07010505192303584,0.10033870809297496,0.1698435418604911,-0.057041010165061856,0.5500803594644015,-0.018192691105356325,-0.16192746688180454,-0.15470585883910104,0.07084827961559456,-0.12199282793663253,0.41818941670024884,-0.06679464590379587,-0.2126742376482617
2026-01-26,-0.10402264967510319,-0.13341628864080315,0.09244036309900582,0.03660056438150728,-0.12590188346647238,0.02194081915986823,0.011837101194509115,0.07047754137315056,0.2035956126813743,0.09812461335457738,0.0066835887834593,-0.02358579059606397,-0.02308565048647098,-0.13411768443500713,-0.1510166619416382,0.13200705573382698,-0.0857501470535142,-0.20161506125865175,0.23651309908110754,0.006284794371421686,-0.0466688708318248,-0.0287418306834493,0.12394376489835783,-0.01656900634404746,0.2476142829567899,0.026635249871421726,-0.03731126624903516,0.048489297049843,0.2629591863989413,-0.008749763851335942,0.07597093171490805,-0.043055618728581255,-0.14872867072444731,0.1588909466227351,-0.024025028995422408,0.03431607466407896,-0.04828322164478949,-0.08895879393689168,-0.08389159631508386,-0.16600241041911207,-0.02754394400672107,0.012893917702360043,-0.01735466341797825,0.0811857985368345,-0.1806997518377129,-0.09278522091442508,-0.11282985442472604,-0.038937171234166734,-0.05189897277046363,-0.03846439512980783,0.059518204787665285,-0.08658270102338678,-0.054025469647645444,-0.18127552448887715,-0.08551528351006993,-0.042195341203049526,-0.033046078219438994,-0.01640986967408198,-0.18235013615052165,0.18424002510460877,0.04795943450371383,0.12704067053102835,0.34632055455095984,-0.0012932252085487567,0.026558229655988808,0.2358916837062862,-0.22986112768187394,0.11708949847520551,0.05697232348103949,0.07793476984893734,0.21666381274110671,-0.2595983273303231,-0.10400243446682261,-0.028547712442553927,0.17745206308968256,0.2819696835155912,-0.11499461053739223,0.13528783480257883,0.06408154245088825,-0.06801696407032654,-0.2219256595630324,0.03831036749402046,0.22082482459947564,0.22871148622236237,-0.05722558493198911,-0.08888471554634708,0.11024814957818221,0.1588400056701734,-0.054982073764794887,0.5218236775807318,0.01591760694140834,-0.17437648015664875,-0.15838260370372986,0.07592186046311292,-0.10088574147330655,0.3936531327611061,-0.07298174565767586,-0.20726476571974833
2026-01-27,-0.11550225658029122,-0.14413171140760359,0.09819051767377598,0.03395959087513598,-0.11214706462708429,0.023278929208718574,0.010668402314250622,0.07057679586851695,0.20730540861631677,0.11480457999428521,0.01645706521084345,-0.01048238580552297,-0.03337455449574583,-0.12774799826651273,-0.18011570994325843,0.08762794839517145,-0.08208769024924484,-0.1578399422957511,0.21322993639608406,0.006801994021757018,-0.04108991637369634,-0.0011711130196493686,0.1193608049632126,-0.0010126786518332952,0.20188760155768043,0.03406945504078094,-0.03241979545877384,0.04779961015041023,0.2252526725008827,-0.009723138211575577,0.06276658816451021,-0.04539464538510672,-0.15555086120514633,0.16429479217602594,-0.0035527661318337164,0.018733343042671977,-0.03601424256667176,-0.05268837546085148,-0.07499214153404264,-0.19107992029885204,-0.01287795739828468,0.005099137606204296,-0.01885951292722294,0.10606132938469295,-0.21311869694064633,-0.06707422500348247,-0.11372140726450161,-0.05483910936541132,-0.029053692703226344,-0.014492413998076782,0.05101476113647202,-0.09036036111992828,-0.04435706697917892,-0.16438368016580387,-0.06340180439078844,-0.004859486893730924,-0.03972834096259137,-0.007297896334509028,-0.17815596723783714,0.15122367038397938,0.0403451942572469,0.11150915265076311,0.3548612737170766,0.024735944226911312,0.010988375071630824,0.1940194204786753,-0.24085485092898207,0.1102051109381425,0.06497718727804659,0.08205217830787248,0.21293036186030598,-0.23762516055571709,-0.10291238994136793,-0.0454652406577808,0.17287405227321329,0.23386839100780152,-0.11793944563323887,0.15463823693794926,-0.0063326683576648436,-0.07856364514016734,-0.1552041079811142,0.028162714254826235,0.23230036131291054,0.19242064105285037,-0.07377299356795183,-0.06172839685574048,0.07978996804693562,0.1931245851001954,-0.03507432532655974,0.4547581033034388,0.020606170672405624,-0.1468941204665364,-0.14597122541197594,0.12079284178141085,-0.08016730274682317,0.35341370259901467,-0.06657881533174773,-0.19405368525436661
2026-01-28,-0.1226048056708295,-0.1487612196462396,0.08720691062004396,0.04897826830229282,-0.10961319288601198,0.024545189107402846,0.029407937568480674,0.08383695456576341,0.1994368625049341,0.1061320040169428,0.02806743153501099,0.000826726826490886,-0.05660625936256153,-0.1245842410085355,-0.15541481356106046,0.10896277626435434,-0.08952447894465601,-0.1567832013506368,0.16009089965825618,0.025323686800048956,-0.03960667385438524,0.011944588603320929,0.10617840148566789,0.014350338387354805,0.16270427270675905,0.03378815360622142,0.02002525404816117,0.0798337131882262,0.16372638831310873,-0.02376228995710289,0.06375726844856469,-0.06710261687080091,-0.13241149040426548,0.19237523054208297,-0.030193652920734178,-0.0076522124714872835,-0.025367130758102777,-0.019435153995922494,-0.11047173689643855,-0.21830741277365703,0.021099485483776374,0.004098873071468626,-0.04244477422866545,0.0859692875205249,-0.17494429857305394,-0.02849388809585441,-0.11222738202592211,-0.051887916212103945,-0.03760831375607805,-0.005971968024311212,0.04500640685406497,-0.06592543657382523,-0.07365422751656314,-0.1715241686883183,-0.07916040491875287,-0.04269013305897902,-0.010789082089101483,0.019167264445354295,-0.1680808460738082,0.11611368696341323,0.012497989569151453,0.10653994836602389,0.3632350486377379,0.012056816274019728,-2.4775712809269393e-05,0.17958456945829016,-0.2312283851330212,0.10849426593320596,0.0846426179467715,0.08637167815150174,0.19563954705171568,-0.19062721742681327,-0.1062675351308377,-0.0471866368960557,0.18140988521015278,0.20587548055185717,-0.07373350944090709,0.18651699338477618,-0.01482226678468748,-0.09577940009375963,-0.16679199347406815,0.020922381623690325,0.20533120202750915,0.1788292071804208,-0.09771652907614989,-0.03273415872410558,0.0900694499473466,0.15349178029621324,-0.04197479906147517,0.4262209622639372,0.07700259802646964,-0.12087488814157636,-0.1719654105740359,0.10105443275418682,-0.0377112934530316,0.3232155120313263,-0.06332521203952436,-0.14558719379277263
2026-01-29,-0.061837719535562705,-0.07654934844149688,0.06357750225640908,0.015408407227215846,-0.06784294660311238,0.015909725999406814,0.07799392311020897,0.03448670010078465,0.1341432713886939,0.06187944427553602,-0.004570758836677107,0.007924248574789013,-0.04892766822980372,-0.039230259610702096,-0.09295748420938028,0.008116549404711982,-0.03498593542755965,-0.04551713865552945,0.05939618159619023,0.03593392094615499,-0.005702548911228443,0.013301902586621001,0.03819538790358895,0.02770013791662901,0.03901037843301438,0.014468115866019239,0.052962443534964036,0.04928135712033967,-0.02340505561276017,-0.07492035232262802,-0.001646971287805457,0.00702936930452602,-0.08583402876136838,0.1158715425718179,-0.04708945802460462,-0.08742664351305333,-0.033107670696130145,-0.00713750545668705,-0.08323984245795417,-0.10828164171750575,0.002506360431039612,-0.0295775970826693,-0.05563914783539402,0.05712954216336202,-0.025569742707702674,0.03248579548966944,-0.08528338159602489,0.021249423198004727,-0.03314890541566202,-0.003346500971687332,0.03758220101172193,-0.0500872534526999,0.006535763321665878,-0.03924239064200125,0.002517752588576747,-0.038457340861693286,-0.058404983643965805,0.016001750339836387,-0.02198662488071855,0.05969672294080726,-0.0009294063614692667,0.07623022305155458,0.08699896423358265,0.04239766120235657,0.023968355867166072,0.0029914193981680597,-0.08478796450925764,0.0016731787661425721,0.04868151232560077,0.06590469460431132,0.040240854581910415,-0.007524929008188791,-0.03679825917454239,0.02281927103760564,0.06536353719695168,0.0713330894765181,-0.07424358800846355,0.08555897273363722,-0.0016041804091013172,-0.012784461462086888,0.039753466881431616,0.04005086552835679,0.07243301461305993,0.09071127418610825,-0.017502642282563596,0.04556100206880205,0.04872431963227025,0.09225281813156354,0.014122963414405474,0.1952460702657953,0.1256664113635753,-0.01797934193094535,-0.030404755808807304,0.1510977430673585,-0.0024419670855980874,0.2220535280514276,0.022112214352628237,-0.14428690419180137
2026-01-30,-0.11624157273438417,-0.1280690953652451,0.07704702061413832,0.041674357779161106,-0.1111223870031214,0.031251937137704924,0.05811636549253193,0.07357709212432081,0.19921739098226088,0.09614103468906693,0.02384985242487354,0.022046714920105674,-0.07497264166467513,-0.09450617231171791,-0.1360057838739591,0.0513606221047674,-0.08749266193155401,-0.08606308438620842,0.12176602923115025,0.046476193286755896,-0.02136249812493351,0.01555105155966395,0.08976852538284674,0.026098421425863813,0.12201125691838821,0.03772477080071547,0.04124144663145333,0.08283333172689411,0.06817879582666729,-0.03732752090585974,0.036636653790481866,-0.04343460121799481,-0.1389441743551948,0.19522009945712945,-0.009900411317418418,-0.05424251623297224,-0.025035209488944915,0.01667673861179286,-0.13414684429973342,-0.2028207088312729,0.024408611849992955,-0.010701965674678663,-0.060640534891859235,0.09269964809469303,-0.1423599623384492,-0.010343838422133338,-0.1210203569007939,-0.018711471236145187,-0.061325759297665,-0.004000328068731081,0.01711780595544008,-0.0600216852363797,-0.05609553508920642,-0.16010305070433717,-0.05486714833056085,-0.05024018566676523,-0.02008449292570652,0.03466261400430153,-0.1231609095031564,0.14271486745090148,-0.0034181079218597865,0.115628920231193,0.3079825814718964,0.00803478043377491,-0.008840065062776474,0.1073901708546429,-0.20913637135111737,0.07388719806529034,0.07318210604292878,0.08625231371208421,0.16719734259752247,-0.13542054075441207,-0.07358637915400733,-0.02327519337010802,0.14862885929369196,0.15897410265035392,-0.06039666116649453,0.16685626970273595,0.008408907948785016,-0.0739390727664147,-0.09528476555242411,0.015440823096123088,0.17534661979905614,0.16359096954660737,-0.08493100279498651,-0.03469099365560118,0.0536429562999714,0.15086307448665576,-0.04706537576463591,0.32943239865745033,0.14434281616406267,-0.11389907948138253,-0.11518835657805936,0.130391864199587,-0.05919733138191695,0.30227517954612276,-0.03710134099538829,-0.14308375899125705
2026-02-02,-0.09472774382608519,-0.10475711784300785,0.07562498044294454,0.03211057021348449,-0.09258908236526464,0.029012380127298634,0.07079811252167452,0.052626351889980987,0.18591852833585956,0.07712964652951178,0.013687240437902287,0.016878226219133083,-0.06881939516269556,-0.06441709238547749,-0.11809903149924901,0.01523293301335471,-0.06623621952314769,-0.05387820142525011,0.09521820787874215,0.05079152481803318,-0.01980071028694029,0.014500565080643867,0.06429609334368848,0.03360173995860234,0.0780577380239501,0.037512789777290605,0.05549101156629811,0.07260283625196723,0.011328551183810764,-0.05631906070750921,0.008086945502689569,-0.009204488632591523,-0.12147852916925524,0.1715943094833078,-0.01737769195622802,-0.09024430212927163,-0.03524256234778829,-0.002844702098839965,-0.11815887622588796,-0.1660673607396463,0.0135481347355812,-0.028821036167666327,-0.06937258445488659,0.08895917736774205,-0.0654091388510827,0.01876776517969395,-0.122468978222131,-0.004462136622877266,-0.05565495383879851,-0.00118468320403242,0.028760228434967332,-0.06148111568381029,-0.035651909400631544,-0.09081127669402783,-0.02702670091955331,-0.04824981311039458,-0.04930324769331729,0.035831990865909186,-0.0624541081772048,0.09863515297212465,-0.00853387475139931,0.11555543605559122,0.20149686813636622,0.020442793603971166,0.007609299318221158,0.04541935504466928,-0.1682301432945512,0.039092134802056935,0.06654038689993026,0.08058239383806426,0.10251308470385076,-0.06370015160398416,-0.04142446540386444,-0.001019992097356301,0.10324243467894917,0.11259894126414045,-0.05701688134934743,0.11236758442193069,0.014296188575771392,-0.03985388337511509,-0.01523158337193811,0.008203352712862114,0.12849409563830658,0.12373057231338477,-0.06623026184065237,-0.009430481909988681,0.04063975890256678,0.13384171468669656,-0.01794577616700157,0.268046793493291,0.15974701899652313,-0.07910015962066304,-0.07673378261647786,0.14669852959814314,-0.027648593741969214,0.2738626723465039,-0.004637207714888946,-0.15227405196422997
2026-02-03,-0.1395152855770997,-0.15646878586581892,0.09710822814370243,0.05452190983255098,-0.09952603193792241,0.04163426115197377,0.04781711923665934,0.10146141289436887,0.19131560591004776,0.10252388464965945,0.029604101931078285,0.02004111400578852,-0.06381375360007444,-0.11948302544848007,-0.15434431876054058,0.04525959063010074,-0.11121048545645607,-0.106993537485822,0.12500003266653323,0.0230140126700923,-0.0279048067811926,0.027549141727105195,0.14608802586298492,0.005740200547501521,0.12721617545708225,0.035471151759846754,0.009713954466524576,0.09741836927951411,0.09374858202342468,-0.025008975869960606,0.04489770370645924,-0.0757328770491798,-0.12795363352034564,0.1824342917362913,0.01809263707577566,-0.02709080679445973,-0.03574312863761526,0.047223395679845404,-0.1153730388889991,-0.22928614225735844,0.024690939989719322,-0.013368037325419345,-0.060415046529355365,0.1138134813924609,-0.15463194198347446,-0.011541356575220431,-0.0942043814760622,-0.05088111001973517,-0.06953392395282458,-0.007656150593250132,0.05361751597199799,-0.09024799373187059,-0.002291365495983721,-0.18616493173545062,-0.08542065742149356,-0.08349087238329869,-0.03872243177109623,0.05378871695906084,-0.11325578059077887,0.12919864974236506,-0.01283752721102198,0.11131122302894472,0.3715491290755769,-0.020694058787270493,-0.01745508048037244,0.09050016686836598,-0.2108954446770315,0.12420088499198707,0.07423265330024638,0.10086083309322462,0.21517573319985034,-0.2005754461754898,-0.07149000541532492,-0.07201535393605267,0.19017639979952325,0.1684840846940518,-0.060650919469254286,0.17780748769807267,-0.013388545097017658,-0.09768190213091388,-0.11351896212274074,0.021923138938057647,0.1520736091732883,0.1389629896278593,-0.11484638498755885,0.018842149198416785,0.044554819899243744,0.2031441315892244,-0.04922811777074563,0.40082387521806734,0.1355296826808895,-0.17335973304636712,-0.10324216734061034,0.13600362996446808,-0.034895439762567315,0.29530769720868655,-0.05367266914141958,-0.16374615328016218
2026-02-04,-0.16867412233918683,-0.18212300191957376,0.11732973500887353,0.06111269714406952,-0.10740269003670043,0.034174507814784046,0.040295935082780815,0.13143429810908114,0.20195120942482736,0.12393612135201626,0.032673781894440215,0.014599565545474162,-0.05076531863924243,-0.1517409907876927,-0.16398668977029052,0.07386438560879048,-0.129708946781339,-0.16052480830343077,0.14916211426884027,0.0033431183588357475,-0.028424083257924067,0.03155220159305438,0.1721718688741192,-0.01654500319330203,0.1491887274684248,0.03613738851349581,-0.01252272848602628,0.10736076508926566,0.15137707790549487,-0.0031947224923897215,0.08233305603177422,-0.13275128136631442,-0.09403726346721175,0.16513232649272383,0.026882567516233927,0.025859509957302775,-0.04310044434561319,0.0570251386386283,-0.08785922640569949,-0.24469869836563657,0.01594747418103617,0.007574708883835135,-0.06653884937501293,0.1268476511599531,-0.20461778185486318,-0.0017645066931956006,-0.07001307024889414,-0.09084842324221351,-0.06586773432825636,-0.010093121279274775,0.0623545181380713,-0.0951437795070284,0.029482394246964423,-0.2194373072566602,-0.1284680249285971,-0.09800931921578172,-0.036178182668422196,0.036829947601162816,-0.1544414021224532,0.10491487824633955,-0.011466377400805134,0.09730381932187789,0.42541963068357275,-0.04607261281686522,-0.013434968224697258,0.14558733892557102,-0.2246616148462243,0.16070728761835656,0.089126454363525,0.10612106794765469,0.2738842869872773,-0.2898282217820724,-0.06119737910961408,-0.1202856458557811,0.2419581922670987,0.2019585179074569,-0.07572919043225486,0.20137578523124272,-0.041306207850180014,-0.13305495121371275,-0.18369167081131205,0.030846742618716887,0.12768247838599725,0.1612218702397456,-0.12612389668095073,0.056699159913395344,0.07354161202425513,0.22752205017517374,-0.067158626924123,0.4733150492089796,0.09892144399410645,-0.20503575661583254,-0.11121149570353354,0.13357198309675472,-0.032020765068299886,0.2891435014039517,-0.0775787563802875,-0.14941828207062974
2026-02-05,9.416241129940779e-05,-0.0015769668869839142,0.004407465192999229,0.00615748122202613,-0.0030329265651024492,0.00314829310582356,0.010529691387362896,0.006062759059841172,0.006778403259367812,0.010282748612814861,-0.007060200147215827,0.006973349802927983,-0.00025577125762383385,0.005901875125391995,0.0018542830092442286,0.004576745053210753,0.0034917912558342897,-0.00019179856504485115,0.0053161367497467985,0.0022369457510976083,0.0065699363187124455,0.0053281531246106555,0.007960912943508367,0.008641450345324899,0.003910911624488161,0.004613684476716008,0.0066119332783119,0.0025665042579149097,0.0039043523616076256,0.0024670955307219576,0.0070457300697892005,0.006333556817493812,0.00464861928943549,0.012367948874377855,0.0016086959887095104,0.004551307840264801,0.00478344202063207,0.007172884835534894,0.0022317136666143034,0.003063669564526207,0.006702312027364263,0.009487721725708977,0.0014795876818567005,0.011184361290318199,0.011863529363471117,0.008518034915143373,0.0012195083374660805,0.015190860374477212,0.0067224597948564654,0.0087102493787924,0.009883538469970914,0.003536430863927658,0.007841412020884722,0.006617360066786071,0.010400355300024002,0.012065509305446276,0.008943857600799372,0.006559007421246585,0.00589224021449907,0.010917838932326793,0.014548151445434102,0.014714763981944682,0.011115912327908166,0.013429761092253231,0.015247951204738222,0.010931550956052685,0.011068717137439564,0.004040878272674843,0.010373194242871015,0.02323806870563435,0.012796321892608686,0.011574334778169468,0.015000650610460634,0.015157641464041381,0.019984987323761888,0.015860105296403266,0.009230334455629366,0.02327721130103892,0.014815513886569204,0.014582462509280088,0.019352621661073165,0.018784053738151934,0.01858695271394328,0.019812052900887733,0.017628011401447714,0.025525867913887154,0.021519695799724212,0.019025863847623163,0.0169541640887951,0.024947526163370145,0.021531073028975972,0.021579521301141116,0.018637437604904165,0.028995275123616694,0.023328532957743568,0.0284502345539953,0.01586709882360111,0.02267235760052551
2026-02-06,-0.12337849146153547,-0.11101819455123635,0.08255039828032307,0.039056041597042346,-0.09927299817399678,0.02813843183075225,0.09135016025078581,0.07799201081062203,0.16123425678550013,0.08479709738444123,0.01283299384454355,0.0044699876151983045,-0.04746777134679244,-0.07659297847311759,-0.09730981701417855,0.01555276451319024,-0.05004948511598601,-0.07558257108652876,0.10540983428625908,0.015538011473145284,0.0003476005867721274,0.020580148744376955,0.0870138575372898,2.0462957352591904e-05,0.021023796518258496,0.04208480590730404,0.0436503628628732,0.13209781651414618,-0.001239902198874751,-0.03594110207934669,0.03455773759016198,-0.05175981231002464,-0.09149997200830334,0.127800569896862,-0.03325850855695167,-0.015819090051586174,-0.05188643911314337,-0.04721533971984661,-0.10979836932005321,-0.11676044560035394,0.024398451260225443,-0.00040680524681331945,-0.09472383281579462,0.06218492175654903,-0.06483228535318351,0.01730195465157193,-0.08099551634042626,-0.010910877738220066,-0.07601525153666154,-0.02652540222509743,0.03527192530794311,-0.10204178987209545,0.032253588371646234,-0.054634466341929436,-0.06507592393909152,-0.04799236315188646,-0.09396067281314116,0.06922904403795278,-0.037751190313784225,0.04281358837280103,-0.010127371501119435,0.08226736954475905,0.2035640134251448,0.02768980525505202,0.038217579365643434,0.03220321603504403,-0.13633221635331302,0.03570933000124464,0.08463211808984583,0.0788125959722282,0.09848649453739713,-0.0961995130782247,-0.038387385681372295,0.017150248379501326,0.11660766502578947,0.12140766176826626,-0.109602695468333,0.09922981903902472,-0.0005787079418056121,-0.04009649104094836,0.01987784704230767,-0.012657787098242725,0.07076024745312263,0.1218540096514409,-0.04488546158169193,0.07504748476108594,0.08072548043864489,0.09387449739082633,-0.04525545050243771,0.2609417289261574,0.16696972765290352,-0.10579999024659852,-0.05837856979035741,0.16045173699748816,-0.017576852038954323,0.26432677980631963,-0.020629913681481503,-0.13413400623026628
2026-02-09,-0.15673212523499164,-0.15690310207550062,0.09759049113832838,0.07234858446649135,-0.05810528056189172,0.030536207537319546,0.06160736898024283,0.10631363577919052,0.1534459446534875,0.11039537918187742,0.01594417854182699,-0.008284149043077881,-0.03635497759550336,-0.10538923841649987,-0.12817461137198186,0.07344283758743525,-0.12283711361911982,-0.17508986505071403,0.22362389702171828,-0.05105837590093366,-0.07712523605471551,-0.003786511899049506,0.12904128284323854,-0.031236117320296936,0.08818343583425244,0.06548161149246014,0.08622465931304159,0.12170308425858885,0.08361846469407103,-0.02072348349653967,0.01474230951255439,-0.07942305257749774,-0.054046616305061676,0.13724879967197534,0.01170530924582247,0.11456361351230075,-0.03842341276805856,-0.12732428571465235,-0.029902810514925285,-0.14762303542078423,-0.021334641773485118,0.04661847479407117,-0.0932536793630512,0.09108249500740133,-0.14688412418523783,-0.02692537755863332,-0.08663299711628293,-0.07374369406185931,-0.07395136382659336,-0.01181359150306644,0.09581115770456067,-0.15654562264000846,0.06362619974392249,-0.10385616178826346,-0.13680249588447835,-0.11848612293012366,-0.10628367272180975,0.030737239506735875,-0.08090619187183384,0.10226654173225545,0.02597683863398629,0.10672920241719967,0.338641194523473,0.027125348140119583,0.006555584447440274,0.09692509849073784,-0.22243551334011824,0.15791752552381566,0.06378800911733319,0.0965108497435876,0.24778607668001815,-0.29297097569955854,-0.13898379929381097,0.011465373489589878,0.19715001025469361,0.2264208702598555,-0.1166105111129049,0.08464669957142087,0.005999677173992736,-0.13454010849411183,-0.09817885055916309,-0.08051676537470286,0.14477366548017373,0.1729495525842179,-0.05524331957543528,0.08579599929595538,0.006152011390288895,0.15861408948280561,-0.038350818361747856,0.40599287768528214,0.12808109620554076,-0.13587029597963166,-0.10223752823598664,0.13468047048753207,-0.007254477707475315,0.3581996697134119,-0.051388912077382366,-0.19623598056909
2026-02-10,-0.050506997785612406,-0.0464715130194261,0.0433110167706432,0.006250454983456526,-0.04019198135872505,0.013651191580424703,0.06286620055637532,0.028891617530790725,0.08107513956971595,0.05617350704594626,-0.022015096066557223,-0.0012500053209853253,-0.025162203538467688,-0.012271223136240012,-0.05380760469783978,0.0005803000520121521,-0.00614653845962485,-0.03170661304392388,0.033954225128585085,0.018900203190507413,-0.02793474854692536,0.0003361212774337669,0.026403114361360225,0.015323914815792566,0.011193878984224036,0.020229013965759178,0.03500422450250568,0.03410693342564752,-0.027188930357645885,-0.0600699870390088,-0.0008500211050565497,-0.011797897610238096,-0.04489464028040973,0.06940316851158852,-0.0425182464701851,-0.03700614551266336,-0.01881004478120394,-0.03797864458540507,-0.05582670028945838,-0.05654880915835529,-0.006292703333195376,0.0046683662105520855,-0.077790125554038,0.03197652152902885,0.0058147916999623595,0.016684893285992063,-0.0405348247151288,0.013848598748652206,-0.022780882257514096,-0.0026720812969266237,0.01438794083930766,-0.036668236352540115,-0.014320889675844292,-0.019739952288409454,-0.020772037081523503,-0.015228082770642462,-0.04147478649342475,-0.016335068218078994,-0.014838927187439588,0.016742064172035966,0.03160752206615334,0.05223129940526438,0.029675281078270888,0.0329644713472475,0.03276440679578672,-0.006774663491496127,-0.04266925035700358,-0.03620906059161922,0.030510739544396002,0.06479157070313725,0.018220240982254426,0.001816964002466493,0.005843365494769792,0.038621080696952324,0.05801559386603258,0.05842309322629932,-0.07202075065437703,0.05607060429993396,0.007626681973836851,-0.004419635878493805,0.06416544336809318,0.04260788267621207,0.04633984981127622,0.061872940746053845,0.017080964696141388,0.07722487902286253,0.062001460645975115,0.057729314544158736,0.026622419562856457,0.13621359124666996,0.11425443473920714,0.025433319163474133,-8.719354662558784e-06,0.14627373211993341,0.04539926679939998,0.15236804611686466,0.02652052978682353,-0.08056312355078792
2026-02-11,-0.14183974932792107,-0.13880709595111404,0.09527345515743225,0.06388322374838712,-0.09616863408313919,0.045551762353147514,0.0691258057172226,0.10908851249252961,0.1566435218592257,0.0739288945882159,0.0070748686837445035,-0.019198687002776042,-0.03973675144516442,-0.09856698104834356,-0.11324342528056071,0.06488450159468913,-0.07231483203524253,-0.10742880014237301,0.14057522618160087,0.006005797638907047,-0.0706906117708323,0.01739645128790374,0.1242424744519984,-0.010185161599582578,0.04207311615848859,0.043506682624449886,0.11827730175076571,0.11875029464180456,0.000846935394943538,-0.021170488243701643,0.006869811046076046,-0.04304645299447116,-0.07951084656388951,0.16742505264580468,-0.011004417400027321,0.04618986106340508,-0.036409594905017675,-0.11753188403162072,-0.05345456297187898,-0.12120070924910405,-0.0016828751016608173,0.055672719352169664,-0.09595952138525383,0.05542994944481384,-0.12796708789898506,0.03603141412346355,-0.09172024242979077,-0.0802737516198968,-0.10291791944600083,0.0009242924877805279,0.10319044246261096,-0.13042917126553696,0.013875153588099567,-0.12384515444457507,-0.10795187613024751,-0.11385737867785302,-0.09875008387877732,0.08370927611137706,-0.05792152769388849,0.1328662166903427,0.025259136791207844,0.09895040583437455,0.2866183734632936,0.014509677466404601,-0.009422503254198222,0.11672542456709407,-0.1983269283690329,0.10746582367552897,0.07016256639840829,0.08692282084122196,0.15156160705393648,-0.212270777659649,-0.12057375253114284,-0.016067219760722472,0.17023677827742745,0.17789670852896886,-0.12001888495901637,0.05994581020350755,0.015170900963108528,-0.09485858710442956,-0.06207498679965738,-0.032294714704068805,0.18043034708260758,0.18107516215685465,-0.03589002974124084,0.08649601253856955,0.04056181018143713,0.10882145775613603,-0.05225463246523706,0.365317854023414,0.15639806978829712,-0.14512595873018713,-0.09847500612118514,0.146346612438657,-0.002735748361363397,0.3359555128063807,-0.06600803423602643,-0.1909578473618524
2026-02-12,-0.10125255337622194,-0.09477196235563791,0.08319954122002382,0.034839922424292985,-0.09100411757667118,0.017058936111550654,0.0949166063919707,0.06623990500533614,0.15409164665381167,0.06774069935250697,-0.0018420438862057804,-0.008503748125224154,-0.03997145110985104,-0.049583981364777194,-0.08399341186260711,0.01599273884563654,-0.019560992842801078,-0.06221918203475908,0.07433111885227783,0.031156859179443157,-0.04359897692813273,0.011615776077343747,0.06085631226318308,0.0069443640273843255,0.012699219313989249,0.040655971185580654,0.08197300915914302,0.103677808053746,-0.035324415124523945,-0.048212107544871485,0.010124433704922203,-0.014846785351908911,-0.07951942398360035,0.12177971694283521,-0.03271000279533461,-0.036453489479677297,-0.038864818418803015,-0.08517618711019656,-0.08743014454312922,-0.080756551312767,0.007021348184752894,0.01926815820650493,-0.10586124032307184,0.035582096033071914,-0.02657411004324313,0.052306969554090636,-0.0779992659657026,-0.02028884518099735,-0.06570902790326044,-0.0035491100098691587,0.03712601629670049,-0.07510160401034997,-0.0038185323516685167,-0.04359586720073866,-0.05112836509261085,-0.061328478588054264,-0.08766622835041436,0.0394449889082725,-0.010068169840885153,0.04946419041293375,0.024444170959077097,0.08602753823082265,0.11888330999098203,0.025834106696647055,0.04645124257555273,0.021082474678256673,-0.11415129338270738,-0.013141267610973359,0.06475905926476899,0.06872762125334514,0.05884466249972993,-0.0455448760813355,-0.04978822976090412,0.0465316948112467,0.09962061688577395,0.10197107828423033,-0.12386620851528228,0.04232680594565661,0.009918776591734749,-0.02192510127735503,0.04778422354123515,0.012981255531435934,0.07560677897920995,0.10086248818520259,-0.028633957360517895,0.08434823459783675,0.07141438452074225,0.07994089432263861,-0.013014313858261487,0.20659791774661188,0.16372077429361837,-0.06964380499152434,-0.03193243922176413,0.1746927602046635,0.010965813381266148,0.2408908590124492,-0.008114442904036965,-0.12729676839281
2026-02-13,-0.11569434531483978,-0.15401683435830757,0.0969214225174845,0.06815598981519078,-0.10832093455418987,0.007972058950704748,0.08018414436719293,0.1326513510621235,0.18948649396821368,0.0722832483201147,-0.01995246901636387,-0.04759647977638463,-0.0041687693683919395,-0.10338755711862892,-0.1516155184865165,0.19561405052254316,-0.17136932980739653,-0.2681767186927388,0.282865819606466,-0.028862466141831883,-0.10008656128062138,-0.041507709340926006,0.12805245669575563,-0.007549011593641358,0.14407277045946706,0.05299923694793327,0.002544578701749637,0.11898902629281856,0.1719392002007755,-0.013271443899675236,0.01409570394524307,-0.05638525066599466,-0.01680871960989299,0.13909849848140327,0.018204266066712792,0.11506484536404624,-0.03121640623121103,-0.17964261149885752,0.0030445530962708344,-0.10597443714054723,-0.045029611761302525,0.1387744620923441,-0.08218729831301808,-0.0010933563855990737,-0.21564877729940132,0.09755565425289978,-0.1836305690895049,-0.14148603999522003,-0.10353190335437844,0.06945635652430976,0.060131260024482956,-0.20662828515419449,-0.01932144279947179,-0.11142173189656814,-0.11353193044082985,-0.17640414966548565,-0.008345086637405888,-0.030522919712015747,-0.019853922874568483,0.15837743521375722,0.02176371316407244,0.06853252501895504,0.40088648492179824,0.048291496659470044,0.06977090561923256,0.14343045138488547,-0.24142054343849378,0.19439527374494928,-0.03133868723721123,0.06554533847327569,0.3213398927868895,-0.4488633144742583,-0.12214510550883027,0.017194368873471366,0.23775548995668605,0.32828986689576745,-0.22386628758908786,-0.01646466761766848,0.010902984089195473,-0.11880874276543722,-0.16446281109170266,-0.04914944619281593,0.2790906169201626,0.14441360471199546,-0.021830151449236015,0.0606909511658635,0.053570947279986146,0.12181473862094035,-0.02391869260698736,0.5190442553604131,0.022320292993498057,-0.32018212720377864,0.026859147046320045,0.1263999009941288,0.040385732665715275,0.4187704919804174,-0.04907629848570647,-0.28422687988095646
2026-02-17,-0.11119486240675054,-0.1638105784796469,0.09921678033398368,0.06924331680301807,-0.10290090927151203,0.012423528491786986,0.07839381472483185,0.13079605968338892,0.16571609951584884,0.08519644132145152,-0.01828055965027537,-0.04147951814040317,-0.0032380712282378613,-0.10349216524662157,-0.15289931357267011,0.17638209548031292,-0.16289288104544034,-0.232898313336952,0.29407302410708036,-0.03363540586988867,-0.10466283482476556,-0.04682546416816813,0.1263843075322929,-0.013025354465252851,0.16257884311520818,0.053853042022016004,-0.007652108506825532,0.09977732533305511,0.16024628450615536,-0.011778301036457493,0.039919108567412515,-0.07759185173689383,-0.03349757231918065,0.1312103688109217,0.023753579033737815,0.15897351435335505,-0.03725330663081475,-0.19045153610745635,-0.0010524037611786847,-0.09443467046356943,-0.0654886211442095,0.13677017111395917,-0.09636867815007975,0.0032667262981655983,-0.21331283425052033,0.0741883976096915,-0.16709128910012228,-0.14267610120190458,-0.08145253945397203,0.05872141028022618,0.07223878626230143,-0.21229313397717792,0.01880746747422893,-0.13183479284308428,-0.11143445697833039,-0.18675354729303378,-0.004684935068658016,-0.03460315030801633,-0.031036744963334036,0.1515584413570103,0.027383104595611878,0.09119029374743204,0.42007342535830394,0.04406049822130506,0.07440439682225176,0.14242620502087525,-0.2599439320029421,0.18895337252078778,-0.038828986349589,0.08275696261005812,0.34453513043735184,-0.4685337858363393,-0.13513764522939953,-0.014184476706915824,0.21481147704011655,0.3301208715601771,-0.21535842102082076,0.007895131378246212,0.0148784015454624,-0.1268686495753226,-0.13930713922038754,-0.06140722237698705,0.2794751423514801,0.1518862966155744,-0.0027710502357366842,0.08224424460701464,-0.01025795361976045,0.13871258015122892,-0.01886742881820181,0.5057646362343453,0.04504502659068004,-0.34514181742533184,0.02032081661214411,0.13625712657967778,0.0205508692360256,0.42308482886034915,-0.024822648404332508,-0.28510980900446853
2026-02-18,-0.09667974962940298,-0.07899725489605787,0.07891840909352855,0.020944056880209453,-0.08314326092296902,0.014944482195549615,0.1049642469547799,0.057219167730135516,0.13445550239457388,0.06887525081385304,0.002376098402920043,-0.0008984926494179958,-0.037013837291203666,-0.03563158243979668,-0.09833798129034606,0.0037685784451349886,-0.007318684708360392,-0.039697245573169,0.0750873592279737,0.02218581138632284,-0.047971121439549555,0.015966424234055174,0.05083558774187757,0.02061394815948986,0.003449853423389454,0.043475792977503966,0.06062367140117982,0.09894772289623159,-0.07013509004649549,-0.05604052076136137,-0.003708325503003672,-0.0173667392726786,-0.053066721355554805,0.11916497060468746,-0.032257905028040046,-0.05252261404873727,-0.03245095033765853,-0.06585736456424693,-0.09870152302064923,-0.07483738706538731,-0.00145749737589646,0.02385470527201316,-0.1007399696979187,0.027889996348117604,-0.025377696821551672,0.048569316941944954,-0.07551271329591394,-0.017997358341393224,-0.0601335562167742,0.005783094074142356,0.03962892415546824,-0.06900843803909433,-0.00858739780344712,-0.02528924615641874,-0.05370283583397817,-0.03885466609788502,-0.059910771866767576,0.0440343681855948,-0.011935147874725384,0.043494963427160166,0.028196518801272573,0.08148942873146894,0.10264458154037208,0.0373135332482293,0.04211270382382949,0.013111776553253629,-0.11368526749943222,-0.024809712480503718,0.06101258732927901,0.06377200678386441,0.03513482869773617,-0.027151556220852142,-0.037282623519799024,0.04463971899763566,0.07325568772664152,0.08406803910263212,-0.13176002773433654,0.051714875834413865,0.021412030844751184,-0.014099668989664844,0.04560984698613225,-6.0110837308309864e-05,0.08323320253583529,0.08773996542559981,0.002797250848015541,0.08069415605943618,0.06462458083934762,0.07418491121108413,-0.005229254092196206,0.19603162147566394,0.16059096294681968,-0.0511530572462467,-0.03915855714534743,0.18414015983286147,0.020529421620134623,0.22563444738932079,0.0029026354185858324,-0.12313230094051668
2026-02-19,-0.0954578131137327,-0.07924592014039454,0.07848556956356244,0.020705634249957083,-0.08282176374855148,0.015739067517891146,0.10484975995188454,0.056960602835967135,0.13285756371058555,0.06850376349940632,0.0026282223946295915,-0.001138945077425138,-0.03713644847911646,-0.034984645227996054,-0.09900460123047122,0.004075920570272099,-0.006652466396079493,-0.04033615953302189,0.07666814067797084,0.0202182279655514,-0.04876995939480479,0.015655834016298595,0.05014958125747562,0.02147243044431591,0.004152846393866021,0.04440788863066429,0.06096820011946716,0.09956772782868027,-0.07041228931087701,-0.056550216735415756,-0.00411499452677264,-0.01802067821123697,-0.05348969814705089,0.1193619544487828,-0.030610048243316805,-0.05336001750447915,-0.0323175430654986,-0.06624478232834226,-0.09911335406436084,-0.07628526927858889,-0.0002632694872739278,0.024832100180695614,-0.10071874896897559,0.0278077400954961,-0.024867988276420123,0.04823394722197552,-0.07506358923542199,-0.015872603396743665,-0.061384970265997485,0.006024067041783336,0.03927628230121485,-0.06912084485605227,-0.009424234361464124,-0.02453494485498728,-0.053761927868358206,-0.03871869045336736,-0.060557786010672285,0.04384960140759879,-0.011075026090053888,0.043014315830061954,0.027961404144958964,0.080307003124728,0.09987928527514006,0.037018898939353735,0.04268254613397572,0.013994307018109319,-0.11440976082005234,-0.02393264973086577,0.060717139049561664,0.06429294856596521,0.03500342753325488,-0.026842772542918635,-0.03687314163138773,0.04493090347389927,0.07261196566612384,0.0856923948367372,-0.13006458561804105,0.05219523494212052,0.02167636579039981,-0.014132348364749794,0.044477811300434086,-0.0008636817835033055,0.08328683461254226,0.08769418177274045,0.0024404337416773945,0.08073489592038546,0.06468724973578246,0.0738993881377143,-0.005969109998580342,0.19732947548145036,0.16055481779902814,-0.05176648785734143,-0.03828535157362216,0.18363345322339314,0.020504734875605276,0.2258486113645214,0.002801603931628916,-0.12275217874290263
2026-02-20,-0.14909981537694075,-0.15210928629607354,0.09809393101166296,0.0834930368150067,-0.09687262956353876,-0.00781019553243723,0.11621144565975204,0.14168292711486918,0.18312543074083035,0.08296395848943681,0.0026955804197452415,0.006372836823072187,-0.026655487303536618,-0.08075862991504745,-0.12252254466036942,0.09936238920429395,-0.14742258280094567,-0.16993358676825093,0.30391857346605394,-0.05021854387757411,-0.054635889398072277,-0.013593258857981001,0.05252020101629341,-0.05211813135025758,0.050940100275306495,0.06840613674709607,0.08235949940966912,0.1505097773676174,-0.0077067685678901595,-0.0470669012456951,0.07048494999312212,-0.1349946048589027,0.05640635406570741,0.1685964389188553,0.06567726936062993,0.08216095609496026,0.00774860853188848,-0.1811903506438899,-0.0892298731670158,-0.02906069809941736,-0.11386150507818231,0.14405714990803867,-0.18105022528785228,0.01231467116492457,-0.16489398523856405,0.13646765768993546,-0.1994017418583397,-0.1492331104585008,-0.0327114653535116,0.05035952784649223,0.10868781679864516,-0.20454902243420536,0.10720888708257915,-0.1095825620647452,-0.11044075264346408,-0.17636623178547176,0.004400024234902334,0.04513278729977725,-0.08275632164703221,0.13889276871984904,0.02303010742377967,0.09870633223042914,0.34124012675217935,-0.020616632796013896,-0.0029333612483303725,0.15041258402446184,-0.22022652037538998,0.10098589046065695,-0.007155543627202032,0.07073995735867951,0.319388345324565,-0.3934366852826136,-0.08343382235314979,-0.09388268437482539,0.2216600758948863,0.3062671131315329,-0.14009665931057125,0.04205332718911979,-0.03308719873664819,-0.1658336992919694,-0.18517134762667728,-0.06060193105458073,0.15702592033212026,0.21827722953786421,-0.033438620588715294,0.19930629292594987,-0.06154200791798825,0.09700779490736396,-0.043999512022392565,0.3919240810750298,0.1299352700756896,-0.1708203416918942,-0.04722802181988464,0.17299461100306548,0.02162862074603708,0.32574982158939914,0.006586654291594885,-0.21482055629286495
2026-02-23,-0.15994519175579858,-0.15759778965711382,0.10944295675387022,0.06688440180037442,-0.10973542692781577,-0.005572126333905322,0.10378121415745933,0.16254034834775555,0.20747837802623653,0.08610432457515409,0.0007049171863775811,-0.015941908068867514,-0.02393766890124556,-0.09621412198746875,-0.13019067679288315,0.10826096900528612,-0.16363214177585328,-0.17550202551792846,0.25937097691896593,-0.0469781802572304,-0.058941476112008936,0.002955573090765538,0.09356000175727339,-0.05431843143804434,0.07680283516510047,0.06830515355266825,0.08411497657243203,0.1422517076743572,0.010760270711227399,-0.04321997542834267,0.047264691280000146,-0.12406688938402542,0.0551014858686036,0.1568653602921117,0.08430963627731602,0.07492759024964116,-0.012852690011746387,-0.15351788037372086,-0.047129232871863984,-0.022661111727323734,-0.07846248947413335,0.14569961785374175,-0.1614493000638431,0.013839971245707926,-0.2177248053605114,0.18570247975190524,-0.20922022095149154,-0.16669538447719992,-0.06677546608780614,0.05517408402314566,0.07804723135682594,-0.20950597733247642,0.10449139776127905,-0.10716216186346049,-0.10689699901237792,-0.13733532862917,-0.010462169075742716,0.0600315140922354,-0.08765135360689463,0.17337222159318938,0.0019375496248606495,0.0884349888970927,0.30239673375752263,0.017759225742343183,-0.01845876444844869,0.16310934139655803,-0.2055554902475899,0.1103215221614634,-0.024910030318253368,0.06804138248068199,0.3152647200232843,-0.4193748996458452,-0.11531179156652789,-0.07560051009347729,0.26951814880340125,0.2994522110420754,-0.19136114788101738,0.03379470921145071,-0.03086254119552969,-0.15901083372713382,-0.22083675997264943,-0.020184238069611962,0.20305898047118504,0.22837033412913763,-0.04733578362924415,0.1824810755028729,-0.0031863565684275078,0.0977229874990471,-0.06344859712012435,0.41919373317031183,0.10736056376423676,-0.17232512567958477,-0.04281075836253623,0.15756738863541567,0.007658725551554596,0.33569946263374084,-0.0359140827772911,-0.21950575887765617
2026-02-24,-0.08316740481270993,-0.06783628512039994,0.08660501204522085,0.009654326348884787,-0.07465658257861242,0.01441668829855637,0.08387853394031589,0.04480497918842139,0.13688385880252954,0.056850516742655274,0.0031789607221540343,-0.00030759904639283096,-0.03864767790256837,-0.02129392652989097,-0.07787981079807238,-0.011762843630273913,-0.0023064207334591823,-0.03707407762743892,0.06250914178889877,0.010201849443433764,-0.03319901089259413,0.02239963014761597,0.036857145194057764,0.017196675632999262,-0.0005182764144381815,0.03595040120637855,0.06473159011473088,0.08073182297052234,-0.05946581812800043,-0.07473053269607285,0.006914363428512241,-0.04338030135084746,-0.025531499997878765,0.10983196887918323,-0.017445094287862048,-0.05224054492615766,-0.02639378555787303,-0.08286782074638549,-0.09356614252647107,-0.07368378458737503,0.014768234556266711,0.012398740998394955,-0.11303511333881071,0.020667346371501756,-0.011265543165694189,0.04794568542372825,-0.07703896539956358,-0.011187688458601278,-0.049754112253959405,0.011384486398489196,0.023572999683086963,-0.06507610076792147,-0.0017756729444739876,-0.014316079013939694,-0.022868948569431544,-0.027702255635296866,-0.034704794755835475,0.03167225058824689,-0.004412025294993509,0.03533079361532105,0.022762407711595805,0.051474706507317516,0.06781400906236526,0.018350625632016414,0.04634653823275384,-0.001424971129865879,-0.07368411467683893,-0.027603068578418363,0.04456610689953179,0.07010278324841128,0.019542051802766094,-0.011705241750125025,-0.020020396421161574,0.051334267138558334,0.06252898965973694,0.09946919513029441,-0.1268686914586005,0.061191260230254854,-0.001222897149898209,-0.016137392068402985,0.03319361320316833,0.01222168194003439,0.08780969297781364,0.08729887609257214,0.01683732628218325,0.08412531741289239,0.0675909569137985,0.06447458304566188,0.0027444542594974837,0.1679834113185206,0.14866927558030124,-0.024404054773588757,-0.033742277195771685,0.18515218219304116,0.03162834152884843,0.21651247182958558,-0.0053438234737287725,-0.1298136591969309
2026-02-25,-0.15663440506134002,-0.16745591100335686,0.12116026319354838,0.06368800709773799,-0.11773277317398924,-0.0006926673210628665,0.09274495847921504,0.16035161493395914,0.22167121185818514,0.06621539703238546,0.0067909366289319074,-0.02536174899343959,-0.03687684663221603,-0.1122018201463787,-0.1031132216463128,0.030239153214265374,-0.11796883618202501,-0.19695831946769657,0.20753410067165684,-0.021483043949059068,-0.03599501066558163,0.0636456546737195,0.1362924912591197,-0.02955671425158314,0.019308378041787498,0.05242996253310702,0.13063223662285509,0.17946669445936006,-0.007709024448304855,-0.05056474692461076,0.02589114744125802,-0.11192623832048494,0.05115407631464654,0.16581170443664953,0.12001965841442994,-0.0037443285276531433,-0.005690759969261066,-0.1795361950339097,-0.052967013817570685,-0.019874845834447943,0.039814101204669036,0.09305635038612702,-0.1668570620340361,-0.048680119075773,-0.2034087376479128,0.2639895651888739,-0.22352958361607292,-0.17797016850323524,-0.14345037992326315,0.033254398168582514,0.03106089486516026,-0.1722955814818058,0.0703094096729452,-0.10908309271234234,-0.07170291009532218,-0.09276993059185763,-0.0208756224306162,0.10254156870356457,-0.029612570572808916,0.16122857524215273,-0.019140874554995156,0.050864178583980874,0.21935065124561687,0.0018477902019912104,-0.03767482386571899,0.10992365055149522,-0.08655520126065529,0.06589336252202327,-0.027030330272350488,0.058795196455146394,0.2280759585255503,-0.3235356604756029,-0.15446861133825385,0.0011570127250134996,0.2742476304347833,0.27864221433678077,-0.19844766308058537,0.040249492111179404,-0.05704708135604153,-0.11139347599259307,-0.21263305907213675,0.05212268361425584,0.237792770096371,0.2311386645123059,-0.06323885865487261,0.11834131996181647,0.12897800549672436,0.05192694625680331,-0.10540390022242456,0.3582537262372295,0.11908742552175132,-0.14458510784178774,-0.03659327002094025,0.16779557344702425,0.037014347953298644,0.31504428869244233,-0.08829777425753044,-0.17651947790065736
2026-02-26,-0.1359874040449574,-0.14781884096775935,0.11014767610560704,0.031015333766111847,-0.11302938135585108,-0.002839724533575179,0.09399653246513016,0.1490332403182831,0.2044758993422136,0.05402806847047318,0.01297918519613422,-0.005567898744154519,-0.04497002899207381,-0.07633429268492437,-0.10182900823518419,0.034979519121924645,-0.07380567591395777,-0.13983138481642463,0.16532299911955856,-0.03246302752492223,-0.003257056421724863,0.05146159888409777,0.11825877118256616,-0.030975538552026796,-0.01078465031615398,0.06326124342092804,0.1032369193198924,0.16130620024934028,-0.01322251970611033,-0.0500623998776595,0.03281498548347422,-0.07789483432918415,0.019795479820990086,0.1361755958703744,0.0830627802691458,-0.023055742806260736,-0.005932583249516848,-0.19422786661728214,-0.10455751965859265,-0.04895817558180309,0.03237116049264065,0.09256150230249319,-0.1828640199499199,-0.048655188020557634,-0.13246320874644016,0.22248806867970133,-0.1883120747660636,-0.11271441315137933,-0.14290124632925158,0.04361120928092309,0.06766807221564934,-0.1482785383458813,0.041299646413001496,-0.07903247075447337,-0.055443143768597256,-0.09576491935161985,-0.03688449019652592,0.09984983309345007,-0.0005567058703273616,0.12459738140150067,-0.028572454902134378,0.043800366620100575,0.22571133639897156,0.006261781696426774,-0.02535936941539757,0.07203772007567799,-0.0888739511097744,0.057370401367674705,0.015252130770795787,0.0704707594038038,0.16473860246996327,-0.22280654361730143,-0.10051535657235718,0.004840392978163899,0.239619144478366,0.21050936210598695,-0.18410588621642812,0.059004673262821994,-0.05220339072188397,-0.08144538998600184,-0.10128547655066224,0.009096418534879646,0.20653932588148402,0.15722816942018353,-0.04367601728928184,0.14988562085365598,0.0823938042239666,0.020828063596419477,-0.0890923690631047,0.24650911295395772,0.1913404694370031,-0.15022116715539693,-0.03738628822051555,0.19814111633004558,0.04441815195187377,0.2916047589121006,-0.07714217180507676,-0.1734387792034744
2026-02-27,-0.041515270935681595,-0.04486886640351735,0.057085424900085155,-0.02643090110337941,-0.051161755381524655,0.011144756579789791,0.06328619085513087,0.029128766528478664,0.0804552332275491,0.049753028230855714,-0.019610543672938317,0.011504806435118765,-0.0247061669695937,0.00018697979848406043,-0.05195937955178809,-0.0073951833597381954,0.0010898902417513304,-0.02526226404152907,0.03945575086729646,-0.001232007370480067,-0.01438725080134237,0.00866956201642765,0.038365306644199515,0.011046749868526393,0.0042046297758455515,0.024918194881847898,0.03361374351009005,0.026173537539974763,-0.041781521711041346,-0.07196890213702509,-0.003539282423163202,-0.013520856378803818,-0.023341027428924743,0.07153797387031392,-0.02956203060440646,-0.03481110409411046,-0.023452148441525718,-0.05236717979942018,-0.07507222411750328,-0.06219067868120959,0.010589228948246644,0.00890312967344255,-0.07297871453613951,0.028322441605484715,0.009116861268201581,0.019415468118042994,-0.043927865234018086,0.01563235813422872,-0.019365240158413816,0.02541608162432047,0.016876022052777617,-0.04230262412474507,-0.002568697393816849,-0.004443523334063136,-0.007792024829471602,-0.013695266870938956,-0.025071141097806088,0.0017252449874838559,-0.008132811473067934,0.01560681340587813,0.019708768946766004,0.029327025941126614,0.0396053193636961,0.023573252944475438,0.02849760033542692,-0.01045062829750769,-0.036363537905540096,-0.03470840161186392,0.02386837639093008,0.07174805734880269,0.00013319091533732334,-0.0013305996458818706,0.006292005034324537,0.047629610515067415,0.052252740811721626,0.0600960718823842,-0.08652093213339837,0.07220778398123236,0.0025520323927253775,-0.006283198967582346,0.046641455949039096,0.03185096257938054,0.0536459763321408,0.06114064070211719,0.024427966796903844,0.09009069099063642,0.06149592438765989,0.05065408542208909,0.01759678957189012,0.12256130295852644,0.11083556983554045,0.018204592583986857,-0.0009581139744571608,0.16686819259689142,0.04578618949669769,0.15783362105712426,0.007909500913125565,-0.10122960757028043
2026-03-02,-0.10524061101886238,-0.16598675528874812,0.12444242443340388,0.018240564451618223,-0.09754932096964157,-0.02408208854293597,0.07261472833281864,0.14548379513792856,0.1901690655892818,0.06025043411878658,0.014537849289468087,-0.01173267002141489,-0.03654408132260035,-0.08246891847712524,-0.12759627012408667,0.014888491899402181,-0.035642838115418955,-0.19415693590244226,0.26318973022256575,-0.07792298091562266,-0.013241952167071308,0.056564412436001556,0.13594527723152638,-0.06223314448138227,0.06209622475015937,0.07048763287971038,0.08942843589939428,0.13743219762138173,-0.0035895278865133735,-0.05791045031821515,0.0537769208586664,-0.10246678464369988,0.008602165935419629,0.12589296172103528,0.17326625205655008,0.0007702164714836913,0.009664365291818092,-0.24388788541154865,-0.0928299347849356,-0.003422514807920038,0.01992014675351915,0.12452376177692562,-0.23486401433704218,-0.10395043102494249,-0.11858983439618602,0.2610708245149355,-0.19597886530661626,-0.1395466189274181,-0.1483164436040191,0.07150830706830705,0.08324739911893489,-0.16734652395196287,0.07558838943469445,-0.11255369457733264,-0.06908117360372791,-0.08254467500505996,-0.002728111560752153,0.061387654652385194,0.005651094706701194,0.17521467448716713,-0.0004758417817300742,0.04280819729905615,0.21513352846865874,0.04516865624242957,-0.04883837650108448,0.08394137856742816,-0.08594852752890417,0.03379563335568691,-0.057347717209258936,0.08288530735619747,0.23280652063734075,-0.32616491204710824,-0.12964317335046008,0.029370067893162842,0.25090460615665344,0.2563509326144992,-0.20564876434496285,0.08945972968405655,-0.06439078995411321,-0.11265600301110582,-0.1028535784073194,0.029889700764811754,0.20974035799923127,0.1484765798730648,-0.05664304943342516,0.15750590778318033,0.0634075502641114,0.010337629615210146,-0.12530577244082755,0.24189504795248937,0.13871822683823018,-0.21561725126841352,0.039042649575486026,0.24264771473110444,0.033455122811584415,0.2963790381359095,-0.05656547997104573,-0.17787119501656978
2026-03-03,-0.0520349197202565,-0.06625493551476257,0.06688390695962643,-0.025333965912304336,-0.05919313794021758,0.011837033615518936,0.07578392606768897,0.035474854581120985,0.11322046035315741,0.0594432942237725,-0.007160215298499332,0.018508648902139106,-0.03382450230970088,-0.008111825014169788,-0.07452791786226237,-0.011415760720163913,0.000604917535765857,-0.037240664936402275,0.05741243385678348,-0.0047091802515619955,-0.012447969787758998,0.010332903755356554,0.051390445404313874,0.0031267058211303152,0.023413319138231987,0.041154254755835326,0.04402519389083271,0.05154053570915568,-0.04930080713687366,-0.08149944407736405,0.007306647109583448,-0.013162385073568402,-0.02968893358162595,0.09374394351022519,-0.02611853256876121,-0.04844639686782934,-0.029798674471349956,-0.08392934968450629,-0.09937998956579515,-0.05181301408747344,0.02168961820464622,0.006369564177913424,-0.12081204001611646,0.022313395916932925,0.008474931581231046,0.04179888346980429,-0.05814983150398781,0.003764488118563741,-0.02603361825462834,0.035860388519186326,0.03399787082067423,-0.056443285287932896,0.001979648150854014,-0.002877291619360194,-0.016628908397183916,-0.017354810567099678,-0.03186009670018189,0.0011887624143253617,-0.006019759392733743,0.027107370493174278,0.026106430979929908,0.027572781875153433,0.06632490800731797,0.043196818089144405,0.023077315079230255,-0.019226677429707587,-0.057382891979428474,-0.023833988982710323,0.032377074840932565,0.07365022370496128,0.015530051861242048,-0.013752598383980614,-0.006535898662475699,0.05591140384519412,0.0603136000541847,0.07292165304357083,-0.12008322579978155,0.08452670061592937,-0.006080707850628813,-0.01971262284350879,0.03943905144395927,0.016563144685067838,0.0691788026151762,0.05811635756745455,0.006550447652051539,0.09707028925133093,0.06457311999878255,0.046625523661969884,-0.0030239026022163707,0.12570015302227294,0.13309943462195814,-0.013199949322429584,-0.018810112164872564,0.19060491921331596,0.04093439071745187,0.200618135583715,0.008071481023672885,-0.10518781996834212
2026-03-04,-0.016791853175886676,-0.18205681973279841,0.11677068717561831,-0.004517968278103723,-0.10339047928468234,-0.04080102859732111,0.05817307382451889,0.12722263762829414,0.14232352633045733,0.08495316596996698,0.0008954283253140276,-0.048181789689050084,-0.012229572763088259,-0.07816936298332637,-0.1444552718310327,0.0061110411173045855,-0.0011188495428438028,-0.17910596019748168,0.23368263010917675,-0.07694205278086151,-0.06617713718577363,0.03765615017272311,0.13487412910733007,-0.039406041549129536,0.09720916272501066,0.07300460386750315,0.023765650957440182,0.15311220471134893,0.08774569548784761,-0.055434815585059125,0.037093285236690275,-0.05238875949135227,0.007820365977787574,0.13218101336722007,0.14120655435059423,0.027033310577182154,-0.0035625248311212995,-0.2125915712311182,-0.03439451778655339,-0.040516333153241206,0.042958714689985134,0.12144465118931888,-0.16000493648770103,-0.12645809744524403,-0.10997562707570062,0.22279334890805808,-0.21193066071237016,-0.13465671885546684,-0.15729935424130592,0.09596313753043718,0.045464488961723296,-0.16821184211445078,0.009929125255690667,-0.07504406813518186,-0.05515145885117696,-0.04453666668749491,0.026693614864837796,0.02829060530936397,-0.04876844161595208,0.17501080570713134,-0.013423930326639888,0.021386896502723463,0.17643764026610714,0.08866304790936176,-0.005433371278377784,0.12469156621293263,-0.09835532610026199,0.05661288731458323,-0.06991019140943737,0.06365173698586951,0.20732506448741897,-0.28838540660010253,-0.16578418892788868,0.13608178610446434,0.2461801141615656,0.22127799813519605,-0.29098965630800305,0.0653148468784202,-0.05226784188670942,-0.12188979729648113,-0.14993421914179553,0.06807693331113805,0.2582942027171022,0.1368386863016619,-0.10616402885509856,0.1227869574001016,0.1704996438347038,-0.002768275089243981,-0.11182763566895951,0.3608152055111716,0.002684411255943809,-0.266222107450869,0.012767114577081113,0.20072576916484333,0.036748364710712446,0.4052499705105899,-0.04818898952247761,-0.1986781059353511
2026-03-05,-0.005371068342789229,-0.2027599461074542,0.13206026872998772,-0.00046484070867992486,-0.10666749253607019,-0.04057743598799366,0.07068368431273628,0.11884818682879386,0.11715087932730417,0.09668843421993474,0.0015722849861464251,-0.042525470655795976,-0.0008032680256466387,-0.07868421741894317,-0.16317719287057567,0.01604584903473787,-0.006071744883429328,-0.1862658866301291,0.26217121195261994,-0.1126884460847415,-0.07326772728735348,0.02844619291440998,0.15039748085561616,-0.05469136108920186,0.13961825981959805,0.08137724318943862,-0.019067991494778176,0.1369033859051114,0.13664098052499318,-0.04371867220742969,0.05109516033865508,-0.07359970711380126,0.0008467096449998948,0.11379399503466964,0.1707647200930522,0.034735422921607924,0.005231652735044022,-0.2253115760214441,-0.03871137143209599,-0.05105191838337826,0.027334990567712138,0.14203108724349697,-0.15305825312844643,-0.1305063070437765,-0.11606186377139745,0.22643644161301943,-0.2141835013775706,-0.13258224859601803,-0.1570363004543545,0.08569184400730427,0.035980997419979135,-0.17052891468310785,0.02184543382846678,-0.10734442279434572,-0.05392025858952079,-0.06974437170152133,0.04562728796411721,-0.0011225059280099044,-0.05220024961235007,0.16137683898720068,-0.007341215818935374,0.04324337977236029,0.2003372622651271,0.060200488574233234,0.016530479410884345,0.1303456765344323,-0.09735827476868339,0.07886274179994301,-0.06842045025724174,0.06495723101041458,0.2499584573694181,-0.2952325179567691,-0.16305353383283253,0.12147848581709474,0.20556741218144042,0.270895485353511,-0.3153490827185698,0.05880330797860505,-0.048965657766136914,-0.11687216696629733,-0.13076154287215322,0.0405683349144701,0.2574134786405923,0.14493656165260982,-0.0917450077842049,0.09753678091685919,0.1638964112391925,0.011270029983015788,-0.11622676463796695,0.38954849891813864,-0.026145020183620027,-0.29833765543695806,0.0112759532659936,0.22180997505777508,0.03513092776187008,0.4245591112552849,-0.03330355739542029,-0.2176444153160793
2026-03-06,-0.004983241703049198,-0.09130104268333208,0.07439254288234176,-0.03732284005148304,-0.06221851673431149,0.0010109430932377199,0.07760287252488332,0.0392717373927928,0.10531018687779899,0.06583634622861895,-0.004180359139922776,0.0141046317779273,-0.02600926987588484,-0.0030084047881162,-0.09444161757480933,-0.02431880267850023,0.007513870973142288,-0.03512633114468517,0.06634109044060638,-0.017553159340937506,-0.029611873499834032,0.00668752144650868,0.05433228066379119,-0.017942374308309354,0.029027529687061737,0.048554708715936874,0.03383974455535419,0.059995672756224035,-0.03953465623885133,-0.07736897192815234,0.004131882708662554,0.010185853349808484,-0.03415579233878843,0.10592000924554061,-0.027543058980579106,-0.04934227843063692,-0.025033029955924033,-0.07962420943403922,-0.09265991169373856,-0.06401472960123004,0.03718623927311211,0.014503089618353875,-0.11714163509409554,0.019540758582842304,0.017287216618465558,0.051496744924493104,-0.07626057856296747,0.0018995724696097439,-0.0333358964479439,0.048691806387989554,0.02713134939337309,-0.06700840039992857,0.004423595826858216,-0.0036463220007393136,-0.013007714943121139,-0.02479602524199285,-0.013636566308970923,-0.0022995202513980666,-0.022620125685021336,0.025581462506494165,0.030295013410413518,0.0297782355128351,0.07699135917594509,0.04084489294338621,0.03203393113365358,-0.007707137710438414,-0.07368250205241196,-0.018287201586773646,0.040003249919093625,0.07195044445613656,0.026998517075527848,-0.006773291726351731,-0.027992760591389616,0.08228346469904833,0.04224954361457428,0.07736861608948985,-0.15820113895448662,0.07711056379115828,-0.014797750884211569,-0.02795663671507357,0.0519110036524264,0.01669212825337748,0.0723136017565004,0.05927814591323505,-0.0029787875240345,0.09206317189859604,0.07836282523977033,0.04013223472343197,-0.01867195672079218,0.15024450778497567,0.11613272432906378,-0.039345270554926114,-0.044153820933516066,0.20113339493587834,0.036703649658794545,0.261331339860661,0.013372272075149605,-0.11778457980925218
2026-03-09,-0.0055949363935431425,-0.10671786434649665,0.08901679391622072,-0.023237980456961543,-0.07448291487177805,-0.008969581179199314,0.07291544044223716,0.04093403375173648,0.11919776248664354,0.0799978582134742,0.005612645562981719,-0.019221264179110187,-0.031319737438231056,-0.013374686375026203,-0.12118135460474085,-0.03169013867665855,0.03297883590335759,-0.03456512056426154,0.08547007515181544,-0.04441174399166346,-0.03415974595223637,0.007753290147975373,0.07525840480262529,-0.02984584413956782,0.02161287377676418,0.07950927313238837,0.04693112268027791,0.08646008821871734,-0.04152141501295128,-0.08552465218725312,0.013514137312235781,0.01726629411986064,-0.03839529275826436,0.10658707869217783,0.0010673805619024982,-0.04642665742947385,0.001098864941738574,-0.11190645463479773,-0.0985278546789732,-0.0755903346022364,0.04946859136101041,0.032634689519379076,-0.14140046337102335,0.0200610678861733,0.008613197464793304,0.07884596518671089,-0.10880376520885986,-0.01778586531650181,-0.05528462377251346,0.06285267359284992,0.009055050406581213,-0.07483835494566206,0.01553771979738518,-0.03357696264510549,-0.0017983607065541769,-0.021229359176444633,0.00666695601832853,0.004525694601950088,-0.04126178688274266,0.026459810836023584,0.03210447987087922,0.03622106126015245,0.12312603518547514,0.04196612263689073,0.02483902602742958,0.008074761330915281,-0.08087701041145313,-0.0024390765206981756,0.056795171368754414,0.06905500968586832,0.04591426895550365,-0.024066529677696777,-0.0411276862686395,0.09205523744487216,0.045857521251052115,0.09499221781662094,-0.18596641804590733,0.08414527942309637,-0.041013244738398555,-0.040322462827238885,0.053082344005612056,0.002715276676747185,0.08913180202062489,0.07137954067192646,-0.0369397146151426,0.07487722883937517,0.09234724348950445,0.026207405342052494,-0.04802317400933898,0.1648902161900791,0.11537887835597797,-0.0831044201890868,-0.0570747428769499,0.2203151363202946,0.03337308209311035,0.32898911382960194,0.0045817220703332955,-0.11671925596968381
2026-03-10,-0.007843121983253659,-0.09387689919319978,0.08833963585477235,-0.023088193940441072,-0.06535702969348071,-0.0003835951983979704,0.061045833548246296,0.03543475334464374,0.11534944175372414,0.07716926557791007,-0.0030426105132065704,-0.003955660982072229,-0.03330486796527322,-0.011771539968846933,-0.10333678600452337,-0.026550673616230487,0.018053118615798374,-0.03482172678147233,0.08567389753182482,-0.03339478658193182,-0.04142163433453834,0.010532436477848042,0.053500699463544056,-0.01811708790770975,0.013064362112921595,0.07297549697798074,0.03818724815244209,0.07073950536567969,-0.03723509557232244,-0.09007766745120947,0.001989931310667317,0.029304188292134284,-0.03570989721931894,0.10868786194685792,-0.0275201159692715,-0.04874302128497913,-0.001997033254598943,-0.09527905984247223,-0.09494525179052625,-0.08337986199881862,0.037095554157332344,0.027610066802609953,-0.12238840555088067,0.044190736666498025,0.013657315386028374,0.04997887539690757,-0.09281840346701208,0.010847326822800358,-0.06195076735100796,0.04740733461270243,0.001005020332505678,-0.04995548640451451,0.00877853113065785,-0.014574578182259568,-0.012200132477233559,-0.015213538875976594,0.010739277170373672,-0.003376229963643026,-0.027133426393682103,0.03893087135151985,0.053965417157599296,0.023048670925629067,0.10247947888425901,0.037635880407623064,0.01687604616002533,0.0007281380977871808,-0.08061656749002544,-0.012846739278501619,0.06648236767537279,0.059432668344283596,0.023395914811400687,-0.01578930651067259,-0.03361585752233321,0.07682431337707173,0.036875144527673015,0.06534377511994091,-0.1783225481177163,0.08705258834153405,-0.04325109138229429,-0.026313027092464004,0.06349752008293917,0.01255254263344603,0.09053691120353118,0.05322903391832768,-0.026785561543188556,0.07385333445126734,0.07880616533594834,0.03762743229818876,-0.03536533482350412,0.14852756884140994,0.12332023235412538,-0.05614664181958129,-0.03234081876386487,0.21825373454619001,0.031131475195766166,0.3002751303133333,0.004350303510625733,-0.10023269261377837
2026-03-11,-0.001618221885417678,-0.06106370782967495,0.05306199140056212,-0.030017794974744126,-0.041409436853137846,0.011083041812990555,0.06410049424024625,0.01887339033611861,0.07493414526930885,0.05350747802454392,-0.01654518261107113,0.011151782225810043,-0.01977441550453047,-0.0014467554542397336,-0.06365603501361608,-0.016094745935266386,0.00831020035038152,-0.023881950508178935,0.043327277039419514,-0.011473564877566905,-0.02852385063075487,-0.0035637384301806397,0.028344309870997147,0.007607934611963695,0.012696571504216433,0.03347575986516834,0.028658261420499723,0.029703010730683224,-0.030056635399797624,-0.08033618599404445,-0.010756549905718513,0.004351829997135349,-0.02507312851703889,0.0806265706070563,-0.045063074954907203,-0.03243838689922887,-0.01681119390961109,-0.037785683685529564,-0.06781621244674833,-0.055240345027871326,0.016895480346379117,0.005611318976277133,-0.0727874022593991,0.032540721115216345,0.01447753641713408,0.015579350450291005,-0.05733537318158338,0.01844109186722561,-0.01938914101462206,0.01870977208222449,0.0015413470881424848,-0.038891119770079904,0.005428194437613388,-0.002131534608098373,-0.00966970227901697,-0.004567776161241335,-0.0006577264288433991,-0.011503696747855929,-0.009452089107987166,0.019967920025657872,0.04374981349897964,0.01853999059010915,0.03453648964676079,0.03114817575011747,0.0141966263169848,-0.010170463105201073,-0.043189150619045685,-0.03370470199933506,0.020100812434529814,0.06751486260166312,0.0006752467464549838,-0.004477484803388597,0.0026879265090402303,0.05531637072962727,0.045605607291823995,0.047708753144233874,-0.10006288709459572,0.07914296966593903,-0.007274922697109656,-0.011855772483769686,0.05822869676116427,0.033501539232594114,0.05620018301511049,0.053057323613354225,0.0154666655114934,0.08147248478572301,0.0631918374118519,0.04729513294857784,-0.012954676173507216,0.12262144323554912,0.10648158020703835,0.016755652033455058,-0.010753909244037062,0.16047109139568114,0.05304200744317193,0.1877126382005853,0.01868927594648305,-0.06684165175376762
2026-03-12,-0.029309504292602075,-0.22870563133209165,0.12525276346118494,0.03646383640238083,-0.09027942916236599,-0.0072505513091008274,0.01641979212440948,0.08498992536171994,0.04114209519378172,0.29871573211366365,0.025851001681399477,-0.027147090632488963,-0.05211856942606074,-0.07568643381037711,-0.1952854404435983,0.00029209644245671573,0.02927813977895887,-0.04373271181661558,0.24027401832371514,-0.18993271898970024,-0.08374579403713038,0.004064203897636407,0.12862907970141263,-0.06373065215339772,0.05399911394049739,0.11031746491032364,0.09373442338501264,0.14678189354812668,0.08723131362427725,-0.03755371203900497,0.03558776497762701,-0.08206579853336414,-0.043346677712334844,0.13703781712695517,0.12998558973165153,0.04239282717783979,0.02345906557836558,-0.17783972709092233,-0.05044336421415854,-0.20388157811249838,0.029585201642821204,0.12862937601829996,-0.13273507838636797,0.03216814546172286,-0.08300896179054648,0.03465648266700466,-0.21204354953474552,0.006645050060607934,-0.18660320443501255,0.04037280288201209,-0.02804415930159302,-0.07082377695050485,-0.015202097290588001,-0.15449008723828844,-0.047919431570317014,0.0005873532749293246,0.0592036188561729,-0.08839562684534953,-0.09349569213044705,0.18849924403719914,0.06073093227965466,0.008957376507625634,0.3122564034616501,-0.0002645224589419102,0.02854884371234708,0.0944453453049117,-0.12537087378143055,0.16370895680365483,0.038412443112540204,0.06918333282039656,0.2594517435169404,-0.18748050444053804,-0.11112021098120602,0.15468205795825601,0.12259782245367742,0.21427362013152823,-0.2342865020976516,0.10899580812873504,-0.1044379662435878,-0.14766129045361598,-0.00620342125207359,-0.02705092666148863,0.1336719040261662,0.15579665288059516,-0.11732288705018597,0.029163551545354077,-0.05467422096238336,0.07113517554337835,-0.16984898601587295,0.2613529775188696,0.0648473563398137,-0.28332699475839573,0.025942633152159354,0.23882010684140145,-0.02774311296575096,0.5287425772709763,-0.024242483209525392,-0.1421129007805768
2026-03-13,-0.002466129969610518,-0.08295890754451356,0.07640272315837231,-0.03949014376247828,-0.06543209483307572,0.006085120111365051,0.05399279851092059,0.02686432059012666,0.1206965118908429,0.11962327398211176,-0.006285139155453088,0.01583545691067153,-0.04354330814265591,-0.032385445191621044,-0.11115801936066064,-0.03199631157991578,0.04281636304086806,-0.016301204224078082,0.1400677158597958,-0.017074178305781416,-0.024516978769912386,-0.0005143024448664175,0.020675886947799822,-0.005442095924910321,-0.0018964205300939958,0.06665672198986065,0.02576785469040027,0.08840457690998496,-0.05060004026631209,-0.10129759277916245,-0.0037594707611422404,0.015664558848772173,-0.022282224084432735,0.10838568793012562,-0.04803380936652953,-0.05153706252359137,-0.0067601062600317775,-0.08380164405469684,-0.08218649443322289,-0.0816278886015521,0.0388748631573748,0.02318194816369876,-0.10930569456380286,0.05435637830938057,-0.011801759381633496,0.013151654589145686,-0.1148175140578492,0.011101794549252045,-0.06174501491305652,0.04396533723766089,-0.014472560439445644,-0.049060997334130683,0.01810593653823321,-0.02781701109672253,-0.013688100989406272,-0.016265689450082915,0.02076448453174453,0.0054841517980651795,-0.001365789510671402,0.029159726784652305,0.04645973685196653,0.04404897996026617,0.07564656063614231,0.029846690434493166,0.014665723664299041,0.020800192738543825,-0.09354721129396619,-0.00207199237124997,0.044051996163510465,0.06193166286604834,0.0434508943039421,-0.023958453202865673,-0.03846321362130848,0.06351629241975063,0.06241683809099943,0.047894607900306474,-0.15215598949307227,0.07378530212487289,-0.05256122077935453,-0.024842965767877166,0.049579193784610065,-0.0061303432199773435,0.10553645354837805,0.08865385785814238,-0.05481460336194639,0.08497393910757534,0.07615626270029359,0.03622046578517502,-0.06190580711688465,0.1321735269168898,0.1505913332410788,-0.03935644743067821,-0.027373813026823908,0.20443709533878568,0.05117124876658211,0.31701696798425866,0.009700497572178467,-0.1099429624972083
2026-03-16,0.00028812456219785496,-0.07174195438722045,0.06934841139163508,-0.043453052734306205,-0.057897245829667196,0.00467244543871637,0.057477956413850985,0.024206033878432988,0.11571894540380008,0.09887713327158128,-0.008231203585813343,0.019408020354077335,-0.03806189322085301,-0.02589562754107256,-0.1008000736129754,-0.028730166346359824,0.03160062388349207,-0.014539635220015305,0.11952745070831831,-0.01063522981110107,-0.02396153708893691,0.0014270712366569686,0.016092697613631638,-0.00022768854518727573,0.0050459357618156675,0.05601159934875549,0.021623602086960833,0.0732262316165493,-0.04830697758296481,-0.08977400110201735,-0.00696431632618986,0.013510733891929205,-0.02197654288871287,0.10041123638499025,-0.05259568213882135,-0.052388472460998814,-0.011161983043521917,-0.06861805762661073,-0.08228457516049313,-0.07403538448869441,0.034308188460995044,0.01731324612573958,-0.10034629568599499,0.053078837567282405,-0.0066627465290843724,0.01075549409416769,-0.10404608522626978,0.014191880771570894,-0.043451823329067316,0.03849733235154432,-0.009542863693698748,-0.04507704223864334,0.014289953511279693,-0.020516739392506027,-0.015466956595322214,-0.016225331911772653,0.014273319478383086,0.003189831333186545,-0.00041911118628503406,0.025132074845832547,0.04599716087853233,0.03872610076459415,0.060081712780583774,0.028628797408639738,0.017353728626251244,0.01147713959295811,-0.08216739726191279,-0.012840828739504045,0.03487671482663305,0.06003848307620811,0.029942048958782337,-0.018262103783915004,-0.02813344140897433,0.06093173757315121,0.053496382323073105,0.04543900805805494,-0.1367456660251814,0.07346275218885212,-0.04139668149834724,-0.020820471468153808,0.05354632505615872,0.0014049526623522608,0.09191382950929339,0.08077451061619864,-0.03548676226912897,0.08734074359934588,0.07753103929852173,0.03935383017747283,-0.047834551397501375,0.1314351509434934,0.14302649365007092,-0.02346551961607829,-0.02697602859829997,0.19555550865690402,0.06130400668621523,0.28515111474100796,0.01323170338249105,-0.1073596392250385
2026-03-17,0.0006353617580139841,-0.07449479145453261,0.06632298273490483,-0.04347169217789932,-0.059038893085301566,0.00587852509748841,0.05615891986871233,0.028632673098704653,0.11882200554463974,0.10274740403537377,-0.006775223413097628,0.013889527678825253,-0.037637218308045624,-0.02681586593263585,-0.09698779148318705,-0.034660792617252634,0.03611373383709514,-0.011998945503267416,0.11750184458707463,-0.0038178751158814486,-0.021259778744123367,0.0038633180961929617,0.014605724104125712,-0.0010052354724537412,-0.005514061254947985,0.05249357985316765,0.02930567980683868,0.0720922466455747,-0.04914466686741779,-0.09318605949156912,-0.012316243385695628,0.015582453407061731,-0.02478695272164711,0.1072070205112304,-0.05481971631503295,-0.05243376125838353,-0.004748969086813147,-0.07064056513739658,-0.08292312434481816,-0.08057303475502361,0.0333251490568195,0.01732212805868672,-0.09901561195162022,0.048391308716960305,-0.008208954966233415,0.010900061908139396,-0.10787299004432337,0.010505824186474371,-0.03776899308491027,0.04602777959025073,-0.008959735903252107,-0.04499503951394775,0.017568808204344262,-0.02011827140084875,-0.0123364290730232,-0.015194374929780896,0.0167965127342372,0.005655768874082243,-0.0051207208028977505,0.0244770744119637,0.0415526496974753,0.041766783273860915,0.06752346354172882,0.031119620616792514,0.022351705945284295,0.010259859301553537,-0.0742926147741111,-0.011951797227274076,0.03415332384931398,0.058425852548316115,0.02574217568287109,-0.018405459327676232,-0.029250741817574248,0.06597988563133453,0.05567882705369664,0.03946108441997544,-0.13697156390686652,0.07130875513003128,-0.03947402751680748,-0.01988410682373739,0.055919783343731995,0.0009764659007185355,0.08735875763466874,0.07757887451901511,-0.03854343689933635,0.08791385034050857,0.0769577251844116,0.03933229855779107,-0.04832954470560052,0.13361143590669974,0.14036471194946878,-0.02657978646992354,-0.0329423788671616,0.19653237467429877,0.06456078845361762,0.2862654428036585,0.014196425213129304,-0.1144484996476052
2026-03-18,0.0038387183519074716,-0.05770993227028148,0.05293620662169487,-0.04481874372572822,-0.04654526329512217,0.008196213202682361,0.059232072628003604,0.02257977489482308,0.0941374727320298,0.0729040460300999,-0.012407214241569637,0.016865307222938303,-0.026691625672679,-0.01302780918586145,-0.07274636476089212,-0.02942578531240299,0.01983010082783205,-0.014849935183756864,0.08044727012769823,0.00284730901463812,-0.020941312632788,-0.0011169446002323308,0.010822662288011957,0.008557083340518482,0.003259030225142479,0.03452317364484059,0.020536597258225,0.0456328555052547,-0.042559253558299016,-0.07689992982610648,-0.014173877283599106,0.005656893178673571,-0.022886931010795447,0.09091172982250907,-0.050721469170348914,-0.041495562028487795,-0.012814242300688618,-0.04218379792785308,-0.07177869083058647,-0.06752293478919215,0.021747115673950834,0.010646171286990904,-0.07830406331167804,0.041159732703784306,0.0033270318242392613,0.003565034085021214,-0.08411356820128214,0.01607429273332773,-0.015777611188841772,0.03296395878936132,-0.007500421840158885,-0.041983510514687516,0.012907100919168007,-0.01036694386718884,-0.013267150567168597,-0.008773967299202245,0.006179495410643825,-0.0017995288099209219,-0.0027101778085187878,0.02033384851628101,0.03703932832379663,0.03297654476602542,0.04053646641493717,0.02894407956670901,0.023851813231579495,-0.0006979857232937148,-0.05413572900644141,-0.025195185936869896,0.016560105669476487,0.06111028217071261,0.00696259948498334,-0.008963771351872601,-0.012055437912809103,0.05709386443406216,0.048307586456729945,0.03822145967260263,-0.10507143543857936,0.07354709486458724,-0.020153204728572377,-0.007331766592592466,0.057563894230780545,0.01716004022601422,0.06496301392290309,0.06450025203800339,-0.007631768057806054,0.0874882797545311,0.07601066585103046,0.04450384342763538,-0.0229760805625348,0.12782623117729325,0.12032775715396557,0.004361047680891841,-0.020689381342941314,0.17204831157689274,0.06760590209091673,0.2249357964613802,0.020632621742556735,-0.10488087158105724
2026-03-19,-0.004227674158902028,-0.07931634648510003,0.05794446844085184,-0.04125876012663687,-0.05545760074870203,0.007761446759135153,0.05500060280063083,0.029350646631015387,0.12142802121971899,0.08619329058941902,-0.008110225206717976,0.003220977834117203,-0.02795712639029127,-0.02200940434291998,-0.08926731863166606,-0.028000667933398775,0.021313950014296243,0.0018101899055391665,0.08597951124477346,-0.005326333122814681,-0.017042506281279762,0.011939504532557483,0.015201099936527736,0.007290747572617447,-0.00866699277421546,0.02905976029233149,0.032082997030357586,0.06964584242850887,-0.04401594208519891,-0.0801953913314655,-0.004453622065178985,-0.0035686463136577126,-0.004668795934647738,0.09109347670389512,-0.04984509101278012,-0.057681088164624236,-0.012877901669059414,-0.05085826823730595,-0.07969706950303167,-0.0725785518054689,0.024144344023752207,0.011562232136532326,-0.09549548092198046,0.045543150768966825,-0.016334667690215167,0.0178570487513005,-0.1057380891820984,0.020346754922271407,-0.02170040062286458,0.02892246894076745,-0.005263631833515258,-0.03930818805671139,0.021225376996000002,0.0049114255736713575,-0.014985191184503163,-0.006808037795520751,0.012526199668978374,-0.002957598866777279,-0.010256731258910181,0.026185119471972988,0.03841328871358604,0.03467296009498696,0.04196645986980306,0.034316664904704405,0.031020561300276528,-0.000533676092907602,-0.0705330062028208,-0.006609570377336763,0.024573158949494592,0.0661112816805534,0.026858782222590298,-0.003027418366822722,-0.018586501552809435,0.06335248017333238,0.056070659748724175,0.04071326189143658,-0.12867686594265754,0.0755722670928552,-0.05052601572076767,-0.025304228277075937,0.05651826585045879,0.01035208723947966,0.06708744005041303,0.06121711421530659,-0.029806848702808503,0.09772326676303719,0.08631744897363122,0.03796486470096331,-0.026399550872472498,0.134319779491295,0.12457294130678422,-0.005944403685156028,-0.036525670296735396,0.18431715836234608,0.07346807650646905,0.25344500999866815,0.017371649899310865,-0.10945448736248187
2026-03-20,-0.004514399514193532,-0.07919405246586939,0.0619062663599066,-0.04131112239302634,-0.058791338310326124,0.004509694600689787,0.05545183000894303,0.02699399948174981,0.12063603744151448,0.0829297377628768,-0.0051989068651516635,0.003922061028943922,-0.028813927696027725,-0.023137661416975104,-0.08770730505363346,-0.02684538835209608,0.022532347847771375,0.0025953723061774223,0.08583983313314501,-0.006573411248819707,-0.01768107037573266,0.014462898872581436,0.014809713740621839,0.010134382642087105,-0.009195122979860202,0.0311605964517638,0.031213632648638294,0.07260814088219855,-0.04477928060261779,-0.07897347567959187,-0.0069580630118414675,-0.0014009258127409743,-0.005281088393143453,0.09357399831517939,-0.049642347893124245,-0.05875779469761544,-0.014733346686151833,-0.052145595362815295,-0.07761723964311965,-0.07348223103507921,0.02569858292434438,0.011194939328897605,-0.09748996984203412,0.043190526163046056,-0.016719907248310566,0.01798497904324233,-0.10753595061494074,0.024988489050027672,-0.02067559929102733,0.02527819797528819,-0.004240430649933031,-0.038987140058921135,0.01842943433164488,0.005873692101071282,-0.01668412044755365,-0.009267252450489044,0.011725601147680906,-0.0018448398908585406,-0.012865625796826622,0.023148353920327318,0.03687721852243309,0.035393075405588,0.042384306439669436,0.03219580839557634,0.02978293337873522,-0.0009291264361038255,-0.07195830396978058,-0.00521986569964694,0.023432612310701192,0.065771681948608,0.02707771279011001,-0.004432871531910356,-0.019077923472870975,0.06581207760880374,0.05621459642488539,0.03909990945356291,-0.1282747455437342,0.07418305273294702,-0.04643139572082411,-0.023543281544475624,0.05863006438824843,0.00952076507450101,0.06581467075422498,0.06122834399931941,-0.027323975451843042,0.09703311314619893,0.08696205453374323,0.03923548207987182,-0.02642034358709658,0.13476162925336216,0.12256446121165193,-0.006300024097424519,-0.03411453566778398,0.18386523452136633,0.07622601313063189,0.25349280033282084,0.017291854381656556,-0.10457248722563449
2026-03-23,-0.0011434322325191062,-0.0690791593949695,0.055023639714481876,-0.045358671432538106,-0.04542915153805886,0.0020452405404200093,0.05642120912538339,0.022096987464958914,0.1291194181827886,0.0874702082290302,-0.014804699328096181,0.0022989086929650366,-0.035726595825332115,-0.008510837581784081,-0.08083536815626573,-0.03397002456467084,0.01901913916403687,-0.007326945379817885,0.09310510172664874,0.00014748438134225966,-0.012050642211256646,0.0010446863500213604,0.005393895767168091,0.011817048137001964,-0.012064319729655293,0.018350247695869147,0.024039211488609036,0.07153812562783314,-0.042352598565588276,-0.06417156393017578,-0.014150225422838189,-0.0028760039966703854,-0.003945617552043637,0.07248536610492305,-0.045120189044598406,-0.06531965232970083,-0.00838241869474359,-0.06086232698533288,-0.07636410386499398,-0.07961112901941256,0.030577380254415115,0.015953085120280413,-0.09353949036828069,0.05139878781035681,-0.0037382014223553556,0.014438842197223405,-0.09732202952258462,0.016619387085625548,-0.030398713692380272,0.023049538496707035,-0.0035060262651983205,-0.04321335231636042,0.031568400134125624,0.008832358603267195,-0.022844527888033435,0.0012406358562961073,0.012954652101044729,-0.005213325536175159,-0.0054614846116233535,0.04201604733370399,0.03686190734980719,0.03291457923147305,0.040250970195110265,0.032684156354954266,0.03600904360075222,-0.013901632235913093,-0.07083022533760627,-0.008384646342818223,0.03238907199537539,0.06863501449233067,0.016653575542715255,-0.0035446118780755754,-0.024310930267225028,0.06631833289593422,0.041327896477073224,0.02226922675939887,-0.13831082596706631,0.07109197662300826,-0.040875077390725,-0.04169650954260784,0.060894362805119624,0.027550862151080442,0.08216354192862863,0.025451393383000315,-0.026944358436964064,0.09146359304589949,0.07684091711093986,0.04362377038609235,-0.02959662042388638,0.13407115063179575,0.12443513129620698,-0.004112191854198267,-0.019010369701715428,0.19176272018089283,0.08575127786584102,0.26340655269437163,0.02877234612877192,-0.09744757673024523
2026-03-24,0.005621603738549942,-0.03145639661917945,0.01698675038960387,-0.023595968461239812,-0.021630100446083225,0.004479861738206202,0.03750641122251159,0.010441059006504832,0.03336753522053543,0.030950492462332925,-0.03202991742942181,0.004444909677689847,-0.013911129702046663,0.016007070046771384,-0.021774403570562748,-0.010381820585789415,-0.0009625027360567005,-0.013728599937191653,0.02000950454902037,-0.0010895486742645028,-0.00453404854135173,-0.011215465184554302,0.008287405282485264,0.010796315022525463,-0.0014266720400193354,-0.007379276318709821,0.010040517465476696,0.0022902073911845316,-0.013681028513992747,-0.020477665421159204,-0.009339529338087267,-0.0104858431198391,-0.006756859574361415,0.03827910626641734,-0.023116062975257347,-0.016979826107630484,-0.007837805989889592,-0.008277345406166389,-0.029238666110975788,-0.03218452619815129,0.008445860922141737,0.005875435025095964,-0.025062591418369126,0.024027391002055386,0.013738064629760594,0.0011965399131301357,-0.0440721273340094,0.022182737875609197,0.0006747983550177764,0.005083631096646317,0.0022793065520814483,-0.029548776785292268,0.009506984297515933,-0.00059201497113575,-0.0038809501552076967,0.007403667599127233,0.0034352060931338597,-0.006734144007876896,-0.0011380684415335952,0.017461478477307807,0.028073105161332775,0.02385539800568495,0.009461302764581143,0.015204127912705727,0.028648470035544216,-0.0011273006173194502,-0.010033127403013159,-0.02011262278706373,0.006661356671058128,0.06180081616029411,0.004107011435522433,0.00998057921486074,0.011719445865695326,0.038329337035683975,0.03936901023084926,0.028795357444955642,-0.029620870197636685,0.05953943137964658,0.009435110916238299,-0.002200329364951452,0.04622298051187102,0.034218378051832685,0.03789563546465497,0.03142415798189834,0.026243094314853194,0.07447638966477009,0.05841039445131985,0.04197971141300326,0.01801286088443412,0.07856770367581559,0.06560602825773394,0.04352705198991169,0.01625135715260766,0.10407273858422314,0.0640228159225739,0.11231989277245231,0.021494286331775567,-0.07293125649343295
2026-03-25,0.004215032837575059,-0.05510760934584499,0.04346333608101508,-0.04275428104553175,-0.033689335011279305,0.00789162077746441,0.05755841930442022,0.018185752062071785,0.09104004935587999,0.060286381232818265,-0.025602560670622936,0.002105161298139235,-0.02345449336681442,-0.00021766845409033377,-0.0552848338976145,-0.03048382984779975,0.009127876423093883,-0.007939624219244825,0.06327939922969687,-0.002019702671130115,-0.01045807534548508,-0.006128293866435734,0.004010873386753633,0.013765670389184321,-0.002237746272957253,0.00010506090179984891,0.020136925101471817,0.044227078901000604,-0.03529584804599388,-0.053098920089546045,-0.015571417828231354,-0.013697709814514783,-0.007050483940536133,0.0643379861083993,-0.04201755083943881,-0.04862461041743746,-0.014868902572124474,-0.036157264087121374,-0.06573199498566092,-0.06544140652337135,0.019196415407868,0.011949094720491013,-0.06740369297342094,0.037933039418632096,0.0034213735089052583,0.006148651298290619,-0.07538960676821574,0.019434157810313615,-0.00881728164648894,0.018654615506052977,-0.004648735837898706,-0.03576896215727933,0.02037488080611976,0.00776502479732945,-0.019659149869137978,0.0013174922340230232,0.002905756594238893,-0.008181449208339452,-0.0057529599017637646,0.0317309198719254,0.03703385810379255,0.02871501112414044,0.02523366950784637,0.025131293431766292,0.034197134547606985,-0.013807060130586307,-0.04913686876037879,-0.02008323425531828,0.014422112922184881,0.07455994532574443,0.006226971698093375,0.001265504343540419,-0.007068936593940546,0.055333267143506074,0.039307732840577286,0.026222587784122488,-0.09624635798104102,0.07147933017792615,-0.018670666740505125,-0.02577684510495932,0.058544358206369794,0.03597116496730506,0.06278983801591802,0.026579809059062598,-4.902578415284277e-05,0.08773111012625814,0.07583363513334491,0.04449441344240148,-0.0074208255385720245,0.12320954089563811,0.10622925420392995,0.024771787081968255,-0.005434193797839203,0.1605569592570588,0.0798700027578314,0.2032998032631736,0.03413734239383964,-0.08546546691125614
2026-03-26,0.008394402541647411,-0.060927602387812585,0.0485066257061657,-0.04377078450059044,-0.034319935789309794,-0.00026247171166997665,0.06126498112981573,0.022965470083711137,0.10643571993965283,0.0696210013397859,-0.025300284808921263,-0.011542373206797274,-0.027195217690979684,-0.00743274856301397,-0.06665211439256445,-0.029473427198072208,0.014632798412746015,-0.007563850270244652,0.07578563442747627,-0.0023520887555707887,-0.010454818141309026,-0.0031716085742540534,0.005254242912594401,0.01516924456871721,-0.006317203886077998,0.0007324839664794372,0.02469799774707513,0.05296924597806777,-0.04192463670639754,-0.037660342335982616,-0.01488018332905086,-0.006160741954683356,-0.006043323717646617,0.07633530877451694,-0.04636755459505305,-0.05655957540680728,-0.011724028571268386,-0.04846550957616205,-0.07308059580622199,-0.07722855175706861,0.02195084914362387,0.012800917678686186,-0.0869754375493889,0.0499418645731969,-0.006155916786285508,0.015223094195072132,-0.08118406503968004,0.019831303006037457,-0.01694583593245611,0.01375167036694042,-0.006362622127739059,-0.04058951926330724,0.02870310024192145,0.006862946648042078,-0.022481607579908768,-0.0034919189856451056,0.00491360199303775,-0.00925069308925241,-0.007681502640268423,0.04075882167825447,0.036321038317019064,0.04151717388092026,0.041068746404501394,0.02690404224692059,0.03649097397495385,-0.018421148965012908,-0.06320702099958106,-0.01577197743213852,0.022601668692650775,0.06666612749015376,0.011576510105423054,-0.005795773464504246,-0.011458835530259061,0.0576633633467726,0.03958357781671824,0.025746280292115998,-0.11550563730489864,0.0715263845816118,-0.026028986524458238,-0.025579956914154815,0.057458717041707214,0.031398017112133,0.07000549861772551,0.027804545736302227,-0.011936758147399211,0.09008906140917958,0.07782809639466025,0.04955245576057032,-0.01629290047532265,0.1293423216669162,0.11486481853379936,0.012667542088388118,-0.012536917000584775,0.17031683965222083,0.07891824987230568,0.2312198892663874,0.03630271653215519,-0.09245137850170075
2026-03-27,0.00975137178667235,-0.039580744264110845,0.026285463881380096,-0.035034114475910795,-0.02555915914466879,0.006192886651197218,0.050413310814502586,0.01842798434115022,0.0591796169597517,0.04308848684645969,-0.03460366098002032,0.0045680284046993695,-0.01591322353591927,0.01089115691989662,-0.036454267954188595,-0.01832087808241841,0.002087660213380818,-0.01164639708304147,0.03518794712735485,-0.0022090750795743224,-0.0045318916571122116,-0.013079414846151905,0.007812454580483939,0.014017713105045862,-0.0017036832062997873,-0.008391779108860945,0.014030974098764965,0.02058039377685196,-0.024896157052441387,-0.031305675229213625,-0.013981425539610246,-0.015135748966215326,-0.008203441607647825,0.051764697769189814,-0.03457885102282065,-0.02972511552865032,-0.01268096773813454,-0.018904231244823634,-0.047261820495314556,-0.04801458813646326,0.0102131586823985,0.009249424469050216,-0.049005844567123424,0.030267375570623083,0.009261999732500727,-0.00015067503268869145,-0.06028516946868637,0.02325478957962048,-0.0023696492882567897,0.010444171544668885,-0.002648818853502535,-0.039669480110603554,0.01153446956353844,-0.0003845066869652136,-0.014220187172947244,0.002118521740984711,0.0008908481289607289,-0.0058230204540795725,-0.0035592160646442626,0.025232714673941614,0.03242020316380396,0.026238197562363265,0.015468443985373613,0.01817320305528209,0.0338565025404297,-0.007746546289706691,-0.028453866546752374,-0.02513526324361208,0.007242434568769688,0.06824095796324113,0.0036734543063224444,0.003997139154063506,0.006579398127467925,0.04484515896750523,0.04116375841650074,0.02998498469322399,-0.06005822843167083,0.06722968115075682,-0.0021705782440540507,-0.011242222639218388,0.0534656692170962,0.038439303607226714,0.04616382814567493,0.029564647985018004,0.02001948028064531,0.0845817171341114,0.07002390536604602,0.04784106372642431,0.009680413068422789,0.1009072194334494,0.08499085274653671,0.0399984600321897,0.0056913102350197265,0.1308921596548901,0.07373682537874186,0.15036832159886118,0.027459278475658405,-0.07504600963006125
2026-03-30,0.009731383539716665,-0.031698785994918134,0.022445090014871348,-0.03529964512156984,-0.024386848219734178,0.009229544007552845,0.041967987906453105,0.016286475113105242,0.04851565036665935,0.03631644671143403,-0.04033470260387208,0.0071210367483468704,-0.015591567782680537,0.017036390079064496,-0.02589753763891625,-0.011949507365036303,0.0010806571745522724,-0.010255346620196963,0.026123422214914448,-0.0007077733248847771,-0.006936937534767677,-0.014011621967776852,0.006243448613819433,0.01071786488817777,-0.002180721482358025,-0.010622409320400943,0.01570553450253834,0.01013189018743659,-0.020095146302452287,-0.016192436622171964,-0.0126039137707672,-0.01603895796460745,-0.009886438919963788,0.04444005370417212,-0.030857197462619217,-0.02535842832869995,-0.011637680228503084,-0.01194957828472972,-0.03869234200466682,-0.041710902566723315,0.011459345297929406,0.008955743991897308,-0.03632298652596689,0.02538671500496226,0.012746691725062967,0.003508868591032651,-0.05617958946528724,0.024115170005749288,-0.004770618260894196,0.006527696449394195,-0.003875148782143364,-0.032901428175510145,0.00891644822671779,-0.001660080020154872,-0.013327479164201237,0.006763487533354996,0.0018776511947213876,-0.0035713132478136234,-0.006250500155786485,0.019996342159416994,0.0256753300852253,0.024426421052291807,0.010969577095206517,0.019930573588187304,0.03640058073511195,-0.001494180685781379,-0.018207440054542307,-0.024620518806833462,0.004122126640277661,0.06873876213927,0.004143828177322384,0.004770427527585533,0.011105246060496819,0.0412447928768577,0.04165379071268159,0.030567449267516957,-0.04391122845539825,0.06179281792575459,0.0008003687304654235,-0.0029736257566303197,0.04954423424324831,0.039132495530327424,0.04165078612673391,0.030362679980985477,0.025107797427152127,0.08336203387745374,0.06618456437138036,0.043121470582103735,0.008573973132899948,0.088948683486912,0.07203363232509401,0.043793224635462216,0.012798928110739263,0.11586211049746854,0.06981543173654325,0.1285648433769338,0.024006400956823885,-0.06758985397560666
2026-03-31,0.007795523932350614,-0.0539936908538681,0.05774963089143849,-0.06150844523003263,-0.033117405685083104,0.027385715288904947,0.045043721042272236,0.030451867748610043,0.11972377720085904,0.07486271115046311,-0.032682826473060644,-0.014546795130150983,-0.03348583724517824,-0.0047754551994815524,-0.06243583437168235,-0.042025283491781425,0.022300660693871238,-0.0055472303034630865,0.07945211109177343,0.0012731232754231193,-0.011962437069705683,-0.00882078846273947,0.005686713721845918,0.028861670761426907,-0.005637454535445034,0.013075891315512924,0.032010478257540845,0.07033801093572527,-0.05446229310217922,-0.01950336795640243,-0.018604082984425764,-0.012977391760492394,0.019609759023616526,0.08643758632405746,-0.06435117140532155,-0.06985294665645046,-0.01688950123420331,-0.05393620497074923,-0.07523166658928636,-0.09026385471073058,0.02348119061324691,0.013646163899966375,-0.11158431350161492,0.05592980612686376,0.000349784109705667,0.02025420715348366,-0.09543687587013151,0.02061098109849343,-0.03445118502443318,0.017485284844266796,-0.02271590327327118,-0.043503716953015664,0.026716866038920976,0.0052581126074509295,-0.032077107851841216,-4.720057787388661e-05,0.01086633189547371,-0.009898941416756095,-0.010596696776292039,0.06110223951222144,0.02601610149625045,0.03875581135850831,0.04817409695040068,0.042556465583745345,0.051022311083872264,-0.015694948269093678,-0.07553866743196366,-0.005696823939524693,0.01936913968853323,0.06276239394060736,0.01073789829519055,-0.031715573106031646,0.005102165905836859,0.069263593115902,0.03687066500744809,0.03839076112527529,-0.14346355735273297,0.06007091078647646,-0.033232999329370835,-0.029876732687156522,0.07088467650508189,0.03406865945075088,0.08968024399640115,0.02585408132864142,-0.019000900441928793,0.1020255987414976,0.08310405767713555,0.05684119660497123,-0.024970642074632086,0.12091078675361057,0.1027943832928989,9.103167790161862e-05,-0.025590196214233224,0.17797069731392584,0.07972274855880161,0.24663452984383794,0.03459977449235181,-0.10032975361782918
2026-04-01,-0.077212793651043,-0.09477724457377092,0.10488062536657647,-0.022701389134625972,-0.0030663571804335765,0.07799855735624582,-0.08814794002549939,0.090401299393814,0.10539005549066979,0.22490695240246317,-0.04586934629670694,-0.04346077425993358,-0.0823513746280097,-0.044438476984565274,-0.1359243155370595,-0.19237325864690452,-0.008701815010479301,0.07434779500103107,0.3164358812865827,-0.11370010280024181,-0.05252907189458021,-0.04580111592991449,0.05447873893303951,-0.059931663309804206,-0.02913136154505152,0.06819574890684982,0.010438796931916313,0.1380906602357567,-0.11019123187627895,0.009964593922636739,-0.09849176633309052,-0.06531795726595083,0.19102827559082924,0.18714233484266798,0.1916532946582808,-0.1535179217816782,0.11680728069804909,-0.16791737300675505,0.10780731956117948,-0.26486006467373485,0.059265892226860135,0.1480773848660239,-0.1750426326989651,0.29076813945295027,-0.04346621307040248,0.028174661107631394,-0.19513311366049058,0.06030923700277706,-0.3398335325385095,-0.005253017632251571,-0.07921817847393636,-0.07370345885042023,0.1628574602434804,-0.08573768428251584,-0.09172010896991266,-0.047486787271024615,0.027165733401374036,-0.16196169452636022,-0.07027978702602915,0.38833728111198684,0.0692719705471561,0.06514365966398153,0.22195644595479513,-0.012540476046788535,-0.004360676732084878,-0.08936697121362544,-0.2853682585781011,0.4065172056905727,-0.011807934570619192,0.028183271301516995,0.3868964909740247,-0.46049680856235337,0.011927695640509944,0.2386299011896837,0.06163404110729531,0.2131201475152964,-0.24971854038607555,-0.02094847986162638,-0.15793583562103986,-0.21629455947124862,-0.027262366739245418,0.004645894750248659,0.07817851336758268,0.19364522770887424,-0.18320985183171246,-0.02429148628765094,-0.07053567084326058,0.25332033632253254,-0.18103594479531773,0.08876340838127958,-0.024842678469049306,-0.1688850921321883,0.15867588827636325,0.34144251642451023,0.0519092056055961,0.6231379216066816,0.05546837922885969,-0.22923956376011523
2026-04-02,-0.0727800227912639,-0.08319964014227084,0.09552522710554273,-0.027750987246724618,-0.009792476100288867,0.06714945936041045,-0.05629312353824606,0.0855925904155987,0.14714412505699753,0.1905968780939681,-0.05104066516929034,-0.051392174963519,-0.0754429689961292,-0.03641583494264605,-0.1075629642876688,-0.19181578407362165,0.04910202040121319,0.05678835389589355,0.2747979437233335,-0.11597885459139994,-0.0555449628856117,-0.045155243664005244,0.01163248595656187,-0.05236121525291826,-0.046666999761295014,0.07784204725086936,0.024030312610752586,0.14735143515401672,-0.1106940234117847,0.013370967603370401,-0.08153384493238608,-0.03212359066110169,0.18565363779210553,0.19072957702107138,0.131696090724907,-0.15242225244017,0.1266057579329566,-0.17363648904532725,0.07735492449983755,-0.23487521463482453,0.05241063706002344,0.12968009168067846,-0.17678584680362996,0.25099719893472294,-0.027890555599951766,0.02562226149610449,-0.19729173210799691,0.05382143067981248,-0.3097780555030323,0.01157209197711856,-0.07567948055662518,-0.0849991359116627,0.1633611719682468,-0.036001898133611654,-0.09606337458203763,-0.056816778063707066,-0.0025746135602439293,-0.14264165341567908,-0.03529511346165185,0.3197348254698596,0.047725314122984974,0.05619471645061086,0.21448113962853516,-0.008277793363257893,-0.005692813939893205,-0.0654753354255079,-0.2914669078259347,0.3436830057037682,-0.00869791196282269,0.03375968481094605,0.3106668524830962,-0.43600951222694856,0.046289274522773864,0.2363815123933975,0.06591359429245437,0.2199421119877641,-0.2504753866872851,-0.014346272985412118,-0.16888466911187786,-0.18732050139230483,0.021062116655001642,0.014147415351032946,0.10790870784575346,0.1422849723678678,-0.21908889952798016,-0.0043924122112815895,-0.018439324216742527,0.20210929250543458,-0.13981309975885403,0.07433760098490744,-0.034779977600119596,-0.15441194996049806,0.18866192110553776,0.3080074376137103,0.08460140727816438,0.5701428313859737,0.06332802579294596,-0.1979221397195894
2026-04-06,-0.04947850596199143,-0.08643284885675984,0.09892398631038235,-0.034679508418417285,-0.012774142484133178,0.05833211373501793,-0.08722378236578092,0.08487906163238687,0.13492006231378254,0.1551251234155527,-0.04888453030576582,-0.028546645752985135,-0.08356032334250238,-0.022343882168240667,-0.04853449201163582,-0.15102778169186376,0.016471086253160107,-0.002683118144215877,0.293831766818043,-0.05311830766178359,-0.03803659246662816,0.006857075333200882,0.008003578086995458,-0.040172436505617824,-0.06669278199508613,0.07857511593423645,-0.03142530149711163,0.16377888987735167,-0.13563025361671804,0.018114049361022518,-0.05431835696021162,-0.0307260383629838,0.16971089388256028,0.23034498183151214,0.05830212180566186,-0.16612598540807222,0.09429144453986184,-0.1486264886805966,0.022035379774720393,-0.22272494577574428,0.026090453832096183,0.12528178737164233,-0.1661695003240188,0.2646473989886163,-0.0067630473063666156,0.020118385147540774,-0.1588359155451821,0.04769823431997591,-0.2886109930775641,-0.010367155363221118,-0.0514513439759503,-0.08466810558865942,0.12112601340413694,-0.01840227126101271,-0.09362563453976212,-0.09098066183750299,0.033790270015117765,-0.09178163783521583,-0.07003522440378641,0.313024385663175,0.03192794659119944,0.0721085594981634,0.1881508148022677,-0.033240690359004295,-0.07990372010492951,-0.07758797904764808,-0.3072803710453683,0.29845677824308886,0.04303135249163089,0.03753640614429515,0.26988796390182423,-0.3311367262490628,0.045536824056334434,0.2466424532922109,0.035900625465747245,0.1519580058041232,-0.2649177760833369,-0.056246327375122,-0.13959566346280938,-0.1670659651063916,-0.003116574516435544,0.03270555220596524,0.17062448399004376,0.12440730329582075,-0.1719656556909906,0.039386893954210904,0.0929493141430251,0.20758782000062864,-0.13175744154340446,0.011178862966357023,0.02740055317217377,-0.13666021439685835,0.13712959802449023,0.2724613443687983,0.05685014802437311,0.5597052277381028,0.07204126418352068,-0.19390610953169535
2026-04-07,-0.05245019412969591,-0.10588709069432974,0.08847187421204573,-0.017680797743503653,-0.02800580192028059,0.07543072143895967,-0.07142995980739826,0.01984328232402083,0.12605522871562624,0.21586631245511576,-0.04374061204064789,-0.042776196138540154,-0.07133274740891692,-0.04093557672362994,-0.0898448412459484,-0.11092144037432566,-0.01098984331917332,0.04761786000845078,0.2590413210111173,-0.002986320696906306,-0.05352667489760189,-0.01562688192592987,0.02457118329535042,-0.014966142588140994,-0.05583533087479306,0.039573306977730455,-0.04836087795380187,0.1581160349510798,-0.08413003634570129,0.007698550089585433,-0.08206623823419994,-0.08251679269727807,0.16600058028530115,0.20817368786356383,0.09316524156614833,-0.11617421312146907,0.09540402402066159,-0.13444193615254513,0.0007965109171694032,-0.24036028339142185,0.05814314387990962,0.16318501194826493,-0.163898420008983,0.28367674302787205,-0.04806908245548486,-0.023741521926004747,-0.13692556184229035,0.07173069426674332,-0.31829263771795374,-0.021534974350241064,-0.05186742180984069,-0.10455796807957883,0.13628096971107798,-0.03788520809532508,-0.05684483766468014,-0.06791918931967701,0.024031811142630866,-0.1105091573680138,-0.08919711482444984,0.31069536232121076,0.03883683304889294,0.08360878479309913,0.2080123058975889,-0.012395830568786117,-0.04666632087206075,-0.12893546715721596,-0.32237353674664837,0.36768267085413187,0.04437219015983934,0.02159573006760727,0.35213744507995837,-0.3092708760105916,0.026591727123483865,0.1340092948025866,0.0104278670657011,0.20143322626734753,-0.26821586332844677,-0.06367288742051647,-0.11515475475713412,-0.178715974808141,-0.027157253134804625,0.002489353331292142,0.1786931953350008,0.1549298363312841,-0.18751515865917356,0.03566554622123006,0.08231369293014183,0.24844891509094297,-0.13219117076640793,0.07278809875875508,-0.0064843345832156,-0.1605699662590735,0.059458531764494386,0.284710490350934,0.05659536784350139,0.6145558079895584,0.06684125977136242,-0.21221830634745106
2026-04-08,-0.05453490907256642,-0.09638206673156857,0.09408567281065623,-0.015499384028612674,-0.04720217289585729,0.054019772211503655,-0.04534451671180639,0.002077943475769683,0.15878871635655503,0.22185912092647264,-0.03938883049048569,-0.04012142498108501,-0.0740706772814859,-0.030612580159300885,-0.12788999938538176,-0.09445672908576068,0.0689754996022159,0.02566556028230082,0.2096485342572592,0.012305847594394275,-0.06409865923364617,-0.029465040916014026,0.0012568020934751074,-0.0010613630069715857,-0.02510945890534154,0.0318265797316256,0.010219624024849825,0.1339868978654769,-0.06111681468262542,-0.01686112896229313,-0.07802087769451639,-0.04022986056430939,0.11970528102757694,0.1596697766350628,0.06572829430992483,-0.0983775694071795,0.06298456074652987,-0.12113961609836939,-0.00877156991646228,-0.2378463389448466,0.09209308984970757,0.12675651442896735,-0.16396448686098972,0.22954292926220787,-0.04206957934336477,-0.00937999312503847,-0.1328695043525283,0.03423103392437188,-0.2280635467912858,0.009611686532328759,-0.006718819601058043,-0.11881370613477647,0.09878509109313517,-0.02284266530562519,-0.03831897592046391,-0.06124552935398633,0.015955090163830937,-0.05434458140286311,-0.08612262539486126,0.2962258376545397,0.008919504933031957,0.08278362387513767,0.21538953658016255,-0.0263866057189868,-0.032588974335921346,-0.13125621065396129,-0.3106371931973564,0.30711271262410794,0.04882978380076792,0.02881875838158108,0.30457501304618645,-0.26729701254872934,0.011543732978727472,0.10104603193740104,0.08792941721390671,0.13950927892066217,-0.2618809006340604,-0.04784021253500594,-0.089149936724815,-0.15797541893732825,-0.011633639379045225,0.005311239318493426,0.17780137839204574,0.12386511118568258,-0.19117593207376418,0.11545930819383311,0.012731298111443771,0.22038141335494993,-0.08272304341592053,0.10324415540250637,0.004478137203864373,-0.1623318137479044,0.02149220170326558,0.23701133265596264,0.08673927413418697,0.5683680033418181,0.05126425408006421,-0.21537776158440095
2026-04-09,-0.04939142197844469,-0.09216968711738459,0.09210957047783584,-0.020232691824713114,-0.05208303104643794,0.04819718684842192,-0.028575934063181388,-0.010405941688316872,0.151101879505193,0.22715482317602434,-0.0418995244838369,-0.03229732890189279,-0.0696854389387004,-0.028383590950929433,-0.11277734872813283,-0.09485688217975975,0.08550630032869377,0.029810762309275998,0.17567358781232525,0.008850618167845655,-0.06203973036091963,-0.032593420951349705,-0.006132141992187324,0.001686856059097526,-0.028506414787052195,0.040116413953209536,0.0009494547272459169,0.13486710385857553,-0.04003475545104357,-0.015048892507350307,-0.06585091358000278,-0.03263066515626759,0.10576692100698598,0.15041983092759825,0.05641058087574933,-0.0947823315427732,0.041409747021523786,-0.10710106944951985,-0.023193891161454643,-0.21599114990556306,0.07816896429469201,0.10793670033910113,-0.16057351875666323,0.2224292089353392,-0.025119381158920345,0.00402144709843248,-0.130020961055067,0.02240670993300507,-0.21099995493562204,0.012414069862735567,-0.013517016048409236,-0.10426262567204356,0.09260332048671095,-0.02591997709869255,-0.038490219500964526,-0.06558759108955088,-7.180878699635483e-05,-0.032181645285518146,-0.08266328776200615,0.269209976700537,0.005020712683490622,0.08528154336554954,0.20143556520334588,-0.01659071093658928,-0.014918357829385111,-0.12065477769059517,-0.2797556086308393,0.24258152293854163,0.05791686390634905,0.03287702815387902,0.25762433489526393,-0.21963246250218368,0.01095888690386035,0.10394092575553322,0.09469620781201746,0.12180824467554831,-0.259974672149108,-0.04546560919800977,-0.0796575301336213,-0.14198351647957078,0.0046975738445307075,-0.030066980308575166,0.21563113955023067,0.09920759418233677,-0.19952858567176496,0.10491752834447124,0.028217892388421303,0.18233286031569892,-0.07430923276120271,0.12236982866660803,0.012418289296545284,-0.14309507262078847,-0.005942800440392944,0.2254702392276064,0.09039483181797711,0.555515147772502,0.059095938003374864,-0.1959846311595419
2026-04-10,-0.06513863540493808,-0.10073490469798978,0.08312693207017056,-0.022097326208570953,-0.04587052163255964,0.0486967056202929,-0.07131546943048077,0.01440519610802133,0.14985725571948974,0.27069107349617055,-0.046402973395093396,-0.009296967115466058,-0.08275765992370838,-0.016644861780519916,-0.12527705747019371,-0.07393968885093587,0.07119680478137788,0.05860162430394371,0.1710807620454305,0.005620734177684465,-0.06776579495683704,-0.062206981782114715,-0.025105860735784705,0.006210716982326364,-0.00037445071124779343,0.014254166748885614,-0.003323626906864833,0.11368226632604492,-0.07526282814321344,-0.03277666153684632,-0.07678664269601865,-0.04602345015407346,0.08156882508077173,0.1300141383295646,0.1287149194883295,-0.10814430980946499,0.0576609238652288,-0.07545678267535907,-0.03998404658405297,-0.252032640865141,0.08251165258983396,0.19283809224943402,-0.14876221225504477,0.3085450096211594,-0.028129213948233443,0.01543395761908611,-0.12297702649435964,0.03560758226959314,-0.21443628288151872,0.026640035270814856,-0.0020343407503593397,-0.13969094705524357,0.1066505289099556,-0.05250200721255423,-0.023356366482979993,-0.1404300548741939,0.002026694573575273,-0.057656037383456635,-0.13036283722533495,0.3503455670433195,0.005816741576464732,0.10434906284785857,0.26289727436715365,-0.06837566991943002,-0.07782750805153676,-0.17439366419441102,-0.3806445269660727,0.3916620124847504,0.02172487548776278,0.04249243939712507,0.3807063632081909,-0.29652593635168567,0.03417029315757541,0.12691426213839718,0.08695320714291771,0.12626396154896838,-0.25980517585906604,-0.03582685741886775,-0.09190329690550958,-0.19192077074262176,-0.06563070624772376,-0.026156953443389162,0.21335625504975014,0.15803219707246585,-0.2446690694596787,0.12479928288213789,-0.015579184536435324,0.27767491651837245,-0.05799936653104927,0.07703462245037217,0.030069924114438408,-0.1674228287648466,-0.010643690396376726,0.2058821493475553,0.09758345026204414,0.6114307377133409,0.06515240719950094,-0.22056592543819203
2026-04-13,-0.03655471820288535,-0.09460984444734595,0.08353647855931039,-0.023660755123908292,-0.03084312304508343,0.03765201954654885,0.014740718858803499,0.007907129830666052,0.15410684810956435,0.18330212565418114,-0.04463255914988083,-0.0514832186389176,-0.06443723349752344,-0.05365915670956983,-0.09076349951111665,-0.10675383845828695,0.06410294526196234,-0.002080823087228177,0.1592114686722621,0.03931266832128259,-0.022880828905932196,-0.017299266339786158,0.004442547250977863,0.01717524667640518,-0.036497235041900083,0.05019997209018264,0.019869870427009828,0.11947063859322221,-0.07208470208125263,-0.04401875641541543,-0.03428824921701467,0.01699759680749075,0.10283071017968985,0.1641817123061256,-0.069502418328632,-0.11069025294337455,0.01122681195702556,-0.11789745885519969,-0.040108561981272814,-0.16237564023610368,0.05730199391389676,0.04425464836845619,-0.1342517552789967,0.14207407542887487,-0.0641181682356423,0.08109409501219648,-0.11116663504362312,-0.001871710950291228,-0.11508106866877373,0.04031284459531225,-0.03072943817730045,-0.05759501314702796,0.041125398508853855,-0.023166568829942176,-0.019548690266901543,-0.05779499022496934,0.03387159740377381,-0.012714051992023691,-0.05872493784803742,0.1552592244881804,0.04107256304189291,0.036286869949536095,0.13076785211265413,0.033806853018137635,0.012329685058418137,-0.041553383915053935,-0.15688310933022936,0.06300892145915322,0.07245605834184704,0.060216437570281,0.07100366470636782,-0.12666213169698168,0.021758864198331528,0.07704222675623748,0.07275837972568423,0.008339804493312824,-0.2250972008354572,-0.0200805474810358,-0.0740869946249755,-0.09024793557835122,0.06244226076513391,0.03026964820766414,0.21147921445753587,0.07494737010422631,-0.1319693885414539,0.11308521189049697,0.09376576271544203,0.11803720749686016,-0.04256977265923776,0.07828742759642125,0.09462005115950874,-0.045507257375110986,-0.061125113286754074,0.18593832499970192,0.06475741816625491,0.4491426248171609,0.05874564068248244,-0.1522597261071974
2026-04-14,-0.07210193691569546,-0.10143215703341446,0.07020407499591093,-0.01648499918524001,-0.01540003879780589,0.06395246600113323,-0.09394165028965039,0.03355571303323036,0.15064487707321708,0.27244749301717686,-0.06620646519214009,-0.027135818671099265,-0.08059002328760674,-0.0389690200054679,-0.1121062592118914,-0.0717564608505739,0.01860837976892601,0.03416889120223394,0.2511877848533726,0.0440576596531014,-0.040672757109291226,-0.05966638038190937,-0.030135790803697098,-0.018089229632516905,-0.03334339160461846,-0.0054560382528749275,0.030483590469899617,0.08664372977376798,-0.1330058833149193,-0.06395076499394076,-0.0822309106046396,-0.040553282856993125,0.12125698484160206,0.1521316843349282,0.04341356911292448,-0.09549021827163065,0.08257800438496331,-0.09775301321978548,-0.03382728280535665,-0.21255594797547941,0.08898061997519212,0.20069988334245784,-0.1454100983361594,0.3233391776653931,-0.10017546288305831,0.032738370699804724,-0.10098181836256884,0.022816144780621318,-0.18006826621123057,0.05300605898655603,-0.008763078173860078,-0.12429771051950463,0.12725439364859312,-0.06913906616444081,0.008309513395810795,-0.16862034605062523,0.05094953660458867,-0.07670906284895418,-0.18504305058905568,0.3313009864974188,0.056114173816645796,0.08217268332731786,0.297155015711092,-0.0545439569195042,-0.08773269679482515,-0.15972787099534994,-0.35431210373856253,0.35674189881640117,0.024242226495931992,0.06083824614786399,0.39222126027026544,-0.34065868043114605,0.054151984456776325,0.08841430201444568,0.026745008210877337,0.12617024687221234,-0.2661654782255978,-0.03811493039249729,-0.12062321753338702,-0.20659423375852448,-0.07373083278890696,0.020207234912854095,0.2058140360698677,0.19874717109133538,-0.2207177426480456,0.12631660728842892,0.013680591382518096,0.2888462743607567,-0.040900705559452195,-0.029607664573994906,0.08961228064901369,-0.09137907284485912,-0.05477149369785962,0.1981020023275297,0.04732303188941946,0.6340977122715842,0.07790549232914615,-0.2187047065148992
2026-04-15,-0.04343173754713529,-0.08218624655322536,0.06934074166150611,-0.010742824439436858,-0.018487310697508252,-0.00977817614172199,-4.2233612568548864e-05,0.033795952431634184,0.16589640654137439,0.21547542836911648,-0.06439093339498068,-0.058681152651694254,-0.08123645314963142,-0.0518016934967108,-0.13531595623223183,-0.07680478450211722,0.029809735786718423,0.02047422307964625,0.1631416669917641,0.09621099240988726,-0.013957276108668126,-0.030087467328161276,-0.007009871398383794,0.027022643171476263,-0.08843698415146856,0.033341512618680326,0.09759037164710781,0.11109878713616386,-0.06784076045671554,-0.07864640795825723,-0.06769112874903684,0.029076901172666106,0.09116185624348487,0.15535782247445265,-0.00016214859726024905,-0.11860825954456082,0.059623761432946704,-0.12231578330925331,-0.010427655152747276,-0.20833418684056182,0.06530751606988591,0.16089189585251246,-0.08531370800486938,0.16326461191027758,-0.11753541430527344,0.053778260437700155,-0.1045232236641919,-0.036014067362828354,-0.1984693585764929,0.08008913898022633,0.025116710475638435,-0.1394042651218056,0.13679467828887312,-0.021390987470654564,0.04089640932265062,-0.11933933238170609,0.02193851797854876,-0.054616961901073346,-0.12007295030516084,0.26802173563404924,-0.0037078439579674542,0.04143409731427847,0.1973972465344169,-0.04381102548641354,-0.08994936148647258,-0.17275836499562733,-0.315929036337205,0.31146196959541705,0.08099987526325099,0.034145535695454074,0.24178671233090349,-0.26972281386641656,0.03863840095618827,0.09863849831112886,0.07276932012431955,0.03607562694261132,-0.1752954022687722,-0.05667738742869401,-0.1503693585532312,-0.15059657867856693,-0.0521498655624656,0.047292153443879444,0.27758092897460196,0.15075469137434502,-0.24536306541296038,0.17353140437899214,0.10258785668737218,0.21907299065218752,-0.058061667698665526,0.08215509383217681,0.06831534807800499,-0.12948439587627716,-0.03654056056172811,0.19806243619289327,0.06292139129580242,0.6003487518210991,0.025914325879689386,-0.18288850451844435
2026-04-16,-0.018131780369463363,-0.07635808318788252,0.07172052690526294,-0.021582726570119323,-0.0189184698437065,0.01501712308199467,0.025680930090966177,0.015697087028534264,0.16233422196274475,0.16058711369288511,-0.06242008677912622,-0.07264327276178495,-0.06127247424952126,-0.04962439043644353,-0.10028043542708472,-0.09000742503114,0.03674531911505114,-0.0028902471811371525,0.17018802066625927,0.0745294137141021,-0.006565954653940323,-0.008123451825562606,-0.004685834225864395,0.02013187049912412,-0.05716714416581142,0.04879403007756202,0.07201180849964409,0.0997310486052996,-0.06272585236678613,-0.06178839968089199,-0.038260300346987124,0.017491986485249043,0.1032610663928539,0.154518864606244,-0.08211184365976085,-0.09963850358106681,0.03442605092544776,-0.14277157900820175,-0.031875232537137366,-0.15084370637242903,0.03414878365263733,0.08212220418338395,-0.10629989448944488,0.10131787643781424,-0.08927733945970943,0.04196260769054156,-0.09172838310978045,-0.012455079394623593,-0.1402629198401077,0.07161819695814005,-0.011590882563201102,-0.08821656032603448,0.07349043871077718,-0.015222612196453477,0.007438471800368583,-0.06861900018510315,0.04798084488540618,-0.02952026638270118,-0.07527773101277048,0.17118427837603578,0.02227529547929586,0.030891670712930065,0.1247203503512657,0.03552070200209158,0.004614594163177474,-0.05958425203972942,-0.1806720417055348,0.10829085347109206,0.09186068214995291,0.043819994259690694,0.08923070350095488,-0.1537421207146929,0.03649079235879647,0.08232424158958303,0.06052040659889163,0.005905897617070175,-0.1933997681863249,-0.016322632389432795,-0.10541731767384385,-0.09331763587820237,0.025176692117138782,0.04368213444960897,0.23604821822346472,0.0875666235736965,-0.16010795419974616,0.13712464913576775,0.1016036163246775,0.10259953913499711,-0.044546210601075414,0.08520057970282348,0.08889604382483338,-0.060649631180629146,-0.07235300541915356,0.19177407161181864,0.054635414186740165,0.49863075202663065,0.04193742137181719,-0.1562016917729926
2026-04-17,-0.018683750418758874,-0.07121600013145314,0.07401200548579227,-0.014736851595715928,-0.02799605940597502,-0.003227785246295708,0.041015204831097454,0.01591312409724705,0.17189280303452897,0.15145739447217466,-0.06173628059286035,-0.0692582715592059,-0.059881723638070275,-0.04800636014429795,-0.08884686735245816,-0.09667752831851714,0.06940170160670399,-0.0012463209220854397,0.16651914600844253,0.05296640181516595,-0.02614227364966499,0.008902322718266577,-0.014251344569445873,0.006603662279102508,-0.06108938711847048,0.05701869060729992,0.06357330622133218,0.09802292254971179,-0.05036297207277916,-0.05174373063850857,-0.023134821268197617,0.02958764371885044,0.09057557228361023,0.1639780364240395,-0.09143778520033072,-0.08820797394729822,0.01840537428012027,-0.13551476572587384,-0.021607786433019027,-0.14409207223625348,0.026102631603904858,0.04553658067414954,-0.10864501234091958,0.08518577518391379,-0.06463607362939026,0.040361311017321586,-0.09377284547299147,-0.02434167697990114,-0.13414179420873953,0.07218424443619308,-0.006973563103322899,-0.07869095166260269,0.0848808962618065,-0.005136333740877618,-0.014380070557261726,-0.06573061919347555,0.03136385552090614,-0.02139816017623874,-0.07779670397609882,0.16020373717638658,0.004075065852550484,0.031190707288143167,0.11995009896962117,0.04019271381245972,0.02215831263744337,-0.033529480254823926,-0.16886415395762255,0.035828503703695766,0.08907976664779334,0.04666520357932564,0.05039091262326666,-0.12501766568795217,0.028096168353273346,0.1058849329079644,0.08270194754883393,-0.006372646964268128,-0.18454041936918464,4.454002083697367e-05,-0.1106194994905052,-0.07717686320153071,0.035491088323273336,0.04077756295134379,0.20881782758065848,0.06779886530013007,-0.13600348983672036,0.12491619472952349,0.1273877205791374,0.07945786104266504,-0.053452455348158234,0.0958205109356589,0.09946862942853171,-0.05603882434654206,-0.048137544578449744,0.17993572946867,0.06352083123413994,0.44688207889016945,0.04804958459693129,-0.13575214305099548
2026-04-20,0.0001541796706766227,-0.06702564800898905,0.06788590890332494,-0.027819010574734793,-0.02519699128701143,0.008674793430366442,0.05121802355547871,0.016933029227192347,0.1516650727594492,0.11589047021780062,-0.056106606467305364,-0.048332649572875176,-0.041723089534054784,-0.03490088485738143,-0.07140263048536938,-0.07087271104383877,0.03920762327372297,0.009470232775961462,0.12869688312958524,0.0321951463628607,-0.029245583875606967,0.012672897638835934,-0.012234485475553893,0.017820029988417817,-0.035783590814076074,0.031517112595231656,0.05417239186737754,0.06128508565386059,-0.04477384701858909,-0.04389266870471389,-0.017843349173988374,0.013146652867689654,0.05423109040586389,0.12509369918382024,-0.09357883099838465,-0.07596561589468506,-0.001433695389976954,-0.08392594393491586,-0.060260950269191135,-0.10473062992947227,0.021365200763310745,0.024420515904214193,-0.10272457428046654,0.04185694552942056,-0.03663042222027844,0.026214929221684558,-0.06831396441637742,-0.011977484731336462,-0.07195392159369071,0.06008655797943499,-0.013585866662647038,-0.05301552866361299,0.05218920158896185,-0.012907721481342173,-0.024040770173020733,-0.037921301503057704,0.026532714363737338,-0.01398275788855288,-0.04267718272392184,0.11296320371528329,0.01521303906514598,0.03556980505610362,0.06957017909398112,0.05096389990144125,0.05766773351974724,-0.01499859095036724,-0.11750988810192424,-0.022269906519260398,0.05830516602421103,0.06451042882683783,0.005308147554591306,-0.0647893417235647,0.029490679654191755,0.09018513624148315,0.05692500949864845,0.004267702390967464,-0.15494281396824564,0.042312839718524516,-0.06511990583254722,-0.049016906495389895,0.0528492346739952,0.05024385791134521,0.13506567410136544,0.04040370115318367,-0.07662244254301837,0.11574722476625711,0.10886736918924013,0.0528752774428406,-0.036721482260401776,0.10481402994290566,0.10476718235264837,-0.018358035122310212,-0.04883069984891333,0.1729460385048128,0.06416626356701564,0.33862169595503716,0.047000787084333175,-0.12025677274945663
2026-04-21,-0.011266894703576497,-0.07601571528016293,0.07060528514985648,-0.018648891819003505,-0.01787656269986581,0.00048124503112753625,0.04721270652522427,0.016606571109907386,0.1683991475407894,0.14568370907902728,-0.05770814934789467,-0.06721933385540187,-0.0524253945664427,-0.045683703477919425,-0.08339977158719572,-0.0971135845302681,0.06556492982108492,0.015460177778148912,0.1536048245882777,0.04122577643823611,-0.025868297060678988,0.01270432104837699,-0.01932445611228338,-0.01254806244730953,-0.05657950092840648,0.046191801822038796,0.05678791054852222,0.08659462050907646,-0.04724098322517843,-0.053350262418039474,-0.009976830908948723,0.028262924591930097,0.07932606174118396,0.15761700639656193,-0.09408021277117999,-0.08502092637639325,0.010168816396471278,-0.11460356788308114,-0.041568698668548315,-0.12406777382467098,0.021539697796869088,0.03149701385874194,-0.09998228740518111,0.05986799195696824,-0.05986932374596508,0.03693325646223908,-0.08366232143600466,-0.025127037775078624,-0.11120707322051758,0.07013067008394175,-0.015279785190018146,-0.05958904393041932,0.06562547661276881,-0.014686831976390929,-0.010224983602463671,-0.05455698925493081,0.02388478863303295,-0.024816230913376112,-0.05364417686183824,0.14391471246045298,0.007340228575873194,0.030657445640953226,0.10610135003705459,0.04783361134740486,0.044783432278361894,-0.03941400155115646,-0.14185312152764776,0.012593500541822223,0.07559122149640261,0.054547586778487415,0.02282852330125643,-0.1057816144856768,0.041700022652028566,0.10417145757966902,0.06495258002352601,0.0032108360472909575,-0.1806351688474235,0.011986609203347345,-0.09363008810174409,-0.06932775560627465,0.043765802118738754,0.040940092189522,0.195404835067464,0.05812604546258494,-0.11900163351531982,0.12055419775356074,0.12163761329276236,0.07185440401087324,-0.0485150850549879,0.10041548191382908,0.10127593235534164,-0.03403816939628179,-0.04954352881297792,0.17828117589255715,0.06324423999735629,0.40469454253260273,0.045446635913993144,-0.12385702128139604
2026-04-22,0.006396331434505651,-0.07694807111236034,0.05910113232468031,-0.012243851760623278,-0.01672135727206346,-0.007089001646561106,0.047548883459417046,0.053469361709798165,0.1663442238083588,0.11917667017233963,-0.061073066127631,-0.07262997886715584,-0.06938235844923211,-0.04966303498581129,-0.08704481318092186,-0.09470590636232601,0.0605754766127082,0.01090569196848796,0.15782325885568366,0.03605167341671068,-0.009781688341642952,-0.001132264241004162,-0.03083110700560065,0.006270617180724683,-0.08265879092504959,0.04451073868994637,0.06115085491376892,0.11226244190068403,-0.04512387510440818,-0.05323656008142075,-0.00027741152617187514,0.03234500766871053,0.09777674282866954,0.19384068421331388,-0.08340278181474364,-0.11513528169713609,0.0414893012087723,-0.13563915408573451,-0.044766102540623305,-0.14564420575527043,0.011245801955133382,0.02772792161775222,-0.09732704115997126,0.06260691177663212,-0.08221561966785366,0.054455801960355904,-0.10084185638025378,-0.03493432780874378,-0.1373738708553669,0.06058748871504843,-0.029339354000641332,-0.07052654822084375,0.0741262978294317,-0.01861240313439813,0.005555310265739762,-0.07807252558188761,0.031059955771840425,-0.011931066507269649,-0.04439972581633208,0.17088171610749278,-0.004385440736648144,0.004318267314253839,0.1435797495544351,0.02119396013844429,0.01229101129699339,-0.06595794106086095,-0.15492359369486874,0.04033703274234334,0.07295554213507835,0.05021860040096806,0.04406963217368944,-0.12572363886034027,0.054652544766868226,0.11409915878803116,0.07419610558463043,0.009878670974054576,-0.17278897019847198,0.00397177559197875,-0.11845259973662821,-0.07383053250940255,0.02413300508043962,0.047473881568825295,0.23400776508310614,0.06238615041368374,-0.1295279088836553,0.13563289506335885,0.13803524322684968,0.09769883843825784,-0.056173924107731185,0.11242520128765378,0.10356513618405074,-0.031156754317178396,-0.05548787555083383,0.15490039971581596,0.06815805018306795,0.41115624885751256,0.02407934974944953,-0.07558633300687387
2026-04-23,-0.005150265018179907,-0.0556472382855983,0.03591397040637723,0.00044079237268548725,-0.011931305660864719,0.010531803903976306,0.045699161837075376,0.07003705842395655,0.1614480440749499,0.11184892968189133,-0.07416284598552979,-0.07740124886255434,-0.09697623165534165,-0.028676640994931196,-0.08944468816616383,-0.04783443168547353,0.059180203292253146,0.01327113530836988,0.23455669985137312,0.023361250532208444,-0.015610504769438522,0.012452676921169399,-0.05908071683926516,-0.05038754637352273,-0.08653887214353262,0.021711619952233745,0.03816484678333053,0.1257017686065077,-0.06849921447983079,-0.07910748124077702,0.017438409811686272,0.08009960107449271,0.09866534473187512,0.2441388419465069,0.03830424794891403,-0.16573426715005657,0.07486553112654182,-0.11482578344816828,-0.018343046799964714,-0.18465206825691105,0.0005930531588760109,0.03201731120654261,-0.10186893482716496,0.07663384193203879,-0.1122507756954458,0.04233747007308737,-0.11939343281455146,-0.11768738741867159,-0.2142888686135535,0.1362593278976123,-0.030325189990747008,-0.10482597764451475,0.1264063528728815,-0.015250994070910658,0.06733660779089749,-0.13078363048877645,0.00146476638810877,-0.03562622837138734,-0.10821001704510305,0.2294599656211348,-0.07402638675699552,0.0019644289092596544,0.22177328735839147,-0.02679974001833424,-0.08031008919731719,-0.2017488434872634,-0.2705431146598707,0.18557651545474654,0.0626272287896734,0.023389568516099916,0.1387832824512448,-0.2060818438965149,0.06666682083530312,0.23418737534052664,0.10650611095092272,0.041980430457497823,-0.1657631815647873,-0.03595740249215499,-0.1650496150278323,-0.13432397990184267,-0.058614558586162394,0.07575979837392255,0.3044765932132652,0.11510367312194374,-0.2374142266147395,0.15778396771938122,0.21920121065530304,0.2586415218502798,-0.10567553247132379,0.12169203137396148,0.03636030880006136,-0.032573376359485866,-0.05795531091619585,0.13825243307556517,0.1318418426752587,0.43162167534612567,0.02724963494061755,-0.058427338991154015
2026-04-24,0.012277579476420037,-0.019309498339158064,0.010995514846022028,-0.017972175211191245,-0.009027068827596319,0.015829144106226038,0.015537205112764008,0.016492546417111065,0.02336976471281248,0.02109006865605683,-0.035593133933727684,-0.0022583213341266246,-0.015458239171576448,0.015646570803421266,-0.006908238555459309,0.0038758239460774356,-0.00011892855142131564,0.002025672846706697,0.013409672015308655,0.003137112150505263,-0.008112095950062672,-0.005866223221438432,0.0005184236888152085,-0.0026115757775316984,-0.005117505077250947,-0.007028037341113567,0.011255308992110254,-0.003996011798084198,-0.0008050041834994099,0.004624265734767013,-0.018584858580476087,-0.010608642602615891,0.005336403699039019,0.022925218089368062,-0.011578284041699348,-0.0113283732413697,0.0019356752420501156,-0.0011367407383956665,-0.013208248778932187,-0.0104659422588627,0.006519936308321606,0.004024490090098451,-0.007887532682313248,0.009675386665941327,0.012299741905641929,0.004057441616654657,-0.030575473730774697,0.017274643236045002,0.0020436189266493845,0.014227337975127376,-0.003925450513532677,-0.02439878468138411,0.005272400327248882,-0.0050221600781661345,-0.003915781192338538,0.005293034952901283,0.009157224152461417,0.006584983356021255,-0.0017064147954142413,0.024709687527740835,0.020720314124770087,0.018312632919863348,0.00018550458906756162,0.012329082442888346,0.03459355667867247,0.0064034679503561336,-0.001175794840970362,-0.008238953714421767,0.020516847993657533,0.0551930841944151,0.0011157038446499169,0.009229328927129528,0.013356770965717739,0.0290174302107976,0.03212406278284506,0.023359238237603108,-0.0017228780759742188,0.05161972434463551,0.017198928979000085,0.009857659289453053,0.032862405706871656,0.029491860739213747,0.027064568692566272,0.02403396776490163,0.024139057050306466,0.06453044021136985,0.05346044895529537,0.04200532774964064,0.01910256851971518,0.051235124869529414,0.04046389996841066,0.03728822705920091,0.01625344808121188,0.07535730187366636,0.05319583669655913,0.0765133110289319,0.008205974434103994,-0.04609663363257287
2026-04-27,0.0032907228404779887,-0.004748251295138997,0.0211502392900233,0.004025077849449284,-0.03584165772777825,-0.0021917212930829856,0.040460537933097486,0.07462983931834954,0.22147014650950983,0.14280136868057672,-0.10072895130153701,-0.026878253464020417,-0.08290051289242326,-0.023850884726608505,-0.09749682011631132,-0.0037318440881309433,-0.022018141144441443,0.02560603915478634,0.2851532514380221,0.03584150721944515,-0.026903711475412394,0.0645842867816025,-0.019253981113938237,-0.07945477825607204,-0.13568037824809126,-0.032594616979176344,0.14637783372790103,0.042237556446290576,-0.10598371007332018,-0.11125731064915564,-0.011788929624677843,0.07682802874242327,0.06833112417503871,0.20011648324763512,0.10816586554967177,-0.10658809666438626,0.01277356040239718,0.035674184936958855,-0.04468079298362401,-0.12423514679097829,0.04287178103785645,-0.02730109053845796,-0.12679430332700906,0.10574476494664597,-0.02212408637759132,-0.07608874365676614,-0.06925048814240345,-0.20282514903951304,-0.3286098314105463,0.15512768982011216,-0.02133007409785341,-0.13439394034213792,0.2941337522126496,-0.02363066416519849,0.10261795909149114,-0.16491158217192764,-0.04954869918876273,0.017680094134523608,-0.16614867556269336,0.14859952964903406,-0.1051735785865981,0.011998834853671975,0.2814122024867904,-0.12729184179085345,-0.12088135734633297,-0.35876862072633264,-0.35806818565741033,0.2614941029330458,0.07441458058305042,0.015732785818225306,0.299042927442278,-0.34553995394367526,0.12899452681833254,0.2385693971526279,0.10837000440068349,0.036661134347395215,-0.10559959397268544,-0.054501118169826404,-0.13735510214687444,-0.1560430493363566,-0.004576475794850923,0.11736014118404385,0.23963294012110706,0.10031597588918967,-0.41096720323210106,0.1731908541686833,0.40953432891318986,0.38882413141376493,-0.09968950055287631,0.12600912180192708,0.03611732865238201,-0.0619389355178174,-0.14162943248387241,0.14962995233663734,0.15666980945233538,0.3688485023646471,0.001579009316624809,-0.0009060493989727393
2026-04-28,0.0157477757438125,-0.040877329283675934,0.037905505157935185,-0.009734304447920875,-0.024245690854697313,0.033788320856778284,0.0414880998080087,0.0496922365126546,0.17523672747863142,0.1124304378302775,-0.069998006854335,-0.06450994594271915,-0.0748449642062074,-0.057101465416401,-0.07571317267352766,-0.05891918152062635,0.005952585063161447,0.031040833543079405,0.24204312372401027,0.0408542615121745,-0.006928545128664228,0.04258270916746016,-0.01659763286340671,-0.026768326652736346,-0.0689847867931636,0.022269055244286264,0.08869005612027235,0.07303604489294217,-0.09757390331856468,-0.059095508513297354,0.0016046378706807765,0.03513082061248784,0.1251965299979065,0.18613067990915644,-0.08329999616255897,-0.09056740264539397,0.030108867694161955,-0.09713018115593108,-0.06560306726557326,-0.11847213599757948,0.037192920068243235,-0.04193039555442477,-0.14018093506868676,0.07997070416371305,-0.07323072341098624,-0.04130727131043218,-0.09749509713115424,-0.10328062128648009,-0.1575651170351379,0.07596783430030901,-0.06664083218774174,-0.06978298662474303,0.1614054557758834,-0.026666640840451686,0.014046455485592316,-0.08995107175539596,0.03803569599907082,0.026054110202226602,-0.07762265272926024,0.09262543173671955,0.005095696998590267,-0.009532134032256044,0.16721558155366553,0.011142751661857474,0.021473334473640054,-0.1414587415828816,-0.1388410011806536,0.0028339441042945163,0.07790554073722784,0.05378753830011878,0.05203365651702719,-0.14729714383655193,0.08329783166830401,0.11396300769993604,0.08001814488213281,0.006948937542972537,-0.1674649907018699,-0.0025678289837363748,-0.10146406831462919,-0.0660080441684921,0.1050274093968183,0.07112080523817263,0.16394378331953832,0.06392498137284093,-0.1621900809767116,0.12576727842753524,0.21731997656413682,0.20403426049929288,-0.06218677365303858,0.08889529341950207,0.10431131524150695,-0.0043031172994141085,-0.1326863874416675,0.16753675083159977,0.07717531240725786,0.3243668570685772,0.05449460066499546,-0.03124230225939987
2026-04-29,-0.003668027383047121,-0.0021994229172279025,0.014115090774946742,-0.011208167387787573,-0.04876234486699306,-0.023728797302603077,0.053181447397635424,0.08448863257009033,0.22490657618826237,0.19517255696345925,-0.09669969428654944,-0.010865834307204983,-0.07353718815132591,-0.045999815575407825,-0.086629501043067,-0.04965551002398557,0.033010203394748146,-0.0018702882072907344,0.28425746972519617,0.012389703535841921,-0.04889463033579499,0.07044729655008913,0.012501870435242996,-0.07037265267413106,-0.11520375560795222,-0.01712495505304988,0.14766244821874228,0.03793431845631255,-0.01151125702685562,-0.09145108612517999,0.004848397969109783,0.07151481151696869,0.06505180247232087,0.18838461761352407,0.07598078645394306,-0.06410818624761638,-0.02135025092330664,0.061585000318988926,-0.08673181304851346,-0.0737497597667034,0.06066385468288821,-0.07580823996363549,-0.15603701390826866,0.08045140530244622,5.0052158635762595e-05,-0.14367904578395355,-0.07279113231874415,-0.21009595911114876,-0.32364027172577825,0.12045734649397645,-0.03541931559003513,-0.13527404305607454,0.2958594908250923,-0.02147510608545381,0.018275629481882164,-0.09434607112039584,-0.04827138227638795,0.07193441925724275,-0.14800148443468253,0.1303004361701097,-0.0733518646572041,0.004006161731924387,0.29176351734964123,-0.1245988651002874,-0.04957053954435642,-0.35104517794044315,-0.31492714879705264,0.12005440662210809,0.09094330344799356,0.022780530662290882,0.25042434934328683,-0.34233174987317416,0.1339686191138187,0.17479238585602738,0.15870965000311568,0.034421353726119285,-0.12124670464423952,-0.08082260513454465,-0.0956314223410791,-0.1185484261533309,-0.008051849114274175,0.08303871199718546,0.3700818334802531,0.05406377858373483,-0.4655975703176003,0.13900655348470664,0.43155191961006817,0.3271768188946994,-0.04837254700059854,0.20425048840126608,0.009754958632568948,-0.061884007250466166,-0.14517193988397578,0.15896259173823143,0.1136330925569553,0.32995470021215073,-0.001427717920689844,0.00397674893362727
2026-04-30,-0.022124280022005907,-0.04183195206380516,-0.015277720467450339,-0.017295802706374097,-0.08081813634239626,-0.012799688805230589,0.09158342204721595,0.06119941621903247,0.23718193665972215,0.2583223126214993,-0.08808129695736111,-0.04186041013495965,-0.03628597722703789,-0.0565597551863123,-0.07627119582589069,-0.04775256717241958,-0.01783620850772298,-0.08354939581439144,0.3058575960480975,0.003470568986425885,-0.10278958380072016,0.07846638293229137,0.02368003858318341,-0.016782068446545235,-0.08854261695534661,-0.0356425862016826,0.13067659699669518,-0.009748944199964452,0.024110024269743662,-0.07013038312993922,-0.0320108705572842,0.0473417192957206,0.1261869273371145,0.2046827236163661,0.09926940119048225,-0.02974653010031547,-0.09816953573875398,0.07441111254659181,-0.0009264951138771814,-0.09921171804457221,0.05487561908908294,-0.056433489627993924,-0.07410497905063965,0.09876120345784788,0.0336602117785783,-0.09023644394277411,-0.06608321120631605,-0.2662346147562524,-0.31170106670223646,0.14044602209394408,0.013266261522795357,-0.20228553156633375,0.29120564402389015,0.07906014770590185,-0.03458032697201373,-0.07373824922660983,-0.05555071226887409,0.06028070820179101,-0.1321829131865675,0.15457348163104073,-0.07574504655611171,-0.04087082275970011,0.25027969858835625,-0.06269758239230207,-0.078925147781552,-0.29021516868172026,-0.3113100501610984,0.08454170136317093,0.03761259860304919,-0.0019857816575778262,0.2524463170671876,-0.4587848972217789,0.16680140897466086,0.11700073485691864,0.20651918472187475,0.030635666058910903,-0.16597021251267596,-0.14124345930379958,-0.09039236773392267,-0.09341624551147433,0.03356377570478013,0.06552196709244455,0.41823757667783956,0.06972193706629197,-0.6220712739964904,0.18097599893056324,0.5086468954383826,0.3226867409819449,-0.019572408882465975,0.3196342294675418,-0.056417199458333664,-0.1438279263152597,-0.03800414307083192,0.1344786358368834,0.16850115290091597,0.26278741776030773,-0.05815322114882289,0.011617096227809558
2026-05-01,-0.00230668121593643,-0.049361382635810164,-0.016715899299018018,-0.018976291102549545,-0.08833157150441266,-0.009338383357988993,0.10920189263249104,0.06446540306818267,0.2521812674361909,0.24107608218222676,-0.08596291282131373,-0.05110402188458571,-0.03604732140537203,-0.05914810442051707,-0.0933962150813977,-0.029646225625027126,-0.048474194342588234,-0.089796839330378,0.33398898182418035,0.0032476703947156666,-0.10374480550865628,0.09163919221108728,0.027361044225906905,0.019574865324483277,-0.07963409376070361,-0.028482813917751926,0.1429205327590536,-0.010769664155471223,0.021201261341287587,-0.07291275751762351,-0.026618865115066004,0.05829598832430163,0.12713538810247943,0.208987258671579,0.10439651422618101,-0.035160027320516596,-0.09567109662776617,0.06944028366800943,0.0057011131066799295,-0.11207435031170711,0.04927684539784885,-0.079051283370707,-0.07299337612811024,0.04825872972728546,0.02106199426764865,-0.1001040255306012,-0.06816388977866213,-0.25448441255271864,-0.3636182279791051,0.15033746390767735,0.007278236246690656,-0.20608015429301269,0.23752922802140264,0.07517909728489099,-0.004609481132402114,-0.0739157086805255,-0.059322770189409055,0.0663468561228725,-0.06793050391816131,0.1421631346613056,-0.09322163073429605,-0.06820187051004228,0.25261868192370535,-0.04127111583747776,-0.07296402537970663,-0.2887083946282954,-0.3082922812776991,0.08099573077059738,0.026896666514415683,-0.01889153937951127,0.2356280942011562,-0.44598073456761295,0.1890165939921924,0.12143831686613503,0.21796604333206326,-0.008973511109390849,-0.1562148986586681,-0.14735193400126245,-0.07811330698631672,-0.08480755124170423,0.063123242099156,0.06993848128964589,0.4351713897003564,0.046296441138699525,-0.6305272210967504,0.1709074463015535,0.5195827375741774,0.34827995985952387,-0.026351885883063288,0.35357662691337,-0.0924437062460233,-0.1471982260831084,-0.04465184315118144,0.16299674356757254,0.1916758715734303,0.22478407127392683,-0.0629307320309849,0.021905296590331885
2026-05-04,0.008541653020251587,-0.07184442129312957,0.0015017710664823325,-0.02508924206251805,-0.09806482181082303,-0.008477190818755273,0.10895324034845064,0.07110872490610817,0.25952179498230943,0.24920319539656086,-0.07412084342139823,-0.03933049066918525,-0.05161041206547559,-0.056816526845631404,-0.10601664192029327,-0.03166677729935358,-0.04576431770534385,-0.08247979612701076,0.25128720017047806,0.04803166511024104,-0.08611917197070836,0.10390049771101052,0.08241695600351247,0.1031677303368969,-0.12139502326492783,0.026278580919519276,0.13306719737823122,0.05317513581135775,-0.01108631555452388,-0.06875404681690432,-0.03111934073944994,0.08303961741602385,0.16211458733220488,0.22644348553590118,0.025841860943683445,-0.10843292419619424,-0.11892415343990641,0.050491758342765584,0.05249550070907046,-0.17027237462020756,0.000713783811346215,-0.13893763907953618,-0.11801257511982412,-0.05498852395021907,0.000514724481081039,-0.03433200862827221,-0.05991738473740278,-0.19748154689283715,-0.3983637369867137,0.13014806576177884,0.04710469965552965,-0.15470156984264363,0.17014449254555208,0.1376580479937062,0.004794499259328029,-0.09986033258774948,0.014432311280065611,0.048398830402501876,0.08681781984505406,0.0842456887596619,-0.11893312841922811,-0.080185632801379,0.1741704881886676,-0.11546572003589851,-0.03291702659636605,-0.2718154023882364,-0.24734824502008051,0.078467510189901,0.029212317496153405,-0.053395057093316656,0.2137619675574603,-0.43305128070298043,0.17220668641475745,0.11774187428337765,0.20865794552672742,-0.12638026748032732,-0.18288733918305336,-0.20890638807519774,-0.0510494570677152,-0.011347902513563409,0.15489354644321632,0.05869280571540625,0.483301757072319,-0.026688572343679273,-0.5820175255668123,0.17314406522860967,0.5274836038422126,0.38541061053232084,-0.07364108961008764,0.3624149174697244,-0.18962411833732454,0.010623071022779252,-0.05284743322436965,0.21993625479456325,0.1645581281094767,0.1968874352922559,-0.06274227016548745,0.0281039046754481
2026-05-05,0.009230542254393773,-0.050184496027538814,0.0011796756946901507,-0.026199280871804315,-0.10449763628642991,-0.013846518544700625,0.11723506065619119,0.06495995074302259,0.26370331110033535,0.24756709520074377,-0.07620533396196778,-0.042140590079001554,-0.052192210068723245,-0.0595653769072195,-0.1195114095925325,-0.03937185601329405,-0.0407177982089003,-0.08610904300675146,0.2481106714089536,0.045176596330405994,-0.08814738943547333,0.09736655267343224,0.08863562415730306,0.11546822958957227,-0.12330187909278455,0.02446768341236888,0.1558761444476391,0.04397587524717966,-0.0063742147303619875,-0.07584913941635667,-0.04226486911290507,0.07955784463196183,0.1660514552599721,0.22621972016472558,0.04818294574292124,-0.10570263222722935,-0.11068354414058558,0.056528704371010416,0.03919191059594744,-0.16855914516455708,0.007999820214947164,-0.14154765608984535,-0.1043182401449244,-0.06078061541531189,0.012248836059787688,-0.047981823501709875,-0.059763579839097095,-0.1973306260360181,-0.4058606978217647,0.1369608690219746,0.053030012740695534,-0.16993769500415068,0.13350240191136478,0.12273979312045018,0.002976235371217868,-0.09309047847025659,0.015209756447624312,0.028264203267821912,0.08790913389720661,0.08831661884730108,-0.12571967397291248,-0.08495225703178398,0.18601085019266847,-0.11821147693956043,-0.01754516244839388,-0.26249049260648327,-0.2340068469131375,0.08995959698413317,0.031207006805237858,-0.05841433843214115,0.21913266708601134,-0.4178906525509007,0.1907707334518023,0.13467334456726476,0.20726383895909184,-0.13989090000438661,-0.16450046019824538,-0.18516708534721177,-0.05418178109246313,-0.021118183907085468,0.13622791237470674,0.05480474575184896,0.4785156571428575,-0.020114784047896454,-0.626014255352486,0.16678634208345475,0.5416543396006224,0.37355069078866016,-0.07265618509226539,0.3850937915737351,-0.19292800796482956,0.0024458523361282746,-0.06320262686397676,0.21814417316806786,0.15475715621467967,0.19986273247883957,-0.0643127250449115,0.03664896488029562
2026-05-06,0.04114908350072369,-0.10207984962748944,0.009451230619858367,-0.015880523627349534,-0.061209988516061103,0.02598994435428706,0.0812321539174701,0.08336566193229172,0.22328247868454845,0.15962618871084164,-0.05208972993400963,-0.08730176277119878,-0.05038213106738727,-0.06606099992646508,-0.12182997505964129,-0.02733678084139344,-0.04628566820212421,-0.05467016371418701,0.27493586357142075,0.05507471590259195,-0.050481572252648606,0.1156123355445845,-0.01545370507766399,0.0934848029597343,-0.0696940847711973,0.040866358007337636,0.14632136816733418,0.06542955373904535,-0.044422419141260674,-0.04880178069009964,0.008604736066733643,0.04893440164221294,0.13743428296015903,0.14521574459863876,-0.04700947311597968,-0.09461519156746134,-0.09752694756271453,-0.12576938440818478,-0.015317678671679007,-0.17278900557508034,-0.03894396308847121,-0.07308067094712613,-0.07696121276099463,0.0852617785862864,-0.027519852515894443,-0.05011484814232606,-0.05946306784831873,-0.1358525031944074,-0.2643777830321167,0.15520179757561928,-0.03357263778832725,-0.153235633305787,0.15090724972886654,0.061940379242585275,-0.025200531643525773,-0.1114641059251142,0.04893646166126763,0.0749125333509408,0.0554113824543514,0.11409821002358611,-0.07021042328804647,-0.10162598145771787,0.16627489529725056,-0.000329509449313814,-0.03283633406797899,-0.21435429411055035,-0.2160187264464332,0.027398875261639186,0.017108926310737342,-0.020283529079361047,0.09530750361301323,-0.21325202414644628,0.1465579007608416,0.1180860445826445,0.20499739820844753,-0.03528314253534095,-0.1607126790862032,-0.09391403862709993,-0.08719474104654555,0.0031766040827589503,0.14267545699924652,0.13145631541636668,0.24180617055834186,-0.025353142384689685,-0.3066329990636979,0.1661227967954705,0.2800520332424461,0.33063865954161126,-0.06604394354011531,0.17654481420945922,-0.020981354630658325,-0.02600538291290712,-0.09505691941438571,0.18415042453709468,0.10602854980674978,0.2963611207094709,-0.001668390222499259,-0.03287200561323059
2026-05-07,0.07622960166034241,-0.09142919382633624,-0.014966450348235487,0.003636294533273357,-0.06978503949670482,-0.042186754724606965,0.10489380130579626,0.10173930077078897,0.25253185416802515,0.180828124370362,-0.05914536816673914,-0.09082781128073046,-0.06293558317389938,-0.05371709375395413,-0.15544334651043715,-0.002531675559056144,-0.09665137242070354,-0.033665166128485156,0.3085815226439921,0.07491974593445928,-0.052708993461414666,0.11148968985166027,-0.0014935344566963122,0.11303602958197508,-0.04954329866874537,0.009930587128883457,0.25530666234759125,0.01982232462276711,-0.08832388872767076,-0.103979674434209,0.006742059236006306,0.08426088795287912,0.12143764853916388,0.10563481624241781,0.05473862145030305,-0.008984267281352409,-0.12700420936167955,-0.0827639407318008,-0.04722802767051808,-0.18991368713730922,-0.020209793672824224,-0.032889410577595264,-0.09760684359277177,-0.0540013413897967,-0.03170885233876909,-0.06981072301403729,-0.0277533808432918,-0.16006073791254583,-0.31601443501778903,0.18728082549860758,-0.014257332346071796,-0.2328538706328247,0.11906482118027954,0.034543637465820336,-0.015113246132422197,-0.16254461824939465,0.09178659794289575,0.09853040379058933,0.11099223638967466,0.15483898147561226,-0.11095281422952301,-0.13381427252755865,0.24199573820019737,-0.005432071360271152,-0.044894207889776834,-0.3094886065323114,-0.2729208487499479,0.007545449916081467,0.015423469882938655,-0.030153823218309672,0.1474957416798063,-0.2552755574241636,0.23147725973409303,0.087631863450358,0.2811417640130247,-0.025128960141156745,-0.1283919525175902,-0.0839237108706851,-0.0731685983469234,-0.04404855674068301,0.16624177055153297,0.12120729352364602,0.35304610647469414,-0.0034042318231167577,-0.4978474425745397,0.1948577210900095,0.3688033854213319,0.39963261710107745,-0.041851828496011094,0.2076393312230932,-0.06228405008389014,-0.07590296874948133,-0.1399677051447532,0.15145440587613704,0.13905027835745212,0.24459298397232587,-0.0247322620261751,-0.018396824063678728
2026-05-08,0.00930661489287981,-0.017672772351324972,0.00553480084524242,-0.009433350673504695,-0.007340667253962553,0.009419779980185766,0.01048797528978457,0.014955998136072703,0.015481160828133021,0.0167059594836032,-0.026218170055392037,0.0009844945481616366,-0.015160595484848495,0.018660161105923622,-8.533352631323078e-05,0.003695942479290856,0.002660781718498712,0.004879542429178031,0.010471603351628526,0.005638031113822073,-0.005021392413383539,-0.004067821724993242,0.004422222036414163,0.0017492095522154156,-0.0016994590652893733,-0.0014635738671530223,0.011429353639047905,-0.002789629522391604,0.0060177581050841825,0.011376248346672245,-0.008581954450049787,-0.002747037937014309,0.007942337014387563,0.015360520398605403,-0.0024259790125270055,-0.002919065607102327,0.00725106720561702,0.006261157283156185,-0.0004006683800718471,-2.4360037586598077e-05,0.0044499282381822635,0.004495136357291021,0.0035117483493186594,0.010618393814464763,0.014960436292517778,0.0075421683366220914,-0.019760167128261667,0.017336318225553177,0.005217249567824477,0.01581240295104426,0.0038845109593413146,-0.01175108636680782,0.006782895831676103,0.003865660739422251,0.0018255131708065416,0.007526497028594022,0.01162314101129998,0.011321465694989723,0.006453837164902796,0.020611123079341404,0.01967572949147107,0.015880161696574503,0.003096535390177584,0.010166283598141077,0.02707865305617308,0.008839172604464547,0.006518949209327666,0.0007586916552547226,0.018822306286747467,0.04139269100974969,0.004017532118773979,0.010212364807796213,0.012999570627216689,0.023521915651773206,0.026539645485415368,0.020948270426714193,0.00763857223206085,0.041027899719519416,0.014966099179106629,0.013643199615876737,0.026956188065671342,0.02321595767489513,0.022070465011381026,0.020049202786666706,0.024049553169909622,0.0485076925161312,0.04043942616706302,0.0318456136411374,0.018702075289515147,0.03666695471013446,0.02666697696680357,0.0330661165369458,0.016304974625016393,0.05138319172620782,0.04036946759910236,0.05374404782676618,0.006845843200046551,-0.06759605311454811
2026-05-11,0.12127313159713499,-0.054791991562408784,-0.013810716252262102,0.006628297642364078,-0.0738754784778659,-0.032971466180323795,0.09408927944832107,0.13081861455595284,0.2619699361776531,0.12885756051752575,-0.07965497970439414,-0.07654888989717781,-0.07621243839206736,-0.05550235798989735,-0.1663669001216217,-0.040661678482350354,-0.1782747835089929,-0.04997947354104472,0.39280927461621246,0.04885926097137629,0.0069652014992127005,0.11040097513234252,0.03110155215935828,0.09413625928941517,-0.10182316900113175,0.0029925357203422695,0.4056468736004748,-0.0022895898501183835,-0.09673487987245469,-0.1357447411538041,0.028716132746437542,0.12193008511593591,0.100660763309321,0.0556126858359325,0.12385804793117919,-0.04847291176462053,-0.08925668707875567,-0.024350515142333606,-0.10100128694945469,-0.10240915513612547,-0.05928654139818165,-0.10015614370874339,-0.06046680376128123,-0.07780319126964713,-0.061837120301274764,-0.11942265050421712,-0.04559516700562898,-0.14767374291492463,-0.3595344817324159,0.16140486675363921,0.016995442292411872,-0.20641843320704453,0.014815113677758843,-0.08228077727882792,0.07202007296741296,-0.11790479041340528,0.0921588244552334,0.09394805098844904,0.14982142664035739,0.1733608205399679,-0.13181794360860027,-0.1400130920961314,0.28894643384592117,-0.030494392264445266,0.013572712259229862,-0.25392500480761104,-0.24562579133579027,0.06626776921659772,0.011277774227274304,-0.02886910537728178,0.13707027116658674,-0.22739976173634258,0.23335088944202861,0.14605683929626093,0.29214050116428936,-0.05571092196073099,-0.14139650310014507,-0.057352508144540154,-0.08198883412832787,-0.09084188670965779,0.12258569874384279,0.16918934395015456,0.29959077279970103,-0.007264852817720565,-0.5059449210639666,0.19552739403126704,0.3060596448042772,0.33845694726212905,-0.08951674602189165,0.20131502973605847,-0.004128581661781207,-0.07864886827044418,-0.18867799311526656,0.2240260056201996,0.10267481564945392,0.272869655327973,-0.08005361633169712,0.015955673382202315
2026-05-12,0.18919165860906803,0.008803502867537923,-0.007706258647977296,0.03851319250016595,-0.09001395799462193,-0.09929081907375292,0.10789406419076718,0.13825851421595597,0.25295481119030305,0.10287627683385617,-0.06329731562057611,-0.10279458142052757,-0.10970274520309126,-0.051158934546860324,-0.17985225119816578,0.055928672150406804,-0.20095446011993318,-0.08432070701999156,0.4247943810251101,0.04812616826380635,0.052419969232978515,0.0694006246649972,0.09508698468558692,0.014653458705121913,-0.11866404417643596,0.028746281778256902,0.5188651566563866,0.013467849070683052,-0.17875213660699243,-0.1625851003117337,0.039589453396122465,0.1500126590976333,0.08709010975842282,0.12135436652385709,0.09436165178691622,-0.03067475775874389,0.00223667943577782,-0.036232661793508016,-0.2600424639459615,-0.09021735293015024,-0.0574687382807372,-0.18348232290901223,-0.05142662346341859,-0.09805813875228153,-0.07089277433697172,-0.27050929772458293,-0.01991440419419334,-0.0696086667125518,-0.46122564833968094,0.206031367930764,0.024972458953950435,-0.21104552290070105,-0.13129063980379002,-0.1128800882136475,0.1310528988205656,-0.09812257781630424,0.1707243849682215,0.12787886374542745,0.2334983673733359,0.01112745738093679,-0.1960509488121702,-0.13088260804245858,0.33145395733412003,0.006438730046235958,0.11758957217773473,-0.33050185054810144,-0.2177864179071008,0.009128335336371059,0.18199233215291077,-0.07198884214619652,0.0196350912406864,-0.24061854157025742,0.36299356663256643,0.11686413367995006,0.28308815011528615,-0.08147518852342533,-0.08887228318267047,-0.02186109243586512,-0.04154313437336613,-0.1450885670690072,0.21576457826305837,0.1219463000939053,0.40966827943305745,-0.07257988018594394,-0.5712686689536552,0.1405299416372831,0.5619759798345293,0.28340193000806396,-0.1345525506649419,0.18507694526477853,-0.01318898434542728,0.01642457301266912,-0.3850226309137548,0.17808282761610386,0.09831446692562235,0.2031440149877326,-0.05717179740524382,0.09921398729089802
2026-05-13,0.012611779984235063,-0.02048878773884369,0.005538217629592676,-0.012589218310853254,-0.008239383919323872,0.01182384340950256,0.015261934377344667,0.018203834375721255,0.01911912138508081,0.01929519106941794,-0.03347919774520519,0.0024603731672469716,-0.020100749318933554,0.01992700356162414,0.0003010074891246547,0.0005434209457213634,0.0031000232595248334,0.0034113733324501174,0.011204738097942216,0.007751524613042803,-0.00749746335839927,-0.0037963825584894882,0.0043339036493103035,0.000808807857471918,-0.004686345168895012,-0.004220617028949443,0.012302669408544221,-0.007321343186525041,0.003960619309817534,0.010634385659525878,-0.010805951616852832,-0.0027675198355879317,0.008954425271539708,0.016096864192788947,-0.005192662608653548,-0.007945829311016684,0.004000060987763144,0.0032548613657778225,-0.003984267451419957,-0.005965211030954794,0.003253843064671356,0.005001867325827839,0.00152549928377879,0.0106730695055124,0.015022040050014247,0.006713070683640587,-0.025876300049210266,0.017879947008943138,0.003611251931090532,0.013589776867117254,0.0015029054198470396,-0.01856389234626049,0.0060071629334861945,0.001312315999788833,0.001969053156321279,0.006936600814882941,0.011186691942075803,0.010494440453471133,0.00437000593479122,0.02168801322537145,0.02271663877772271,0.013837322969877091,0.0011179738788472306,0.010350679316229322,0.03097672361119392,0.009196140760792094,0.0027567603592962347,-0.0023923256467689048,0.01855374052069452,0.04982424161859955,0.005230742346938694,0.010434468082694619,0.013412374651167024,0.026747928619376617,0.029432175964475393,0.02303531551125286,0.0032092687145128104,0.045878144838811086,0.013323571518830589,0.012008546175941708,0.029128851073289393,0.024592458492002152,0.023682623184801237,0.01955033586686176,0.025335007159991242,0.05604576531345498,0.04541193113593686,0.035412365358045386,0.017084237717588865,0.043598867885916714,0.030811491076647143,0.03811701262793656,0.017280883690861542,0.05925958860330008,0.047262246460259914,0.06299465506669928,0.005036052974324798,-0.07437122369477239
2026-05-14,0.043314911573904206,-0.05704954335921558,0.0721216504709917,0.032287480520938196,-0.06631515012650338,-0.017135752384238825,0.06313828338652916,0.06001974366215099,0.23044392172623446,0.21706940727431193,-0.06402322830267797,-0.10449438226275935,-0.06732505495422264,-0.03449395819529636,-0.2111376393212777,-0.07149094862252822,-0.12702605875599443,-0.04558823199871598,0.5035129991146013,-0.029466680184327007,0.026275986089379248,-0.024957662135293684,0.03531071027415894,-0.056366584873866366,-0.0729580750669761,0.01115599870633934,0.3352594284491457,0.029247973997556062,-0.15615299202621732,-0.1116245915060588,-0.024394060819180392,0.14995603917046885,0.0874168297053396,0.17233143258481284,0.1408433082751856,-0.11022144428244596,0.08110280192968147,-0.008725607878076613,-0.25972663203751023,-0.09343487182745112,0.0360169532427162,-0.0855184245271669,-0.049018795766096225,0.04072364803382549,-0.2362106139815928,-0.07474206366990328,-0.08813564869760686,-0.059953937093128254,-0.3304502932115749,0.16994081647055448,-0.015998817524990147,-0.07937622840077876,0.06338185336081058,-0.1490997723317742,0.08224705766008886,-0.07678037527749912,0.016361885909326895,0.04519639559129395,0.11923507799031349,0.03836843859975829,-0.06185879988452207,-0.02310418591792586,0.19658310218093206,-0.06149132442953467,0.037116405359754134,-0.3046842513868329,-0.14171272670681145,0.031053243231933272,0.14461470986660963,-0.04905675169141104,0.08308946407923032,-0.19823362439218392,0.38507178057309294,0.03666536843112609,0.12789449900649721,0.09020159973466944,-0.20132519215933636,-0.06301644279955242,-0.1642049854867826,-0.10688172087930958,0.34368674992791604,0.04670112146709693,0.2243179399171533,0.020024018041680726,-0.3524169722843827,0.05690642658999746,0.44285786373456965,0.3151517593940889,-0.1388405251811907,0.007224434150005623,-0.06763835979186689,-0.06715793543927623,-0.14082727340269546,0.22556612466569312,0.11845897201386624,0.36164973403748807,0.017554549984207798,-0.012825706921466526
2026-05-15,0.049440572886810856,-0.09096474896712357,0.03619513760077476,0.012321428839830739,-0.04696420522979766,0.01610317214367509,0.031041855720702373,0.05332998051821416,0.17858181541065093,0.19574526521341304,-0.061248937031770784,-0.09065538646030255,-0.05915200877793922,-0.016650777662558403,-0.14197136080358438,-0.07185718052905454,-0.07457793316937848,0.03326124183415482,0.3191037867652886,0.012514028065328229,0.047317833307172444,0.005592246276408135,0.021830362332043805,-0.05097264559579041,-0.08654397398809291,0.02470826906217086,0.19115200543504687,0.052835626369496014,-0.14213584454038358,-0.0928171892409506,-0.012535226049617083,0.09225054708016389,0.0804044725726182,0.15140402056727387,0.07989548152231468,-0.0734826459231962,0.03648956014668282,-0.0034406017224742815,-0.16729200870083918,-0.059246166192887584,-0.019661468574346627,-0.016640474174695052,-0.04362051775803627,0.04862039902178763,-0.1630590510858174,-0.05303680691884875,-0.11205367781663916,-0.08447209704676485,-0.20196253914865772,0.10895030660132843,-0.04425770378962803,-0.05722579246712972,0.09816165869044868,-0.12402844382168145,0.02276802452665759,-0.0448947363545262,-0.0032456714258248375,0.025924744708271406,0.0643325972378379,0.07593197885438221,-0.005516409590249681,-0.01350499724915139,0.13156109156423368,0.015023006841273365,-0.00606672450423317,-0.22021699117456367,-0.1140452936991424,-0.02996508729906589,0.11633786700581183,0.024570026897034736,0.021240125141799758,-0.1269301786842385,0.184179553194491,0.08695866701319818,0.13605000146179624,0.04938759741221743,-0.16165353838589597,-0.08600247823622052,-0.16084425998632856,-0.06979085878294425,0.19119096927161758,0.08192801449789774,0.1804743620618103,0.059451469188591385,-0.19509437898666648,0.0790916824758261,0.21672611221910484,0.25513571156987036,-0.10393771658894878,0.05585496935511039,0.020307691800930214,-0.07337061413482286,-0.12467980115859544,0.251198514651757,0.11762662802984711,0.3698659626320694,0.041680668574589005,-0.049761962742421464
2026-05-18,0.008647561274583326,-0.016610996510784667,0.0035107701415691313,-0.008831399261512702,-0.00676857801669928,0.008915336495043995,0.010499540124017931,0.014108056231339145,0.014439598165707043,0.01713770024233951,-0.027728460917305006,0.0013455888013217399,-0.015362129927722264,0.022198502613271748,0.0007925330577596493,0.004008004157230136,0.0034656415472204567,0.004998378050619855,0.010530751681822166,0.008046382502531098,-0.0041306769594570796,-0.0016175222259057973,0.005701208325599734,0.0007781521376731132,-0.0018075936308286876,-0.002265138853748983,0.010837083253029168,-0.004980045509731114,0.00664431606312634,0.01191679417717025,-0.007335511486439026,-0.0012721074946637542,0.009305170987529948,0.015459345844208501,-0.002729898354225213,-0.0046272854962274915,0.005257493693549041,0.006034137466662295,-0.00011089850291283974,0.00013754301717241492,0.003344273306676286,0.00589478127813892,0.00460568038746692,0.010336045709015043,0.015160740954794453,0.006811161610928788,-0.02003147971347844,0.016983850203154405,0.0044235647077762695,0.013605561458762357,0.004602462628007851,-0.014585981294018701,0.006497017619045052,0.002271227701124168,0.0033187848969129857,0.007863178191270796,0.012474105022827718,0.011350298378539835,0.006043507674601719,0.020378432163725216,0.02114922524985697,0.014173523640843951,0.003313247751579506,0.009933637590380965,0.027996202636013656,0.009992758017672668,0.005819542166221241,-6.627035454426222e-05,0.017626141267392002,0.04476510327513996,0.006274695570220896,0.01156445381643296,0.013021272677048584,0.023705404469156963,0.027549142189810784,0.02088614028030797,0.008670859611717633,0.04108804036224007,0.013086499589932703,0.01342321403704592,0.02651532933521686,0.02305099144111081,0.021914935230934754,0.017673809376628154,0.02375746683287777,0.04867496397327279,0.03956361419062115,0.03215850616887418,0.016909523856504644,0.03638665594478362,0.02737812523032407,0.033049572185076176,0.01597022197555332,0.05193858986159147,0.04182809577903722,0.0536344504543497,0.006094768380686788,-0.07035701385112011
2026-05-19,0.05870440960626106,-0.08289148886889365,0.01963204653697282,-0.022587758048826623,-0.03332452003438385,0.02876039340749851,0.031404843322667984,0.0618026450512456,0.16482806613240372,0.14527467020508278,-0.06072256306640868,-0.061739182390510086,-0.05666136146981472,-0.006373293284545984,-0.10225756147567935,-0.06325484770020598,-0.027644708585874443,0.02967020577437062,0.20580234731685232,0.014594326565347619,0.04584376929607092,0.0107413188290478,0.008895097494731535,-0.02559453333764107,-0.08077506967750266,0.024639896894631093,0.1312101709936922,0.048969547046625955,-0.12168675996711738,-0.07018878499631838,-0.014681013980874002,0.056064031242955295,0.0688752987126643,0.14077099761312087,0.020049858996329707,-0.05090912060810851,0.03871766001275001,-0.0362038130787981,-0.11567168503505508,-0.05730892735398002,-0.03492220492508163,-0.013496351585882383,-0.03518767312474454,0.03755174976886801,-0.09201448286851774,-0.013656842747962515,-0.11129371409782966,-0.08160293306953267,-0.11573039895687369,0.08411753836426207,-0.05205306196897843,-0.053701636152370086,0.06557541314049908,-0.07782979155968205,0.005095696405005017,-0.03249722505904773,0.015282566661630869,-0.0016513400005713288,0.039433994890688474,0.06924216387762272,0.019627538513648193,-0.018711739716190827,0.09327298045112221,0.018131340820404615,0.018765448050915526,-0.14914190595950755,-0.10288642777265765,-0.046862217782387965,0.10570713232206658,0.05768381719576398,-0.013874174344219439,-0.09197697074134296,0.10733067656850967,0.11650758108123836,0.10661115357755398,0.016339450915857943,-0.13051785600053928,-0.04868206217206207,-0.1358669544102461,-0.035177776571512054,0.1171873336962428,0.08668014357353794,0.13251923688134198,0.06996851186056217,-0.12567034119584997,0.09037173563390791,0.13877533556999558,0.16739089665776777,-0.08550637132254726,0.09678633447057322,0.06044183840459441,-0.03328316865706053,-0.10341873932996486,0.23424958877605986,0.10719108244046882,0.31095691891333005,0.02816366614955826,-0.0445191116312193
2026-05-20,0.017449443804269795,-0.0211466806385045,0.007067073182765648,-0.014388133012361847,-0.0068885840652887585,0.013945568342798387,0.014442213567893082,0.02135495228298465,0.023751746794010445,0.025617142276298847,-0.03916838605957072,0.0010972708067527384,-0.022096384274151976,0.029745049031172983,-0.0018775656153871365,0.001681294156958446,0.001839564969990725,0.0030706802897669666,0.010105907317139083,0.008246219333304994,-0.006191343780396258,-0.0050888703072811455,0.00709523155174322,0.002150617579929185,-0.008581423629624262,-0.005985711627154151,0.012277901801563294,-0.0104895302829399,0.00037242316958431207,0.009145614127453114,-0.017304392889280408,-0.004555501061748034,0.008091754514242168,0.02079373482937018,-0.00840848576149317,-0.014783394032646965,0.002093804012350922,-0.0016202660286654888,-0.009665059111573336,-0.009813715435122548,-0.0005145108668707862,0.0033998056807853835,0.0015758029214210083,0.008542838303787785,0.013664893285156725,0.0029574842320847627,-0.035651857834993354,0.014704758143123765,0.0007564399154509557,0.01353682275002431,0.0019217448470796785,-0.02298620869910576,0.004860937586473307,-0.002945252164552296,-0.0008996753152328129,0.0047775052395588775,0.012290131507863674,0.008447923607073868,0.00019008465343840417,0.022230039704688044,0.026148342977203046,0.013140643466091681,0.0008420004720869206,0.009141611121037459,0.035304416587060336,0.006474935797384847,-0.003198931698018633,-0.010490905923886752,0.018738752003305416,0.05835704702170285,0.004111677449637149,0.010456441704995352,0.013987366052183349,0.031243728786121555,0.0334089512223815,0.023996549822162722,-0.00045434681324956275,0.049907700096833756,0.006299702751090219,0.010391516797015025,0.03305462079440129,0.02827698342321884,0.026739132981782862,0.020190346932921335,0.024389260080562296,0.06359295614974043,0.04995070903907593,0.03975698435149101,0.012864395273858124,0.05035947194560839,0.03737835014949702,0.04018353587471547,0.01629517115963414,0.0707547019112877,0.056968699798714294,0.07345128166527913,0.0049906553341226125,-0.07124594418545736
2026-05-21,0.011764505405919392,-0.014288156443074207,0.0056897932386675955,-0.007617417048813182,-0.005807659473598242,0.008315252903654148,0.010732856591896827,0.015515516521523796,0.014344387163628618,0.017800075535951837,-0.02474309842692092,0.0006424171374229282,-0.015694039463765373,0.019762036938003907,0.0006269779287122624,0.0047969920385111005,0.002788458402495751,0.006620802675728628,0.010577619942343457,0.008022909224709425,-0.004089731450891853,-0.0009868294339039976,0.004301946546940518,-0.0011993351275887444,-0.0031738824511474053,-0.002407008798725352,0.011520286670482622,-0.0029008579912363063,0.00731633501535501,0.012751214876946125,-0.007660535513526792,-0.0023834702371776095,0.009831269943234345,0.014008319171564386,-0.0025241838399900525,-0.0057509739490012365,0.006629405782428788,0.006271578982182883,0.0009666825945112024,0.001383654850760049,0.0025894036645934338,0.004287486273569079,0.004608093482136139,0.010439958132467867,0.014483687763291102,0.007473842806616159,-0.019027840064885684,0.01573740346651462,0.005449760939973347,0.014645853003548358,0.004410915726351893,-0.012368870344683579,0.00480460181594572,0.0024432274435498167,0.0035043270611206916,0.0071053872004313255,0.013092024893594519,0.012184043671153853,0.006381250007544604,0.021100491177396485,0.020193302741033738,0.01359726944978896,0.003666100436789322,0.009180606997046486,0.02805144172014573,0.011641739773810757,0.005045316263497256,0.00036802927115986775,0.01811923109923243,0.04424063332309517,0.007177767625795291,0.011829629625699159,0.012411510336890636,0.023211468276591686,0.026668850104725396,0.02059495801533661,0.009728938776258595,0.03916609725773129,0.013016715761135346,0.015385398172791609,0.02564790670701851,0.02222173724166955,0.02226066390628817,0.018435799614453893,0.021937712664038156,0.04824149136462079,0.040250804722195756,0.032184569706258895,0.017253137960132822,0.03445205255401268,0.0264404414084511,0.03208999062666395,0.016751444136544013,0.05081333904666045,0.0423537660381073,0.0528313589396354,0.006962014650447763,-0.07952240087019877
2026-05-22,0.015368650421874675,-0.018816477164040925,0.0065541204738914305,-0.01027332882066261,-0.008499378946042602,0.010014536244870717,0.012804255818276534,0.01822091285507222,0.01763927292386345,0.020938385520436018,-0.0298477379133789,0.00013100179757333762,-0.01930784396187317,0.02286955845168266,-0.001052340228822576,0.003441214825068894,0.0012394695745021368,0.0057842621115515025,0.010379624616462788,0.007853398983036731,-0.005508169490622236,-0.0024559267128120184,0.0038701365682277996,-0.002453506591416797,-0.006303158076704176,-0.004505500250181097,0.012221309910770813,-0.005715528053600557,0.0048423258331723,0.011582511829072575,-0.011661385399668165,-0.0043239853894431485,0.01034064573390601,0.016159150755864597,-0.005619032246239221,-0.010208057838300115,0.0053593483501383765,0.0032383540368314968,-0.0030983081833594016,-0.00249822514007564,0.0012274997917952474,0.0031977977819420966,0.0029069531067476397,0.010333524804604673,0.014262019233894595,0.005695566828667129,-0.02607880128533044,0.015127838489141197,0.0037868778151727263,0.01523125031471326,0.002817036842408501,-0.01748397742390459,0.003229263561968833,-3.0432110177591384e-05,0.0013268289098669773,0.005542431551018735,0.012892684323162854,0.011342902185989899,0.004065427898324474,0.023041630100153955,0.02261927863151421,0.013870299882893237,0.002058986096937356,0.008605551760962758,0.03159157076491149,0.010156068752143487,0.0014393164748178477,-0.003864669734888679,0.018912008078336446,0.05080617176311933,0.006324719570845976,0.011454393315543984,0.01243506581944582,0.026490931721957274,0.029503970658259146,0.02200145249789539,0.006857871319281322,0.04379591984991574,0.009594321990742635,0.014934337806658891,0.029341713054854876,0.025151568836450467,0.024798410688034404,0.01973454161067401,0.023118652030136973,0.05547962368755201,0.045877025263637516,0.03602839730939069,0.01613285137745932,0.041367318181654324,0.030978871473494853,0.03631758798555906,0.01732861965782163,0.059422580749574905,0.0491108993987583,0.06237212527606878,0.006375240078423699,-0.07966247362990349
2026-05-26,0.015494635751147642,-0.0188875367697637,0.005536593838751096,-0.009761647202565843,-0.008660564701582765,0.01134421311822332,0.013328235407273372,0.019212946143427216,0.01768235420467599,0.02185647188600641,-0.028584765639724827,0.0011825943113848783,-0.01884505472935901,0.022795877705966642,-0.0007635226723879326,0.003926535734800074,0.0016541776539168215,0.006138567594723883,0.010754498365276652,0.008495757238309492,-0.00459728902865395,-0.004825116734787072,0.003707080095784499,-0.0028537537577257004,-0.006330905108384315,-0.005686938230781239,0.012431387834796925,-0.005454296577821217,0.005195624775509935,0.013179238004538926,-0.01145066587971585,-0.004273907713662265,0.009634153628240428,0.016351000574583132,-0.005584326180022041,-0.010751982309963595,0.005502333885236053,0.003488009511477949,-0.0008465607840466068,-0.002660703726536092,0.00044546080210455113,0.0032133340069663043,0.003212314199698081,0.009688688295745191,0.01443841180557323,0.005658094208430622,-0.02561022586906534,0.015290055427023583,0.0041462268307892215,0.014966620073552438,0.0030131070794238903,-0.01803191336675454,0.0022490660815578916,-0.00046971987802992346,0.0011317208971294655,0.006053101366954252,0.013399330466352593,0.011528145622476465,0.004178863589325575,0.022644317745216677,0.022832751371714005,0.013950040453896896,0.0008739621289712927,0.007656457486109779,0.030739980614801765,0.00905090895098747,0.001507852164781132,-0.004508299278019651,0.018545761330743385,0.052197651248114096,0.005624046569298679,0.01176471605594109,0.012554625514353348,0.026239924921148274,0.02928045563261108,0.022436596393166024,0.007105974743356539,0.04526961645298829,0.010776027890333625,0.015042061561613827,0.027990453322234654,0.02522846475455594,0.024821058343960006,0.019774093543070036,0.023036743122978976,0.05593449206128595,0.04625688992104523,0.03599066332534983,0.016325624476538753,0.04023709291444774,0.030330687127955683,0.03591141721721076,0.017763892458422838,0.06047857343040037,0.049688781569309476,0.06251653759735495,0.005920519652374222,-0.08636484594644404
2026-05-27,0.013193291111122808,-0.014084553160595462,0.005819963333505228,-0.00700576392735216,-0.005999585009975177,0.009906931755629992,0.010770097870680811,0.016917754427105684,0.014710407636856302,0.018489490653455794,-0.022676247993570126,0.002252425659172547,-0.016053250758321654,0.019516567169108344,-0.0006506605587799329,0.004942690876589603,0.0029484411532556447,0.006221180973068514,0.010449156009404359,0.00875892051956472,-0.004047919243819281,-0.0023784924130178867,0.004314124945865362,-0.0010259318926541736,-0.0044786302561935915,-0.0038723499681712972,0.011379656277379184,-0.002776080296691224,0.007476917632119202,0.014366463380298525,-0.0068518956090754205,-0.0028092478099261946,0.010365479815043035,0.013936207938930474,-0.002980003281875039,-0.005517540712993494,0.0072686729724046354,0.0061239481039517,0.0019419959080143531,0.0029434953485489145,0.0017356403359470203,0.004753059720039529,0.004327799437112491,0.010161201994202684,0.013640118769816524,0.006918797002872089,-0.017683868015342427,0.015055213647164374,0.0051966712005067925,0.014288380330454108,0.004532046034439377,-0.011744565681044284,0.0032752338509883187,0.0024736051243436216,0.0040268478084723594,0.00739934528955772,0.013299220639493264,0.012966889251886216,0.006225349444206012,0.02175252415435671,0.02027790845563916,0.01390671375603399,0.0019148756556345188,0.008393867252692597,0.027267087924818245,0.010549869015402027,0.005187079646804203,0.00029557690680830084,0.01835508889055337,0.045851646796802564,0.006697851531334533,0.012457897853860974,0.012459516263678728,0.023119049881102728,0.026434838933347728,0.02061646472762851,0.009995132545175317,0.04000887640448251,0.013317855074220418,0.015729809546937274,0.025125267921630216,0.02230974845141418,0.021839797201914875,0.01869343230881016,0.02163675921000971,0.04765506085210735,0.040266886089464236,0.03208700508038541,0.017743800137090166,0.034209833361621,0.02603824311989908,0.03198881711205102,0.01778091683699303,0.05008845102748806,0.043539123827170206,0.052668872592721606,0.007550662837282451,-0.0884653239485466
2026-05-28,0.068792039484357,-0.07035118485511462,-0.0030439236073341435,-0.028033676636447957,-0.03134195091206019,0.04363431115328501,0.0411005089585279,0.06288548663727485,0.10189927393199225,0.07450351310861862,-0.060081867139729864,-0.02447638057902727,-0.048447188740443466,0.05021002242147286,-0.054602617920303215,-0.02359020229438428,0.03324002819422781,0.029064642880162438,0.10459625461259087,0.02784246787244858,0.01595785831796232,-0.021299764493439316,0.007058100230008487,0.003762690903318297,-0.06560125184545902,-0.017489294580253202,0.048603277629103096,0.025191188467279656,-0.04727679231284716,-0.019766318027441138,-0.029795818224961787,0.008834480423353887,0.06795096780019846,0.09021238795060407,-0.02710294265901994,-0.035989903257939534,0.04398006598897148,-0.03020992940581977,-0.06193582528963547,-0.06544524420492007,-0.06622418578555651,0.010380813125240721,-0.013353476438797024,0.01381882042030721,-0.044422982382139424,-0.02778254255528713,-0.08980900973455126,-0.07991031994129771,-0.02463781341708164,0.03343364275553213,-0.01762292567834224,-0.03238592881615244,0.008468103128327794,-0.02015144655073469,-0.0035800725239092546,-0.0019102762254055838,0.05522221354623883,0.012054648331264529,0.014968808257848644,0.04110872524755561,0.05684083417170418,-0.024754126408192724,-0.006207002666414283,0.028443075965321217,0.02116103316434836,-0.09119938701993259,-0.08474672333849746,-0.0649094683151745,0.07684417769103827,0.11099632292726226,-0.014871171960498948,-0.0073727699596679835,0.05241115680483465,0.10739723954097352,0.03931515554872922,0.04095136693314116,-0.12226906018328855,0.03182766004740048,-0.09520266309400796,-0.0005562913321520233,0.0508869172675721,0.06036152579005454,0.08414804530500773,0.07244947162502632,-0.06369293325566387,0.0873260726568246,0.07600371869136353,0.08897646561843613,-0.05871611395343068,0.10166515607520872,0.08142032625025294,-0.00613611242551757,-0.03662548584912365,0.14583971142232047,0.12770954565444714,0.20964633849217618,0.030983739697524784,-0.057448032321643014
2026-05-29,0.06585760329228794,-0.07549131158187461,-0.0011024780784954797,-0.03044821980590387,-0.02629101632992844,0.042265474649766724,0.040599403150058354,0.0640476681266469,0.10040189479969613,0.07819054263353793,-0.050446220598115994,-0.023386802075342987,-0.04656230003659771,0.044112764899986986,-0.058702339343550916,-0.02495852299282532,0.03151680589744469,0.02768973621207861,0.1054865083969057,0.028428602604691836,0.013796934744275896,-0.022372531037642238,0.012107689981346134,0.004784257885242467,-0.06661482393113667,-0.013231770509597932,0.04589270051774176,0.013063705170348959,-0.042565035921232675,-0.013930857778271846,-0.03192171386041918,0.010411862432959914,0.07311910608137434,0.08293394850302373,-0.024225224984899048,-0.038808906989917256,0.04170430961473526,-0.029566131779924364,-0.05739971601006806,-0.0597714098770102,-0.0685667310917839,0.009959950625417324,-0.013272301099039851,0.012073125578357841,-0.0497561194382371,-0.031170888749080347,-0.08749780386255203,-0.08311045446272292,-0.016413964040383984,0.04391087910928752,-0.02234484908604508,-0.0395214801898258,0.0175063102064155,-0.02164254335483797,-0.0032425992650655863,0.000185460518101253,0.0508016872072547,0.007756508601595689,0.016593007700279015,0.045315405047074875,0.054800018491254994,-0.023199901296307557,-0.0032218273980970484,0.03471720219856952,0.034305114316292254,-0.09219952987865322,-0.07856378017202248,-0.06543775825444653,0.07291297791552226,0.10743833767121126,-0.02118620246802254,-0.0070509617929396615,0.0553403118703264,0.10223886148610066,0.05657631098750402,0.0465629537264606,-0.12340906522317853,0.030838895274564203,-0.09522665771592226,-0.011912385761400095,0.040008445164177585,0.06956777397473517,0.07576698514076906,0.07040033873119869,-0.06168767202665436,0.08472520264786351,0.07592746653691625,0.09077305058343194,-0.055548879088752195,0.11196293124762581,0.07775265502715424,-0.012126776379081923,-0.03816618621236575,0.14525574193332202,0.12148053817055365,0.21121884226907892,0.030819312645040897,-0.06862947036743464
2026-06-01,0.07853250607941957,-0.08926082572035217,-0.02029624311894035,-0.011672715713603626,-0.011728520720606971,0.0902783007872434,0.013095256491289784,0.09852974457862544,0.06178084066388037,0.03752200738437712,-0.06979041243997268,-0.07894980792977119,-0.058640973885299694,0.021851525286625928,-0.06643470276682492,-0.0942407950855957,-0.010997952327183992,-0.041507212772643805,0.5313434828293114,-0.008752369620629008,0.0071938307937939785,-0.03313765600014194,0.08293960967174277,0.002647872890602941,-0.12246623230593297,0.010464870386629195,0.010870645692471644,0.01843086424144312,0.016175010777744504,-0.032667564333009054,0.01722782016996321,0.09301033354116015,0.15288550464011846,0.1742287195901284,0.10141184451874259,-0.04285603400170819,0.06432028690773246,0.0757829904449415,-0.12329543266852201,0.020124043195540495,-0.07134207044436602,0.08047143865381212,-0.0070356127711439665,-0.01997131142789431,-0.3400941243842116,-0.16787081644472715,-0.15400446739986592,-0.21805371881565946,-0.10215484336414907,0.009987531981059443,-0.040872656289743105,-0.0743427916917767,0.20086968734947847,-0.19914052339176694,-0.02681909223810148,0.033410985494837994,0.011163930353034918,0.07200950783841643,0.0006429693951338113,0.13492911838131055,0.060705784129573975,-0.08096061792570197,0.07657443393490196,0.12418182604720002,-0.06633317060840138,-0.23785967489604584,-0.24066911060050067,-0.08391499596494303,0.09161302469988111,0.09380857991996178,-0.07981430018018358,0.04025862188537509,0.0900956547954233,0.1739791350608257,0.20068469905796057,0.17517732394664384,-0.21225992220189716,-0.06293905067204424,-0.14859727790468097,-0.08928290332133185,-0.02502281627281091,0.18663377377627874,0.3327601012888823,0.12934963085397397,-0.25395697601057216,0.10947184969604029,0.07023663535523315,0.25939459428777595,-0.06967092870877158,0.09661851103692426,-0.03676084949150168,-0.211993691275641,-0.046025236523481707,0.2644791105251998,0.15326717162614623,0.2571002883780092,0.07258115004629084,-0.09864597872646066
2026-06-02,0.09316949650234042,-0.04685115999604149,-0.03804040813829876,-0.010426440497367953,-0.006606411696526851,0.07805767489348607,0.030610730616216386,0.1092455988103489,0.03572907103655855,-0.006933518524296576,-0.07302369731132535,-0.07535789830139718,-0.0639544418883395,0.02599662817084792,-0.06788482137235584,-0.10479576393892488,-0.025500035956926695,-0.030874280789101288,0.6039452054081892,-0.0271787468153393,-0.0011495111047276439,-0.03407970632027928,0.10338372944863351,0.011270424860294372,-0.1377440611506061,-0.0011392236934349275,0.019046287648073975,-0.020494581169608186,0.033672159756484764,-0.028715253570548556,0.03249554996590938,0.07669749675632247,0.149674619216695,0.20022936798662988,0.11242075489315867,-0.04047105873617991,0.11869396882208594,0.07580039470272724,-0.16055870045178133,0.03417521699083043,-0.08718736642342194,0.09185510944752642,0.020204818684257483,-0.021577393123371695,-0.37234277322823384,-0.2069596350290807,-0.1748607982685029,-0.20572843403688637,-0.1288385976206103,0.007281319737245828,-0.06283009713388552,-0.0807290611476101,0.1839011141376702,-0.25800826618397893,0.003321031163882199,0.05530659788868338,0.009648187168874257,0.05586077247778688,-0.06257127395838025,0.1502246190069677,0.05865427766826082,-0.10297286512944566,0.09120032124270273,0.15006788327860415,-0.06530944477318898,-0.2357892900411511,-0.24725361052168326,-0.04465658076677321,0.09750253599037355,0.0900570460280934,-0.0943885857825818,0.1349912831274556,0.12166460211067631,0.21166618958069192,0.1765726655816337,0.17423630413831184,-0.18432389413653727,0.026492546365745565,-0.16187558410420239,-0.11882550903491258,-0.10005537191787472,0.16642733847292762,0.3268856393605963,0.12086085383579513,-0.24964041020957417,0.08554071926428007,0.08582357894289425,0.2744156802757169,-0.09055973209719173,0.11863748211411798,-0.03266303085749326,-0.24000633173940078,-0.02880428396282223,0.25755527326023725,0.12727396811895053,0.23099022050879145,0.09046503609369233,-0.07936144890707339
2026-06-03,0.07611895381789306,-0.05034017073000364,-0.018371984168971636,-0.029506384491128648,-0.030650645993734967,0.038261140735638674,0.04275870790502424,0.057288076331918125,0.09570445428772331,0.08003829955641316,-0.056084534536371314,-0.03032772870998017,-0.05086609041761046,0.04046439722259703,-0.05401002415401966,-0.03240804733118356,0.029250117876900378,0.03180442555433318,0.14180628085843244,0.01772640829654138,0.010786053601503564,-0.033244653735659956,0.012052811202963268,-0.0024912782192640873,-0.08441133694676033,-0.025010715706928296,0.03625984312061887,0.011113126940754163,-0.03799722714035554,-0.0016223001633579176,-0.023686248363267798,0.020343498794180133,0.09090499577822594,0.09998542381639512,-0.0022193249020482746,-0.03797399317537671,0.06108135662483296,-0.024039519927998403,-0.06959926335678417,-0.05661747210414274,-0.06905462110402516,0.02050349604202911,-0.008502945120505768,0.00793860604758229,-0.07988417336262564,-0.05143401611853698,-0.09444768843495477,-0.09227767841372476,-0.007512557997756823,0.05760379858912254,-0.02996663363432895,-0.02495613491420641,0.02473793706270348,-0.03226187186799557,-0.003091220425306006,0.00574177751278181,0.0675536456562902,0.008996044598094874,0.0006054838868028867,0.03997414611526886,0.05259557901802994,-0.03611230031148781,-0.019104785219403245,0.026102603600356038,0.020849802352806826,-0.11087799925861981,-0.09042858742922602,-0.06469339685939712,0.06609325182084971,0.10926169113338001,-0.02130181868955497,-0.007162499744959484,0.06191188964772696,0.11764299295959031,0.07928752005444317,0.04530985120634999,-0.13124799786828378,0.028985207023146074,-0.1115086122028719,-0.022736387898136944,0.03202588781093773,0.07574793948040832,0.09248260520718915,0.07577724961440627,-0.08200884416584153,0.07450517322822305,0.07569410966262956,0.1225515966786316,-0.05676811034080467,0.11476445190416444,0.08631145017687998,-0.020212396791092553,-0.04870338338444503,0.13942045418150498,0.11599139264100598,0.23805145462710214,0.044380132230326594,-0.05541198826061407
2026-06-04,0.08549472347391335,-0.061684926216809086,-0.03201701116591416,-0.015266728527384204,-0.012500935184827965,0.053724844578174516,0.04509257432515865,0.06029024119453788,0.11777450263440468,0.06962898252587399,-0.05752237096824726,-0.06327079769359306,-0.05448485461661409,0.04988829430698468,-0.08561340432366986,-0.06980562859678582,0.04841728472410672,0.038984512515176095,0.280408250454626,-0.018647374667369022,0.019697844558719722,-0.04107490006985666,0.0005099715276622174,-0.03823802377737203,-0.062227055061547104,-0.03925952013363785,0.03635835031657199,0.014477550410294379,-0.04950286813201617,0.0050125215451204495,0.00950742366408002,0.07749764427231487,0.11777275299006532,0.12355498011186192,0.05308419684158133,-0.03843956311887923,0.06956193081142953,-0.00210709758966862,-0.1236747829393386,-0.019418918661413917,-0.10192906692180004,0.009552890800148116,0.0028173022792829334,0.029278502792146194,-0.22107399791420557,-0.09474349670152925,-0.12414005838546045,-0.12657250101882167,-0.021727929539404875,0.06017360680822752,-0.04871333553416851,-0.0026119709136519665,0.06921304027725506,-0.09144981480786754,0.02060322167324192,0.05931484867002348,0.069565407506697,0.010450721074471198,-0.037575910402893375,0.059946754959232906,0.06487311730072953,-0.08194304303460426,0.010520146684201355,0.03863711469406752,-0.024207540637740416,-0.16847492624487695,-0.10897338940902468,-0.11093505081104442,0.06989953382201387,0.10770462744454479,-0.06336034310906348,-0.012345596063200725,0.08360753081830846,0.12529229429552677,0.1326058282178445,0.10265729888361974,-0.15938709372826226,-0.010831494479662035,-0.13983005216662425,-0.06818699880162495,0.004150030946980523,0.15493921426913337,0.19104756228945707,0.08997423969108559,-0.12306823367231855,0.07658229367169998,0.08633978387883977,0.20876671988828122,-0.05786458320937522,0.12433131050963668,0.03945362124281091,-0.07999990770011353,-0.11365274462690514,0.18039006517119466,0.12570084896570338,0.28316454217405457,0.05259126535501236,-0.0425288235589422
2026-06-05,0.08673588606030758,-0.0643065284685763,-0.015894382894204133,-0.032861210976472606,-0.034660462454814425,0.026256963889132914,0.04804470010072991,0.05522210679072165,0.1202445885787174,0.10412475063157411,-0.05914380272751127,-0.016809785569268744,-0.047901718165977734,0.045074938068202175,-0.06947408383668388,-0.035301876742457786,0.036041761614895654,0.03787803839768382,0.12242052561656305,0.027154782839529754,0.005715740460447199,-0.026711371650366765,-0.02505720630696367,0.022882154429897807,-0.059515781542362006,-0.04377771417271905,0.02296247941471835,0.0007337948664559932,-0.055109634170465854,0.006520991869272691,-0.01726414523622133,0.032114178190988614,0.0751581998461918,0.0872220984628646,0.008514882715016336,-0.01790672808532187,0.03453143959589247,-0.04100849821570042,-0.08242905114066086,-0.05289671198439165,-0.0696654666756974,0.01297714085079099,-0.002722699932611707,0.005473675373949285,-0.073287369453377,-0.038542541534648686,-0.09160151860564307,-0.04783639595076992,-0.008063531318648403,0.037847774195034586,-0.011436615774813324,-0.028244737156020022,0.030355453339679844,-0.0307240895005836,0.001347099092701651,0.00649610545715883,0.06371650871080257,0.007135463300874237,-0.014562756374940514,0.04190830155114126,0.06051496686664794,-0.034128908815697474,-0.010591103616898185,0.040288301789749396,0.015651875611612256,-0.07574640885930393,-0.082825964841988,-0.07301923754994503,0.05796851986551276,0.12186488826187494,-0.04813676152337524,-0.00808303260787368,0.045635004816701887,0.09278602625845062,0.08794027180439525,0.06269974743080146,-0.13178291975312806,0.014408216310227063,-0.09940471290288816,-0.03877529289727081,0.0370943308457062,0.09637547072711874,0.08945021896894144,0.0811843357288306,-0.06079830135055091,0.07957746612702647,0.07910457611897033,0.11060951743105853,-0.04345069533227284,0.1071427757358412,0.061821544419839614,-0.0393424015492787,-0.07201688958312304,0.13825111305372786,0.12846262116322169,0.2392783497717546,0.02663247452178006,-0.054734090139240354
2026-06-08,0.13511397240063014,-0.14420248799816596,-0.05464795211031501,0.0025429303428202727,-0.032541302055336015,0.05144342685854542,0.0605127365026356,0.11809096522615085,0.1338560848597036,0.08581882217229533,-0.03528301866072239,-0.0957296280228291,-0.10613670658811195,0.03927433967616512,-0.13112139190335964,-0.12490779945603588,0.035414832117140305,-0.007845206417890395,0.531733153041804,-0.024048265598781274,0.013394780236688055,0.017216035613583862,-0.0890335540907764,0.02747908939714131,0.019844951134813722,-0.04645922756240837,-0.03811851088587455,-0.011078775347589232,-0.06029385656097862,0.03322597103693803,0.10452931870972385,0.12872729292614496,0.1107616435409163,0.15711608488612164,0.1174428025987086,0.035381808147018724,-0.0445908984727264,-0.0858814600568263,-0.20557597146077167,-0.004444316702830483,-0.19008571911746416,0.012090188817757617,0.0014366673684006199,-0.014255411225135262,-0.3475603848989197,-0.049262582207717544,-0.14394439363535178,-0.02660909524487954,-0.008238903914523527,0.00793355643973519,-0.08771784799027467,-0.03693801815063636,0.17969522862646525,-0.1661249089016766,0.05982921938018284,0.09321292939665311,0.05000727051065148,0.0690291633329473,-0.10440732890938494,0.10981468320532806,0.10016500964524742,-0.13528266867775032,-0.010138323088154532,0.1000652236279281,-0.10253983950364388,-0.09538525754909796,-0.09273584387743368,-0.16958974338400615,0.05698920509909455,0.1337876124678831,-0.17183342470242774,0.01574817486932896,0.06671725960245632,0.011191083296119054,0.2221321330220801,0.23550900668935243,-0.23574875279436255,-0.050649205984368395,-0.12972863673471005,-0.07643270618252794,0.07175524196200507,0.377255056929804,0.24898734555905006,0.09147119764035942,-0.07589428679193086,0.13116426523354263,-0.018241629051587625,0.2917889035722376,-0.05411499706716438,0.08224766827272532,0.028520858071451223,-0.27126126995041305,-0.15639709222100315,0.13698463276164008,0.1957881039626411,0.26600782850302196,0.0005167282400909429,-0.043703885822994115
2026-06-09,0.10304764091313896,-0.09914643533035826,-0.034383964204333095,0.014347029332196663,-0.04993553222018993,0.031648283734264676,0.06667769517117078,0.06510439238593443,0.13236584358357364,0.10758530763765621,-0.04282874588599713,-0.0699792669086831,-0.07001323702475788,0.04484664867467841,-0.12218835696532591,-0.08860054475968458,0.030972639216188175,0.029894429250381174,0.3198990482245347,-0.00892876008811008,0.005127144600370259,-0.014268056094034616,-0.07821139314749107,0.021218038014227305,-0.026693734600302714,-0.028916421518548417,0.007971608321182523,-0.00019574929046964167,-0.0646914972996378,0.022779904949429344,0.027445710797636864,0.09167997456361095,0.11665985279370764,0.11224988213622049,0.0828402148166753,0.0016034186679388246,-0.007870080447136501,-0.039111197969024146,-0.14741146334388672,-0.04528298437923916,-0.12418057099049308,0.010297021557827093,-0.00012167214764205458,0.009192300179557439,-0.22961326718881514,-0.04355481395077934,-0.12136221528765452,-0.034465046768308624,-0.00646339828077667,0.03292236427221798,-0.02967384483144226,-0.0350104431414854,0.10593689353536294,-0.13308604095287582,0.04960464734014806,0.07709012920276258,0.08191680092613297,0.014426194190153776,-0.042714237844171596,0.0675403483948209,0.07337805665601907,-0.08528195999042715,-0.032829202375084826,0.07350344784764826,-0.040524009208767364,-0.10002213027769136,-0.06735907943678386,-0.111068068334619,0.06495729691262649,0.118045438656946,-0.09986971978238043,-0.005615448914205656,0.05871759259277255,0.0599210088000452,0.15304890662775697,0.13833547190845855,-0.2249598508915167,-0.029851265105566148,-0.12852463821785198,-0.06940988874509534,0.06163389384981813,0.23839778385086247,0.16368047608242045,0.1050688730095666,-0.13415062714143644,0.09220745157054648,0.05663520299409725,0.22871528682626996,-0.062422066312970925,0.13071156023250838,0.043515677020208934,-0.18777406559058155,-0.11800724877908621,0.1430973672461726,0.17199777248480838,0.30706506268726697,0.014045870283443342,-0.044998663558244084
2026-06-10,0.11069464982093093,-0.11919012511046433,-0.03888167080916738,0.019087758502113757,-0.04654282455666162,0.03440896668225698,0.06270408301897544,0.09544656656000162,0.12226366576048234,0.08438281186427288,-0.03231937332769318,-0.07710847436805024,-0.09826197951547586,0.04967774580406321,-0.12090414943364429,-0.10266611503809618,0.013948300980480218,0.012861730781204318,0.44609040137169664,-0.02345133133382165,0.0005538753450451614,-0.023596509791677316,-0.05681605371514552,0.005809535298303213,-0.013344946003350113,-0.040184396532150085,-0.02003405332060905,-0.0020623081305131442,-0.049881698110575176,0.01694504519580041,0.0562869748711907,0.12304981600789543,0.12863737002037115,0.1465618482063619,0.12971315496986743,-0.021709737355993512,-0.06127372655414544,-0.039899486402391424,-0.1571763385687806,-0.01944365440398073,-0.15112962286050435,0.04284407341757352,-0.006126450690832853,-0.018672482330296628,-0.28481748588314637,-0.039589513720855514,-0.14350220292837665,-0.019467950927412644,-0.041713349193033086,0.017142008009297462,-0.05206742595428199,-0.024319041975173275,0.17260126451732385,-0.16109540692846852,0.07216125919828992,0.09308594904466097,0.08919898683276316,0.02174700771901205,-0.06488359838750167,0.08075753154136901,0.09494527267037671,-0.08672696267953278,-0.020380416145552332,0.06883964133902591,-0.0841120816523609,-0.10911848261746727,-0.07439465579866798,-0.13176334669698947,0.06918169827240883,0.11531605226393862,-0.14150139769032577,-0.023346190191071793,0.07520430650039671,0.05498477447195439,0.169045975800139,0.18297413077783817,-0.23171274389508323,-0.04544946996254926,-0.1374166054018791,-0.07537275388085882,0.05663846785357072,0.28173460420913193,0.19907233059933743,0.09081172521854898,-0.14408865678214167,0.09369384506066387,0.03615149530094498,0.28906809064756217,-0.0601660312837123,0.13627749885796936,0.04172609806924542,-0.23535657381351055,-0.10290276509395709,0.1517995277479521,0.16653167824884732,0.2926732569421908,0.008420268451315006,-0.04781050289703136
2026-06-11,0.08494854355046809,-0.08315949631623226,-0.0168554461122404,0.01146912914208447,-0.041635461475955614,0.011883209453896992,0.05208549237973885,0.0559893409484266,0.1236797785404504,0.1159054478256796,-0.05122270363307738,-0.034212327792535524,-0.05964891344730318,0.049287018753156435,-0.1022159162649313,-0.047897467793136354,0.03625106753579816,0.0302418184701191,0.18593032391380354,0.0012925736531690345,0.007938902696778247,-0.029537087825717026,-0.053549851852541824,0.0020229549283423947,-0.04234904530501243,-0.02637719212282289,0.03702057364154499,0.0006456296319518311,-0.06616821015719138,0.008819215274759897,-0.015250128582827772,0.05085902401463791,0.10842693783477698,0.10982640992181324,0.03808003096780056,-0.021439447411968952,0.013100575099453816,-0.02850621186178412,-0.09003590159261594,-0.06870818464582948,-0.07716219871843424,0.019850731991039726,0.0011058290848160023,-0.01975720449269957,-0.11140125460210477,-0.024634904863079315,-0.09943255735737588,-0.03542356760274396,0.008005743312710607,0.01992649949139027,-0.01764709609091243,-0.01989360921281088,0.062479992007017864,-0.08006454367875804,0.019083120936187893,0.030187699090718792,0.099722285856086,-0.0015667672184184328,-0.016506859851304977,0.03472733048093823,0.07423520896102037,-0.06694090451204211,-0.012903634577766032,0.04336169124165218,0.014245466616022648,-0.10905251485479667,-0.08470001608844069,-0.0782967390029215,0.07136828330626906,0.11489418742030442,-0.06839615333994016,-0.011539517514006852,0.05463666562625606,0.07162981200719293,0.11446823288771309,0.09273637809629845,-0.16873903127142262,-0.0012346718064462098,-0.11601761543677643,-0.0555348381924507,0.0422350938872478,0.13326814826478045,0.11535847089376018,0.08322806369097496,-0.10152351261877114,0.08711405285253955,0.08490390706404607,0.16161969613746102,-0.052541242890568454,0.13532884191973094,0.047866873985522064,-0.10050188963036852,-0.08561011386157379,0.14477717711684487,0.12892926707456193,0.27788868467547256,0.026408156354984856,-0.05550363702955506
2026-06-12,0.01193867485740934,-0.008816367100052203,0.0060256346343357265,-0.0023002978076710704,-0.008097658797113676,0.007637719306535494,0.009046559000550514,0.015322001509550912,0.012234405002748605,0.0162754616282674,-0.020061377288955323,0.0023403168476931278,-0.005436981564653444,0.016776295332929826,0.0018490381008774842,0.006947857247467371,0.005830271410989622,0.007613826379620204,0.011877821737657357,0.008170975720662742,-0.005167983493973566,-0.00013663147021760955,0.003649228988079874,0.0006902248532648907,-0.0015741939195388875,-0.004514368961390618,0.011197849979405254,0.001458607909617481,0.010146362657331664,0.01808021185527614,-0.002059816200808081,-0.0009119107283052773,0.012058390440155331,0.013411072263732463,0.001614752854568531,-0.001950549056796664,0.008787823497963304,0.010592756571741328,0.007022799681593023,0.0046605037352908645,0.0060408328950601504,0.005892425724864805,0.007984332059160687,0.009128028377213274,0.014125946427253091,0.009697652974108198,-0.013406939247436819,0.016037556438938068,0.008479353783261964,0.013461930117806515,0.006215445228480749,-0.007719853393768244,0.005049653957796418,0.0038480895957188127,0.006328392160349463,0.007568542649245365,0.014345887207617758,0.014343774277940185,0.009850502309016315,0.020376839514756058,0.02129878467609555,0.012383184395688446,0.003385698838316053,0.008484679243306498,0.025120944844009813,0.011517221624527273,0.007901152913814848,0.005081590540363323,0.01874119535820798,0.04125349930812276,0.0047962188580995425,0.013068193107518887,0.011887800559533972,0.019730286934514313,0.02438779318352662,0.01849778415956263,0.014543354346831325,0.03450644510793633,0.014716833847696953,0.012708703042650312,0.021549384406921356,0.016522031416259284,0.020134962856395242,0.014647102426534536,0.01980474716278864,0.040708892981247524,0.03458235038966207,0.029084444833216122,0.018099977293838575,0.025559876884310842,0.01993251866833731,0.026863796287672444,0.014314359159518892,0.041508210190271164,0.03520507666080045,0.04340808506610056,0.005170376863248864,-0.09098525911066954
2026-06-15,0.16009271552463797,-0.10331159720174755,-0.03119900630837303,0.023969888499493882,-0.062371182001400904,-0.04413259731350825,0.053954172202525234,0.12238553824550799,0.13663618059994231,0.10604744951254462,-0.024058805045150018,-0.1157167966928128,-0.1158910501104566,0.05897028483269867,-0.1316770343336643,-0.11569338231114291,0.019790742129047606,-0.0452151647883679,0.541827851028909,0.003811048297451068,-0.018417736818757323,0.01851901459872376,-0.056749318669970295,0.06609628183656907,-0.0355156035772266,-0.05370948985194807,0.016263415338083315,0.01651209874274768,-0.08718467628730585,0.01117617364447863,0.07491483767798489,0.15297364232602417,0.12861167778647578,0.15360105461166326,0.06682197056724727,0.0033242377599197277,-0.06821431113787255,-0.05744582901047003,-0.26818753693184394,-0.04155444351511169,-0.18046485656434297,0.04913730987225857,-0.014092034833316872,-0.033089601449870484,-0.3738891877806436,-0.006762363367707877,-0.145451410189275,-0.070698567607923,-0.0003965448938352354,0.022115153041744166,-0.05674064042936257,-0.06388492599040478,0.16516836675231972,-0.1563357906898092,0.08517735836629099,0.12955757911686192,0.16063608632783352,0.08321229935097153,0.02045803903756452,0.09619898055161166,0.06902804256751241,-0.13399385342484774,-0.04863246454947935,0.05153018353038118,-0.18271498990470247,-0.10046754995022353,-0.03644453148692675,-0.14576669571599257,0.10184547155007191,0.10289938576682839,-0.1262248399877577,0.025139012724541745,0.045171948281912504,-0.013384199535268084,0.24796313480886895,0.22491662727923198,-0.19134298133731686,-0.04819834513395864,-0.16504006808119331,-0.09338179856655962,0.0797438023228922,0.4023804841791902,0.1650662048567813,0.01673835886776483,-0.09093867162997808,0.18366576067759693,0.02861531101656118,0.2510966351865888,-0.04717801621445365,0.05734996805419722,0.045545531285379,-0.3030654049440123,-0.040148402806113696,0.12224979772769504,0.13833839502720294,0.29297698791891474,-0.006594221173235408,-0.04865397166460406
2026-06-16,0.13863453153974686,-0.10797021176321744,-0.022898278683811682,0.016361184860763652,-0.035782635140922614,-0.05357188259555706,0.045184380076333436,0.09385598557171243,0.13819230427173101,0.11010308245173736,-0.035398914108639414,-0.09822792090895702,-0.10850388367803213,0.05819130257658343,-0.13382834443541047,-0.09240475863350046,0.03931292491725632,-0.018062015120910976,0.4208563074332149,-0.0001437896089690506,-0.011929654818396926,0.01641754575275406,-0.060815951311653405,0.010886502549657761,-0.03421858211749114,-0.04422972100242325,0.026050017995242897,0.04045363064093265,-0.09086536984635336,0.02613684266256497,0.04517337866860619,0.11807263590350973,0.14937208455327805,0.14367492278147914,0.06094281957498587,-0.020309389151235,-0.05438387751237879,-0.022557487771545065,-0.20305322868810005,-0.06585050317752443,-0.13573280263138301,0.05035014868622176,0.005801707519312542,-0.016395617156277215,-0.2878758860245969,-0.022591946420789696,-0.14977919530862585,-0.0406032645065912,-0.0079519560396332,0.0282559232023765,-0.041520455341291965,-0.024920905969702353,0.1193663807587999,-0.1648245546510711,0.06568702477785279,0.12440700956023418,0.12153052409434278,0.03311888993979012,0.007056686530613781,0.09099692135196895,0.09241499321497679,-0.1405936120512649,-0.05474875743732799,0.03708480075759455,-0.13150058303353665,-0.11545898482847765,-0.02296551502226178,-0.09882816252093467,0.10880628291230425,0.10526693440094223,-0.0817809556629747,0.030520843258768013,0.06778251173909164,0.02576782431820477,0.21285409623988083,0.15831394282760755,-0.19709589748610357,-0.06316325120927707,-0.16095567437919528,-0.07802873589441021,0.022124874934300355,0.30072813562185713,0.16552716633435555,0.036090495929201064,-0.13125378970010496,0.0916937463540769,0.06236645241505011,0.24736083998890232,-0.047343095473844556,0.09540737998897696,0.08918116003240384,-0.25136685595647307,-0.04362845459707371,0.14494667105479653,0.14165278557707664,0.3190013742605018,0.030043551095047895,-0.10346515508126891
2026-06-17,0.02656449514818831,-0.018007511215341526,0.00774725353923445,-0.00016078389616411108,-0.016430001218156347,0.006622424451148601,0.014385855480258686,0.028247889296029977,0.023003855270710194,0.029306827679420416,-0.040696883913774407,-0.0004093339813221273,-0.013950289780480947,0.02713440023932529,-0.0031866254666436562,0.004545700008471172,0.004373286758456742,0.006387706304989927,0.012679968044139605,0.007132320945787871,-0.012331522702084293,-0.005329700187364847,-4.90074446219662e-05,-0.0028024610177342767,-0.01277617352825401,-0.018637073129732083,0.011268493429799034,-0.003160727526194951,0.004446257908124981,0.020261889346448007,-0.01371616305172176,-0.004760893875890834,0.015210760938064406,0.019413687055022683,-0.0076720914760847695,-0.012042435977539507,0.0062582736961262556,0.0059869527668152955,-0.0018540798191776942,-0.006103260166151718,0.0036031895404431335,0.0030319340090597773,0.007662060783565641,0.006739891994167873,0.013398605221014055,0.0060255837104801315,-0.032963026669050315,0.012461292387898157,0.005658802803799305,0.014623647532134652,0.0018123774845725648,-0.020137870497319993,-0.0001340685695277264,-0.0037115753374022346,0.0020485151281752854,0.006112137143518185,0.014472017526842938,0.012556968509900483,0.006971211273400599,0.02519841723655588,0.030641431000978964,0.011017896149426637,-0.003457960404116802,0.005107833152065533,0.03383024644783227,0.008583681207547215,0.00023975386195847735,-0.003364726643037842,0.020804619220845783,0.06290636017581969,0.0014323820432134808,0.014700799888682682,0.012259931897149792,0.02707095522972012,0.03325032303140738,0.02466777446194201,0.008353864243454837,0.046918124659284875,0.006438280354642145,0.004082408283857108,0.029235117237886646,0.02037694782807195,0.025781310687376317,0.015623286912586975,0.021162002764167076,0.060030160391543075,0.04830823839434526,0.039725368331811846,0.016768455294920652,0.04044702074025002,0.02992814629702277,0.035376996978693565,0.012384099069994926,0.06506526656440646,0.054662477785533126,0.0684422428417341,0.001968283067433704,-0.10310078959480748
2026-06-18,0.14162871578866276,-0.10318599458490327,-0.006927804625535274,0.018424873111584156,-0.039853268730082755,-0.034176322483818154,0.07019589617044313,0.07784638149323599,0.1540220800377906,0.09682561164087669,-0.0321643292479416,-0.1213796188967919,-0.06638807687544165,0.04912971452865696,-0.19042799254857973,-0.0914316249438062,0.08221006095839863,0.07869664853583579,0.33267759594239504,-0.0046396026087418,-0.030935870836578012,0.019884137870733433,-0.07072167637762115,0.06485142135898302,-0.07447581300346043,-0.006747786408252738,-0.004402182094019845,0.07143713240413431,-0.04632400022009305,0.04593101784281967,0.04872548057487451,0.10011679139169917,0.1222236717242937,0.10313862759058823,0.06343058507245931,-0.020058669286500297,-0.07735779884314917,-0.09199894524885058,-0.2744869512034765,-0.091381886691155,-0.17285017198210145,0.06655742839261798,0.011201430848888286,0.01446799814794449,-0.2456265960789527,0.008529092516347994,-0.15948484829363224,-0.05574904345011071,-0.04866349034547079,0.056571595720999415,-0.05650581780025342,-0.05469675906729776,0.13202262259513334,-0.13001327406558233,0.03791332917187274,0.12417889644284831,0.09503479761271964,0.010085143101245635,0.05810429815904262,0.0815079287439508,0.10338112400360727,-0.15902175892678536,-0.06048440241710733,-0.010802140220838372,-0.1499191756686918,-0.09500466383428298,0.0323093140726275,-0.06801581176274099,0.07002109279932761,0.09093145511407044,-0.07427329100549046,0.06500851810925541,0.10536210693602888,-0.00488594813145115,0.2028368483902407,0.1510973963114121,-0.173281315798697,-0.021869293888234713,-0.16117826093197912,-0.0270202848266365,0.04225726417903388,0.30577717570109525,0.11619835733835868,0.02331265174238276,-0.163007138797187,0.0710184952071764,0.06581849203553687,0.23781491405675173,-0.04493494723570959,0.1395101139255048,0.08143533916590921,-0.2712244957160184,-0.06871911424528901,0.1288016642718492,0.18027507669768958,0.3657119432841177,0.047277221640951175,-0.10702931022566291
2026-06-22,0.08489835047998112,-0.09112978029524055,-0.014880123067442982,0.011756331985699846,-0.01984313301681695,-0.030060175948588307,0.06151274023760481,0.05571338325167431,0.13786202088160307,0.11925160546643436,-0.04839194167675409,-0.03782431080599114,-0.028793665301059826,0.04426496872098921,-0.09712908780699059,-0.022561748410565574,0.004816753606597166,0.07240499222783112,0.1553901365967643,-0.026855505845001702,-0.014533763734415861,-0.019010057966364596,-0.05907733269310368,0.02000359715932449,-0.10152217730740336,-0.042512798355456315,0.023287489183854503,0.03208239306615711,-0.0223592122832812,0.020750661942130832,-0.01811600469446572,0.06036268500628925,0.07877078236647393,0.11021477930551972,0.044358699172421294,-0.042978540003424284,-0.01892015389685983,-0.049830367508880875,-0.1137020952003226,-0.07188320141180986,-0.07449483393447004,0.06705690586423182,0.01847049580759811,0.021301103215157696,-0.07449783103558329,0.010096316924817933,-0.1080330617188351,-0.07789549175584612,0.003177743344039065,0.026279889454131553,-0.03733613458357786,-0.012326000646728513,0.06816928359775412,-0.04803773199089302,0.04077589769921518,0.02329109812698798,0.09354966406350294,-0.03277567774714504,0.025495051047677436,0.019816517019014802,0.10077285409829483,-0.0774652473892054,-0.0314633058502019,0.0390201090305103,-0.020661663831693954,-0.09585817165420253,-0.043024107350379634,-0.08854308284082926,0.0638450881778232,0.09144640591755435,-0.05785370643017314,0.012508591683251608,0.03821185936312263,0.038630403004938155,0.11404744260861462,0.06494438817189346,-0.1553002035535048,0.020487807236782944,-0.1164296262295033,-0.023242874645814746,0.03804489977548093,0.11909325815202185,0.07395511167781371,0.07134814341291403,-0.11656831039426675,0.06306427932207118,0.12490533469397827,0.14488228372707715,-0.043797636481174344,0.12311399384732842,0.08045346204437193,-0.12359172910914755,-0.0939699109371251,0.1561878553442805,0.17524376636615832,0.28657389575499154,0.047503508526189765,-0.09838556141840156
2026-06-23,0.09416852816942776,-0.08783833206215505,-0.006822488839444406,0.019309065558777302,-0.03123383798827336,-0.05099868135218059,0.08354177786725162,0.05236634578373973,0.13485409432249304,0.10238166360838284,-0.0285240503734374,-0.07556358531259129,-0.02752026150097695,0.05260782280821649,-0.12900893465534807,-0.0685843385723702,-0.00752354343334718,0.08729559570874651,0.24669211630420468,-0.06003011369299924,-0.044106248088200926,-0.03299943217955977,-0.07671989853235008,0.04466145655414344,-0.11223145824893802,-0.054247841706377004,0.02789131384423023,0.055760436038447825,0.005150133372198241,0.026482095119432135,0.01468743431116407,0.1208686812928853,0.11116057475343659,0.08747392346024598,0.13287959723865783,-0.09456497783218142,-0.0938900687892494,-0.049784631784285084,-0.1586748267030969,-0.05280575610152023,-0.12383482168170902,0.10738808471265049,0.0144263676481471,0.0429441219152586,-0.14212648433767053,0.021548885697300645,-0.12994209209626034,-0.07592573082725101,0.0028929711557268735,0.046266112676961665,-0.044168823258506094,-0.017110727356361148,0.1345398352449855,-0.0853011012674903,0.07794442902206503,0.06297191679796903,0.10365860172842195,-0.0346237819179264,0.04501772365134036,0.012084474005807365,0.11777516455468558,-0.10226735254060186,-0.0660648310422461,0.019389767015723126,-0.10711658541294675,-0.1063051843342364,-0.02383125839926422,-0.11146631402642476,0.05737698000324601,0.09159959623298507,-0.08491800859519906,-0.003005094385851054,0.04267631717849521,0.028832116779437977,0.18070121286867954,0.10594889855809214,-0.16673523169160093,-0.007326636391860269,-0.14805822266664173,-0.007654033653713711,0.051321320369749804,0.22889644128845996,0.07054960463858555,0.03674582040085451,-0.20997081603783405,0.06855625391075064,0.10367569489022865,0.21700727953133309,-0.04792568415253336,0.14484105309958045,0.12855365528837462,-0.23846307153162627,-0.06677362392637921,0.14980251946737413,0.1702779718542229,0.3666202876177394,0.03799113314663286,-0.09646644978693027
2026-06-24,0.08835780754019819,-0.08251611057640534,-0.009964062186603206,0.016148809511014627,-0.027904799697398425,-0.042354468569185774,0.07855720948766283,0.05291733554765694,0.13474356101110121,0.1078977599143532,-0.036699038768748034,-0.0704576146876138,-0.032724150578135144,0.048868847278163895,-0.13042724917201576,-0.06000810832800095,0.004916172709801829,0.07299889836749618,0.20277733928837507,-0.04924351702283599,-0.03663907795116799,-0.032091270279608966,-0.07116332050871943,0.0418175516570826,-0.1220372686334691,-0.04143059305998765,0.03613149091967375,0.05488974348611037,0.01654471463572606,0.014300561271541452,-0.0013548077407161338,0.10342891248399906,0.10702399862493449,0.09667782580601267,0.10344374689233674,-0.08043511535854696,-0.0617515302089707,-0.04343919415238639,-0.13080003452711425,-0.061100833345429345,-0.10051572375661892,0.10329161611184855,0.007891880023369728,0.03190490911845129,-0.1234674167056704,0.020617326780516664,-0.1283155079457475,-0.08689606205698154,0.0005717849605418462,0.046288095058477766,-0.03355904955134865,-0.02562721331253686,0.11191568857687462,-0.0769477689958953,0.07484986234547167,0.04954248595123398,0.10039950541009753,-0.031669909179218754,0.0461123321209309,0.009401661857011752,0.11164145184683476,-0.09000466060052363,-0.05939922619327362,0.028470490338658484,-0.08053482532351673,-0.09901918706025231,-0.03588754984961847,-0.10277960718636954,0.07084777489152458,0.08692081369327478,-0.07887457246186437,0.019784920529687562,0.035662026362035554,0.03293639215420076,0.15158802437756538,0.08876626507501771,-0.16491262189359066,0.002978904976127508,-0.1507826989624118,-0.00929430410777128,0.04234099516082426,0.18057675816146604,0.054388819824634956,0.04911098524311867,-0.18083614527941125,0.07364606173063848,0.09568139385844429,0.20680149424491304,-0.05376473092779582,0.1442164143144152,0.11747782143933728,-0.20926828108352397,-0.04062589779762552,0.15825927871512654,0.1532346203810933,0.3527564346508082,0.04592215484182443,-0.10171460597501304
2026-06-25,0.1070194762597234,-0.10449773023345466,-0.009351875546060004,0.02060632619346,-0.04191279105044019,-0.03139230956269258,0.10273680023090738,0.053387627379576724,0.13352716522796212,0.09543930226048097,-0.02020772691604459,-0.1079562737447477,-0.04644112770038254,0.05373806894659307,-0.15104898246362294,-0.08376703693310988,-0.0017136189038037333,0.08142111885857638,0.29501654803461186,-0.0818400766717522,-0.06157457367832318,-0.014423691802327327,-0.09928934500728627,0.0726331890261532,-0.11109791670836495,-0.0503907629603952,-0.011264113422817934,0.06580310420794391,0.008373944548787067,0.04471394630381699,0.032313875261802474,0.13192904206001124,0.13454429192038778,0.11634831279340786,0.1713627570002491,-0.1138858349625299,-0.1143344597489074,-0.05552328604950103,-0.19117910325742526,-0.038078990445161665,-0.14609072716261304,0.11439236097051714,0.013483881759984852,0.04224276766153167,-0.20412912030243177,0.043113109919615714,-0.14206829643145594,-0.083812536211579,0.02706058109349129,0.07054861781333868,-0.059456315576960656,-0.014113038867799273,0.18192523005800615,-0.09785337599341115,0.08325183754672158,0.09520575580383038,0.08774162273381918,-0.029264215570515596,0.05833951690015269,-0.017726394788517577,0.13046247306616346,-0.15978485817309476,-0.12865146782240283,0.009749876630679635,-0.15599785113725895,-0.10352960892820659,-0.006374050527007737,-0.14585248664506403,0.05414569788508478,0.09505978580350201,-0.0867211581430578,0.028304461232385503,0.05256468058685453,0.00754656309864642,0.1981401405295357,0.12147874309845381,-0.14217092418660673,-0.006609949838003953,-0.17112774480263804,0.0012923864184463535,0.05598115767060188,0.304873874366384,0.0656056583603478,0.02654575424778361,-0.2186021187865536,0.0727731441247567,0.07403398098188038,0.28252998619074254,-0.028554118106177064,0.1458810828877623,0.16649798687045864,-0.3129722741181629,-0.04911014965440087,0.13348274740308005,0.17103308215315588,0.3749494134722826,0.033456346496087454,-0.09286479280746597
2026-06-26,0.09681972265062372,-0.08714275903973222,-0.016848848630516083,0.018706931208617848,-0.0381136523154416,-0.035387942602880355,0.10465357569599465,0.029876372180397626,0.11726453226844999,0.1052248204154199,-0.025248253447434657,-0.08161272608297004,-0.022582125732737962,0.05203073150129543,-0.1335180643144877,-0.056460282418382274,-0.03853770947702078,0.08770002451327905,0.24762164166998754,-0.07388814635251417,-0.04970857867358238,-0.025957935890268242,-0.09002051675628714,0.07280506078241972,-0.12918532075037598,-0.03648370184176114,-0.013699044211299213,0.05696807161065943,0.019388926504757625,0.04790167367537971,0.013968490571294418,0.11229646466083805,0.1129086942141342,0.10220030957536437,0.18670542808372226,-0.12083698222189428,-0.07566490802724231,-0.07128973471609766,-0.13459212848743865,-0.0563608194653973,-0.1236192784515568,0.10029692806116405,0.016039147714172912,0.05527486204159118,-0.15554071649199547,0.028208960467377746,-0.12941812268142347,-0.11300454582614657,0.03413725411816462,0.05099038214520883,-0.04673941295937622,-0.030682976807635702,0.15596093461990976,-0.09070132808776978,0.0898639066383028,0.06307869995748323,0.08321177210188085,-0.023434386950347774,0.049861696691663425,-0.021044687616440717,0.12621692183688193,-0.13816160224904298,-0.11600186760998708,0.06827825844951611,-0.1073826700215823,-0.1052554525403204,-0.05474792508714432,-0.138434640167767,0.05284356145273414,0.09935131482901484,-0.10774964592700687,0.036083625500743156,0.029141849234166836,0.03734476240010181,0.17721903292968696,0.1345512611921508,-0.16047754904733005,0.026868226885703866,-0.14959278395894623,-0.013929164300664166,0.050270310726287105,0.24404956458956412,0.06495372498074374,0.07028103910434258,-0.22610473496237155,0.07278990290144574,0.10884726163663593,0.2346615195938781,-0.049847869324580275,0.13722417780533785,0.13903272008140938,-0.26089607850838925,-0.06564935572287194,0.14169858092907905,0.1630858835189238,0.3554672600759405,0.052376772900377504,-0.09304657313776162
2026-06-29,0.1158876567279107,-0.09330115740205241,-0.01326550518017803,0.02412358200328204,-0.046298666125346735,-0.05396153046440616,0.10684148748866097,0.03542568717886719,0.11825898950954193,0.08064247643259628,-0.01494751547270194,-0.0791555991327429,-0.02577764543631631,0.05086303331044154,-0.10941489273696653,-0.05597003644766978,-0.09588904318322153,0.10102776284717727,0.2725868803238448,-0.07250902338868771,-0.062299797915095004,-0.003218687237769741,-0.09865882588736472,0.09238290393263622,-0.14881103900885823,-0.03616043914255199,-0.07276819420943902,0.05726716735976841,0.012636661924225804,0.07108913461581559,0.03579667647462733,0.1322603579016569,0.11063685330080936,0.10606323800041474,0.2172454764040428,-0.15277747889573828,-0.10606687769678198,-0.04745104699365625,-0.14670596718326917,-0.03582183822315206,-0.14940907563602177,0.114495793149172,0.021144859022912254,0.06518432141638451,-0.20435898954912918,0.04791425885659191,-0.1329153772264605,-0.13643917523634147,0.05004086665253336,0.04412632777043795,-0.05268809700094605,-0.0352159335273814,0.2347788815342112,-0.10329801234344449,0.10495642666912855,0.09000985732272074,0.07649685251093397,-0.008698163900371208,0.06683602266088604,-0.021989653138176107,0.12618038185274144,-0.1581721235606026,-0.16082942308153853,0.07062563146777283,-0.1883792971739799,-0.11041550802010275,-0.06424591033801642,-0.15094042308670585,0.04260317100532602,0.10597455450677411,-0.13199457640065657,0.01307138055737026,0.012766359374053628,0.030354711708436982,0.19116422156795942,0.1570939960498415,-0.1721297857536619,0.0052008877699024165,-0.15679004216399275,-0.020250317555504813,0.07755573348695548,0.31936183516214284,0.08602645362102865,0.06177180271387596,-0.2587418537562935,0.07969498100595244,0.14023156889733052,0.27323254115076573,-0.03496352598702854,0.12451896846990126,0.17273128102935065,-0.33341508037483,-0.02982789462227947,0.140783427449773,0.16747168397757342,0.3795319398700444,0.045297983270463575,-0.09292694247013651
2026-06-30,0.09681889847325889,-0.1049626629214535,-0.005613230153265989,0.02047397143765339,-0.04645938651493087,-0.039599311667931014,0.10964109120565946,0.01593924083386235,0.1336287331394169,0.10750222354584485,-0.019402980782331186,-0.05548023272194891,-0.011863479317578468,0.05582313026360776,-0.12061626305000363,-0.05086404498095392,-0.06003327399839008,0.10497252674923957,0.21423870551078314,-0.06511002989121327,-0.058901774197716875,-0.03656641526905693,-0.09749291975901389,0.07041997818336178,-0.17452689688890866,-0.01686300645757198,-0.0503789503075682,0.05641770116142743,0.02058813602508356,0.05069590549704472,0.0215969705836995,0.12366154862402441,0.09265163341995547,0.08478065300820928,0.19849630453202435,-0.14027794761351334,-0.08123995588317294,-0.05282516244634364,-0.15681113789923776,-0.0439443072796348,-0.13198092234273448,0.10414425782168006,0.0168011809652561,0.08385414492442086,-0.1764970702246277,0.06277522762756745,-0.11515262526647187,-0.14093007430112814,0.06025433657123659,0.04000271155792204,-0.021451908742488562,-0.021093888790325095,0.191328301695442,-0.10512060669590267,0.08728176249969989,0.059451903717631545,0.09908368640523002,-0.032746821229967936,0.0759890989522428,-0.015566879114481716,0.11931663141295085,-0.12299251340506746,-0.15137731652776878,0.06762711514556151,-0.11659846541392867,-0.10295070231535641,-0.08318649186730967,-0.1538737867038821,0.05115864062240488,0.10880161547054337,-0.09820726649114057,-0.01622760585737066,0.027573060054698152,0.041559495896342113,0.16327787021845597,0.1536552101310367,-0.15386911389305905,0.0060359910315654335,-0.1492356829195932,-0.028491506334323027,0.05052054533204065,0.2432296633042904,0.07950077865987855,0.07552651562719426,-0.21065234688482232,0.07233300164433881,0.13743916533508735,0.2455562849564765,-0.03264546902486991,0.13488538266847502,0.14896478783814884,-0.2712462282410069,-0.05646282217776233,0.14668374573033136,0.14346385379653284,0.36750744735673146,0.05477842883235652,-0.10031771123079851
2026-07-01,0.018114278563105265,-0.007933854907729779,0.009566985664300845,-0.001199725543736133,-0.007274956769278111,0.005812567520000061,0.009281757383974536,0.019820709446894444,0.017028663637681372,0.020142619215867803,-0.026244215858031425,0.0008434065078110065,-0.006844948820674971,0.017332866576673996,1.5017190573151859e-05,0.007271064949268505,0.0037200016996819857,0.0070176212653412,0.009633921399550884,0.004712107874595904,-0.01039688543964423,-0.00327753435598894,0.0016832103253488478,0.0006822453546981438,-0.007088134225918358,-0.009434641275601315,0.009863843942373727,0.00044154293489530316,0.008963531497774619,0.018104902075928263,-0.0044312362975299936,-0.0020344778251072514,0.00999580496232456,0.014293250757635493,-0.0021307637510028492,-0.0042610809137857,0.007796062833204451,0.008390110927606626,0.004592411358631881,0.003049399409556592,0.00338371382499593,0.004467516401223063,0.006426290104141862,0.009548916383466393,0.01365230424072407,0.008237772276577498,-0.017938384320160435,0.013598323255737566,0.006407797959738523,0.012711209083407761,0.0024857596081494663,-0.010597709592096721,0.0035375224026034406,0.0032696387010768034,0.005947900593493199,0.007382294572791423,0.01584753074527291,0.013344475250728304,0.009998397670637132,0.024667291990137452,0.02116554478585201,0.01183505675514017,0.001543409216606069,0.008007893654969825,0.02652310219853267,0.01155475740536317,0.007464069386796886,0.004560776210591146,0.020593890957491416,0.04488259401599728,0.003376642713863478,0.012636719567011453,0.013005197083999389,0.02081388702131913,0.026146311770654247,0.020545799320894946,0.014273593921058505,0.038025351486459746,0.012007010668126488,0.013129374475132249,0.02292848945547143,0.0167484400546926,0.02131544561816396,0.01523784925481557,0.01925005954018576,0.04639100666528038,0.03928727615018486,0.03322564014338467,0.020898587442388657,0.028531598078335142,0.023104732424820536,0.028409947954956792,0.015834700483298252,0.05050555747645853,0.04461352880265673,0.05136428325701544,0.005293634190383367,-0.09702777005226913
2026-07-02,0.1489557597302374,-0.14256443330024016,0.020948943732450404,0.03255614129035961,-0.07796395968768512,-0.020589520912106925,0.09142630054479842,0.059430442249616085,0.12152551286535393,0.06934601220552218,0.002408810301457215,-0.036432828695924346,-0.047245436183494895,0.029140212590532837,-0.09298567655075901,-0.05488914848118068,-0.1614004504347411,0.0999498873438806,0.37144897104041225,-0.028734518148796337,-0.07745099363013619,-0.0010502695366810932,-0.12574286754787278,0.11428208032698152,-0.2922535146212082,-0.0018083451885445474,-0.10534540443083537,0.050460283842374117,0.05274521418515667,-0.0016267633542484273,0.08536827188654157,0.18779949941943125,0.029295318653844854,0.12941162138698367,0.19765593373659865,-0.22227713991810033,-0.2348225275627591,-0.02314747820395565,-0.2789757550113515,0.08560235103561302,-0.11147537594597334,0.16193224049478977,0.022026259970050605,0.20181034762466085,-0.2902402731637331,0.17459580259494603,-0.10501929213020214,-0.2664371887295232,0.0923870744716831,0.03979164331902499,-0.0048776597257372874,-0.09021977573256577,0.39949353711220686,-0.11144807527628037,0.09131432921506172,0.024466114323415177,0.12589521949969476,0.04117150312703368,0.06416159242149366,-0.043360419821066615,0.12266727570307341,-0.05038415907480261,-0.18797678182962269,0.11258251091421675,-0.28993517035435795,-0.18530784935243974,-0.06897502848095612,-0.23576773181006014,0.1225749866421541,0.12381480802920128,-0.2126179571200992,-0.12057513828844209,0.03826558057254211,0.02048588573963909,0.25631878087525095,0.21537568290502898,-0.07403190973142024,-0.007509265604947959,-0.15561382484763855,-0.08661937145268774,0.023729955635790362,0.29986871613817395,0.11862647817611462,0.06633169618762626,-0.18653933704174858,0.22345270117308985,0.08960648823565712,0.2514967341552145,0.05464150045801389,0.14495666562782242,0.24860210062266627,-0.48567527499206187,-0.10753399016557609,0.10718461887709302,0.08861288323714446,0.3993855883764727,0.0719647588495986,-0.11390174760122673
2026-07-06,0.18649013533104947,-0.15225314077957336,-0.002015912464391664,0.03443308772834455,-0.08858519145163603,-0.07231121875914663,0.08742592979205566,0.11624845560164089,0.0922078300918946,0.09739571979677497,0.014536614734022492,-0.03379279285004218,-0.07415228069571211,0.03950143970269285,-0.06477877100059437,-0.044385151595926015,-0.18404036704185597,0.07478328401171576,0.40961341707899246,-0.01475820424215468,-0.07766766920313037,0.056025308655219146,-0.13954541390016967,0.1255467577747886,-0.3124317417021316,-0.023773464831833846,-0.10923742999198312,0.0629262178584645,0.006060928856216538,0.02630967697026413,0.12071776402169775,0.2010478522344037,-0.032932202870427967,0.16124380863370877,0.18028647132039619,-0.18557648195512036,-0.26606315774185574,-0.07966892219767659,-0.356654480055649,0.07466293031870154,-0.10975289320831398,0.14321884034163437,0.012549097208518755,0.23227865851163665,-0.2798733029612634,0.20681421886559656,-0.09184025378819803,-0.26876393544070165,0.13104104282932508,0.050511525410747576,0.007063283770542847,-0.09777948563942455,0.4121771395023224,-0.019540100650062696,0.05492828517569223,0.02890220376721305,0.159448415683255,0.09850522333019293,0.05012484610264781,-0.07102895844750197,0.10871628620905782,-0.047141849224351946,-0.2540424162338069,0.09590550777354612,-0.3642803644556075,-0.19510742267519235,-0.04531173739021862,-0.24836334590011022,0.1360794290234933,0.09625334364832734,-0.23849550281889906,-0.21394269307816868,0.04909724891641981,0.006307856510216154,0.2927752168198328,0.2523803567712122,-0.03175168850210709,0.0003881099890194091,-0.14666727204983138,-0.10024564836821674,0.07030945270880598,0.39322660232129014,0.08196295550356054,0.04142357645271863,-0.1337150777154321,0.28406222093649464,0.14661058369162508,0.21167143937001637,0.059140704897176787,0.07445968074775658,0.2764383077589898,-0.5510512672204527,-0.09598948713287864,0.0456641912222097,0.094213359538961,0.40194760196836343,0.05854499918108076,-0.11329674474079242
2026-07-07,0.029910135279706818,-0.015459918419329819,0.011928773265987286,0.0007018880751902944,-0.010724871742285745,0.005372179100058399,0.012921820453852349,0.028123004203482356,0.025945980488826806,0.026827516997414855,-0.04101759806465736,0.0008771702560211054,-0.011189159937050998,0.02191021889098453,-0.003659734987925661,0.005221517877408341,0.0020499244932237447,0.005108894332811493,0.0077122730002312425,0.002268888460324827,-0.015064138464562641,-0.007545741292247129,-0.0012661421785759228,-0.00020481156745410546,-0.015524255204698753,-0.01764562321985421,0.011255098086186717,-0.001696125509002706,0.0057637677867310635,0.01924378024712502,-0.013863184544771005,-0.004570930845002699,0.008879649178151584,0.018777770489688404,-0.007069931683680456,-0.012335646346487825,0.006457036020395029,0.00519118777867363,-0.0013693100038302906,-0.003577855573750406,-0.0007976127027501285,0.0021453920774876564,0.007543636885024173,0.009623897547823319,0.013546197585011256,0.005672624132756621,-0.03186967984428762,0.010519910255609298,0.0035925078125522746,0.010627959981919632,-0.0021523608703977112,-0.017622562628921735,0.0005861837529291362,0.0015263473432259762,0.003796845925581471,0.004859927081857237,0.017839443541544278,0.010568705043202077,0.008054805078869028,0.028202478937182057,0.028702468812908125,0.013264517624830824,-0.002262684042850724,0.007369210373193057,0.03303286689899641,0.008373032126027934,0.0028370631728263816,-0.0029091147143123965,0.022138155674636083,0.057942272630523275,-0.0014509352986060969,0.013166717508800805,0.014568380530219683,0.02591466651775952,0.03167758283125137,0.024881490963496854,0.009730127502129733,0.047097141238670634,0.0020089447960397813,0.008063017869886531,0.028441976758035274,0.018476069324337485,0.026022455654977954,0.01618608892748223,0.01879675725437851,0.05921769045057887,0.049711602839679576,0.04127364660719587,0.018105420568638734,0.040319077801999156,0.031927847917122845,0.031789921196581236,0.015178625080266246,0.06619605696973428,0.06012221970201045,0.06976643155639398,0.004272494200924892,-0.1048774479402919
2026-07-08,0.1451939151553311,-0.16161499487485237,0.01103462038845882,0.02823454877624175,-0.08584684002406155,-0.007907647615770995,0.12477479308210157,0.042957976293048164,0.09676987734970742,0.1406497660703169,-0.014991486478743763,0.01683981526546149,-0.03587337322050846,0.06895486752086771,-0.08662933001069331,-0.023314488478247693,-0.11902274406650427,0.15657549256031283,0.1805323579063871,-0.04668223852076574,-0.05522854736507758,0.022513699747116492,-0.2002756818478738,0.02374495790277227,-0.29148233073441315,0.03782767956445882,-0.114778560472164,0.0809482477084189,-0.028055831493194426,0.04500260763537722,0.07777785950959666,0.17555196851957122,-0.05046022993614102,0.06394275044877572,0.201800828318469,-0.14634270303176436,-0.2470129355471521,-0.0799903133064395,-0.300331437132398,0.0900259698051346,-0.09128258982216417,0.047618071189146724,0.0008291378573188485,0.23649343984868249,-0.2588523719806329,0.24841534527799652,-0.06469188837638477,-0.2365855801217923,0.17428253591505713,0.07189578711364505,0.0033630056673610966,-0.00904083766965678,0.38622753526717174,0.004667016807150027,0.008507005781691116,0.0110431378290046,0.186790070154735,0.014940445629464678,0.08687040843946017,-0.10071467241197005,0.11183424464282415,0.05590162892185031,-0.32609810343980195,0.04245173089981462,-0.20479423297590255,-0.18234018948831973,0.03351769521171952,-0.29826019085372996,0.11547101028205396,0.09840914969113188,-0.15182609560686408,-0.3308980242679569,0.06998549781775412,0.003228025085406848,0.20915650956979068,0.24008129522613011,-0.08322085723953618,-0.001732378932456348,-0.14160625068049928,-0.06048162815748849,0.09652006260386573,0.2802936884902025,0.14138581199932124,0.07144463507493794,-0.16822749798130937,0.21666366249394975,0.16962061975555504,0.16028699871331295,0.04098740446621895,0.18674046334006425,0.1790972127552156,-0.41238908167776356,-0.17821648486683675,0.03285198790468659,0.09562631559409175,0.4652131244692034,0.07976603929785624,-0.11303168590493613
2026-07-09,0.1162378984564061,-0.1218068669770307,-0.0014767639276970206,0.017501836277464003,-0.044083774560827745,-0.009615963340135711,0.1129791553857632,0.0476860692847311,0.10938931184545818,0.09370969296458066,-0.02780085898563786,-0.00537528261861084,-0.030495324394391912,0.06318910393070556,-0.11145912418681639,-0.020810931597788643,-0.03807020856475055,0.11574043689709633,0.14777019990346515,-0.04239581194330745,-0.036278190999366966,-0.004838899419534625,-0.14912810680652966,-0.018394745055045444,-0.19001167424781007,0.008717527963466054,-0.05355260651239448,0.07056649449073923,-0.011408099125693854,0.05288961695941489,0.032525809256052696,0.12047516682748467,0.00027162321733526645,0.07217704566357681,0.14083232405707458,-0.08303414512262708,-0.10631058225440536,-0.0671228532676477,-0.2196804221697651,0.009112125111933224,-0.07401409636729976,0.030892237403940148,0.006262120522301645,0.13375466337586348,-0.20323486716480707,0.12038683950132986,-0.08912600297855032,-0.16403080890101043,0.06109850160299167,0.03195631034223457,0.023612531628691674,0.0009819307877549609,0.1883803916627594,0.00933379954110523,0.03750790424455393,0.01891254656330389,0.13651972470430115,-0.00036791786510079194,0.08451829909804859,-0.06813615591062201,0.12874390177370834,0.009499499229358305,-0.18464926238632431,0.03553079993722903,-0.08221072895150756,-0.12859330655030243,0.005845908349659732,-0.18491060569018888,0.08421978731400766,0.08846665150403837,-0.15698909857430918,-0.20868437500964385,0.10241648872950719,0.038653267184001305,0.12167846101054755,0.14218716476296236,-0.1307300099790578,-0.010193395420302809,-0.1408719716904255,-0.04599656770814169,0.0756822103446588,0.20330699317308196,0.09072578974562019,0.0706281606140764,-0.13986443222762676,0.13351528195701126,0.19687498889031815,0.14092213692591588,-0.011788259500258755,0.18787707344365104,0.12668593590908991,-0.2883794258019634,-0.09464899282185427,0.07845996847597889,0.141588636461134,0.412558879434687,0.06890874584581294,-0.10029445291087123
2026-07-10,0.14170427581291847,-0.13978796228248483,0.0018449164346419147,0.024544593861273434,-0.06807082392906263,-0.020957190770355905,0.12456940466320808,0.045091752965491345,0.09509271070466774,0.11018760608958447,-0.01805165344092633,0.009757359587426047,-0.0313043005228427,0.07075438063565716,-0.10354913045002002,-0.01905774126594042,-0.08287072676858653,0.13601297661720588,0.1783035778487743,-0.04818236721593483,-0.05028722807344112,0.012696908745615687,-0.1740748906534465,0.0170868861695524,-0.2527925778298858,0.015268899388250799,-0.08496955217139238,0.07320512918801177,-0.01996513152660513,0.05293976804918233,0.060804268422362286,0.1448209656938245,-0.017179841114309383,0.07092138192080355,0.18511165874616442,-0.13365564249723477,-0.18861774603567338,-0.07685019834972137,-0.2809976503690874,0.047386558001111925,-0.09213498398357889,0.04651576827964167,0.003457024552854805,0.19912260467627715,-0.23722348484823458,0.19014856781648326,-0.07766153677427186,-0.19541874721126803,0.13384563988731096,0.054655607388541645,0.020355693475868658,-0.011994193783801498,0.2923868183170908,0.0032775036864153796,0.02028293592476157,0.01859056350432734,0.1712275167762616,0.004888065354723789,0.09412490256102243,-0.08521122067697108,0.12309162064026394,0.03019591557188646,-0.26697541884682585,0.04841150445246337,-0.1557990596628919,-0.15442342137670811,0.017408542613326507,-0.2463084942959291,0.09281603556668556,0.09459559595113302,-0.16484566554933205,-0.27391040224715973,0.08989215541146972,0.026856408989552515,0.17539733443864947,0.18253638826620452,-0.10210310948117397,0.0013461581419064172,-0.14060981922559354,-0.05542831080076302,0.0863045184985123,0.2652342395092643,0.10412920299129604,0.07703220039970912,-0.1748822067293595,0.17882791846217522,0.18384183831887124,0.159475615341088,0.02578092931748921,0.1884888673871921,0.16183800141729202,-0.37794919119289744,-0.12812496858965353,0.041760721183831784,0.11695840137511807,0.4432054788217445,0.07496246007542161,-0.10914665434649119
2026-07-13,0.11972160629738418,-0.11888810081191327,-0.0026580017046868055,0.01676254236630305,-0.0411812396821318,-0.014599499643684491,0.11172272780177055,0.05100920660903207,0.1082847392587502,0.09778876363674673,-0.030767835326854495,-0.005410223417210928,-0.03314252112830851,0.06526516900513876,-0.11328951367722863,-0.01869272024008297,-0.030212498616487386,0.10533384579865157,0.14549049406459905,-0.0403047054131464,-0.035394187912539836,-0.0005027328057842628,-0.14544998845301388,-0.020100749278101765,-0.19876022164573373,0.006482559695996238,-0.04548543552924625,0.07381914184122913,-0.005580005929637916,0.05059882408141798,0.029601943948828292,0.11516711503156885,0.003545983295747195,0.0746812613530376,0.1309513905928785,-0.08102837620335496,-0.10062179488065416,-0.07275826956723051,-0.22687894122162622,0.0017360423135926104,-0.07159934845465679,0.02782500810283136,0.005238983607884723,0.13959992498935864,-0.2031240122062878,0.12078615115397136,-0.08944048851019734,-0.1785951576060455,0.07449534909212427,0.028872711387354137,0.02713428846813591,-0.005573337677343441,0.18236916925352778,0.007179783904556254,0.0390345286400526,0.023755058242106723,0.13725820499021396,0.002700297261392302,0.08710846214332599,-0.05975754710825622,0.12731921572906318,0.013037428906549417,-0.18208988061221976,0.042484494795547646,-0.08382124495399212,-0.12429844721623769,0.002610147649195221,-0.18531327966505182,0.08718004948859098,0.08882531911290595,-0.15361719112590003,-0.2042967154525319,0.10319853653838996,0.03883423494869447,0.11002577688743799,0.14061857657383947,-0.1297813151096517,-0.007909060326405834,-0.14178500768311914,-0.045780359268928705,0.07221326963849004,0.21113121108424487,0.08162230501880853,0.07846668168707048,-0.1346933819898921,0.13922411290239795,0.20693896888525956,0.13183756642807629,-0.014278161289270322,0.1822506920114006,0.1240472337439957,-0.29514694460776164,-0.08395901954508654,0.07292094508437282,0.13507525007214985,0.41317840972852465,0.06629354313313116,-0.10408778478014946
2026-07-14,0.022195823680753287,-0.012123221438891883,0.009013071188324591,-0.0013267945106250154,-0.009814215289063394,0.011076360990624513,0.008784173934577493,0.022582782608742382,0.020232514645983413,0.02219954161210331,-0.02709522977505279,-0.0023972704588085033,-0.011019109744072315,0.0153774113941549,-0.006264514505683201,0.0035065085935246654,0.0005086369425950296,0.007338015656434245,0.007774345879521716,0.0057949868370156705,-0.012990625330344978,-0.006652509690618239,-0.0003811689196913503,-0.0024761942596922704,-0.01045742732492193,-0.011096644171384949,0.012248584600929037,-0.002024532211912046,0.0085791187556496,0.02568924537030054,-0.008648306218742298,-0.004292149275627238,0.0060364130001903365,0.014825560527261875,-0.0014645680570200218,-0.005215252836105706,0.0072266737126481075,0.010467472864788807,0.0032337049358174266,0.0014986301624665098,-0.0016246133133080293,0.0009050843499553603,0.008746798295611674,0.008299475576404355,0.015743014415170085,0.0070928010693928215,-0.023300283320930155,0.013063467967871058,0.003160314663652376,0.013154198880557497,-0.0024519506896507597,-0.012174172855397248,0.003742483612177297,0.004167527011448001,0.005480603434751957,0.004270507278682438,0.019408034573020278,0.011431534300373093,0.01028362087152369,0.028012477221377806,0.027560938861830732,0.012168913194915322,0.0010533676222556198,0.006940264156991806,0.028143143714005302,0.012549530656128407,0.008895531912172048,0.000708773997878288,0.02281821366580323,0.05038988027322417,0.0012359058002534389,0.012103374522994731,0.013439588631866686,0.022981604169467772,0.02895461159818924,0.020162095868549217,0.015180719473199454,0.0369545819304911,0.008606412226399084,0.009573831711636858,0.022503210297110353,0.017616043529830427,0.024807796866296423,0.013623431145547888,0.022129089037169702,0.05555890245883407,0.04748326875710888,0.035754766795826204,0.019558097775848805,0.03031138115781725,0.026480392435003705,0.029544390927519627,0.016454208468108016,0.05659788554393661,0.055691688723848685,0.05755592840886865,0.010208359135337694,-0.11016089267109853
2026-07-15,0.09812870425782189,-0.08237420574933153,-0.0043317324368714535,0.011235896302991957,-0.0007883185896089724,-0.012089817835066482,0.05834954810222832,0.05076789600587198,0.12499487261724503,0.07478307897812123,-0.03224351511803285,0.012004307766055293,-0.021838288640305396,0.05648052316209514,-0.11903302475911799,-0.007579710837245306,-0.04245169926770753,0.09693229484465012,0.04534332114373446,-0.00306988760789894,-0.005617420516389875,-0.01571002006139796,-0.08533386498635875,-0.024970516938531993,-0.12426368708805867,-0.022524634077350413,0.009912764448171693,0.04805909324288793,-0.01829361364946342,0.08594394537192793,-0.009353069858477484,0.018847628087280716,0.012456351888240456,0.09648337705213553,0.03231346362247968,-0.03642403171192305,-0.013167481062013037,-0.054497337468548276,-0.10068343734214448,-0.03915050796486152,-0.06833604746707053,0.007223955088679546,0.028105562410066787,0.020615483019716253,-0.036469449998924014,0.009049478856313771,-0.08233268067572372,-0.0777538638620379,-0.015036168561464622,-0.024993568101312882,-0.004817706114486021,0.017954726418341626,0.03428701075248156,0.0465724839750012,0.002038733606626807,-0.028227573397923783,0.0909419952351132,-0.03986140271148888,0.0784147001066281,-0.05897058042237112,0.14017765256087142,-0.003004016954613083,-0.02145351017453514,0.03238417639622095,0.003556419993742889,-0.05675199368532681,-0.03360140469298891,-0.09952097039166816,0.08296756167351574,0.10795165161507936,-0.12628718028271665,-0.08333243476456728,0.052833139479399306,0.0685741504882767,0.01866747031719987,0.06409567611157256,-0.10745891060100764,0.02247697057180907,-0.11518732393976107,-0.023864709221126976,0.010608068229631942,0.11343452109045885,0.0528766151635233,0.06018970076032107,-0.020300062661238426,0.1371680634994049,0.16596231950944565,0.06848343376166328,-0.02962212710380186,0.12182624136380601,0.10143787790043729,-0.10648980525257114,-0.04191301854133703,0.06749945024716736,0.14403674727395696,0.2936076308463145,0.08736938320247224,-0.10504978527243035
2026-07-16,0.29093581938514806,-0.14091308365178076,0.011509169477797022,0.032596100006602124,-0.03366913569055463,-0.2154091756698017,0.07482065367350083,0.05098443167370226,0.1513528234726278,0.1358256653402477,0.011232209069171526,0.00178333623284542,-0.07638796453147405,0.10011184072189337,-0.16575295725849382,-0.02718492255760977,-0.1068446767527287,0.1564818890556027,0.1107953676657862,0.10727856925295688,-0.002456345889905181,0.038872302015578376,-0.1784313114484707,0.04219309460374931,-0.34896446109572155,0.048433752748542544,-0.15956708024476207,0.16257297079265615,0.08895343392855129,0.08780016774957226,0.08002729544267892,0.031599931310877745,0.012919323160320142,0.2366185876961332,0.06578869111859793,-0.07286057497809299,-0.2924715769900505,-0.2074794313640685,-0.3982500575962717,0.07907526038406676,-0.17467015806646347,0.07119383624091692,0.025611002548350137,0.057085243245693876,-0.2578360054281733,0.21801820476444092,0.008035480477635113,-0.23106360057194386,0.16094272630176473,-0.0716720203502022,-0.04817803658591934,0.02714632548375273,0.2158949514183124,0.04909161824925018,0.021196647043422494,0.035884161978944965,0.25068245982176157,0.00650842268975748,0.2078797248824845,-0.24690378080477715,0.22084533967637984,0.03405024883406549,-0.3299896102102116,0.1730861622769315,-0.28792243424242947,-0.03466985964315131,0.02267790308572073,-0.3768121254870484,0.2842642609890945,0.1617411820927914,-0.368618109617295,-0.03945502316246032,-0.01717454627165188,-0.10079364255167224,-0.04854124064247593,0.15015416576558294,0.10227640364209431,0.051467326704380985,-0.20647721200240515,-0.027605498038036157,-0.08683246397124945,0.43456902419735044,0.16401261545805468,0.03849895350969944,0.06236116110910736,0.5140567428637617,-0.022092362920580748,0.09941933409460606,0.07248783026813435,0.27702725960746405,0.059535355653575706,-0.4422184349149672,-0.07075729368925442,-0.10026358940297575,-0.0807611538815592,0.5554453271646571,0.2227291941917764,-0.16848832413423231
2026-07-17,0.1408634534593868,-0.0972916523248561,-0.007462513482920071,0.01538121374056189,0.0031953593477277798,-0.06893841909282641,0.07225587867376503,0.0434066131476193,0.13161720170602767,0.0959494863339543,-0.026801947362475334,0.006334727293918971,-0.03863380965607878,0.05798931148561205,-0.1402069282892027,-0.012219924763122706,-0.05422742692122079,0.1306235470913309,0.05072068960979252,-0.010011302550347852,-0.004987659921219842,-0.009072580633853163,-0.12707966003471707,-0.01997079956894681,-0.18269395370884908,-0.008564057736214848,-0.03019686040365519,0.08738422710745272,0.012114779195356778,0.11888653018202838,0.014261310182779275,0.005519249288256817,0.037172065673204656,0.14718940586441032,0.07742692779297676,-0.022127850859910987,-0.07346078615038197,-0.09912200070763953,-0.1518678846501116,-0.023367528900597533,-0.10268475120687562,0.018809300116460842,0.03939959106457075,0.05363933562808173,-0.09427073905637698,0.039892044432060396,-0.05387186761235743,-0.09893719376845506,0.015952733014697858,-0.03946049703584841,-0.025223659420746967,0.030128551910574987,0.07590092605591005,0.04197266929186429,0.0012831289297860968,-0.004578934915797334,0.12114567814965821,-0.04091566238012672,0.11257750362296108,-0.1242370316963602,0.17406138527350587,0.006684694706673612,-0.0861495957020556,0.05360944309430362,-0.05983848711330321,-0.07884101698246346,-0.047126953493533116,-0.14010926352711978,0.13381864027963225,0.12302874362383812,-0.17378154787390657,-0.11569519589492012,0.06329615869239053,0.03963338385531116,-0.02041185095461818,0.08181021228268226,-0.10113969738068634,0.044174769445952514,-0.1456953080665265,-0.013825387441249332,-0.007329377479392671,0.2350949176541694,0.07274291413032656,0.07453795338531559,-0.04518097534449945,0.1965821897046375,0.14530515347211445,0.06904491563429914,-0.030733317898967757,0.17271517447703724,0.09682512064708883,-0.20283444119440727,-0.057879599528828596,0.014893286490670024,0.10272597474352858,0.42340911770988976,0.12286753086876866,-0.12679721887635376
2026-07-20,0.15137163057703118,-0.11465456385593578,0.007040797761329757,0.016974266624795058,0.003022481024036415,-0.05718865449059658,0.0401895221728723,0.03403521137418965,0.1586625123240603,0.08067728289253212,-0.023051206722439578,0.005770425137980519,-0.036091857033876004,0.0566262547798978,-0.13265779969541155,-0.012557808305689458,-0.058558847095263725,0.14021344614336276,0.04978519788861019,-0.028743383314033123,-0.004374102344065954,-0.00468264374231964,-0.12714592234785713,-0.02599983558338772,-0.16070492865478403,-0.03290732159965941,-0.03979303263716704,0.08023306859746619,0.01665734827123479,0.11973985071551634,0.01159067939041585,-0.010236125351438854,0.04245279686815264,0.16915121449986914,0.056930069496047724,-0.033947062065686665,-0.09331851865315353,-0.06703717392910723,-0.13141559612000664,-0.009921009433984046,-0.11142949207191302,0.031052681708037613,0.03602649731263925,0.09035606048239482,-0.13052829432309349,0.016586273315533244,-0.06268431614993993,-0.09395601654259489,0.01611616170026607,0.00099551968072948,-0.0020940042068703715,0.012586004906047523,0.1067099786482864,0.05323204575360713,-0.025742895697767942,0.017548384765973826,0.07866203515435216,-0.05056829784410999,0.10853534164256605,-0.11245828462873382,0.1797773246881666,0.008801417017814669,-0.009546486775093494,0.048975183177658574,-0.0824069765356232,-0.09805358946153256,-0.04498475084467519,-0.13458100469414472,0.13343402943237656,0.13131233608753404,-0.15706826670250626,-0.13876907765735516,0.07082846918812657,0.07086334792837055,-0.006433858411971348,0.0897655515132241,-0.09983248687960387,0.007033520484680596,-0.14470433708690006,-0.0020094655524276004,-0.034428457217658914,0.22536714194284999,0.042386444368348736,0.06845754304042066,-0.0460116496013159,0.17882620443464628,0.16187561406327297,0.051045734168400095,-0.021475959567616755,0.1298794682074679,0.12093459841777984,-0.16671463498470804,-0.061050597625224634,0.022980561829895784,0.12250940439773322,0.41703592539819345,0.08206578553686344,-0.13116605289441424
2026-07-21,0.15151763904166898,-0.11246958027008627,0.0047616499161983895,0.01671326320574878,0.002729060084285537,-0.057158023739146496,0.04103367300002445,0.034149164758642714,0.15795396317459506,0.08261650376135689,-0.022939665143980492,0.0055497129380945205,-0.036030701072294405,0.05703838434405678,-0.13269724086205092,-0.012047220970758528,-0.06064380947246156,0.1398901966466797,0.052933212084712015,-0.029036352624155652,-0.0033699947840726604,-0.004377287638953677,-0.1250913948662458,-0.026850773674882283,-0.16068761698265022,-0.03147099785787919,-0.039763814904700004,0.08080966845725171,0.013603046469773275,0.11953768617766318,0.011657112494281934,-0.011071215639516662,0.040717551432682055,0.16977317702500067,0.05537121810785511,-0.036346326478838474,-0.09283783038569417,-0.0673407979722254,-0.13036742492173642,-0.011982891863118324,-0.11329799374894765,0.030227585916830925,0.03393598457647421,0.08990036214839467,-0.1269765275223422,0.021230129932821,-0.0597198167420107,-0.09379763666797086,0.015899158243345708,0.0009873188391019833,-0.0010566449486559566,0.013711601590625584,0.10656826591720236,0.05312547850081531,-0.02577878231466152,0.01700045381455263,0.07674144243907094,-0.04769565298951089,0.10455155600857392,-0.11001733665955861,0.17885658292529047,0.01102668532172272,-0.011652928297111015,0.0463945765867404,-0.08336428570211149,-0.10066484544872407,-0.04423756205899512,-0.1343828370145459,0.13172509956743797,0.13084813888954894,-0.15730243714210576,-0.13802628499299535,0.07457904680297439,0.07362141503910466,-0.00571934927492952,0.0909590535547098,-0.10190069847731352,0.007764095290336771,-0.14537263704617856,-0.002178504282803237,-0.03366275697329186,0.22708451925306208,0.04110914970513653,0.07032761019804411,-0.04443494235324405,0.17741422555419645,0.1620788066869284,0.05085430764059768,-0.02140463969342224,0.13130886035126121,0.11577728579472629,-0.16876288085655805,-0.06329285266258039,0.019191271330683442,0.12508555450506234,0.4211469344834486,0.08085880262469775,-0.13096544715807595
2026-07-22,0.1951225549104282,-0.13341865811719747,0.02100556523511233,0.02827636959284152,-0.01855501374868916,-0.06497237549285845,0.016173407280319067,0.02294961860109384,0.24278857820712818,0.08058791457446549,-0.005970130493154936,0.01050865661867099,-0.04131391463840646,0.04382364171262365,-0.13064797528049388,-0.02742122080989471,-0.12386526770708796,0.14090592626001744,0.0881960085508469,-0.05810834852609985,-0.01870796128454482,-0.033765461387035546,-0.1521928117696091,0.011111249934600626,-0.2147053633145389,-0.016699924374880923,-0.09132110029911751,0.1145713451619489,0.05516759351306942,0.12237372260345396,0.0412839448870927,0.011284516746078993,0.05325422124583526,0.22741243730920532,0.08373121943958693,-0.09169027673394807,-0.2216233519569971,-0.0694574256388427,-0.2246499843033077,-0.0002042737471484625,-0.19900445537873582,0.052835238135759514,0.046158053620834145,0.1798058419604222,-0.1800859862631997,0.0419059795416407,-0.00759580797533208,-0.1440960147942558,0.14828087070979426,0.015871072005316723,-0.010849668817062666,0.031130532379795274,0.23761760651963726,0.026056215367693335,-0.06486542410297177,0.0624351696345375,0.06484807090262473,-0.04046789384985343,0.10535023937581552,-0.1544922218225633,0.17024619597479906,0.03371753326279811,0.002370890548875791,0.020375631241249366,-0.1807224111901705,-0.1534087875537328,-0.08945391760750926,-0.21046573823491593,0.1910418280905508,0.1436738029421675,-0.15651763355170242,-0.1838111773686385,0.01817464795815756,0.03477108922516247,0.017122875997679372,0.17413638991764657,-0.03974114886888052,0.02506370584253557,-0.15498000963583922,-0.0035659649458551455,-0.047018351216925484,0.3785938510483127,0.05154351107963529,0.09130497738566055,-0.031017975391322818,0.2746750897921029,0.15900500417988403,0.059355183036133234,0.009812891963059027,0.12953370096137037,0.14257615053476583,-0.3356687751984785,-0.10772182454185865,-0.05064374426425407,0.07904284754569377,0.5466196017823057,0.058994976765081954,-0.14908998741600626
2026-07-23,0.1962014047674856,-0.13331137818707892,0.03208427109889306,0.03206021931265275,-0.02670322037878147,-0.05775233886982668,0.007651659050633388,0.0177003675743689,0.25570862964565033,0.0861901961806456,-0.0023145368795677267,0.0036341635824404424,-0.03879781515445441,0.0392280366596711,-0.11944160346644282,-0.03509905460294433,-0.172917818238662,0.15751154780576543,0.08306307459277736,-0.05580115232047771,-0.030793032088443147,-0.039616321534040363,-0.1657644589682226,0.03959023479755025,-0.2417412509760576,-0.010093731591872818,-0.1256153224580238,0.12129805644534077,0.0704809057474329,0.13948747881688886,0.04755319788059447,0.012166821817171658,0.06432227029826314,0.23724728725332617,0.13692993787941793,-0.1406901860358127,-0.26562213097571913,-0.07128191128644751,-0.27531670008845166,0.022655302776371698,-0.22120601851606747,0.03803906557872707,0.0573751717242675,0.2166360424043337,-0.1830413692343,0.04719881504757998,-0.003050590948058535,-0.1613805808136367,0.22412374132860224,0.030489157824376563,-0.023570350514403336,0.024588035142370963,0.3110385813880148,0.004991778338475479,-0.0771826855502095,0.08437418002100418,0.04883478783622895,-0.04455683673636326,0.09357286210553474,-0.15214239571558927,0.17880070378945273,0.025156894378684947,0.0016788447641361611,0.004032004203031363,-0.2571310899226819,-0.13824197084888726,-0.10434961625124373,-0.2393664057263333,0.19550959147659666,0.145383798552812,-0.15554147855491102,-0.15720627825159372,-0.0015386775766510433,0.0381608039337225,0.032948464310151415,0.18003898155989564,-0.025933137673255502,0.030420565149171477,-0.15828499212954394,0.006883009731354816,-0.04700977926015491,0.44605435925607956,0.035257441214715024,0.0979746604194308,-0.04380740722197958,0.3173426878443398,0.12387526659678014,0.07904019924313671,0.025816563978662315,0.12285447337073586,0.15289403401076337,-0.39085073280365,-0.10620070806939345,-0.07951391045966862,0.056743206068769085,0.5928472905486291,0.05950367212283955,-0.1534638223668452
2026-07-24,0.02849402397577342,-0.02061780292888417,0.0112157958615636,0.0012692107800522396,-0.004206670925472087,0.013793378802165034,0.006935596847948301,0.029429583818993202,0.028940692646968934,0.02726546158823944,-0.03797471997002696,-0.0011389465533464867,-0.013705204800342362,0.019174174490144528,-0.015330481134813065,0.004750246339391766,-0.0013678957092056881,0.012121577498481601,0.008009093559551069,0.009267202389492591,-0.02165923719928281,-0.015034365244598223,-0.0031982747643137677,-0.008319390025108444,-0.01779883821884644,-0.0149027458386754,0.013974265153092235,-0.004717340785982769,0.007647321926480275,0.03115224264284444,-0.014484843929475738,-0.008798690040958125,0.0019140768758519108,0.024070221439971087,0.0022114939527464496,-0.00973857966606134,0.0027559945155781274,0.010210569581523235,-0.0032972870872935833,-9.595269963680146e-05,-0.004010950250048401,-0.002086187549506841,0.014501185792558761,0.006863410768844218,0.013774712863952775,0.0018520625526726852,-0.03476302052993994,0.00643477798782,-0.002589807250756077,0.017249273088793423,-0.009967734486965673,-0.018015621731917245,0.0028563569397778788,0.004065567089651996,-0.0013635861301897357,-0.0042940769516163265,0.029043663410292568,-0.0007023794405429436,0.012107451144665122,0.030333385672049726,0.039645630210186814,0.011343196206533773,0.002625854847827554,0.0041787852776649145,0.03144902669006355,0.009256681947337485,0.0024165856104290152,-0.006913104595013724,0.029799349045767642,0.0628374328465029,-0.008292161082986442,0.010693254474910985,0.01451757582700514,0.028501408991490305,0.030816066599335452,0.023267449424755126,0.009614989648684165,0.036294353681007994,-0.004555970131881724,0.007462906025654681,0.02734356744582217,0.023752627635885974,0.024700795169969335,0.007872021408215033,0.028814828566633297,0.06642658760574183,0.05947851412963813,0.03846555814641507,0.01473341248131839,0.037423977839835997,0.03712382553558335,0.036297237128296675,0.01876583773993866,0.06544756632141939,0.07888322358213794,0.07078125934913873,-0.0030089406468128514,-0.10776465113857804
2026-07-27,0.1593153903114032,-0.134384533137715,0.02323481668572354,0.0219994387602434,-0.00566522378698567,-0.02773375355257398,0.012270481807556629,0.07656423799749092,0.20937024615891395,0.056888786822392706,-0.030293605223819894,0.0054611015138113835,-0.03453986957648829,0.03775157394848917,-0.138655849502608,0.008764406538113941,-0.1104634720249519,0.12837087308393505,0.09803946938417872,-0.025804759242828983,-0.036673791841172206,-0.033179842999599606,-0.15115346782907782,0.005992102851487797,-0.18379151442558725,-0.044615013483317166,-0.10305745854099273,0.07646309656751382,0.04299533518237158,0.1269973671342166,0.027268324791098905,-0.013293704612222795,0.09718713623423049,0.18375748733634745,0.11324935900044891,-0.08686908507332364,-0.14394840839221276,-0.019393564627984063,-0.17049185237722583,-0.001044043061551734,-0.14469240796617744,0.01075050713776023,0.043773027337230735,0.14677455873691397,-0.15208732253511703,-0.039140256374611916,-0.02770730623944885,-0.06227786624022405,0.0802439403049786,0.02630300114930613,0.031364565815164475,0.008681476843540169,0.19647964889818137,0.03280326572794512,-0.011347920379572612,0.07126608643970674,0.04668177501325156,-0.08017280842372275,0.05662574257157936,-0.13222702038416578,0.18724355810074,-0.014994620134824896,0.020186620553835972,0.02232637870325877,-0.14270178021849314,-0.1361426801106724,-0.08776900289381617,-0.14362689917073448,0.1521849783322036,0.12073075877545658,-0.1497331007804329,-0.160822927745267,0.027505292265591876,0.0796106062821565,-0.00011182937070037917,0.1513997161267068,-0.08022672568056236,0.009018511953210163,-0.13540448872712832,-0.0012591865847795692,-0.047735275900050035,0.32536960151960564,0.025639704000758268,0.1005498289025381,-0.0882301549307926,0.211422214840629,0.18072090757510076,0.03265561240163156,-0.020572078938038522,0.13604684129929234,0.13270075996640493,-0.26841372047395434,-0.05885411290556013,-0.006307980257072189,0.15161936465530695,0.43736140763211073,0.042967405167923266,-0.12333641046182896
2026-07-28,0.17297037330706105,-0.11850001536470074,-0.005355996208927474,0.022494068817804743,-0.011789187368556922,-0.027934513759930363,0.03655442457625403,0.06927147778386623,0.2167036966048757,0.04284056892868186,-0.016605589793083478,-0.003906381225005744,-0.03195377613007479,0.052751137719872866,-0.1507001964305263,-0.0035562653602305063,-0.09915865451808814,0.12447250014549538,0.1607434356817949,-0.05546783543417895,-0.044263578934939166,-0.03385564791075227,-0.16388903216567793,0.03935470062388036,-0.19373144687882105,-0.05690060831985204,-0.10078242136422223,0.06801512351838299,0.01127510627814044,0.14285984763574888,0.039084338899374606,-0.017233409451830543,0.08264329596731149,0.18817707650573387,0.141165166743946,-0.11306569135869944,-0.15923195638462112,-0.03327981706838021,-0.18480400482783177,-0.016651171392042495,-0.16001014928753954,-0.0016956697767181363,0.05879490739487297,0.2061248707164659,-0.14629233805702177,-0.029052502607012795,-0.007583695211880017,-0.05067283402102323,0.09011323765341278,0.01752404821124152,0.030805949154273357,0.021069060452223867,0.21215911473276808,0.01250204617333158,-0.02311166008843242,0.07790687011291313,0.03524558499854272,-0.07614350669884822,0.05033770714148986,-0.12976030308721803,0.19282094776952227,-0.01892276490457165,0.015698058684951822,-7.516806877371981e-05,-0.16803233959614805,-0.13423326598123367,-0.09906548414440293,-0.16191510596441747,0.17163941985950362,0.1335687832527955,-0.14742071422027384,-0.18899685550804013,0.034598591351735514,0.07358781943018824,0.02081352711993802,0.18585335312589546,-0.06788682057000901,0.04892644544958009,-0.13983936314869744,-0.018994705811251907,-0.04518833751126412,0.41016513317835074,0.02379129517927598,0.10719059556328946,-0.12946493056632616,0.23623406619122528,0.1520707212899336,0.025928617365890867,0.002532127835050392,0.1249210498462647,0.1266659665137988,-0.3534984218544843,-0.10266603907154648,-0.04776852077281083,0.16042978689242293,0.48943583302368937,0.06085506747533119,-0.13077824869747523
2026-07-29,0.19027044850685892,-0.12128763113663275,-0.008097949061174605,0.02555310399249769,-0.019663247789530075,-0.014109423780286194,0.02864184350955598,0.07463797642256338,0.2225758863895717,0.018087686507522807,-0.014875346226698201,0.001599243214348305,-0.04048032510947908,0.049396762494194356,-0.1397554896130481,0.005444379040273398,-0.10403022797729367,0.12585774557594548,0.20027860761483057,-0.07666590745616625,-0.05864572362334351,-0.03986805609725425,-0.1774133163988528,0.04943377488892396,-0.20365543959598706,-0.065854721327947,-0.13946047281496796,0.069578589323434,0.03565099961114986,0.15373088555043324,0.06233660118710994,-0.0003846495989252019,0.10225861012154909,0.19867097501220726,0.17118475546828962,-0.14628823173395591,-0.20003072498749075,-0.02570632619701293,-0.2065267332022343,-0.0011808379228535337,-0.19906952880623377,-0.0051296737919325815,0.05572525921223973,0.24566353475504937,-0.18978551538057514,-0.029560955036122653,-0.0029099455467721715,-0.07751724453494321,0.1368547370748887,0.0288897825595143,0.019751430716138094,0.021038996967335587,0.28138315574914413,-0.002495928173304277,-0.0216659678465754,0.10682733420230074,-0.014866595357154804,-0.04743831739280022,0.016141649700095562,-0.1236993184031722,0.2034446429918473,-0.01688993423792961,0.030236487530661577,-0.008867151328470694,-0.2227150404721304,-0.15142041096896106,-0.11117813065682,-0.20334668430201552,0.16418806300539518,0.14327337358884254,-0.1491961646555594,-0.1859297173395653,0.033913857268221,0.06894129157061007,0.047179100205348254,0.23099027962305468,-0.07784951173145117,0.047537415714302825,-0.13348684110710904,-0.013487669197332757,-0.039605829099492874,0.4614406317023944,0.05950011110622714,0.11675828096283904,-0.19552937373914747,0.2463831258205487,0.14501488210042346,0.04530469488393216,0.010947737738779474,0.12472124219763739,0.12629257943798597,-0.42302520138038935,-0.1250977156557878,-0.07101056949653765,0.1835838642943625,0.5357537805393437,0.055335750758425846,-0.13145023111972773
2026-07-30,0.2160634124932001,-0.02516311457636774,-0.025253240771219806,0.02543525892841664,0.00785222410873799,-0.13042813402249895,0.02131815621885541,0.05009386396501317,0.2713760521797791,-0.11223241361942582,-0.02188460433586782,0.02178612523426591,0.05548177849891895,0.08963794395155066,-0.15448259222690322,0.04014691812726174,-0.14055376312558243,0.29403710323966914,0.02356334487425526,-0.125344998097515,-0.05852246605944156,-0.009877883551897669,-0.21462282654079887,0.11673619756447452,-0.16020777909355172,-0.09031450222541626,-0.12139346001467961,0.033362838602230854,-0.09255441788836052,0.33284412330947966,0.024217882437106243,-0.12983968907178048,0.1638798738097369,0.2175091490179392,0.08904896208523472,-0.26730703976898124,-0.11028619232898283,0.0745322785133071,-0.1181290853422881,-0.1049936786115154,-0.24224244329716133,-0.07032026686485653,0.1288873355166622,0.3658826332336749,-0.04400649467272324,-0.22640065476430674,0.03339042299984893,0.05868027475578778,0.1195297901552382,0.020669146892284905,0.05199964203620955,-0.005478740992927113,0.2812493693671846,-0.008227820890191305,-0.04887634400099449,0.29161642951440947,-0.21727324459407243,-0.0976057213196478,-0.06942075634990814,-0.141925058414691,0.2956361595741081,-0.0819283963655293,0.2386344940511105,-0.10222911123385214,-0.35940615544267335,-0.13492584808735708,-0.24688192226708827,-0.03650961273575146,0.08770893812875316,0.18712171555997312,-0.1103229590781001,-0.11788446224010497,0.06433307904216932,0.20506240576958412,0.10220293946323933,0.004947992518881712,-0.07142475135571838,0.058153852877335106,-0.05441126377901856,-0.02096236705909718,-0.2055327598913041,0.5628033149284631,-0.010304561978321433,0.1373464794086607,-0.4388815009332313,0.23143076829297538,0.30393891194074646,-0.014190409295889552,0.07306292771597425,0.19280113007607008,0.06625920951637095,-0.505194963101455,-0.10943318754189,-0.22404293877396955,0.32989485541554225,0.6632542299920126,0.07827820883777857,-0.17406354614557518
2026-07-31,0.20288199592553324,-0.02776408211957051,-0.013054651581360264,0.019183363634675876,0.015536937495619765,-0.12822788626743276,0.0008221708524530514,-0.0011763986042820553,0.2840737678728747,-0.058925940254347914,-0.026386315626944636,0.014220573193457552,0.04079624618464504,0.102999557450478,-0.1573490292035659,0.050609917958124764,-0.11312567655272647,0.2634326099338871,-0.04251877281501851,-0.08447482381792006,-0.05827552052533,-0.014305930031624258,-0.2109968256518573,0.08867511234456153,-0.15317690478865412,-0.07495227420085585,-0.07692203378552966,0.056157135245207025,-0.07442232399655241,0.3216755754405659,0.0024287906296302135,-0.12378046609036404,0.17359203742479698,0.20953989944987617,0.07741135026333772,-0.26151877403883833,-0.08020094513911272,0.07029259038413527,-0.13559383056196278,-0.14604704917515315,-0.21401366386475024,-0.08060393927797997,0.12109674052519315,0.33910618852835694,-0.05809008962200185,-0.19794350321179766,0.027899386729396847,0.011503072911786797,0.11858927242591688,0.04220148504955777,0.09836583889065087,-0.014501397188601125,0.22582465375844937,7.047375697199522e-05,-0.0509041289129687,0.25768588197526154,-0.18928919449227663,-0.10838089001488085,-0.008598118926589285,-0.15301364142670784,0.28403141053221914,-0.13464672789632245,0.1912239468472595,-0.0842568607019399,-0.3145211416816688,-0.12076955121271919,-0.23246695045941307,-0.02516623430407211,0.10398879173806501,0.18529591119387312,-0.06541625266514549,-0.1135244300619673,0.10663464489884082,0.20826148163401348,0.04635089083303832,-0.03210098556680187,-0.028311037686794847,0.00941544604096808,-0.08114679420520773,-0.0111663507064151,-0.19972965535127005,0.48021016540968703,-0.038493283641532504,0.13820521268072458,-0.36358320462073385,0.21834767116616774,0.344449245037787,-0.013867043019557974,0.06756163062394781,0.17848124907118618,0.1044738175863942,-0.4380780087195983,-0.06087939194917308,-0.19461590674375448,0.2575959517961921,0.6409879132700727,0.06444231836496778,-0.17535549199916073
