date,SMALL LoBM,ME1 BM2,ME1 BM3,ME1 BM4,ME1 BM5,ME1 BM6,ME1 BM7,ME1 BM8,ME1 BM9,SMALL HiBM,ME2 BM1,ME2 BM2,ME2 BM3,ME2 BM4,ME2 BM5,ME2 BM6,ME2 BM7,ME2 BM8,ME2 BM9,ME2 BM10,ME3 BM1,ME3 BM2,ME3 BM3,ME3 BM4,ME3 BM5,ME3 BM6,ME3 BM7,ME3 BM8,ME3 BM9,ME3 BM10,ME4 BM1,ME4 BM2,ME4 BM3,ME4 BM4,ME4 BM5,ME4 BM6,ME4 BM7,ME4 BM8,ME4 BM9,ME4 BM10,ME5 BM1,ME5 BM2,ME5 BM3,ME5 BM4,ME5 BM5,ME5 BM6,ME5 BM7,ME5 BM8,ME5 BM9,ME5 BM10,ME6 BM1,ME6 BM2,ME6 BM3,ME6 BM4,ME6 BM5,ME6 BM6,ME6 BM7,ME6 BM8,ME6 BM9,ME6 BM10,ME7 BM1,ME7 BM2,ME7 BM3,ME7 BM4,ME7 BM5,ME7 BM6,ME7 BM7,ME7 BM8,ME7 BM9,ME7 BM10,ME8 BM1,ME8 BM2,ME8 BM3,ME8 BM4,ME8 BM5,ME8 BM6,ME8 BM7,ME8 BM8,ME8 BM9,ME8 BM10,ME9 BM1,ME9 BM2,ME9 BM3,ME9 BM4,ME9 BM5,ME9 BM6,ME9 BM7,ME9 BM8,ME9 BM9,BIG LoBM,ME10 BM2,ME10 BM3,ME10 BM4,ME10 BM5,ME10 BM6,ME10 BM7,ME10 BM8,ME10 BM9
2026-01-02,-0.014753830332532183,0.005231142801513805,0.029413286537779644,-0.017251534828680463,-0.04394579854830473,0.01020408163265306,0.02687715603270121,0.01020408163265306,0.0733580197244776,0.03073316577326203,-0.005146952268689284,0.01020408163265306,-0.007688137712948484,0.001094465855843012,-0.18873434754578608,0.01020408163265306,-0.012093621847641381,-0.02021396499464273,0.01020408163265306,0.01020408163265306,0.01020408163265306,0.0008313168954836338,0.01020408163265306,0.01020408163265306,0.01020408163265306,0.01020408163265306,0.01020408163265306,0.01020408163265306,0.01020408163265306,-0.03499475788410956,0.01020408163265306,0.01020408163265306,-0.1047713988390473,0.043061203159838,0.0016038315596141918,-0.06258814441937302,-0.014411101230107063,0.01020408163265306,-0.1114401518704,-0.019805245461979697,0.01020408163265306,0.01020408163265306,-0.0030944004867031836,0.01020408163265306,0.01020408163265306,0.01020408163265306,-0.011049555584152852,0.01020408163265306,0.01020408163265306,-0.011583572071345112,0.01020408163265306,-0.0533451498897938,0.01020408163265306,0.01020408163265306,0.01020408163265306,0.01020408163265306,0.01020408163265306,0.01020408163265306,0.01020408163265306,0.01020408163265306,0.01020408163265306,0.01020408163265306,0.01020408163265306,0.01020408163265306,0.01020408163265306,0.01020408163265306,0.01020408163265306,0.01020408163265306,0.01020408163265306,0.030319778228547853,0.01020408163265306,0.01020408163265306,0.01020408163265306,0.01020408163265306,0.01020408163265306,0.01020408163265306,-0.047748534176295404,0.01020408163265306,0.01020408163265306,0.01020408163265306,0.01020408163265306,0.01020408163265306,0.01020408163265306,0.07586794119575557,0.01020408163265306,0.01020408163265306,0.011725756909385026,0.01020408163265306,0.01020408163265306,0.3678250862386082,0.01020408163265306,0.01020408163265306,0.01020408163265306,0.08171095674956622,0.01020408163265306,0.4473843612302886,0.01020408163265306,-0.08523441175727499
2026-01-05,-0.03368479682251488,-0.002996015142287386,0.05455661387860196,-0.01691944772931067,-0.044196186509442285,0.01020408163265306,0.027255723770606477,0.012499812838876776,0.09743937678497994,0.027158289587393775,-0.005349575544601864,0.01020408163265306,-0.015832628578363803,-0.02084607272944853,-0.16371338840497623,0.008273133380211453,-0.004875943958727544,-0.004584005171622012,0.01020408163265306,0.01020408163265306,0.01020408163265306,-0.02118604151942563,0.01020408163265306,0.01020408163265306,0.01020408163265306,0.01020408163265306,0.01020408163265306,0.01020408163265306,0.01020408163265306,-0.046559824967314235,0.01020408163265306,0.01020408163265306,-0.09789545289569361,0.13273921135511496,-0.005226125445003116,-0.08764294355159369,-0.007538233774982779,0.005247290115246778,-0.1289278579405362,-0.030930293223193225,0.01020408163265306,0.01020408163265306,-0.0014119005880973753,0.01020408163265306,0.01020408163265306,0.01020408163265306,-0.010538694967227235,0.01020408163265306,-0.0017577414292152121,-0.011502547766010748,0.01020408163265306,-0.07920154102808379,0.01020408163265306,-0.010341313951580099,0.01020408163265306,0.01020408163265306,0.01020408163265306,0.01020408163265306,0.01020408163265306,0.01020408163265306,0.01020408163265306,0.01020408163265306,0.01020408163265306,0.01020408163265306,0.01020408163265306,0.01020408163265306,-0.015574490636802775,0.01020408163265306,0.01020408163265306,0.02805255997165034,0.01020408163265306,0.01020408163265306,-0.017005038133042355,0.01020408163265306,0.01020408163265306,0.01020408163265306,-0.030387130282800497,0.01020408163265306,0.01020408163265306,0.00804591934351537,0.01020408163265306,0.01020408163265306,0.01020408163265306,0.11745342043775088,0.01020408163265306,0.01020408163265306,0.018670777255341407,0.01020408163265306,0.01020408163265306,0.40836768494608355,0.01020408163265306,0.01020408163265306,0.01020408163265306,0.06362344841758141,0.01020408163265306,0.4482358876010848,0.01020408163265306,-0.1022184067880605
2026-01-06,-0.03159400049205056,-0.002514038744475538,0.04520703392651867,-0.010434142305705609,-0.047010464492862995,0.01020408163265306,0.018062657777009425,0.014762302813571538,0.08914368364255529,0.02555992327288739,-0.006909731914708438,0.01020408163265306,-0.013511498994475605,-0.02467946269577217,-0.15870483119200565,0.01020408163265306,0.004680936882039788,-0.002615527080526713,0.01020408163265306,0.01020408163265306,0.010193119064949865,-0.009417671100295016,0.01701059016419833,0.01020408163265306,0.01020408163265306,0.01020408163265306,0.01020408163265306,0.01020408163265306,0.01020408163265306,-0.04793417533901114,0.01020408163265306,0.01020408163265306,-0.10300412233280942,0.14673887382054637,-0.018242119554498705,-0.09255044054130213,0.0037374024311577613,-0.0034942530433215227,-0.133475625644477,-0.016377867365001776,0.01020408163265306,0.01020408163265306,0.007965612691734184,0.01020408163265306,0.01020408163265306,0.01020408163265306,-0.018205240207446682,0.01020408163265306,0.007450341159171443,-0.0016090750501876697,0.01020408163265306,-0.07795311302915835,0.01020408163265306,-0.031640491305795396,0.01020408163265306,0.01020408163265306,0.01020408163265306,0.01020408163265306,0.01020408163265306,0.01020408163265306,0.01020408163265306,0.01020408163265306,0.01020408163265306,0.01020408163265306,0.01020408163265306,0.01020408163265306,-0.0469737536675359,0.01020408163265306,0.01020408163265306,0.028823744687581157,0.01020408163265306,0.01020408163265306,-0.015782165576211225,0.01020408163265306,0.01020408163265306,0.025350129582861515,-0.04340197042899262,0.01020408163265306,0.01020408163265306,0.01020408163265306,0.01020408163265306,0.01020408163265306,0.01020408163265306,0.12835280577931393,0.01020408163265306,0.017461713373897715,0.01020408163265306,0.01020408163265306,0.01020408163265306,0.39945789667009646,0.01020408163265306,0.009677868129927105,0.01020408163265306,0.07627269081510386,0.01020408163265306,0.4262142257984367,0.01020408163265306,-0.0849040969155428
2026-01-07,0.01020408163265306,0.00490551844586901,0.01020408163265306,0.0054384557390132595,-0.04572360502503275,0.01020408163265306,0.01020408163265306,0.01020408163265306,0.01020408163265306,0.020556418704411456,-0.010671415262399927,0.01020408163265306,0.0037718220506777096,0.01020408163265306,-0.1573186789218621,0.01020408163265306,0.01020408163265306,0.00934750174728798,0.01020408163265306,0.01020408163265306,0.01020408163265306,0.01020408163265306,0.01020408163265306,0.01020408163265306,0.01020408163265306,0.01020408163265306,0.01020408163265306,0.01020408163265306,0.01020408163265306,-0.04711325929158182,0.008085848261496975,0.005767878999930094,-0.061809202018361736,0.01020408163265306,-0.02194537845271749,-0.026957867834165677,0.0031783645834211867,0.01020408163265306,-0.09485899809741108,-0.008982255494962338,0.01020408163265306,0.01020408163265306,0.007918051838827784,0.01020408163265306,0.01020408163265306,0.01020408163265306,-0.008057769617955927,0.01020408163265306,0.01020408163265306,0.01020408163265306,0.01020408163265306,-0.03670158783589157,0.01020408163265306,0.01020408163265306,0.01020408163265306,0.01020408163265306,0.01020408163265306,0.01020408163265306,0.01020408163265306,0.01020408163265306,0.01020408163265306,0.01020408163265306,0.01020408163265306,0.01020408163265306,0.01020408163265306,0.01020408163265306,0.01020408163265306,0.01020408163265306,0.01020408163265306,0.04136873435796327,0.01020408163265306,0.01020408163265306,0.01020408163265306,0.01020408163265306,0.01020408163265306,0.01020408163265306,-0.03792327832775944,0.01020408163265306,0.01020408163265306,0.01020408163265306,0.01020408163265306,0.01020408163265306,0.01020408163265306,0.01020408163265306,0.01020408163265306,0.01020408163265306,0.01020408163265306,0.01020408163265306,0.01020408163265306,0.34891194246429336,0.01020408163265306,0.01020408163265306,0.01020408163265306,0.12800283281930216,0.01020408163265306,0.346504746085472,0.01020408163265306,-0.11038869746888492
2026-01-08,0.01020408163265306,0.0059971746296426315,0.01020408163265306,-0.0034840868574279368,-0.04309769050320064,0.01020408163265306,0.01020408163265306,0.01020408163265306,0.036420018672106244,0.02696347312100878,-0.012642321583306264,0.01020408163265306,0.0007136477820505072,0.01020408163265306,-0.14949636180359885,0.01020408163265306,0.01020408163265306,0.0004058918080367298,0.01020408163265306,0.01020408163265306,0.01020408163265306,0.0006803843486598987,0.01020408163265306,0.01020408163265306,0.01020408163265306,0.01020408163265306,0.01020408163265306,0.01020408163265306,0.01020408163265306,-0.05257931412586113,0.01020408163265306,0.01020408163265306,-0.0701536324005757,0.01020408163265306,-0.03188686507143674,-0.05102665791085632,0.01020408163265306,0.01020408163265306,-0.10713149241116354,-0.013507989933774748,0.01020408163265306,0.01020408163265306,0.00527384640779883,0.01020408163265306,0.01020408163265306,0.01020408163265306,-0.010838351415875936,0.01020408163265306,0.01020408163265306,0.0038127506838046216,0.01020408163265306,-0.04739273250049923,0.01020408163265306,-0.005027275611086606,0.01020408163265306,0.01020408163265306,0.01020408163265306,0.01020408163265306,0.01020408163265306,0.01020408163265306,0.01020408163265306,0.01020408163265306,0.01020408163265306,0.01020408163265306,0.01020408163265306,0.01020408163265306,0.01020408163265306,0.01020408163265306,0.01020408163265306,0.0390782989109037,0.01020408163265306,0.01020408163265306,0.01020408163265306,0.01020408163265306,0.01020408163265306,0.01020408163265306,-0.04893581558798316,0.01020408163265306,0.01020408163265306,0.01020408163265306,0.01020408163265306,0.01020408163265306,0.01020408163265306,0.01020408163265306,0.01020408163265306,0.01020408163265306,0.01020408163265306,0.01020408163265306,0.01020408163265306,0.38556249548633525,0.01020408163265306,0.01020408163265306,0.01020408163265306,0.11354956974035751,0.01020408163265306,0.3918440269884071,0.01020408163265306,-0.08759078678083233
2026-01-09,-0.032723248572197224,-0.006083612986066881,0.040050637862867625,-0.008842062347014077,-0.04902379948773176,0.01020408163265306,0.027077636408888467,0.024537844070157057,0.09446596824945314,0.02549377226108944,-0.008400326521566184,0.01020408163265306,-0.014004929908506969,-0.03063148877028868,-0.12866473757086175,0.01020408163265306,0.01020408163265306,-0.006480152386594223,0.01020408163265306,0.01020408163265306,0.0025045888673633134,-0.016865527726817257,0.01020408163265306,0.01020408163265306,0.01020408163265306,0.01020408163265306,0.01020408163265306,0.01020408163265306,0.01020408163265306,-0.060975678666949695,0.01020408163265306,0.01020408163265306,-0.08484133447229669,0.1629114679504187,-0.027918298503121157,-0.09375198096331187,0.01020408163265306,-0.02801703088460044,-0.13103876392716007,-0.02728112008410509,0.01020408163265306,0.01020408163265306,0.004593567364973664,0.01020408163265306,0.01020408163265306,0.01020408163265306,-0.02173590428973461,0.01020408163265306,0.010132016930564751,-0.0012707726164756777,0.01020408163265306,-0.08203126510193272,0.01020408163265306,-0.034467754390545925,0.010015862889103302,0.01020408163265306,0.01020408163265306,0.01020408163265306,0.01020408163265306,0.01020408163265306,0.01020408163265306,0.01020408163265306,0.01020408163265306,0.01020408163265306,0.01020408163265306,0.01020408163265306,-0.04753791413094712,0.01020408163265306,0.01020408163265306,0.029214430409727522,0.01020408163265306,0.01020408163265306,-0.012207040910974852,0.01020408163265306,0.01020408163265306,0.03382258041921387,-0.022583163011642877,0.01020408163265306,0.01020408163265306,0.01020408163265306,0.01020408163265306,0.01020408163265306,0.01020408163265306,0.08899293346484523,0.01020408163265306,0.01020408163265306,0.01020408163265306,0.01020408163265306,0.01020408163265306,0.42815464542584486,0.01020408163265306,-0.002289234906495132,0.01020408163265306,0.08340191989491276,0.01020408163265306,0.42489205377240363,0.01020408163265306,-0.0820233545324598
2026-01-12,0.008249858899628346,-0.001957069966298833,0.01020408163265306,-0.0003313077970608109,-0.03915108037802377,0.01020408163265306,0.01020408163265306,0.01211385550148726,0.03918991133071329,0.02623046308803157,-0.011705024751289999,0.01020408163265306,0.0017258225915968654,0.01020408163265306,-0.101800526180034,0.01020408163265306,0.01020408163265306,-0.022832527226467683,0.01020408163265306,0.01020408163265306,0.01020408163265306,0.0003112775629778401,0.01020408163265306,0.01020408163265306,0.01020408163265306,0.01020408163265306,0.01020408163265306,0.01020408163265306,0.01020408163265306,-0.06485469192318911,0.01020408163265306,0.01020408163265306,-0.08952303953894816,0.01020408163265306,-0.009695225112277035,-0.04610539046229205,0.005860813054031892,0.01020408163265306,-0.10466997781713551,-0.01554453829660384,0.01020408163265306,0.01020408163265306,-0.0002730389736078226,0.01020408163265306,0.01020408163265306,0.01020408163265306,-0.04195211719837144,0.01020408163265306,0.01020408163265306,0.0029827296589335734,0.01020408163265306,-0.05198326771478031,0.01020408163265306,-0.003862661174565421,0.01020408163265306,0.01020408163265306,0.01020408163265306,0.01020408163265306,0.01020408163265306,0.01020408163265306,0.01020408163265306,0.01020408163265306,0.01020408163265306,0.01020408163265306,0.01020408163265306,0.01020408163265306,0.0014268713608589362,0.01020408163265306,0.01020408163265306,0.033471241165140955,0.01020408163265306,0.01020408163265306,0.01020408163265306,0.01020408163265306,0.01020408163265306,0.01020408163265306,-0.026970442835808267,0.01020408163265306,0.01020408163265306,0.01020408163265306,0.01020408163265306,0.01020408163265306,0.01020408163265306,0.01020408163265306,0.01020408163265306,0.01020408163265306,0.010544094776161833,0.01020408163265306,0.01020408163265306,0.3901446295686985,0.01020408163265306,0.01020408163265306,0.01020408163265306,0.10593456976628748,0.01020408163265306,0.40749059665320003,0.01020408163265306,-0.08593419538609627
2026-01-13,0.004973986377390162,0.002274868331008836,0.01020408163265306,-0.0021373462176527743,-0.040270958937643694,0.01020408163265306,0.01020408163265306,0.012122111539020191,0.042532823481007426,0.023577292594897624,-0.010702544799285509,0.01020408163265306,-0.0006941091909385376,0.01020408163265306,-0.09732194617418867,0.01020408163265306,0.01020408163265306,-0.023511030148121538,0.01020408163265306,0.01020408163265306,0.01020408163265306,-0.0035729519337704754,0.01020408163265306,0.01020408163265306,0.01020408163265306,0.01020408163265306,0.01020408163265306,0.01020408163265306,0.01020408163265306,-0.06301708142668112,0.01020408163265306,0.01020408163265306,-0.08258951885458488,0.01020408163265306,-0.012488905704868087,-0.04825499898929032,0.008465729205402646,0.01020408163265306,-0.11124648530572084,-0.018749222738521372,0.01020408163265306,0.01020408163265306,0.0007931842078081168,0.01020408163265306,0.01020408163265306,0.01020408163265306,-0.04205842034458902,0.01020408163265306,0.01020408163265306,0.002349896425684936,0.01020408163265306,-0.05399184772889751,0.01020408163265306,0.0016843974316995292,0.01020408163265306,0.01020408163265306,0.01020408163265306,0.01020408163265306,0.01020408163265306,0.01020408163265306,0.01020408163265306,0.01020408163265306,0.01020408163265306,0.01020408163265306,0.01020408163265306,0.01020408163265306,-0.006148417672164562,0.01020408163265306,0.01020408163265306,0.03403460474933308,0.01020408163265306,0.01020408163265306,0.01020408163265306,0.01020408163265306,0.01020408163265306,0.01020408163265306,-0.028145033704588887,0.01020408163265306,0.01020408163265306,0.01020408163265306,0.01020408163265306,0.01020408163265306,0.01020408163265306,0.01020408163265306,0.01020408163265306,0.01020408163265306,0.01020408163265306,0.01020408163265306,0.01020408163265306,0.3909755943463086,0.01020408163265306,0.01020408163265306,0.01020408163265306,0.10674111251549877,0.01020408163265306,0.4095610897647881,0.01020408163265306,-0.07885934048609523
2026-01-14,-0.019315242378580684,-0.0026800136254987103,0.01020408163265306,-0.005371566565956092,-0.04104166814160076,0.01020408163265306,0.018236894157356187,0.023163347263224856,0.07254842960714922,0.02737840121813958,-0.007523873134347636,0.01020408163265306,-0.004460200238183861,0.007156079412693786,-0.09770019531392865,0.01020408163265306,-0.009437922357059236,-0.023897660349809627,0.01020408163265306,0.01020408163265306,0.01020408163265306,-0.01408840785894065,0.01020408163265306,0.01020408163265306,0.01020408163265306,0.01020408163265306,0.01020408163265306,0.01020408163265306,0.01020408163265306,-0.060684635083937705,0.01020408163265306,0.01020408163265306,-0.09867994510143982,0.023791900017154536,-0.003730395979146227,-0.04972671601654983,0.01020408163265306,0.01020408163265306,-0.1072534354888259,-0.02357928605654861,0.01020408163265306,0.01020408163265306,-0.0012601892120092592,0.01020408163265306,0.01020408163265306,0.01020408163265306,-0.057694061723896226,0.01020408163265306,0.01020408163265306,0.00440191712508662,0.01020408163265306,-0.053745706290330195,0.01020408163265306,-0.020854346743756705,0.01020408163265306,0.01020408163265306,0.01020408163265306,0.01020408163265306,0.01020408163265306,0.01020408163265306,0.01020408163265306,0.01020408163265306,0.01020408163265306,0.01020408163265306,0.01020408163265306,0.01020408163265306,-0.01706035792025861,0.01020408163265306,0.01020408163265306,0.029489041200255986,0.01020408163265306,0.01020408163265306,0.01020408163265306,0.01020408163265306,0.01020408163265306,0.01020408163265306,-0.044357083216838795,0.01020408163265306,0.01020408163265306,0.01020408163265306,0.01020408163265306,0.01020408163265306,0.01020408163265306,0.03385395120069056,0.01020408163265306,0.01020408163265306,0.01020408163265306,0.01020408163265306,0.01020408163265306,0.41141964718448865,0.01020408163265306,0.0022347782025480822,0.01020408163265306,0.09933239417789774,0.01020408163265306,0.42555325006586503,0.01020408163265306,-0.0470701832595969
2026-01-15,0.00630352350586491,-0.0031494930077569164,0.01020408163265306,-0.004181950737100407,-0.0417753041392246,0.01020408163265306,0.01020408163265306,0.016382017437183,0.050052873489897995,0.02507072139887098,-0.008207927432438812,0.01020408163265306,-0.0023225050112375585,0.01020408163265306,-0.08999839276050409,0.01020408163265306,0.01020408163265306,-0.029060880011500714,0.01020408163265306,0.01020408163265306,0.01020408163265306,-0.0055491001734885425,0.01020408163265306,0.01020408163265306,0.01020408163265306,0.01020408163265306,0.01020408163265306,0.01020408163265306,0.01020408163265306,-0.06701490871296367,0.01020408163265306,0.01020408163265306,-0.0881955115743335,0.01020408163265306,-0.012960055203415312,-0.03976089953541533,0.01020408163265306,0.01020408163265306,-0.09843727594124417,-0.024720727721266787,0.01020408163265306,0.01020408163265306,-0.0073125031377115155,0.01020408163265306,0.01020408163265306,0.01020408163265306,-0.05440127409338645,0.01020408163265306,0.01020408163265306,0.0046142040486831445,0.01020408163265306,-0.04547244313433322,0.01020408163265306,0.006875486474930014,0.01020408163265306,0.01020408163265306,0.01020408163265306,0.01020408163265306,0.01020408163265306,0.01020408163265306,0.01020408163265306,0.01020408163265306,0.01020408163265306,0.01020408163265306,0.01020408163265306,0.01020408163265306,0.01020408163265306,0.01020408163265306,0.01020408163265306,0.029987088318747336,0.01020408163265306,0.01020408163265306,0.01020408163265306,0.01020408163265306,0.01020408163265306,0.01020408163265306,-0.043196225855086166,0.01020408163265306,0.01020408163265306,0.01020408163265306,0.01020408163265306,0.01020408163265306,0.01020408163265306,0.01020408163265306,0.01020408163265306,0.01020408163265306,0.01020408163265306,0.01020408163265306,0.01020408163265306,0.3815091507217018,0.01020408163265306,0.01020408163265306,0.01020408163265306,0.11086392001682913,0.01020408163265306,0.3972284432592195,0.01020408163265306,-0.06725168314258125
2026-01-16,0.01020408163265306,-0.004149363741423533,0.01020408163265306,-0.0031981345295666683,-0.041877934353183745,0.01020408163265306,0.01020408163265306,0.01653932528603043,0.04964709507356168,0.02445963953179612,-0.008808893701032798,0.01020408163265306,-0.002983284750630916,0.01020408163265306,-0.0891293275515065,0.01020408163265306,0.007664548256572843,-0.02255968033912141,0.01020408163265306,0.01020408163265306,0.01020408163265306,-0.008099579053773632,0.01020408163265306,0.01020408163265306,0.01020408163265306,0.01020408163265306,0.01020408163265306,0.01020408163265306,0.01020408163265306,-0.06914843295574254,0.01020408163265306,0.01020408163265306,-0.08817818973706171,0.01020408163265306,-0.01593134266971711,-0.03802041636865511,0.01020408163265306,0.01020408163265306,-0.09919703103505528,-0.02461814258413019,0.01020408163265306,0.01020408163265306,-0.006087393197361459,0.01020408163265306,0.01020408163265306,0.01020408163265306,-0.05701163433547898,0.01020408163265306,0.01020408163265306,0.003969023237258653,0.01020408163265306,-0.0451087746903202,0.01020408163265306,0.01020408163265306,0.01020408163265306,0.01020408163265306,0.01020408163265306,0.01020408163265306,0.01020408163265306,0.01020408163265306,0.01020408163265306,0.01020408163265306,0.01020408163265306,0.01020408163265306,0.01020408163265306,0.01020408163265306,0.01020408163265306,0.01020408163265306,0.01020408163265306,0.030066321791869785,0.01020408163265306,0.01020408163265306,0.01020408163265306,0.01020408163265306,0.01020408163265306,0.01020408163265306,-0.039085276530438015,0.01020408163265306,0.01020408163265306,0.01020408163265306,0.01020408163265306,0.01020408163265306,0.01020408163265306,0.01020408163265306,0.01020408163265306,0.01020408163265306,0.01020408163265306,0.01020408163265306,0.01020408163265306,0.38329987627810214,0.01020408163265306,0.01020408163265306,0.01020408163265306,0.10889766856196752,0.01020408163265306,0.3965018289565242,0.01020408163265306,-0.07213820913519799
2026-01-20,0.01020408163265306,-0.0036765433417119114,0.01020408163265306,-0.001467277579366615,-0.04377218153952885,0.01020408163265306,0.01020408163265306,0.013892582929793356,0.06451928066407682,0.021121247640864114,-0.010827857756018014,0.01020408163265306,-0.0023864555166495,0.01020408163265306,-0.09317222930983415,0.01020408163265306,-0.0038800562022107323,-0.016799013070601373,0.01020408163265306,0.01020408163265306,0.01020408163265306,-0.009279722203927128,0.01020408163265306,0.01020408163265306,0.01020408163265306,0.01020408163265306,0.01020408163265306,0.01020408163265306,0.01020408163265306,-0.0717116653008583,0.01020408163265306,0.01020408163265306,-0.0898691108488547,0.01020408163265306,-0.024712317646244375,-0.05313541796986561,0.01020408163265306,0.01020408163265306,-0.09429254317205127,-0.016256355417921704,0.01020408163265306,0.01020408163265306,0.005681076428069961,0.01020408163265306,0.01020408163265306,0.01020408163265306,-0.06739334617233356,0.01020408163265306,0.01020408163265306,0.0046826756299874,0.01020408163265306,-0.044122434686227986,0.01020408163265306,0.01020408163265306,0.01020408163265306,0.01020408163265306,0.01020408163265306,0.01020408163265306,0.01020408163265306,0.01020408163265306,0.01020408163265306,0.01020408163265306,0.01020408163265306,0.01020408163265306,0.01020408163265306,0.01020408163265306,0.01020408163265306,0.01020408163265306,0.01020408163265306,0.028545539221671495,0.01020408163265306,0.01020408163265306,0.01020408163265306,0.01020408163265306,0.01020408163265306,0.01020408163265306,-0.024647529362183396,0.01020408163265306,0.01020408163265306,0.01020408163265306,0.01020408163265306,0.01020408163265306,0.01020408163265306,0.01020408163265306,0.01020408163265306,0.01020408163265306,0.010355998208318536,0.01020408163265306,0.01020408163265306,0.3976562141725152,0.01020408163265306,0.01020408163265306,0.01020408163265306,0.10046190867351522,0.01020408163265306,0.4086121494289314,0.01020408163265306,-0.08820824855441568
2026-01-21,0.001314875150049112,-0.0069679814657575365,0.03062252748706796,-0.0019893666103112106,-0.050778198634006615,0.01020408163265306,0.046872556573810745,0.015120772293604435,0.09415596778130239,0.018621851965925862,-0.005889227914674449,0.008232297495747313,-0.022998780260252864,0.006332840821937432,-0.10029220336142285,0.01020408163265306,-0.014299426963628842,-0.013662205395095111,0.01020408163265306,0.01020408163265306,0.01020408163265306,0.004072503807922885,0.01020408163265306,0.01020408163265306,0.01020408163265306,0.01020408163265306,0.01020408163265306,0.017559524933153048,0.01020408163265306,-0.07657454537938067,0.01020408163265306,0.012262833908706769,-0.12269382946312761,0.08516327047838403,-0.04762173511406793,-0.0999782207566907,0.01020408163265306,0.01020408163265306,-0.0846843306814374,-0.05174160689509684,0.01020408163265306,0.01020408163265306,0.0008987492389769241,0.01020408163265306,0.01020408163265306,0.01020408163265306,-0.10091127410159337,0.01020408163265306,0.01020408163265306,-0.0035401173412795313,0.01020408163265306,-0.04569403820193277,0.01020408163265306,0.01020408163265306,0.0061035299917898515,0.01020408163265306,0.01020408163265306,0.01020408163265306,0.01020408163265306,0.03425408112847316,0.01020408163265306,0.04420833559135018,0.01020408163265306,0.01020408163265306,0.01020408163265306,0.01020408163265306,-0.0203291525801434,0.01020408163265306,0.01020408163265306,0.030618560948299206,0.01020408163265306,0.01020408163265306,-0.03769423812481421,0.01020408163265306,0.02229127431990313,0.06343366806647321,-0.05176968187830575,0.01020408163265306,0.012095496600771171,0.01020408163265306,0.01020408163265306,0.01020408163265306,0.01020408163265306,0.029435532676279935,0.01020408163265306,0.01020408163265306,0.021169324118761993,0.04989418741519546,0.01020408163265306,0.4009587129265577,0.048009735646009175,-0.03060718553113683,0.01020408163265306,0.08929284764113474,0.007868864256638847,0.43541292828886047,0.01020408163265306,-0.13535622326627772
2026-01-22,0.01020408163265306,-0.0004421870843923509,0.01020408163265306,-0.0025636710257805773,-0.04469313633643496,0.01020408163265306,0.011064024714147372,0.01020408163265306,0.06950950529199032,0.023945306067680538,-0.011440533985744539,0.01020408163265306,-0.0034782162594404354,0.01020408163265306,-0.09259081588560765,0.01020408163265306,0.01020408163265306,-0.030841618006712805,0.01020408163265306,0.01020408163265306,0.01020408163265306,0.01020408163265306,0.01020408163265306,0.01020408163265306,0.01020408163265306,0.01020408163265306,0.01020408163265306,0.01020408163265306,0.01020408163265306,-0.07018550292646139,0.01020408163265306,0.01020408163265306,-0.08865407820548053,0.01020408163265306,-0.05150700626975985,-0.059572413179802164,0.01020408163265306,0.01020408163265306,-0.08953961167523485,-0.019668796348232598,0.01020408163265306,0.01020408163265306,0.0009994317410321838,0.01020408163265306,0.01020408163265306,0.01020408163265306,-0.06812492597658612,0.01020408163265306,0.01020408163265306,-0.001280888470217182,0.01020408163265306,-0.02847863020687373,0.01020408163265306,0.01020408163265306,0.01020408163265306,0.01020408163265306,0.01020408163265306,0.01020408163265306,0.01020408163265306,0.01020408163265306,0.01020408163265306,0.01020408163265306,0.01020408163265306,0.01020408163265306,0.01020408163265306,0.01020408163265306,0.01020408163265306,0.01020408163265306,0.01020408163265306,0.03040398613081461,0.01020408163265306,0.01020408163265306,0.01020408163265306,0.01020408163265306,0.01020408163265306,0.01020408163265306,-0.014066745859710803,0.01020408163265306,0.01020408163265306,0.01020408163265306,0.01020408163265306,0.01020408163265306,0.01020408163265306,0.01020408163265306,0.01020408163265306,0.01020408163265306,0.01746344189842277,0.01020408163265306,0.01020408163265306,0.35747331269550014,0.01020408163265306,0.01020408163265306,0.01020408163265306,0.1052044483721701,0.01020408163265306,0.42635843226626075,0.01020408163265306,-0.08978290739391366
2026-01-23,0.01020408163265306,-0.004128098846394736,0.01020408163265306,-0.00033224678522869935,-0.04099966136059057,0.01020408163265306,0.01324792087382739,0.010637687320703214,0.065686967784094,0.026486114958469316,-0.00997632753077496,0.01020408163265306,-0.0013227153126331576,0.01020408163265306,-0.09230364813060114,0.01020408163265306,0.01020408163265306,-0.015553416396302292,0.01020408163265306,0.01020408163265306,0.01020408163265306,0.01020408163265306,0.01020408163265306,0.01020408163265306,0.01020408163265306,0.01020408163265306,0.01020408163265306,0.01020408163265306,0.01020408163265306,-0.08131377067445314,0.01020408163265306,0.01020408163265306,-0.07764794586445734,0.01020408163265306,-0.06317370720491237,-0.05429514995355879,0.01020408163265306,0.01020408163265306,-0.09174620414658936,-0.027262363987522062,0.01020408163265306,0.01020408163265306,0.001335615196448774,0.01020408163265306,0.01020408163265306,0.01020408163265306,-0.0677782805894074,0.01020408163265306,0.01020408163265306,0.00019565592834808014,0.01020408163265306,-0.02451628647599636,0.01020408163265306,0.01020408163265306,0.01020408163265306,0.01020408163265306,0.01020408163265306,0.01020408163265306,0.01020408163265306,0.01020408163265306,0.01020408163265306,0.01020408163265306,0.01020408163265306,0.01020408163265306,0.01020408163265306,0.01020408163265306,0.01020408163265306,0.01020408163265306,0.01020408163265306,0.032182409380152446,0.01020408163265306,0.01020408163265306,0.01020408163265306,0.01020408163265306,0.01020408163265306,0.01020408163265306,-0.02412789059193838,0.01020408163265306,0.01020408163265306,0.01020408163265306,0.01020408163265306,0.01020408163265306,0.01020408163265306,0.01020408163265306,0.01020408163265306,0.01020408163265306,0.01020408163265306,0.01020408163265306,0.01020408163265306,0.34062814290682547,0.01020408163265306,0.01020408163265306,0.01020408163265306,0.11474806407241232,0.01020408163265306,0.4203187152995159,0.01020408163265306,-0.07347937578780363
2026-01-26,0.01020408163265306,-0.0035844343569090345,0.01020408163265306,-0.00033057747110213503,-0.04070664611350139,0.01020408163265306,0.01219276395622934,0.01072579114144568,0.06572184556115915,0.026499644393988123,-0.010067758125277685,0.01020408163265306,-0.0014991138413306838,0.01020408163265306,-0.09221487626142162,0.01020408163265306,0.00866506500424304,-0.015721151208763995,0.01020408163265306,0.01020408163265306,0.01020408163265306,0.01020408163265306,0.01020408163265306,0.01020408163265306,0.01020408163265306,0.01020408163265306,0.01020408163265306,0.01020408163265306,0.01020408163265306,-0.08019257628792567,0.01020408163265306,0.01020408163265306,-0.07681091662223759,0.01020408163265306,-0.06391717451058121,-0.05402783789461919,0.01020408163265306,0.01020408163265306,-0.09330914815758788,-0.02822103397746177,0.01020408163265306,0.01020408163265306,7.190039153823213e-06,0.01020408163265306,0.01020408163265306,0.01020408163265306,-0.06763153866625612,0.01020408163265306,0.01020408163265306,9.675944993428089e-05,0.01020408163265306,-0.023720143888876638,0.01020408163265306,0.01020408163265306,0.01020408163265306,0.01020408163265306,0.01020408163265306,0.01020408163265306,0.01020408163265306,0.01020408163265306,0.01020408163265306,0.01020408163265306,0.01020408163265306,0.01020408163265306,0.01020408163265306,0.01020408163265306,0.01020408163265306,0.01020408163265306,0.01020408163265306,0.03220262228883345,0.01020408163265306,0.01020408163265306,0.01020408163265306,0.01020408163265306,0.01020408163265306,0.01020408163265306,-0.023883428734774302,0.01020408163265306,0.01020408163265306,0.01020408163265306,0.01020408163265306,0.01020408163265306,0.01020408163265306,0.01020408163265306,0.01020408163265306,0.01020408163265306,0.01020408163265306,0.01020408163265306,0.01020408163265306,0.34163880644481703,0.01020408163265306,0.01020408163265306,0.01020408163265306,0.11471696590420358,0.01020408163265306,0.4209928572701885,0.01020408163265306,-0.07190766962128338
2026-01-27,0.01020408163265306,-0.0030646356266517648,0.01616634292019814,-0.0029974492515422377,-0.04401732256190557,0.01020408163265306,0.01020408163265306,0.010302527184178288,0.0687962415456006,0.0268157053778091,-0.008026425874915028,0.01020408163265306,-0.001137608172550448,0.01020408163265306,-0.10877602606340375,0.01020408163265306,0.01020408163265306,-0.023646511080990612,0.01020408163265306,0.01020408163265306,0.01020408163265306,0.01020408163265306,0.01020408163265306,0.01020408163265306,0.01020408163265306,0.01020408163265306,0.01020408163265306,0.01020408163265306,0.01020408163265306,-0.08298066412830851,0.010095750541092545,0.01020408163265306,-0.07263909236505658,0.01020408163265306,-0.038521306655131565,-0.06173948660408758,0.01020408163265306,0.01020408163265306,-0.08510107725141944,-0.04130970977812413,0.01020408163265306,0.01020408163265306,-0.0017742744264821215,0.01020408163265306,0.01020408163265306,0.01020408163265306,-0.06371005940834389,0.01020408163265306,0.01020408163265306,0.007867778828344184,0.01020408163265306,-0.017973214201353928,0.01020408163265306,0.01020408163265306,0.01020408163265306,0.01020408163265306,0.01020408163265306,0.01020408163265306,0.01020408163265306,0.01020408163265306,0.01020408163265306,0.01020408163265306,0.01020408163265306,0.01020408163265306,0.01020408163265306,0.01020408163265306,0.01020408163265306,0.01020408163265306,0.01020408163265306,0.03255350606630779,0.01020408163265306,0.01020408163265306,0.01020408163265306,0.01020408163265306,0.01020408163265306,0.01020408163265306,-0.03333922618406153,0.01020408163265306,0.007837797070401088,0.01020408163265306,0.01020408163265306,0.01020408163265306,0.01020408163265306,0.01020408163265306,0.01020408163265306,0.01020408163265306,0.01020408163265306,0.01020408163265306,0.01020408163265306,0.3352798093050144,0.01020408163265306,0.01020408163265306,0.01020408163265306,0.12869571098121116,0.01020408163265306,0.4003174482688503,0.01020408163265306,-0.05805616110774027
2026-01-28,0.01020408163265306,-0.008097760355360908,0.03481700582590373,-0.007479948099551029,-0.04305956122607634,0.01020408163265306,0.0215441569247571,0.014150128322589054,0.07586280047709126,0.028985652793946173,-0.0050006993187385555,0.01020408163265306,-0.00914341596641922,0.01020408163265306,-0.1128001944308082,0.01020408163265306,0.01020408163265306,-0.02121201441895608,0.01020408163265306,0.01020408163265306,0.01020408163265306,0.01020408163265306,0.01020408163265306,0.01020408163265306,0.01020408163265306,0.01020408163265306,0.01020408163265306,0.01020408163265306,0.01020408163265306,-0.08085306936789767,0.008534106773407832,0.01020408163265306,-0.07662921710381529,0.010533092327628404,-0.03367526327622216,-0.07069432775947511,0.01020408163265306,0.01020408163265306,-0.07907207547583846,-0.05299096212977136,0.01020408163265306,0.01020408163265306,-0.01015331364984423,0.01020408163265306,0.01020408163265306,0.01020408163265306,-0.08091585852165062,0.01020408163265306,0.01020408163265306,0.008863723341092856,0.01020408163265306,-0.024586033703468145,0.01020408163265306,0.01020408163265306,0.01020408163265306,0.01020408163265306,0.01020408163265306,0.01020408163265306,0.01020408163265306,0.01671046643912022,0.01020408163265306,0.01020408163265306,0.01020408163265306,0.01020408163265306,0.01020408163265306,0.01020408163265306,0.006712724752185395,0.01020408163265306,0.01020408163265306,0.03468894931233531,0.01020408163265306,0.01020408163265306,0.01020408163265306,0.01020408163265306,0.01020408163265306,0.01020408163265306,-0.06429495342040792,0.01020408163265306,-0.0027524756510324336,0.01020408163265306,0.01020408163265306,0.01020408163265306,0.01020408163265306,0.04464239515995552,0.01020408163265306,0.01020408163265306,0.01020408163265306,0.01020408163265306,0.01020408163265306,0.3559790092631704,0.012569766132884306,-0.013788473605186232,0.01020408163265306,0.1279775591661212,0.01020408163265306,0.43211584986914525,0.01020408163265306,-0.07014083062530387
2026-01-29,0.01020408163265306,-0.00615520423996384,0.01020408163265306,0.000755848176994936,-0.03580508769715178,0.01020408163265306,0.01020408163265306,0.01092562331412294,0.06340590539110014,0.028264530801996035,-0.005959595215708187,0.01020408163265306,-0.0033560870708157116,0.01020408163265306,-0.10358842440859278,0.01020408163265306,0.01020408163265306,-0.029851304129089748,0.01020408163265306,0.01020408163265306,0.01020408163265306,0.01020408163265306,0.01020408163265306,0.01020408163265306,0.01020408163265306,0.01020408163265306,0.01020408163265306,0.01020408163265306,0.01020408163265306,-0.07810349262217238,0.003261901745611029,0.01020408163265306,-0.05693633193000873,0.01020408163265306,-0.03457142323104134,-0.05516033509278935,0.01020408163265306,0.01020408163265306,-0.0775588785097888,-0.049734612823713054,0.01020408163265306,0.01020408163265306,-0.016735029008447512,0.01020408163265306,0.01020408163265306,0.01020408163265306,-0.07078683329749694,0.01020408163265306,0.01020408163265306,0.01020408163265306,0.01020408163265306,-0.011357511211628387,0.01020408163265306,0.01020408163265306,0.01020408163265306,0.01020408163265306,0.01020408163265306,0.01020408163265306,0.01020408163265306,0.01020408163265306,0.01020408163265306,0.01020408163265306,0.01020408163265306,0.01020408163265306,0.01020408163265306,0.01020408163265306,0.01020408163265306,0.01020408163265306,0.01020408163265306,0.03235988858352429,0.01020408163265306,0.01020408163265306,0.01020408163265306,0.01020408163265306,0.01020408163265306,0.01020408163265306,-0.04928924803472774,0.01020408163265306,0.00035851365664012723,0.01020408163265306,0.01020408163265306,0.01020408163265306,0.01020408163265306,0.01020408163265306,0.01020408163265306,0.01020408163265306,0.01020408163265306,0.01020408163265306,0.01020408163265306,0.3317866066382372,0.01020408163265306,0.01020408163265306,0.01020408163265306,0.13849124241624736,0.01020408163265306,0.3868554276331224,0.01020408163265306,-0.03600588575282761
2026-01-30,0.01020408163265306,-0.0068245370697492865,0.01020408163265306,0.00300245276604071,-0.037029179910618576,0.01020408163265306,0.01020408163265306,0.010969787098881656,0.06648614012534426,0.028374273751175627,-0.006229047327504672,0.01020408163265306,-0.006027091109493064,0.01020408163265306,-0.1001905275850669,0.01020408163265306,0.01020408163265306,-0.028182514229872467,0.01020408163265306,0.01020408163265306,0.01020408163265306,0.01020408163265306,0.01020408163265306,0.01020408163265306,0.01020408163265306,0.01020408163265306,0.01020408163265306,0.01020408163265306,0.01020408163265306,-0.07791927552695355,0.002193599182166675,0.01020408163265306,-0.05690039151697125,0.01020408163265306,-0.02654387477196901,-0.05460256482354067,0.01020408163265306,0.01020408163265306,-0.09066813947711565,-0.04849237514910249,0.01020408163265306,0.01020408163265306,-0.023733231655973498,0.01020408163265306,0.01020408163265306,0.01020408163265306,-0.06878080234453494,0.01020408163265306,0.01020408163265306,0.00951471199609052,0.01020408163265306,-0.016742786287601834,0.01020408163265306,0.01020408163265306,0.01020408163265306,0.01020408163265306,0.01020408163265306,0.01020408163265306,0.01020408163265306,0.01020408163265306,0.01020408163265306,0.01020408163265306,0.01020408163265306,0.01020408163265306,0.01020408163265306,0.01020408163265306,0.01020408163265306,0.01020408163265306,0.01020408163265306,0.03247658102605139,0.01020408163265306,0.01020408163265306,0.01020408163265306,0.01020408163265306,0.01020408163265306,0.01020408163265306,-0.03401230733581329,0.01020408163265306,0.0028765910115535424,0.01020408163265306,0.01020408163265306,0.01020408163265306,0.01020408163265306,0.01020408163265306,0.01020408163265306,0.01020408163265306,0.01020408163265306,0.01020408163265306,0.01020408163265306,0.33115003266921667,0.01020408163265306,0.01020408163265306,0.01020408163265306,0.14157573167213597,0.01020408163265306,0.3720407975482436,0.01020408163265306,-0.032067767010733786
2026-02-02,-0.00646712833921125,-0.016153252105167923,0.048272232692545776,0.007657907244531638,-0.04438532509371904,0.01020408163265306,0.025369891800220066,0.015796970631180414,0.09778374559973374,0.02213107336060852,0.0002565141690853527,0.01020408163265306,-0.031921227170668705,0.0068579751854013285,-0.11049311473872564,0.01020408163265306,0.0012055732501512623,0.004576909617793514,0.01020408163265306,0.01020408163265306,0.003666773660206832,0.01020408163265306,0.01020408163265306,0.01020408163265306,0.01020408163265306,0.01020408163265306,0.01020408163265306,0.01020408163265306,0.01020408163265306,-0.08428094561143186,0.00631364633847906,0.01020408163265306,-0.10784337618458212,0.09658773861594729,0.01020408163265306,-0.09868475944447647,0.004393341311285682,0.01020408163265306,-0.08227661348532869,-0.08839026569701369,0.01020408163265306,0.01020408163265306,-0.02938735526560389,0.014952452071756082,0.01020408163265306,0.01020408163265306,-0.11389414495107979,0.01020408163265306,-0.007101320258359746,0.01020408163265306,0.01020408163265306,-0.05253816909183627,0.01020408163265306,0.01020408163265306,0.01020408163265306,0.01020408163265306,0.01020408163265306,0.01020408163265306,0.01020408163265306,0.027657408274783725,0.01020408163265306,0.04438509574971989,0.01020408163265306,0.01020408163265306,0.01020408163265306,0.01020408163265306,-0.040494919738455794,0.01020408163265306,0.01020408163265306,0.04298237583088314,0.01020408163265306,0.01020408163265306,0.01020408163265306,0.01020408163265306,0.02067712641903477,0.049615115633985594,-0.054493079412365336,0.01020408163265306,-0.002684449554441165,0.01020408163265306,0.01020408163265306,0.01020408163265306,0.01020408163265306,0.06419198605661039,0.01020408163265306,0.01020408163265306,0.01020408163265306,0.03607674595804401,0.01020408163265306,0.37567317054322663,0.07076314340132003,-0.03514976805750168,-0.003328513546628234,0.1187352282820245,0.01020408163265306,0.3549045069166015,0.01020408163265306,-0.08212916576652275
2026-02-03,-0.02107838737347241,-0.01939391596301108,0.05646979403372869,0.01020408163265306,-0.047588247175341276,0.011700983423090686,0.04246747437914985,0.01803081973524969,0.10767864161808749,0.02080588524153136,0.0034313216774611906,0.01020408163265306,-0.051133333136494985,-0.0073433725726529,-0.10243412083202658,0.01020408163265306,-0.0015152929426373186,0.01020408163265306,0.01020408163265306,0.015638159612496646,0.004353669998857659,0.01020408163265306,0.01020408163265306,0.01020408163265306,0.01020408163265306,0.01020408163265306,0.01020408163265306,0.02902910797234929,0.01020408163265306,-0.08259094470528147,0.008772553939871763,0.01020408163265306,-0.12886154896575933,0.13063748351699747,0.01020408163265306,-0.1328158428269098,0.0017647544531813157,0.01020408163265306,-0.10653069844947105,-0.10823126984506776,0.01020408163265306,0.01020408163265306,-0.03084663400448196,0.05050190230364581,0.01020408163265306,0.01020408163265306,-0.13329559575479294,0.01020408163265306,-0.0176419939081133,0.01020408163265306,0.01020408163265306,-0.05971175406973696,0.01020408163265306,0.007270745135060588,0.01020408163265306,0.01020408163265306,0.01020408163265306,0.01020408163265306,0.01020408163265306,0.04962195134132168,0.01020408163265306,0.065396354515258,0.02482083655221716,0.01020408163265306,0.01020408163265306,0.01020408163265306,-0.09539109383446284,0.01020408163265306,0.01020408163265306,0.04132691488639432,0.01020408163265306,0.01020408163265306,0.01020408163265306,0.01020408163265306,0.02663121802520179,0.07211648379552991,-0.04735688448515346,0.01020408163265306,-0.0080011511354259,0.01020408163265306,0.01020408163265306,0.01020408163265306,0.01020408163265306,0.08011011567761604,0.01020408163265306,0.01020408163265306,0.01020408163265306,0.07160415865366797,0.01020408163265306,0.3392301338390248,0.10300527284352867,-0.033858165221630585,-0.00974026684934983,0.105305954474584,0.01020408163265306,0.34392886421095364,0.01020408163265306,-0.08629104180478377
2026-02-04,-0.00038662716783420363,-0.006593445030428078,0.038197461034541184,0.0004181742724927266,-0.04567395681327361,0.01020408163265306,0.011684195045565029,0.01020408163265306,0.08246313957766419,0.026915015131097425,-0.005016268199927492,0.01020408163265306,-0.01547898835045951,0.01020408163265306,-0.09521107794497542,0.01020408163265306,0.01020408163265306,-0.023674393706964066,0.01020408163265306,0.01020408163265306,0.01020408163265306,0.01020408163265306,0.01020408163265306,0.01020408163265306,0.01020408163265306,0.01020408163265306,0.01020408163265306,0.01020408163265306,0.01020408163265306,-0.07660789725463805,0.006947411103539325,0.01020408163265306,-0.05644728733824446,0.019558091352099183,0.01020408163265306,-0.0741636951738941,0.01020408163265306,0.01020408163265306,-0.06479138846694094,-0.052922119563649395,0.01020408163265306,0.01020408163265306,-0.04568084397120997,0.01020408163265306,0.01020408163265306,0.01020408163265306,-0.08195609172374059,0.01020408163265306,-0.005913154453568865,0.00829416478921517,0.01020408163265306,-0.03448136188494423,0.01020408163265306,0.01020408163265306,0.01020408163265306,0.01020408163265306,0.01020408163265306,0.01020408163265306,0.01020408163265306,0.01020408163265306,0.01020408163265306,0.01020408163265306,0.01020408163265306,0.01020408163265306,0.01020408163265306,0.01020408163265306,-0.029877605144740867,0.01020408163265306,0.01020408163265306,0.04004149278327053,0.01020408163265306,0.01020408163265306,0.01020408163265306,0.01020408163265306,0.01020408163265306,0.01020408163265306,-0.07023802214692915,0.01020408163265306,-0.003591766359127486,0.01020408163265306,0.01020408163265306,0.01020408163265306,0.01020408163265306,0.06816293195697519,0.01020408163265306,0.01020408163265306,0.056512988843307105,0.01020408163265306,0.01020408163265306,0.35548096512837457,0.02415831531035427,-0.011158636130172558,0.01020408163265306,0.142962661861699,0.01020408163265306,0.32657244395260404,0.01020408163265306,-0.04115788654162568
2026-02-05,0.01020408163265306,-0.0019998809476721776,0.014487741416149646,0.0016303544722335913,-0.04170796000545644,0.01020408163265306,0.01020408163265306,0.01020408163265306,0.0665089626721649,0.02609118084663256,-0.00354943388744711,0.01020408163265306,-0.0051189086035478976,0.01020408163265306,-0.0963105400879122,0.01020408163265306,0.01020408163265306,-0.030914713230991167,0.01020408163265306,0.01020408163265306,0.01020408163265306,0.01020408163265306,0.01020408163265306,0.01020408163265306,0.01020408163265306,0.01020408163265306,0.01020408163265306,0.01020408163265306,0.01020408163265306,-0.07749373329536936,0.0039628048787979115,0.007979104763276687,-0.04212545451441354,0.01020408163265306,-0.008926530966578831,-0.0519495889269012,0.01020408163265306,0.01020408163265306,-0.07881044189666248,-0.04791047865763991,0.01020408163265306,0.01020408163265306,-0.049067867312216754,0.01020408163265306,0.01020408163265306,0.01020408163265306,-0.04808211481632922,0.01020408163265306,0.01020408163265306,0.01020408163265306,0.01020408163265306,-0.027658558590680532,0.01020408163265306,-0.0009328771084572782,0.01020408163265306,0.01020408163265306,0.01020408163265306,0.01020408163265306,0.01020408163265306,0.01020408163265306,0.01020408163265306,0.01020408163265306,0.01020408163265306,0.01020408163265306,0.01020408163265306,0.01020408163265306,-0.008799831928836632,0.01020408163265306,0.01020408163265306,0.038964748646452455,0.01020408163265306,0.01020408163265306,0.01020408163265306,0.01020408163265306,0.01020408163265306,0.01020408163265306,-0.06909387231920046,0.01020408163265306,0.0009458184735954139,0.01020408163265306,0.01020408163265306,0.01020408163265306,0.01020408163265306,0.01020408163265306,0.01020408163265306,0.01020408163265306,0.032833732700970425,0.01020408163265306,0.01020408163265306,0.33591163921657796,0.029220657681637605,0.01020408163265306,0.01020408163265306,0.16389871137572487,0.01020408163265306,0.29170158838645177,0.01020408163265306,0.002846353810545309
2026-02-06,0.01020408163265306,-0.005761481498429458,0.020547269217322812,-0.0042438971084649835,-0.04348156881262808,0.01020408163265306,0.01356805598445017,0.010795288929976938,0.07805699726337292,0.026905635481010937,-0.002694284274034559,0.01020408163265306,0.0009906345781148362,0.01020408163265306,-0.10005627214956543,0.01020408163265306,0.01020408163265306,-0.03490337262220738,0.01020408163265306,0.01020408163265306,0.01020408163265306,0.01020408163265306,0.01020408163265306,0.01020408163265306,0.01020408163265306,0.01020408163265306,0.01020408163265306,0.01020408163265306,0.01020408163265306,-0.06917499934191959,0.007174626682827778,0.009619395654889088,-0.04596601416832448,0.01020408163265306,0.003107662155810261,-0.03343146111145775,0.01020408163265306,0.01020408163265306,-0.09274484951647524,-0.016612447238203876,0.01020408163265306,0.01020408163265306,-0.07317888327904952,0.01020408163265306,0.01020408163265306,0.01020408163265306,-0.07337155941271638,0.01020408163265306,0.01020408163265306,0.01020408163265306,0.01020408163265306,-0.059010648570568466,0.01020408163265306,0.01020408163265306,0.01020408163265306,0.01020408163265306,0.01020408163265306,0.01020408163265306,0.01020408163265306,0.01020408163265306,0.01020408163265306,0.01020408163265306,0.01020408163265306,0.01020408163265306,0.01020408163265306,0.01020408163265306,-0.025399352650704123,0.01020408163265306,0.01020408163265306,0.03875437849109735,0.01020408163265306,0.01020408163265306,0.01020408163265306,0.01020408163265306,0.01020408163265306,0.01020408163265306,-0.11551933889315634,0.01020408163265306,0.002180056240209144,0.01020408163265306,0.01020408163265306,0.01020408163265306,0.01020408163265306,0.01020408163265306,0.01020408163265306,0.01020408163265306,0.05357581182255647,0.01020408163265306,0.01020408163265306,0.38329512711566205,0.06448392847621974,-0.013764689477221223,0.01020408163265306,0.15816375102329208,0.01020408163265306,0.31451393448867737,0.01020408163265306,-0.029478657970159042
2026-02-09,0.01020408163265306,-0.01205926417454996,0.01020408163265306,0.0032931509320462777,-0.032473612926597506,0.01020408163265306,0.01020408163265306,0.01313816322092009,0.06136795716620616,0.026917590614440996,-0.005322845516234031,0.01020408163265306,0.0015270772001378559,0.01020408163265306,-0.09418754768138933,0.01020408163265306,0.01020408163265306,-0.007461166763964999,0.01020408163265306,0.01020408163265306,-0.016789427660231976,0.01020408163265306,0.01020408163265306,0.01020408163265306,0.01020408163265306,0.01020408163265306,0.01020408163265306,0.01020408163265306,0.01020408163265306,-0.07167646044892238,-0.002753633816460146,-1.5756202310212436e-06,-0.02128995092826498,0.01020408163265306,0.010138807578703857,0.0011267125084963685,0.01020408163265306,-0.04492097225859144,-0.061570866168793176,-0.008211015400756414,0.01020408163265306,0.01020408163265306,-0.08154124040597342,0.01020408163265306,0.01020408163265306,0.01020408163265306,-0.07741700306910239,0.01020408163265306,-0.001309850330815921,0.01020408163265306,0.01020408163265306,-0.045028651613940505,0.01020408163265306,0.01020408163265306,0.01020408163265306,0.01020408163265306,0.01020408163265306,0.01020408163265306,0.01020408163265306,0.01020408163265306,0.01020408163265306,0.01020408163265306,0.01020408163265306,0.01020408163265306,0.01020408163265306,0.01020408163265306,0.01020408163265306,0.01020408163265306,0.01020408163265306,0.039619785995052115,0.01020408163265306,0.01020408163265306,0.01020408163265306,0.01020408163265306,0.01020408163265306,0.01020408163265306,-0.12866664305879677,0.01020408163265306,0.01020408163265306,0.01020408163265306,0.01020408163265306,0.01020408163265306,0.01020408163265306,0.01020408163265306,0.01020408163265306,0.015675603547555296,0.01020408163265306,0.01020408163265306,0.01020408163265306,0.3447345721947682,0.0805419537055062,0.01020408163265306,0.01020408163265306,0.16434034252902793,0.01020408163265306,0.2958498459835925,0.01020408163265306,-0.019059223087939517
2026-02-10,0.01020408163265306,-0.011429486292006017,0.01020408163265306,0.002840061445703492,-0.03392957624468781,0.01020408163265306,0.01020408163265306,0.011335376925348882,0.06192202771856554,0.02667073553095692,-0.004866606431709981,0.01020408163265306,-0.0018666405758736796,0.01020408163265306,-0.09518662136991389,0.01020408163265306,0.01020408163265306,-0.0012359384137515875,0.01020408163265306,0.01020408163265306,-0.013210239623327317,0.01020408163265306,0.01020408163265306,0.01020408163265306,0.01020408163265306,0.01020408163265306,0.01020408163265306,0.01020408163265306,0.01020408163265306,-0.06974366307162848,-0.0030266579181526497,0.0007704741094080956,-0.008728140848903635,0.01020408163265306,0.005991969996805715,0.005385711400737769,0.01020408163265306,-0.05876773023463398,-0.066594085723683,-0.024310443587518105,0.01020408163265306,0.01020408163265306,-0.07342577538500962,0.01020408163265306,0.01020408163265306,0.01020408163265306,-0.07025354053061969,0.01020408163265306,-0.0017537601800411244,0.01020408163265306,0.01020408163265306,-0.04528750557190653,0.01020408163265306,0.01020408163265306,0.01020408163265306,0.01020408163265306,0.01020408163265306,0.01020408163265306,0.01020408163265306,0.01020408163265306,0.01020408163265306,0.01020408163265306,0.01020408163265306,0.01020408163265306,0.01020408163265306,0.01020408163265306,0.01020408163265306,0.01020408163265306,0.01020408163265306,0.04243578308830876,0.01020408163265306,0.01020408163265306,0.01020408163265306,0.01020408163265306,0.01020408163265306,0.01020408163265306,-0.1268000340534813,0.01020408163265306,0.006352088642230974,0.01020408163265306,0.01020408163265306,0.01020408163265306,0.01020408163265306,0.01020408163265306,0.01020408163265306,0.01699453069068272,0.01020408163265306,0.01020408163265306,0.01020408163265306,0.3205329257680971,0.08665751427820668,0.01020408163265306,0.01020408163265306,0.17249369325076674,0.014113763592801868,0.2820716724439122,0.01020408163265306,0.0007868926845189684
2026-02-11,-0.019734371925360254,-0.02041588887126001,0.03628579776425915,0.0031842727696369004,-0.04173363669777461,0.01020408163265306,0.04354839138687279,0.01940544368553166,0.09208154831044171,0.0311444794290842,0.0012199681716056256,0.01020408163265306,-0.01653414592290224,0.0076065342090699106,-0.10035559892901036,0.01020408163265306,0.01020408163265306,0.003758625712455525,0.01020408163265306,0.01020408163265306,-0.024940421078048385,0.01020408163265306,0.01020408163265306,0.01020408163265306,0.01020408163265306,0.01020408163265306,0.01020408163265306,0.023540006206684123,0.01020408163265306,-0.06671579529220348,0.01020408163265306,0.009365624824922232,-0.07041998268353412,0.016768793871881644,0.006074115590276146,-0.01729739551651996,0.01020408163265306,-0.03721462526281195,-0.0897200866254109,-0.02955173187911845,0.01020408163265306,0.01020408163265306,-0.08544377334575581,0.01020408163265306,0.01020408163265306,0.01020408163265306,-0.08052975272309983,0.01020408163265306,-0.01788158593693353,0.01020408163265306,0.01020408163265306,-0.0657198047942513,0.01020408163265306,0.01020408163265306,0.007018646200794867,0.01020408163265306,-0.0034589143561819767,0.01020408163265306,0.01020408163265306,0.01020408163265306,0.017513046811197204,0.08698476385319186,0.01020408163265306,0.01020408163265306,0.01020408163265306,0.01020408163265306,-0.07052111076307932,0.01020408163265306,0.01020408163265306,0.04035163700270169,0.01020408163265306,0.01020408163265306,0.01020408163265306,0.01020408163265306,0.027222266264224325,0.040814285487794984,-0.13784952264860179,0.01020408163265306,-0.0012919174889294647,0.01020408163265306,0.01020408163265306,0.01020408163265306,0.01020408163265306,0.01020408163265306,0.01020408163265306,0.061920072119209364,0.02294771394825381,0.05633070658100755,0.01020408163265306,0.318706370227725,0.149584377408441,-0.02580950661411273,-0.007703290832718231,0.14277288844820935,0.01020408163265306,0.31557733076040284,0.01020408163265306,-0.050884846858256685
2026-02-12,-0.026398078846420703,-0.02303242760981678,0.03836144730733611,0.004219209864131084,-0.043724208393486105,0.01020408163265306,0.06141228790115684,0.020161519845111324,0.09492370870869365,0.03068210492237368,0.0007094719161047734,0.01020408163265306,-0.017183884228949356,0.004076478128664925,-0.10836749025061118,0.01020408163265306,0.01020408163265306,0.01020408163265306,0.01020408163265306,0.01020408163265306,-0.019461467973488855,0.01020408163265306,0.01020408163265306,0.01020408163265306,0.01020408163265306,0.01020408163265306,0.01020408163265306,0.027433748499553136,0.01020408163265306,-0.06724072790142485,0.01020408163265306,0.010000857019637849,-0.07088519642454111,0.011753143112698832,0.01020408163265306,-0.015036340604057485,0.01020408163265306,-0.03023824654086652,-0.09510078495631935,-0.01868932201973425,0.01020408163265306,0.01020408163265306,-0.08830458523647364,0.01020408163265306,0.01020408163265306,0.01020408163265306,-0.10150396926836823,0.01020408163265306,-0.021616987489872105,0.01020408163265306,0.01020408163265306,-0.06587695399058964,0.01020408163265306,0.01020408163265306,0.01020408163265306,0.01020408163265306,-0.011525502420974122,0.01020408163265306,0.01020408163265306,0.01020408163265306,0.020539763916103185,0.09268558862228433,0.01020408163265306,0.01020408163265306,0.019753295089487942,0.01020408163265306,-0.07132183445742114,0.01020408163265306,0.01020408163265306,0.03716061690505448,0.01020408163265306,0.01020408163265306,0.01020408163265306,0.01020408163265306,0.04372168780008683,0.04425304172281794,-0.1575919683991444,0.01020408163265306,-4.8027261317508396e-05,0.01020408163265306,0.01020408163265306,0.01020408163265306,0.01020408163265306,0.01020408163265306,0.01020408163265306,0.06886351585505773,0.01020408163265306,0.05943262737118706,0.01020408163265306,0.309763936482705,0.14982528961418654,-0.03810142705375947,0.01020408163265306,0.14262883607106133,0.01020408163265306,0.30291416917873126,0.01020408163265306,-0.04484324105720151
2026-02-13,0.01020408163265306,-0.011129672090128441,0.01020408163265306,0.000391074314196967,-0.037817068346167514,0.01020408163265306,0.011437613618499022,0.01167975435899444,0.0686819658331496,0.025666767762212286,-0.002683715170286904,0.01020408163265306,-0.007223229007333765,0.01020408163265306,-0.09680645602229788,0.01020408163265306,0.01020408163265306,0.0035452454011011677,0.01020408163265306,0.01020408163265306,0.0029633168074832935,0.01020408163265306,0.01020408163265306,0.01020408163265306,0.01020408163265306,0.01020408163265306,0.01020408163265306,0.01020408163265306,0.01020408163265306,-0.07422784742521808,-0.0013608118567849208,-0.0024134434227320815,-0.0065654327983250774,0.01020408163265306,0.006059445657439042,0.01020408163265306,0.01020408163265306,-0.04978156109888427,-0.08600556541351707,-0.018545496813232885,0.01020408163265306,0.01020408163265306,-0.06694093914514677,0.01020408163265306,0.01020408163265306,0.01020408163265306,-0.07497627629989165,0.01020408163265306,-0.00558582705443871,0.01020408163265306,0.01020408163265306,-0.03716212813273035,0.01020408163265306,0.01020408163265306,0.01020408163265306,0.01020408163265306,0.01020408163265306,0.01020408163265306,0.01020408163265306,0.01020408163265306,0.011023976156631712,0.01020408163265306,0.01020408163265306,0.01020408163265306,0.01020408163265306,0.01020408163265306,0.01020408163265306,0.01020408163265306,0.01020408163265306,0.04166632434719758,0.01020408163265306,0.01020408163265306,0.01020408163265306,0.01020408163265306,0.01020408163265306,0.01020408163265306,-0.14452708920585555,0.01020408163265306,0.00987400191923394,0.01020408163265306,0.01020408163265306,0.01020408163265306,0.01020408163265306,0.01020408163265306,0.01020408163265306,0.03807617663694144,0.01020408163265306,0.01020408163265306,0.01020408163265306,0.3100536161952804,0.07764379329654664,0.01020408163265306,0.01020408163265306,0.17382291437617503,0.01020408163265306,0.2691201444086991,0.01020408163265306,0.008985203723394496
2026-02-17,-0.024566470912829763,-0.021693875747186106,0.04287020048179207,0.004040748885636816,-0.04375423849686176,0.01020408163265306,0.07168417847470726,0.019512992774637184,0.09017099281910332,0.030678117510035956,0.0003575258905076841,0.01020408163265306,-0.015416437892323822,0.008706790378833795,-0.11900752648441577,0.01020408163265306,0.01020408163265306,0.01020408163265306,0.01020408163265306,0.01020408163265306,-0.025419390990918916,0.01020408163265306,0.01020408163265306,0.01020408163265306,0.01020408163265306,0.01020408163265306,0.01020408163265306,0.031074890114093603,-0.003416645924738927,-0.06724261402760547,0.01020408163265306,0.007210807853555467,-0.06256038030940211,0.02444107159245039,0.01020408163265306,-0.009023156937807796,0.01020408163265306,-0.0315260913992442,-0.11090456716035176,-0.015803572051572762,0.01020408163265306,0.01020408163265306,-0.08891907180986514,0.01020408163265306,0.01020408163265306,0.01020408163265306,-0.09542589532478543,0.01020408163265306,-0.02291991378776987,0.01020408163265306,0.01020408163265306,-0.07149211806822987,0.01020408163265306,0.01020408163265306,0.01020408163265306,0.01020408163265306,0.01020408163265306,0.01020408163265306,0.01020408163265306,0.01020408163265306,0.027041830500822053,0.08180741202918297,0.01020408163265306,0.01020408163265306,0.02428124313626038,0.01020408163265306,-0.0730684529316108,0.01020408163265306,0.01020408163265306,0.04060929223929972,0.01020408163265306,0.01020408163265306,0.01020408163265306,0.01020408163265306,0.02028192969616845,0.03838617613557005,-0.1633358167123008,0.01020408163265306,0.007518718214219551,0.01020408163265306,0.01020408163265306,0.01020408163265306,0.02541693437665637,0.01020408163265306,0.01020408163265306,0.059330923954456036,0.01020408163265306,0.055997843762341036,0.01020408163265306,0.3182383844062847,0.15698319751387685,-0.055013717834267506,0.01020408163265306,0.14926629374300288,0.01020408163265306,0.3128890479857684,0.01020408163265306,-0.05889983456313354
2026-02-18,0.01020408163265306,-0.008502530932106926,0.01020408163265306,-0.005472433678178746,-0.03640919784974524,0.01020408163265306,0.021410432192612888,0.01063644041607036,0.07043759004537264,0.02851302403448048,-0.004363501740816865,0.01020408163265306,-0.001858157774901734,0.01020408163265306,-0.11730636077046504,0.01020408163265306,0.01020408163265306,0.01020408163265306,0.01020408163265306,0.01020408163265306,-0.002894953014011799,0.01020408163265306,0.01020408163265306,0.01020408163265306,0.01020408163265306,0.01020408163265306,0.01020408163265306,0.01020408163265306,-0.02767374455095866,-0.07338202128311887,-0.005808432903362895,0.003970952307026344,0.01020408163265306,0.01020408163265306,0.01020408163265306,0.006629247416744354,0.01020408163265306,-0.01746612699836815,-0.09567507245809423,-0.012495127399372427,0.01020408163265306,0.01020408163265306,-0.05884408133983589,0.01020408163265306,0.01020408163265306,0.01020408163265306,-0.07575424275340015,0.01020408163265306,-0.00775931518397358,0.01020408163265306,0.01020408163265306,-0.024596311580081534,0.01020408163265306,0.01020408163265306,0.01020408163265306,0.01020408163265306,0.01020408163265306,0.01020408163265306,0.01020408163265306,0.01020408163265306,0.01020408163265306,0.01020408163265306,0.01020408163265306,0.01020408163265306,0.01020408163265306,0.01020408163265306,-0.013538735883020405,0.01020408163265306,0.01020408163265306,0.038350734814728595,0.01020408163265306,0.01020408163265306,0.01020408163265306,0.01020408163265306,0.01020408163265306,0.01020408163265306,-0.14786190326351403,0.01020408163265306,0.01020408163265306,0.01020408163265306,0.01020408163265306,0.01020408163265306,0.01020408163265306,0.01020408163265306,0.01020408163265306,0.03982329424437651,0.01020408163265306,0.01020408163265306,0.01020408163265306,0.3003715895286618,0.06337763165153486,0.01020408163265306,0.01020408163265306,0.17474916350209138,0.011747230603434135,0.2872269205136934,0.01020408163265306,0.017152693964050378
2026-02-19,-0.009797766219288023,-0.013135420997043951,0.0308721093307099,-0.0050689233423994035,-0.03997023939861275,0.01020408163265306,0.053502141158648944,0.013401247214750864,0.08423979222047302,0.03054695895943991,-0.001770079721856133,0.01020408163265306,-0.007731069895294927,0.01020408163265306,-0.12634405676684063,0.01020408163265306,0.01020408163265306,0.01020408163265306,0.01020408163265306,0.01020408163265306,-0.017716445725378907,0.01020408163265306,0.01020408163265306,0.01020408163265306,0.01020408163265306,0.01020408163265306,0.01020408163265306,0.01020408163265306,-0.027055549418214343,-0.06970257491549074,0.002069154478159585,0.00502691013196806,-0.012085461039658732,0.01020408163265306,0.01020408163265306,-0.005049226995032076,0.01020408163265306,-0.0036259742461755493,-0.09811092403993417,-0.016551739379848565,0.01020408163265306,0.01020408163265306,-0.07290919178670095,0.01020408163265306,0.01020408163265306,0.01020408163265306,-0.07758025540165205,0.01020408163265306,-0.0175725697478566,0.01020408163265306,0.01020408163265306,-0.04688148562689811,0.01020408163265306,0.01020408163265306,0.01020408163265306,0.01020408163265306,0.01020408163265306,0.01020408163265306,0.01020408163265306,0.01020408163265306,0.012780129397529007,0.05892929272348519,0.01020408163265306,0.01020408163265306,0.01020408163265306,0.01020408163265306,-0.05507154579524488,0.01020408163265306,0.01020408163265306,0.03812680896340708,0.01020408163265306,0.01020408163265306,0.01020408163265306,0.01020408163265306,0.01020408163265306,0.01020408163265306,-0.15231327539781622,0.01020408163265306,0.009123225522090252,0.01020408163265306,0.01020408163265306,0.01020408163265306,0.01020408163265306,0.01020408163265306,0.01020408163265306,0.06291264852764243,0.01020408163265306,0.024613824643398216,0.01020408163265306,0.3110993105573286,0.115698357339007,-0.01813951820678386,0.01020408163265306,0.16270774707206673,0.01020408163265306,0.2998872860905633,0.01020408163265306,-0.01319038496052395
2026-02-20,-0.033715883415839865,-0.014956681279167725,0.03946542402317789,-0.0003652700867583323,-0.04439130112022264,0.01020408163265306,0.07084677673517749,0.014563434923857133,0.09762841250107736,0.0240832871546483,0.004358232304879903,0.01020408163265306,-0.019673962544141756,0.01020408163265306,-0.12119439674856249,0.01020408163265306,0.01020408163265306,0.01020408163265306,0.01020408163265306,0.01020408163265306,-0.011277897737614213,0.01020408163265306,0.01020408163265306,0.01020408163265306,0.01020408163265306,0.01020408163265306,0.01020408163265306,0.051895412888673775,-0.022776874792040422,-0.07091008107148364,0.01020408163265306,-0.004617516151165952,-0.01131926727761154,0.014553385705531299,0.01020408163265306,-0.03870918258834871,0.01020408163265306,-0.05722423440765244,-0.09214531678006777,-0.02086880203452996,0.01020408163265306,0.01020408163265306,-0.11563458138006426,0.01020408163265306,0.01020408163265306,0.01020408163265306,-0.10528844016626346,0.01020408163265306,-0.012173768190680502,0.01020408163265306,0.01020408163265306,-0.06088514044958,0.01020408163265306,0.01020408163265306,0.01020408163265306,0.01020408163265306,0.01020408163265306,0.01020408163265306,0.01020408163265306,0.012409926161082784,0.018381176814632916,0.07292733262578104,0.01020408163265306,0.01020408163265306,0.04149908921450177,0.01020408163265306,-0.06583848704776171,0.01020408163265306,0.01020408163265306,0.03541139510358436,0.01020408163265306,0.01020408163265306,0.01020408163265306,0.01020408163265306,0.014015284142362276,0.07636182742343083,-0.15561259431480812,0.01020408163265306,0.006840752804735547,0.01020408163265306,0.01020408163265306,0.01020408163265306,0.03169926019037028,0.01020408163265306,0.01020408163265306,0.08023730539879503,0.019848572484008647,0.04233817416299282,0.01020408163265306,0.2893328779738383,0.1637354685624965,-0.03575250549725365,-0.002701422018689288,0.1503998001338669,0.01020408163265306,0.30200441844042253,0.01020408163265306,-0.06700750240627008
2026-02-23,-0.03557354113103042,-0.013998510087191789,0.04044959824091858,-0.002758446470628907,-0.04494240282880295,0.01020408163265306,0.07227064642307732,0.01576519739534639,0.09981292416910972,0.02407906792845384,0.004067401391936906,0.01020408163265306,-0.02079950729124496,0.01020408163265306,-0.12206762203246911,0.01020408163265306,0.01020408163265306,0.01020408163265306,0.01020408163265306,0.01020408163265306,-0.007780023757053023,0.01020408163265306,0.01020408163265306,0.01020408163265306,0.01020408163265306,0.01020408163265306,0.01020408163265306,0.05322196592016715,-0.02278130015419571,-0.071385613500624,0.01020408163265306,-0.006698101589555193,-0.007689073928055077,0.015790140059917464,0.01020408163265306,-0.040182933389737135,0.01020408163265306,-0.06218145312403131,-0.09338719688208111,-0.019152732312989126,0.01020408163265306,0.01020408163265306,-0.1157256160123478,0.01020408163265306,0.01020408163265306,0.01020408163265306,-0.10595537535750908,0.01020408163265306,-0.011800544554161576,0.01020408163265306,0.01020408163265306,-0.06072714310978458,0.01020408163265306,0.01020408163265306,0.01020408163265306,0.01020408163265306,0.01020408163265306,0.01020408163265306,0.01020408163265306,0.013340204166150567,0.017348827854067203,0.07095789557488945,0.01020408163265306,0.01020408163265306,0.04089628018584747,0.01020408163265306,-0.06146951954278426,0.01020408163265306,0.01020408163265306,0.0355755699632515,0.01020408163265306,0.01020408163265306,0.01020408163265306,0.01020408163265306,0.018150936382428248,0.07965869161113678,-0.15515498414830556,0.01020408163265306,0.006436289509015999,0.01020408163265306,0.01020408163265306,0.01020408163265306,0.031712757833153075,0.01020408163265306,0.01020408163265306,0.08059219169037692,0.015111350959828511,0.04075168145362892,0.01020408163265306,0.28508122039261435,0.1629513821960301,-0.033673964383973236,-0.003937965284680869,0.14960340372185432,0.01020408163265306,0.3038594761694905,0.01020408163265306,-0.06786561195210751
2026-02-24,-0.012730147524720388,-0.010927587010490252,0.04219291159784058,-0.008956786591290103,-0.04240315339804569,0.01020408163265306,0.037064054977261965,0.011408776496710361,0.0952920691431722,0.023300103943479172,0.0010259437036037444,0.01020408163265306,-0.012549849579462343,0.01020408163265306,-0.11695364464607112,0.01020408163265306,0.01020408163265306,0.01020408163265306,0.01020408163265306,0.01020408163265306,-0.002392957525191067,0.01020408163265306,0.01020408163265306,0.01020408163265306,0.01020408163265306,0.01020408163265306,0.01020408163265306,0.01020408163265306,-0.014360062312519023,-0.07694311960128081,0.006545978352819623,-0.007442613318508885,0.01020408163265306,0.01020408163265306,0.01020408163265306,-0.0170235757775661,0.01020408163265306,-0.045334127488780976,-0.08642470627664461,-0.016324672865941595,0.01020408163265306,0.01020408163265306,-0.09313632002239887,0.01020408163265306,0.01020408163265306,0.01020408163265306,-0.08926647740349909,0.01020408163265306,-0.010581394177963182,0.01020408163265306,0.01020408163265306,-0.040064036873485864,0.01020408163265306,0.01020408163265306,0.01020408163265306,0.01020408163265306,0.01020408163265306,0.01020408163265306,0.01020408163265306,0.01020408163265306,0.011136629979691375,0.04314422224977683,0.01020408163265306,0.01020408163265306,0.01020408163265306,0.01020408163265306,-0.01566601659354793,0.01020408163265306,0.01020408163265306,0.04161978732050881,0.01020408163265306,0.01020408163265306,0.01020408163265306,0.01020408163265306,0.01020408163265306,0.0478462853645441,-0.15571558532215862,0.01020408163265306,0.004331535670643484,0.01020408163265306,0.01020408163265306,0.01020408163265306,0.01020408163265306,0.01020408163265306,0.01020408163265306,0.06640370994018176,0.01020408163265306,0.016540495445693595,0.01020408163265306,0.2801308745273088,0.11913692838683515,-0.007924400784535919,0.01020408163265306,0.1643338712792635,0.01020408163265306,0.30628488019117023,0.01020408163265306,-0.02645455817028043
2026-02-25,-0.03476207154275551,-0.016214296640139833,0.055929590204052665,-0.003930388934136209,-0.04847356249247246,0.01020408163265306,0.05781312315848865,0.01645538051182376,0.10644368927978429,0.02314059264394147,0.0014765597998747763,0.01020408163265306,-0.02484966670857302,0.01020408163265306,-0.109190514012789,0.01020408163265306,0.01020408163265306,0.01020408163265306,0.01020408163265306,0.01020408163265306,-0.007002056193199739,0.01020408163265306,0.01020408163265306,0.01020408163265306,0.01020408163265306,0.01020408163265306,0.01020408163265306,0.05213276433050676,-0.01979334419595454,-0.06536533455495865,0.01020408163265306,-0.0058933142839347075,0.0036387782161280864,0.026102163998785885,0.01020408163265306,-0.05457469234352191,0.01020408163265306,-0.08942423263559646,-0.0938991164791464,-0.03249261011369399,0.01020408163265306,0.01020408163265306,-0.10462043228191859,0.01020408163265306,0.01020408163265306,0.01020408163265306,-0.1066522625118389,0.01020408163265306,-0.015178628876103698,0.01020408163265306,0.01020408163265306,-0.05106239090818082,0.01020408163265306,0.01020408163265306,0.01020408163265306,0.01020408163265306,0.01020408163265306,0.01020408163265306,0.01020408163265306,0.02116625662620988,0.01020408163265306,0.05408348738570093,0.01020408163265306,0.01020408163265306,0.030955415768004535,0.01020408163265306,-0.03910652288092073,0.01020408163265306,0.01020408163265306,0.03720219939892765,0.01020408163265306,0.01020408163265306,0.01020408163265306,0.01020408163265306,0.02065942820836978,0.10373490615830513,-0.15949452329447836,0.01020408163265306,-0.007264778699217335,0.01020408163265306,0.01020408163265306,0.01020408163265306,0.027205680016311087,0.01020408163265306,0.01020408163265306,0.07816796825549943,0.01020408163265306,0.04079180044383043,0.01020408163265306,0.2641987407976584,0.14185490866994305,-0.02635801898836819,0.002236738428549148,0.14826319867670196,0.01020408163265306,0.33695645033599336,0.01020408163265306,-0.06561930663945116
2026-02-26,0.01020408163265306,-0.017320797667526082,0.03762116978062527,-0.03150695350269547,-0.03933482801057087,0.01020408163265306,0.0271221999886399,0.019047442496754968,0.08606982930438799,0.02902965643348765,-0.0024590550204578454,0.01020408163265306,-0.009200388733742725,0.01020408163265306,-0.09944396464357698,0.01020408163265306,0.01020408163265306,0.01020408163265306,0.01020408163265306,0.01020408163265306,0.01020408163265306,0.01020408163265306,0.01020408163265306,0.01020408163265306,0.01020408163265306,0.01020408163265306,0.01020408163265306,0.01020408163265306,0.01020408163265306,-0.07321455578361227,0.0052395733355202695,0.01020408163265306,0.01020408163265306,0.01020408163265306,0.01020408163265306,-0.017640126783763047,0.01020408163265306,-0.0670069224376697,-0.11760261253580577,-0.019134083078717896,0.01020408163265306,0.01020408163265306,-0.07546570462655307,0.01020408163265306,0.01020408163265306,0.01020408163265306,-0.08582123057686042,0.01020408163265306,-0.006806468928017043,0.01020408163265306,0.01020408163265306,-0.03650371490120079,0.01020408163265306,0.01020408163265306,0.01020408163265306,0.01020408163265306,0.01020408163265306,0.01020408163265306,0.01020408163265306,0.01020408163265306,0.01020408163265306,0.027926786295610788,0.01020408163265306,0.01020408163265306,0.01020408163265306,0.01020408163265306,0.0009712146580924813,0.01020408163265306,0.01020408163265306,0.04194529651657941,0.01020408163265306,0.01020408163265306,0.01020408163265306,0.01020408163265306,0.011736263732913766,0.021994326462802416,-0.16968160018318332,0.01020408163265306,-0.0006159135776942042,0.01020408163265306,0.01020408163265306,0.01020408163265306,0.01020408163265306,0.01020408163265306,0.01020408163265306,0.07867665206459402,0.01020408163265306,0.01020408163265306,0.01020408163265306,0.2546622477074692,0.10075816865524667,0.003654289014123859,0.01020408163265306,0.17287231733722255,0.010888852847815343,0.31004506877491944,0.01020408163265306,-0.0041554956396482445
2026-02-27,0.01020408163265306,-0.01187855462061708,0.02237882475320105,-0.02674662144522031,-0.034922103695677664,0.01020408163265306,0.01157878019095122,0.014439374533060434,0.06827844389210388,0.03001042627654535,-0.004408902003738438,0.01020408163265306,-0.0035246070596099827,0.01020408163265306,-0.08250614507651188,0.01020408163265306,0.01020408163265306,0.01020408163265306,0.01020408163265306,0.01020408163265306,0.01020408163265306,0.01020408163265306,0.01020408163265306,0.01020408163265306,0.01020408163265306,0.01020408163265306,0.01020408163265306,0.01020408163265306,0.01020408163265306,-0.0734681619224469,0.0035104204650764055,0.01020408163265306,0.01020408163265306,0.01020408163265306,0.01020408163265306,0.0007994123486826602,0.01020408163265306,-0.07075008781206711,-0.11370999025033422,-0.02103666341989352,0.01020408163265306,0.01020408163265306,-0.06027670049386999,0.01020408163265306,0.01020408163265306,0.01020408163265306,-0.08032528968304813,0.01020408163265306,-0.0006293391508708363,0.01020408163265306,0.01020408163265306,-0.024617511790327576,0.01020408163265306,0.01020408163265306,0.01020408163265306,0.01020408163265306,0.01020408163265306,0.01020408163265306,0.01020408163265306,0.01020408163265306,0.01020408163265306,0.01020408163265306,0.01020408163265306,0.01020408163265306,0.01020408163265306,0.01020408163265306,0.01020408163265306,0.01020408163265306,0.01020408163265306,0.04066054865218808,0.01020408163265306,0.01020408163265306,0.01020408163265306,0.01020408163265306,0.01020408163265306,0.01020408163265306,-0.1570699922196501,0.01020408163265306,0.004641435395931604,0.01020408163265306,0.01020408163265306,0.01020408163265306,0.01020408163265306,0.01020408163265306,0.01020408163265306,0.057132601682328824,0.01020408163265306,0.01020408163265306,0.01020408163265306,0.2599080796689266,0.06351683155587459,0.01020408163265306,0.01020408163265306,0.18267581278442113,0.011620360653708391,0.29269907765808567,0.01020408163265306,0.018346770745042637
2026-03-02,0.01020408163265306,-0.015605151519310639,0.02410797100494663,-0.02903137103029864,-0.0332960133159917,0.01020408163265306,0.043308359905684365,0.010565646596256573,0.07835060903315677,0.03094326017984724,-0.004733776598365758,0.01020408163265306,-0.007182243719215329,0.01020408163265306,-0.10698539388665629,0.01020408163265306,0.01020408163265306,0.01020408163265306,0.01020408163265306,0.01020408163265306,0.01020408163265306,0.01020408163265306,0.01020408163265306,0.01020408163265306,0.01020408163265306,0.01020408163265306,0.01020408163265306,0.01020408163265306,0.01020408163265306,-0.07851124941283126,0.01020408163265306,0.01020408163265306,0.01020408163265306,0.013022942265557436,0.01020408163265306,-0.004462291039765127,0.01020408163265306,-0.08483738558463737,-0.13083210896691916,0.01020408163265306,0.01020408163265306,0.01020408163265306,-0.09662295651267344,0.01020408163265306,0.01020408163265306,0.01020408163265306,-0.08119170596836912,0.01020408163265306,0.003953785591696893,0.016420795265290077,0.016449068732972978,-0.03233310723411294,0.01020408163265306,0.01020408163265306,0.01020408163265306,0.01020408163265306,0.01020408163265306,0.01020408163265306,0.01020408163265306,0.01020408163265306,0.04334832604701839,0.025190264892242346,0.01020408163265306,0.01020408163265306,0.01020408163265306,0.01020408163265306,-0.014004960308956661,0.01020408163265306,0.01020408163265306,0.03877527621063677,0.01020408163265306,0.01020408163265306,0.01020408163265306,0.01020408163265306,0.01020408163265306,0.01020408163265306,-0.1906986594720418,0.01524609454277366,-0.00538279859349482,0.01020408163265306,0.01020408163265306,0.01020408163265306,0.01020408163265306,0.01020408163265306,0.01020408163265306,0.07121237888443897,0.01020408163265306,0.01020408163265306,0.01020408163265306,0.22666195168051698,0.10401281928175063,0.0005034557514938063,0.01020408163265306,0.17045761068292428,0.01020408163265306,0.335191599257182,0.01020408163265306,0.015335896132763526
2026-03-03,0.01020408163265306,-0.01564444770067018,0.02337432782506837,-0.027017122399731676,-0.033701159246150476,0.01020408163265306,0.04230441242481928,0.01069059274559873,0.07907425252012512,0.030851564557437226,-0.005527903015822901,0.01020408163265306,-0.006280110005969558,0.01020408163265306,-0.10747997664715703,0.01020408163265306,0.01020408163265306,0.006872418627546332,0.01020408163265306,0.01020408163265306,0.01020408163265306,0.01020408163265306,0.01020408163265306,0.01020408163265306,0.01020408163265306,0.01020408163265306,0.01020408163265306,0.01020408163265306,0.0070640969556210595,-0.07595027093318571,0.01020408163265306,0.01020408163265306,0.01020408163265306,0.011902313419395714,0.01020408163265306,-0.004823512874724904,0.01020408163265306,-0.08421138548114086,-0.1278589071423318,0.01020408163265306,0.01020408163265306,0.01020408163265306,-0.09516204977799422,0.01020408163265306,0.01020408163265306,0.01020408163265306,-0.08495872663656688,0.01020408163265306,0.008310693518292365,0.01401689603176897,0.012405316108393433,-0.03744784632884385,0.01020408163265306,0.01020408163265306,0.01020408163265306,0.01020408163265306,0.01020408163265306,0.01020408163265306,0.01020408163265306,0.01020408163265306,0.04222182013221001,0.02527767110119815,0.01020408163265306,0.01020408163265306,0.01020408163265306,0.01020408163265306,-0.010751015752221057,0.01020408163265306,0.01020408163265306,0.036530859547253346,0.01020408163265306,0.01020408163265306,0.01020408163265306,0.01020408163265306,0.01020408163265306,0.020356591804735077,-0.18598602498870564,0.01307991623171443,-0.006762456546322777,0.01020408163265306,0.01020408163265306,0.01020408163265306,0.01020408163265306,0.01020408163265306,0.01020408163265306,0.06989948234896146,0.01020408163265306,0.01020408163265306,0.01020408163265306,0.2289124884891816,0.1086902473676377,-0.0017555652856299942,0.01020408163265306,0.16577940127472687,0.01020408163265306,0.3455895030642004,0.01020408163265306,0.006072798340753237
2026-03-04,0.01020408163265306,-0.013861715938637892,0.01020408163265306,-0.02602042129261184,-0.028963188089838894,0.01020408163265306,0.010343390257344163,0.012330816041200825,0.06766897855624539,0.034388903728957046,-0.006617983873240628,0.01020408163265306,0.007120241947402811,0.01020408163265306,-0.11128446318999959,0.01020408163265306,0.01020408163265306,0.006725314621179762,0.01020408163265306,0.01020408163265306,0.01020408163265306,0.01020408163265306,0.01020408163265306,0.01020408163265306,0.01020408163265306,0.01020408163265306,0.01020408163265306,0.01020408163265306,0.006113165613382803,-0.07773808375925988,0.006345760288630108,0.01020408163265306,0.01020408163265306,0.01020408163265306,0.01020408163265306,0.01020408163265306,0.01020408163265306,-0.06568035262921047,-0.09134694204076983,0.01020408163265306,0.01020408163265306,0.01020408163265306,-0.06279963957010914,0.01020408163265306,0.01020408163265306,0.01020408163265306,-0.0895352997590762,0.01020408163265306,0.01020408163265306,0.01020408163265306,0.01020408163265306,-0.03235787461803029,0.01020408163265306,0.01020408163265306,0.01020408163265306,0.01020408163265306,0.01020408163265306,0.01020408163265306,0.01020408163265306,0.01020408163265306,0.032148479426816236,0.01020408163265306,0.01020408163265306,0.01020408163265306,0.01020408163265306,0.01020408163265306,0.01020408163265306,0.01020408163265306,0.01020408163265306,0.03150878659087048,0.01020408163265306,0.01020408163265306,0.01020408163265306,0.01020408163265306,0.01020408163265306,0.01020408163265306,-0.1952782715871403,0.01020408163265306,-0.006123641662176929,0.01020408163265306,0.01020408163265306,0.01020408163265306,0.01020408163265306,0.01020408163265306,0.01020408163265306,0.05701345985596101,0.01020408163265306,0.01020408163265306,0.01020408163265306,0.2749995688154452,0.027557446784036238,0.01020408163265306,0.01020408163265306,0.16555805080085714,0.01020408163265306,0.3548175416528782,0.01020408163265306,0.008886340375833234
2026-03-05,0.01020408163265306,-0.024029043644297803,0.036673761803147124,-0.032451782360029706,-0.029433950269206408,0.01020408163265306,0.05035113402250261,0.011283013563095495,0.07133417773299607,0.03823496041576425,-0.006712616138824642,0.01020408163265306,0.007804793784129741,0.01020408163265306,-0.13457259545530426,0.0030303392712910295,0.01020408163265306,0.01020408163265306,0.01020408163265306,0.008563007383125326,0.01020408163265306,0.01020408163265306,0.01020408163265306,0.01020408163265306,0.01020408163265306,0.01020408163265306,0.01020408163265306,0.01020408163265306,0.01020408163265306,-0.06753182562085355,0.007407502657563629,0.01020408163265306,0.01020408163265306,0.01020408163265306,0.007295024633871888,-0.00802352210027348,0.01020408163265306,-0.06572276691037858,-0.10675095497667106,0.01020408163265306,0.01020408163265306,0.01020408163265306,-0.07108809664629925,0.01020408163265306,0.01020408163265306,0.01020408163265306,-0.09460932698110394,0.01020408163265306,0.008894828948187036,0.013760580983891414,0.01020408163265306,-0.032275036630800946,0.01020408163265306,0.01020408163265306,0.01020408163265306,0.01020408163265306,0.01020408163265306,0.01020408163265306,0.01020408163265306,0.01020408163265306,0.051844931295127114,0.03612722472789201,0.01020408163265306,0.01020408163265306,0.01020408163265306,0.01020408163265306,0.004287161689127193,0.01020408163265306,0.01020408163265306,0.031528940659655856,0.02127478232474689,0.01020408163265306,0.01020408163265306,0.01020408163265306,0.01020408163265306,0.01020408163265306,-0.2289483984751926,0.01020408163265306,-0.016829060025942796,0.01020408163265306,0.01020408163265306,0.01020408163265306,0.01020408163265306,0.01020408163265306,0.01020408163265306,0.06439400601972234,0.01020408163265306,0.01020408163265306,0.01020408163265306,0.2577685787945337,0.0471601237149558,0.002747594918269752,0.005762292079364052,0.16482916695848066,0.01020408163265306,0.38639566089428523,0.01020408163265306,-0.021815429367077824
2026-03-06,0.01020408163265306,-0.018352500427304935,0.016051493284350668,-0.031669331049468875,-0.024583978420913553,0.01020408163265306,0.01923177038442561,0.015153301329480737,0.05533701515658314,0.03695762750264144,-0.004382357157543936,0.01020408163265306,0.01020408163265306,0.01020408163265306,-0.12266549070567882,0.01020408163265306,0.01020408163265306,0.01020408163265306,0.01020408163265306,0.01020408163265306,0.01020408163265306,0.01020408163265306,0.01020408163265306,0.01020408163265306,0.01020408163265306,0.01020408163265306,0.01020408163265306,0.01020408163265306,0.01020408163265306,-0.07072100017668045,0.010010894627947808,0.01020408163265306,0.01020408163265306,0.01020408163265306,0.0007056066072811985,-0.006698585661895446,0.01020408163265306,-0.046820743366097914,-0.10803308776205893,0.01020408163265306,0.01020408163265306,0.01020408163265306,-0.04381261984871459,0.01020408163265306,0.01020408163265306,0.01020408163265306,-0.09190611899747451,0.01020408163265306,0.01020408163265306,0.01020408163265306,0.01020408163265306,-0.02738805754760091,0.01020408163265306,0.01020408163265306,0.01020408163265306,0.01020408163265306,0.01020408163265306,0.01020408163265306,0.01020408163265306,0.01020408163265306,0.034186337008492204,0.01020408163265306,0.01020408163265306,0.01020408163265306,0.01020408163265306,0.01020408163265306,0.01020408163265306,0.01020408163265306,0.01020408163265306,0.031067207540440678,0.01020408163265306,0.01020408163265306,0.01020408163265306,0.01020408163265306,0.01020408163265306,0.01020408163265306,-0.1945721843975536,0.01020408163265306,-0.014562240910426837,0.01020408163265306,0.01020408163265306,0.01020408163265306,0.01020408163265306,0.01020408163265306,0.01020408163265306,0.046209155509163956,0.01020408163265306,0.01020408163265306,0.01020408163265306,0.28285064965210555,0.01020408163265306,0.01020408163265306,0.01020408163265306,0.16856378452286336,0.01020408163265306,0.37286402712163674,0.01020408163265306,0.0026937118962859653
2026-03-09,0.01020408163265306,-0.02229929315342056,0.037327403846926815,-0.0338761612172991,-0.027581719640054084,0.01020408163265306,0.031917701903217216,0.010425538290832459,0.07215994730339355,0.038233895071652584,-0.004033706849580402,0.01020408163265306,0.01020408163265306,0.01020408163265306,-0.14208523070177775,0.004227498626112701,0.01020408163265306,0.01020408163265306,0.01020408163265306,0.01020408163265306,0.01020408163265306,0.01020408163265306,0.01020408163265306,0.01020408163265306,0.01020408163265306,0.01020408163265306,0.01020408163265306,0.01020408163265306,0.01020408163265306,-0.08726674816896746,0.007684335996409842,0.01020408163265306,0.01020408163265306,0.01020408163265306,0.005731075314208573,-0.01904016624934761,0.01020408163265306,-0.04399623573773657,-0.1125193705101964,0.01020408163265306,0.01020408163265306,0.01020408163265306,-0.06730553240955849,0.01020408163265306,0.01020408163265306,0.01020408163265306,-0.09571511804887907,0.01020408163265306,0.01020408163265306,0.01550199867552272,0.01020408163265306,-0.02339300348973382,0.01020408163265306,0.01020408163265306,0.01020408163265306,0.01020408163265306,0.01020408163265306,0.01020408163265306,0.01020408163265306,0.01020408163265306,0.059424828532506954,0.018784253497631926,0.01020408163265306,0.01020408163265306,0.01020408163265306,0.01020408163265306,0.01020408163265306,0.01020408163265306,0.01020408163265306,0.030167857587764767,0.031069665891288824,0.01020408163265306,0.01020408163265306,0.01020408163265306,0.01020408163265306,0.01020408163265306,-0.21176996256539982,0.01020408163265306,-0.023080596234400653,0.01020408163265306,0.01020408163265306,0.01020408163265306,0.01020408163265306,0.01020408163265306,0.01020408163265306,0.06544969800056871,0.01020408163265306,0.01020408163265306,0.01020408163265306,0.2740108783580489,0.027483301510344144,0.0032848822253263663,-0.0032749626387203676,0.1651289757967874,0.01020408163265306,0.4009013934087206,0.01020408163265306,-0.02453446507933578
2026-03-10,0.01020408163265306,-0.01675181066891241,0.026216018862420573,-0.028990076909729406,-0.02346534753448156,0.01020408163265306,0.01020408163265306,0.01020408163265306,0.05284509547020808,0.03860623056238052,-0.006186667375860164,0.01020408163265306,0.01020408163265306,0.01020408163265306,-0.11641364996342903,0.01020408163265306,0.01020408163265306,0.01020408163265306,0.01020408163265306,0.01020408163265306,0.01020408163265306,0.01020408163265306,0.01020408163265306,0.01020408163265306,0.01020408163265306,0.01020408163265306,0.01020408163265306,0.01020408163265306,0.01020408163265306,-0.09578878846334278,0.0068666783542477555,0.01020408163265306,0.01020408163265306,0.01020408163265306,-0.014716689920462064,0.0018151166651995416,0.01020408163265306,-0.03767356551278316,-0.09609272356355715,0.01020408163265306,0.01020408163265306,0.01020408163265306,-0.04798393556236964,0.01020408163265306,0.01020408163265306,0.01020408163265306,-0.09359906568992596,0.01020408163265306,0.01020408163265306,0.01020408163265306,0.01020408163265306,-0.008245283217980104,0.01020408163265306,0.01020408163265306,0.01020408163265306,0.01020408163265306,0.01020408163265306,0.01020408163265306,0.01020408163265306,0.01020408163265306,0.05646554305002402,0.01020408163265306,0.01020408163265306,0.01020408163265306,0.01020408163265306,0.01020408163265306,0.01020408163265306,0.01020408163265306,0.01020408163265306,0.024975654561686007,0.01020408163265306,0.01020408163265306,0.01020408163265306,0.01020408163265306,0.01020408163265306,0.01020408163265306,-0.19999489823075728,0.01020408163265306,-0.022912228253717436,0.01020408163265306,0.01020408163265306,0.01020408163265306,0.01020408163265306,0.01020408163265306,0.01020408163265306,0.0491950276655874,0.01020408163265306,0.01020408163265306,0.01020408163265306,0.25898310313697487,0.01020408163265306,0.01020408163265306,0.01020408163265306,0.17464289257977125,0.01020408163265306,0.3845857714794694,0.01020408163265306,-0.0010762790716817416
2026-03-11,0.01020408163265306,-0.023145565793597618,0.04434334296105459,-0.03166379687206238,-0.02435578924055562,0.01020408163265306,0.019115306656029354,0.01020408163265306,0.07264919603565125,0.04500773393884207,-0.0036709778722290674,0.01020408163265306,0.007824388687151887,0.006418935459930332,-0.12287104907631098,0.003050888910474313,0.01020408163265306,0.01020408163265306,0.01020408163265306,0.0047897738609170015,0.00883008166555899,0.01020408163265306,0.01020408163265306,0.01020408163265306,0.01020408163265306,0.01020408163265306,0.01020408163265306,0.01020408163265306,0.01020408163265306,-0.09064986084525242,0.0013799137074699732,0.01020408163265306,0.01020408163265306,0.01020408163265306,-0.03449704792275299,-0.0027537912964700553,0.01020408163265306,-0.04017656277922425,-0.08466723920086382,0.01020408163265306,0.01020408163265306,0.01020408163265306,-0.0669566292394333,0.01020408163265306,0.01020408163265306,0.01020408163265306,-0.09497135823990192,0.01020408163265306,0.0057562246370367765,0.01020408163265306,0.01020408163265306,-0.006700566916741457,0.01020408163265306,0.01020408163265306,0.01020408163265306,0.01020408163265306,0.01020408163265306,0.01020408163265306,0.01020408163265306,0.01020408163265306,0.07795772225596256,0.01020408163265306,0.01020408163265306,0.01020408163265306,0.01020408163265306,0.01020408163265306,-0.004970925041850061,0.01020408163265306,0.01020408163265306,0.03201373916109885,0.01020408163265306,0.01020408163265306,0.01020408163265306,0.01020408163265306,0.01020408163265306,0.01020408163265306,-0.24033785190366747,0.010409334396109885,-0.03013165178983017,0.01020408163265306,0.02986700935308173,0.01020408163265306,0.01020408163265306,0.01020408163265306,0.01020408163265306,0.05267894064005686,0.01020408163265306,0.01020408163265306,0.01020408163265306,0.22360783890140404,0.06095381537564739,0.00690704483358305,0.01020408163265306,0.16525113324190357,0.01020408163265306,0.41881503206150567,0.01020408163265306,-0.007351630668910104
2026-03-12,0.01020408163265306,-0.017782621489904914,0.02938949419537628,-0.027321165594068525,-0.02283105072539999,0.01020408163265306,0.01020408163265306,0.010568364810555212,0.05782064143908778,0.03750059156221579,-0.006329017203216958,0.01020408163265306,0.01020408163265306,0.01020408163265306,-0.10528958602909565,0.01020408163265306,0.01020408163265306,0.01020408163265306,0.01020408163265306,0.00813536085015809,0.01020408163265306,0.01020408163265306,0.01020408163265306,0.01020408163265306,0.01020408163265306,0.01020408163265306,0.01020408163265306,0.01020408163265306,0.01020408163265306,-0.09231163517650846,0.004923950588862053,0.01020408163265306,0.01020408163265306,0.01020408163265306,-0.044052743152185714,0.01020408163265306,0.01020408163265306,-0.04844920566689906,-0.07502442405615828,0.01020408163265306,0.01020408163265306,0.01020408163265306,-0.0487806405259532,0.01020408163265306,0.01020408163265306,0.01020408163265306,-0.0931031032621427,0.01020408163265306,0.01020408163265306,0.01020408163265306,0.01020408163265306,-0.007225434026509854,0.01020408163265306,0.01020408163265306,0.01020408163265306,0.01020408163265306,0.01020408163265306,0.01020408163265306,0.01020408163265306,0.01020408163265306,0.051086608400235496,0.01020408163265306,0.01020408163265306,0.01020408163265306,0.01020408163265306,0.01020408163265306,0.01020408163265306,0.01020408163265306,0.01020408163265306,0.028046304599909574,0.01020408163265306,0.01020408163265306,0.01020408163265306,0.01020408163265306,0.01020408163265306,0.01020408163265306,-0.21506120260899536,0.01020408163265306,-0.02820480343857907,0.01020408163265306,0.01020408163265306,0.01020408163265306,0.01020408163265306,0.01020408163265306,0.01020408163265306,0.03514033095895082,0.01020408163265306,0.01020408163265306,0.01020408163265306,0.24023597537742641,0.041368992965891714,0.01020408163265306,0.01020408163265306,0.16476097990317456,0.01020408163265306,0.417873669622855,0.01020408163265306,-0.009370346604795422
2026-03-13,0.01020408163265306,-0.013107270011459707,0.03721804632347134,-0.03865881970420267,-0.02554187249787064,0.01020408163265306,0.01020408163265306,0.011182598750103457,0.08115829975137791,0.05130569981223773,-0.006868863724799041,0.01020408163265306,-0.001782517660526086,-0.003791341338394042,-0.11660837493697405,0.0063017221749115775,0.01020408163265306,0.01020408163265306,0.01020408163265306,0.01020408163265306,0.01020408163265306,0.01020408163265306,0.01020408163265306,0.01020408163265306,0.01020408163265306,0.01020408163265306,0.01020408163265306,0.01020408163265306,0.01020408163265306,-0.09767651020344537,0.008866971357527429,0.01020408163265306,0.01020408163265306,0.01020408163265306,-0.0553833388602602,-0.006239732164876969,0.01020408163265306,-0.02296563637712231,-0.07722107406285489,0.009344019571576196,0.01020408163265306,0.01020408163265306,-0.057256648864044565,0.01020408163265306,0.01020408163265306,0.01020408163265306,-0.09865639198829015,0.01020408163265306,0.01020408163265306,0.014737478315381105,0.01020408163265306,-0.006700179693857314,0.01020408163265306,0.01020408163265306,0.01020408163265306,0.01020408163265306,0.01020408163265306,0.01020408163265306,0.01020408163265306,0.01020408163265306,0.04387478578302692,0.01020408163265306,0.01020408163265306,0.01020408163265306,0.01020408163265306,0.01020408163265306,-0.055016405380748756,0.01020408163265306,0.01020408163265306,0.031456617606286645,0.01020408163265306,0.01020408163265306,0.01020408163265306,0.01020408163265306,0.01020408163265306,0.01020408163265306,-0.19491114786965855,0.01020408163265306,-0.041459500866486455,0.01020408163265306,0.01020408163265306,0.01020408163265306,0.01020408163265306,0.01020408163265306,0.01020408163265306,0.08109199451535842,0.01020408163265306,0.01020408163265306,0.01020408163265306,0.22875888339479009,0.06045679067207281,0.01020408163265306,0.01020408163265306,0.15296640821060128,0.01020408163265306,0.4495660026513977,0.01020408163265306,-0.00150191717404481
2026-03-16,0.01020408163265306,-0.012083204697299227,0.036880245128761084,-0.03880487035035745,-0.02566997430628786,0.01020408163265306,0.01020408163265306,0.011816199097848534,0.08157106531226516,0.04793987358500933,-0.006355680643418413,0.01020408163265306,-0.0016427849599799718,-0.002680119226468299,-0.11194783608951271,0.007372958944756554,0.01020408163265306,0.01020408163265306,0.01020408163265306,0.01020408163265306,0.01020408163265306,0.01020408163265306,0.01020408163265306,0.01020408163265306,0.01020408163265306,0.01020408163265306,0.01020408163265306,0.01020408163265306,0.01020408163265306,-0.08091967132253326,0.008102997318052703,0.01020408163265306,0.01020408163265306,0.01020408163265306,-0.05676362300298987,-0.008715162548040336,0.01020408163265306,-0.028891559334291744,-0.08055932137277168,0.008102947731701353,0.01020408163265306,0.01020408163265306,-0.05802873821638703,0.01020408163265306,0.01020408163265306,0.01020408163265306,-0.10416959280514754,0.01020408163265306,0.01020408163265306,0.013502777879251752,0.01020408163265306,-0.005079512810269804,0.01020408163265306,0.01020408163265306,0.01020408163265306,0.01020408163265306,0.01020408163265306,0.01020408163265306,0.01020408163265306,0.01020408163265306,0.04409724835608208,0.01020408163265306,0.01020408163265306,0.01020408163265306,0.01020408163265306,0.01020408163265306,-0.0523324204023905,0.01020408163265306,0.01020408163265306,0.028954532421809134,0.01020408163265306,0.01020408163265306,0.01020408163265306,0.01020408163265306,0.01020408163265306,0.01020408163265306,-0.19552431174951276,0.01020408163265306,-0.040555871364002516,0.01020408163265306,0.013533358112904615,0.01020408163265306,0.01020408163265306,0.01020408163265306,0.01020408163265306,0.07888693536209722,0.01020408163265306,0.01020408163265306,0.01020408163265306,0.2240095113751151,0.0652706100110969,0.01020408163265306,0.009176156258034278,0.15276471584727994,0.012649822960284881,0.45031140499353456,0.01020408163265306,-0.006668085086060883
2026-03-17,0.01020408163265306,-0.009516618177752163,0.020313688629426348,-0.036075396409905036,-0.022428792866497987,0.01020408163265306,0.01020408163265306,0.01020408163265306,0.06462878164744659,0.040880858410071046,-0.005224996477260354,0.01020408163265306,0.007985959443302168,0.01020408163265306,-0.08789117450630782,0.0007885512109926125,0.01020408163265306,0.01020408163265306,0.01020408163265306,0.01020408163265306,0.01020408163265306,0.01020408163265306,0.01020408163265306,0.01020408163265306,0.01020408163265306,0.01020408163265306,0.01020408163265306,0.01020408163265306,0.01020408163265306,-0.05459321974345442,0.0017209488662665636,0.01020408163265306,0.01020408163265306,0.01020408163265306,-0.04162269462723232,-0.009533313454266676,0.01020408163265306,-0.02497755475594731,-0.07856101183911642,0.0021641604527459987,0.01020408163265306,0.01020408163265306,-0.042993142760895824,0.01020408163265306,0.01020408163265306,0.01020408163265306,-0.10857771782059823,0.01020408163265306,0.01020408163265306,0.01020408163265306,0.01020408163265306,-0.00425612020549556,0.01020408163265306,0.01020408163265306,0.01020408163265306,0.01020408163265306,0.01020408163265306,0.01020408163265306,0.01020408163265306,0.01020408163265306,0.01921692368502575,0.01020408163265306,0.01020408163265306,0.01020408163265306,0.01020408163265306,0.01020408163265306,-0.014223420707640782,0.01020408163265306,0.01020408163265306,0.022656382337648134,0.01020408163265306,0.01020408163265306,0.01020408163265306,0.01020408163265306,0.01020408163265306,0.01020408163265306,-0.19078315329129733,0.01020408163265306,-0.0303761690079615,0.01020408163265306,0.01020408163265306,0.01020408163265306,0.01020408163265306,0.01020408163265306,0.01020408163265306,0.04721700182120078,0.01020408163265306,0.01020408163265306,0.01020408163265306,0.2528408193462012,0.01020408163265306,0.01020408163265306,0.01020408163265306,0.1598372993065091,0.021896899625276425,0.432885556285458,0.01020408163265306,-0.017072803803695927
2026-03-18,0.01020408163265306,-0.012138112171551993,0.025958398800124044,-0.034861307779865715,-0.020349895317091464,0.01020408163265306,0.01020408163265306,0.01020408163265306,0.05905848453783897,0.042053688813256836,-0.00495331044383867,0.01020408163265306,0.007349659139805394,0.01020408163265306,-0.08679459831114512,0.00221642737169366,0.01020408163265306,0.01020408163265306,0.01020408163265306,0.01020408163265306,0.01020408163265306,0.01020408163265306,0.01020408163265306,0.01020408163265306,0.01020408163265306,0.01020408163265306,0.01020408163265306,0.01020408163265306,0.01020408163265306,-0.05040520360241308,0.002621124866913879,0.01020408163265306,0.01020408163265306,0.01020408163265306,-0.04470215705396343,-0.006219218305374917,0.01020408163265306,-0.01908423240765445,-0.08121511081742873,0.0005872682600046586,0.01020408163265306,0.01020408163265306,-0.0458996251632589,0.01020408163265306,0.01020408163265306,0.01020408163265306,-0.10651894960101842,0.01020408163265306,0.01020408163265306,0.01020408163265306,0.01020408163265306,-0.0037390362510790493,0.01020408163265306,0.01020408163265306,0.01020408163265306,0.01020408163265306,0.01020408163265306,0.01020408163265306,0.01020408163265306,0.01020408163265306,0.01985921403223433,0.01020408163265306,0.01020408163265306,0.01020408163265306,0.01020408163265306,0.01020408163265306,-0.016932528410429352,0.01020408163265306,0.01020408163265306,0.022532638071744552,0.01020408163265306,0.01020408163265306,0.01020408163265306,0.01020408163265306,0.01020408163265306,0.01020408163265306,-0.19465992683530484,0.01020408163265306,-0.033891973558074426,0.01020408163265306,0.01020408163265306,0.01020408163265306,0.01020408163265306,0.01020408163265306,0.01020408163265306,0.05217018473969088,0.01020408163265306,0.01020408163265306,0.01020408163265306,0.25059711987645406,0.01020408163265306,0.01020408163265306,0.01020408163265306,0.15998807703879162,0.01974775466655869,0.43706780911692483,0.01020408163265306,-0.0231161326902989
2026-03-19,0.01020408163265306,-0.02324241843450297,0.04819997453428772,-0.035975608845668236,-0.02813579215644023,0.01020408163265306,0.01020408163265306,0.014218479836083797,0.08751370867040152,0.042373628275410385,-0.0029935732165725024,0.01020408163265306,0.00140050009214562,-0.002832411994233104,-0.10740196564908339,0.006466983989999921,0.01020408163265306,0.01020408163265306,0.01020408163265306,0.01020408163265306,0.01020408163265306,0.01020408163265306,0.01020408163265306,0.01020408163265306,0.01020408163265306,0.01020408163265306,0.01020408163265306,0.01020408163265306,0.01020408163265306,-0.06213578593620897,0.01020408163265306,0.01020408163265306,0.01020408163265306,0.01020408163265306,-0.03475605573893612,-0.026426269351999036,0.01020408163265306,-0.019005659877373633,-0.10126916024319615,0.00521309643604402,0.01020408163265306,0.01020408163265306,-0.06162272490810829,0.01020408163265306,0.01020408163265306,0.01020408163265306,-0.11048551146970466,0.01020408163265306,0.01020408163265306,0.01020408163265306,0.01020408163265306,0.003763129174941801,0.01020408163265306,0.01020408163265306,0.01020408163265306,0.01020408163265306,0.01020408163265306,0.01020408163265306,0.01020408163265306,0.01020408163265306,0.036262228047397226,0.01020408163265306,0.01020408163265306,0.01020408163265306,0.01020408163265306,0.01020408163265306,-0.043092929044984706,0.01020408163265306,0.01020408163265306,0.02966476425016821,0.014340233894799291,0.01020408163265306,0.01020408163265306,0.01020408163265306,0.01020408163265306,0.01020408163265306,-0.19132347508599726,0.01020408163265306,-0.04834593258102577,0.010128022843238976,0.011860716377758403,0.01020408163265306,0.01020408163265306,0.01020408163265306,0.01020408163265306,0.09043161706563485,0.015249919085197084,0.01020408163265306,0.01020408163265306,0.25408996307274784,0.035118435140892294,0.01020408163265306,-0.009290537361443736,0.15039852132247625,0.020217561762158984,0.45102567063784305,0.01020408163265306,-0.03184624057333231
2026-03-20,0.01020408163265306,-0.023051978663969942,0.049767862028926184,-0.035700749607699284,-0.02849968632133898,0.01020408163265306,0.01020408163265306,0.012863265415271361,0.08756240741469892,0.03953768776271622,-0.0012619662348462898,0.01020408163265306,0.0014590100768232146,-0.002969702848212028,-0.1063757894016778,0.005867457016432342,0.01020408163265306,0.01020408163265306,0.01020408163265306,0.01020408163265306,0.01020408163265306,0.01020408163265306,0.01020408163265306,0.01020408163265306,0.01020408163265306,0.01020408163265306,0.01020408163265306,0.01020408163265306,0.01020408163265306,-0.06214827223656297,0.009976226330420229,0.01020408163265306,0.01020408163265306,0.01020408163265306,-0.031211158095631353,-0.02797861805962696,0.01020408163265306,-0.020055064436745478,-0.09860351493497684,0.002383119355326622,0.01020408163265306,0.01020408163265306,-0.06402107807954983,0.01020408163265306,0.01020408163265306,0.01020408163265306,-0.11179796845138106,0.01020408163265306,0.01020408163265306,0.01020408163265306,0.01020408163265306,0.0017027606394284245,0.01020408163265306,0.01020408163265306,0.01020408163265306,0.01020408163265306,0.01020408163265306,0.01020408163265306,0.01020408163265306,0.01020408163265306,0.03419695861312892,0.01020408163265306,0.01020408163265306,0.01020408163265306,0.01020408163265306,0.01020408163265306,-0.03905832762950686,0.01020408163265306,0.01020408163265306,0.02915069282684043,0.01100189655728294,0.01020408163265306,0.01020408163265306,0.01020408163265306,0.01020408163265306,0.01020408163265306,-0.19287379963264029,0.01020408163265306,-0.04666567255849686,0.01020408163265306,0.013285697760808651,0.01020408163265306,0.01020408163265306,0.01020408163265306,0.01020408163265306,0.08992326032213406,0.014915561747589914,0.01020408163265306,0.01020408163265306,0.26090487390872685,0.031409951522981566,0.01020408163265306,-0.00921873608539203,0.1501744208097729,0.023626723965553337,0.4464357804623688,0.01020408163265306,-0.02689842921816067
2026-03-23,0.01020408163265306,-0.03115918025556149,0.06082582591270028,-0.03434222634498169,-0.024640933124709496,0.01020408163265306,0.01020408163265306,0.01020408163265306,0.09074491703744396,0.0585721414522715,-0.0029177962685907385,-0.0060487005697354105,-0.024732707899327626,0.009124442997642727,-0.10892562528500332,-0.04517007705280425,0.01020408163265306,0.01020408163265306,0.07418811203169087,0.01020408163265306,0.01020408163265306,0.01020408163265306,0.01020408163265306,0.01020408163265306,-0.008628738750019604,0.01020408163265306,0.01020408163265306,0.09810505975465067,0.01020408163265306,-0.03225343943127222,0.007027606086587832,0.01020408163265306,0.01020408163265306,0.01020408163265306,-0.011100358492417863,-0.06067505318391844,0.01020408163265306,-0.1172865234966849,-0.09932868916771757,-0.05016413369063787,0.01020408163265306,0.019922958862917665,-0.09182911058283594,0.03177472703359692,0.01020408163265306,0.01020408163265306,-0.13910381992251392,0.01020408163265306,-0.018035941988788814,0.023590947732741334,0.01020408163265306,-0.02181192459382362,0.01020408163265306,0.01020408163265306,0.01020408163265306,0.028542789377530013,0.01020408163265306,0.01020408163265306,0.01020408163265306,0.057053130957242945,0.05313189608188125,0.016508321512208282,0.01020408163265306,0.01020408163265306,0.01020408163265306,0.01020408163265306,-0.0559782463020963,0.01020408163265306,0.01020408163265306,0.03280656782058402,0.06743390541242832,0.01020408163265306,0.01020408163265306,0.021296436646724187,0.01020408163265306,0.01020408163265306,-0.24091638279341981,0.01020408163265306,-0.05835460796461084,-0.008641981415648684,0.060818995939334534,0.01020408163265306,0.1204241560737551,0.01020408163265306,-0.02526485396762595,0.08279501664211755,0.01020408163265306,0.01020408163265306,-0.01115274041865993,0.15142522790591856,0.12353903322318141,-0.022972022095365315,-0.0013851735463577472,0.14748490247041546,0.023349852248418634,0.5282119751408879,0.01020408163265306,-0.09506163121913037
2026-03-24,0.01020408163265306,-0.015963160889972093,0.021636527405844826,-0.03448615164312827,-0.02251114076292076,0.01020408163265306,0.01020408163265306,0.01020408163265306,0.06915025673523519,0.04345341770903511,-0.004474293133508207,0.01020408163265306,0.006667891927047646,0.01020408163265306,-0.09527267848981442,0.0009253996576171,0.01020408163265306,0.01020408163265306,0.01020408163265306,0.01020408163265306,0.01020408163265306,0.01020408163265306,0.01020408163265306,0.01020408163265306,0.01020408163265306,0.01020408163265306,0.01020408163265306,0.01020408163265306,0.01020408163265306,-0.03666132033733876,0.0013859655497928374,0.01020408163265306,0.01020408163265306,0.01020408163265306,-0.008532545942263407,-0.03419472501018759,0.01020408163265306,-0.033324479940624124,-0.08789918948338936,0.005309263933499749,0.01020408163265306,0.01020408163265306,-0.04820790107160575,0.01020408163265306,0.01020408163265306,0.01020408163265306,-0.11870852194166835,0.01020408163265306,0.01020408163265306,0.01020408163265306,0.01020408163265306,-0.018899314257308078,0.01020408163265306,0.01020408163265306,0.01020408163265306,0.01020408163265306,0.01020408163265306,0.01020408163265306,0.01020408163265306,0.01020408163265306,0.02107432843383468,0.01020408163265306,0.01020408163265306,0.01020408163265306,0.01020408163265306,0.01020408163265306,-0.010554651330683755,0.01020408163265306,0.01020408163265306,0.02312680049294038,0.01020408163265306,0.01020408163265306,0.01020408163265306,0.01020408163265306,0.01020408163265306,0.01020408163265306,-0.19849219869797483,0.01020408163265306,-0.03243004528067337,0.0010661801571549123,0.01020408163265306,0.01020408163265306,0.01020408163265306,0.01020408163265306,0.01020408163265306,0.027996570071253654,0.01020408163265306,0.01020408163265306,0.01020408163265306,0.2632232007020282,0.01020408163265306,0.01020408163265306,0.01020408163265306,0.16064987976987835,0.037506686799290916,0.434830609931008,0.01020408163265306,0.00913995118249754
2026-03-25,0.01020408163265306,-0.020841075824095674,0.050344273754049394,-0.038276911329884894,-0.021246296300789676,0.01020408163265306,0.01020408163265306,0.01020408163265306,0.08614436680494685,0.03854036608758756,-0.00452156099733526,0.01020408163265306,-0.007959163536876477,0.01020408163265306,-0.09892629908559182,-0.02151623022897118,0.01020408163265306,0.01020408163265306,0.01020408163265306,0.01020408163265306,0.01020408163265306,0.01020408163265306,0.01020408163265306,0.01020408163265306,0.01020408163265306,0.01020408163265306,0.01020408163265306,0.01020408163265306,0.006723021319998745,-0.04564773043060147,0.003021281393109268,0.01020408163265306,0.01020408163265306,0.01020408163265306,-0.007368680522993063,-0.03548365164835749,0.01020408163265306,-0.043661770021450615,-0.07845022371667687,-0.017986438449876067,0.01020408163265306,0.01020408163265306,-0.06269747293867782,0.01020408163265306,0.01020408163265306,0.01020408163265306,-0.10782898529523817,0.01020408163265306,0.008323138002515884,0.01020408163265306,0.01020408163265306,-0.009915882255389809,0.01020408163265306,0.01020408163265306,0.01020408163265306,0.01020408163265306,0.01020408163265306,0.01020408163265306,0.01020408163265306,0.038164001740655096,0.036909989587388795,0.01020408163265306,0.01020408163265306,0.01020408163265306,0.01020408163265306,0.01020408163265306,-0.039426700076599056,0.01020408163265306,0.01020408163265306,0.03097728798280998,0.01020408163265306,0.01020408163265306,0.01020408163265306,0.01020408163265306,0.01020408163265306,0.01020408163265306,-0.2250992661820133,0.01020408163265306,-0.045593700575048815,-0.002842086271725889,0.04932737703526994,0.01020408163265306,0.019750003451853432,0.01020408163265306,0.01020408163265306,0.060484516159337906,0.01020408163265306,0.01020408163265306,0.01020408163265306,0.21977804625889324,0.021961391499728117,0.01020408163265306,0.01020408163265306,0.15198095645708734,0.021633574739251593,0.4794748951276466,0.01335217042021813,-0.0036413484606850535
2026-03-26,0.01020408163265306,-0.016062794516024187,0.02562361650118175,-0.03186878388351951,-0.023176576993344238,0.01020408163265306,0.01020408163265306,0.01020408163265306,0.06815864760858026,0.03733860788854036,-0.006511968201801938,-0.00480219228888513,0.007335366741915341,0.01020408163265306,-0.08717068093529312,0.0032362504767801106,0.01020408163265306,0.01020408163265306,0.01020408163265306,0.010131811696584283,0.01020408163265306,0.01020408163265306,0.01020408163265306,0.01020408163265306,0.01020408163265306,0.01020408163265306,0.01020408163265306,0.01020408163265306,0.01020408163265306,-0.006621873022085176,0.0023472510397571558,0.01020408163265306,0.01020408163265306,0.01020408163265306,-0.009098053208261398,-0.010816079120648263,0.01020408163265306,-0.05135609210868066,-0.07975143052469767,-0.004144303596534515,0.01020408163265306,0.01020408163265306,-0.048839554978645165,0.01020408163265306,0.01020408163265306,0.01020408163265306,-0.11161553697832115,0.01020408163265306,0.01020408163265306,0.01020408163265306,0.01020408163265306,-0.01411463376189073,0.01020408163265306,0.01020408163265306,0.01020408163265306,0.01020408163265306,0.01020408163265306,0.01020408163265306,0.01020408163265306,0.01020408163265306,0.010984600110643524,0.01020408163265306,0.01020408163265306,0.01020408163265306,0.01020408163265306,0.01020408163265306,-0.038185710465144136,0.01020408163265306,0.01020408163265306,0.02126522639382708,0.01020408163265306,0.01020408163265306,0.01020408163265306,0.01020408163265306,0.01020408163265306,0.01020408163265306,-0.19593754612273254,0.01020408163265306,-0.03544270515595983,0.0067284905410329365,0.01610737420532199,0.01020408163265306,0.01020408163265306,0.01020408163265306,0.01020408163265306,0.038142262817771125,0.01020408163265306,0.01020408163265306,0.01020408163265306,0.2556531555697413,0.01020408163265306,0.01020408163265306,0.01020408163265306,0.15783281182312345,0.029285766693887952,0.45470517526108206,0.01020408163265306,-0.01221704236444422
2026-03-27,0.01020408163265306,-0.01684965847644849,0.024245413985909233,-0.03272011454035028,-0.02429687607732918,0.01020408163265306,0.01020408163265306,0.01020408163265306,0.07720639922993494,0.03894947758480333,-0.0068148892156835155,0.004743176151086776,0.006919530797798178,0.01020408163265306,-0.08336320672680095,-0.002815303115073579,0.01020408163265306,0.01020408163265306,0.01020408163265306,0.006531001503598905,0.01020408163265306,0.01020408163265306,0.01020408163265306,0.01020408163265306,0.01020408163265306,0.01020408163265306,0.01020408163265306,0.01020408163265306,0.01020408163265306,-0.006867071863855668,0.001202992016802032,0.01020408163265306,0.01020408163265306,0.01020408163265306,-0.012180966514366431,0.01020408163265306,0.01020408163265306,-0.043093869094132424,-0.0750317252103419,-0.0016114850464516509,0.01020408163265306,0.01020408163265306,-0.0570873070133881,0.01020408163265306,0.01020408163265306,0.01020408163265306,-0.11728885603646867,0.01020408163265306,0.008622236023101939,0.01020408163265306,0.01020408163265306,-0.02505232174552307,0.01020408163265306,0.01020408163265306,0.01020408163265306,0.01020408163265306,0.01020408163265306,0.01020408163265306,0.01020408163265306,0.01020408163265306,0.01020408163265306,0.01020408163265306,0.01020408163265306,0.01020408163265306,0.01020408163265306,0.01020408163265306,-0.047810946520197156,0.01020408163265306,0.01020408163265306,0.023279341976497163,0.01020408163265306,0.01020408163265306,0.01020408163265306,0.01020408163265306,0.01020408163265306,0.01020408163265306,-0.20835002752640044,0.01020408163265306,-0.03552549578753361,0.007873292850856087,0.02630558614019704,0.01020408163265306,0.01020408163265306,0.01020408163265306,0.01020408163265306,0.044865460904252065,0.01020408163265306,0.01020408163265306,0.01020408163265306,0.24285401632170062,0.01020408163265306,0.01020408163265306,0.01020408163265306,0.1609181028819947,0.03428532199775365,0.4330957038098939,0.01020408163265306,0.0018018418443685891
2026-03-30,0.01020408163265306,-0.015852435781794606,0.0531253811689827,-0.040079199452750194,-0.026474158202573296,0.01020408163265306,0.01020408163265306,0.01020408163265306,0.10879667035404875,0.03173042868816416,-0.010497477096457463,-0.004667682727601789,-0.009103264218194297,0.01020408163265306,-0.08353650504201446,-0.010650586948926696,0.01020408163265306,0.01020408163265306,0.01020408163265306,0.01020408163265306,0.01020408163265306,0.01020408163265306,0.01020408163265306,0.01020408163265306,0.01020408163265306,0.01020408163265306,0.01020408163265306,0.01020408163265306,-0.010536651251385786,0.01020408163265306,0.003728125480034669,0.01020408163265306,0.01020408163265306,0.01020408163265306,-0.02324924284131099,-0.000673537489902256,0.01020408163265306,-0.039693032837569295,-0.05490745571792874,-0.03687264822199415,0.01020408163265306,0.01020408163265306,-0.06632524399175693,0.01020408163265306,0.01020408163265306,0.01020408163265306,-0.117333027278312,0.01020408163265306,-0.01217619562705702,0.01020408163265306,0.01020408163265306,-0.008398208968076712,0.01020408163265306,0.01020408163265306,0.01020408163265306,0.01020408163265306,0.01020408163265306,0.01020408163265306,0.01020408163265306,0.040269395952935015,0.01020408163265306,0.01020408163265306,0.01020408163265306,0.01020408163265306,0.01020408163265306,0.01020408163265306,-0.06637786347441449,0.01020408163265306,0.01020408163265306,0.029373015520167238,0.01020408163265306,0.01020408163265306,0.01020408163265306,0.01020408163265306,0.01020408163265306,0.01020408163265306,-0.2404861495309123,0.01020408163265306,-0.056328425767083426,0.00850967428284286,0.07641614716256694,0.01020408163265306,0.01020408163265306,0.01020408163265306,0.01020408163265306,0.08319411173859777,0.01020408163265306,0.01020408163265306,0.01020408163265306,0.2063893401396039,0.021816186359587576,0.01020408163265306,0.01020408163265306,0.14656867556868652,0.026242614795441654,0.4696665582603035,0.014768088754568906,-0.008824401350351908
2026-03-31,0.01020408163265306,-0.01207754679675369,0.05662860585512933,-0.044929860297603014,-0.020710624578352127,0.01020408163265306,0.01020408163265306,0.01058985123840634,0.09669735418613241,0.038544842987673314,-0.010023692098263625,-0.004755861076139735,-0.007784805397557664,0.01020408163265306,-0.07056623110386694,-0.016114375700416995,0.01020408163265306,0.01020408163265306,0.01020408163265306,0.01020408163265306,0.01020408163265306,0.01020408163265306,0.01020408163265306,0.01020408163265306,0.01020408163265306,0.01020408163265306,0.01020408163265306,0.01020408163265306,-0.012840268574687097,0.01020408163265306,0.0013896415071532591,0.01020408163265306,0.01020408163265306,0.01020408163265306,-0.03511272476805762,0.0048883092503074045,0.01020408163265306,-0.02397230351739791,-0.06849304564897503,-0.033792784926689655,0.01020408163265306,0.01020408163265306,-0.07887464389559472,0.01020408163265306,0.01020408163265306,0.01020408163265306,-0.10936365639100344,0.01020408163265306,-0.008408575677487805,0.01020408163265306,0.01020408163265306,-0.0065360168319312465,0.01020408163265306,0.01020408163265306,0.01020408163265306,0.01020408163265306,0.01020408163265306,0.01020408163265306,0.01020408163265306,0.04331415900010285,0.01020408163265306,0.01020408163265306,0.01020408163265306,0.01020408163265306,0.01020408163265306,0.01020408163265306,-0.07107524644122094,0.01020408163265306,0.01020408163265306,0.027799664381968264,0.01020408163265306,0.01020408163265306,0.01020408163265306,0.01020408163265306,0.01020408163265306,0.01020408163265306,-0.25433372453126435,0.01020408163265306,-0.051585450969091944,0.003923092677204978,0.10292286704160636,0.01020408163265306,0.0259572529660217,0.01020408163265306,0.01020408163265306,0.08860915742035408,0.01020408163265306,0.01020408163265306,0.01020408163265306,0.1749044200757667,0.01020408163265306,0.01020408163265306,0.01020408163265306,0.14772522138728683,0.03511351301914417,0.45647992078844934,0.01020408163265306,0.003414585847811501
2026-04-01,0.01020408163265306,-0.010019186738090392,0.04827554948631593,-0.048610170969450577,-0.019372347065790906,0.01020408163265306,0.01020408163265306,0.017205699706626394,0.09776542380360363,0.04479399073105083,-0.009499251625845794,-0.00839041308352305,-0.009621441798965747,0.01020408163265306,-0.055120328226608215,-0.009644914876723634,0.01020408163265306,0.01020408163265306,0.01020408163265306,0.01020408163265306,0.01020408163265306,0.01020408163265306,0.01020408163265306,0.01020408163265306,0.01020408163265306,0.01020408163265306,0.01020408163265306,0.01020408163265306,-0.013366998459779062,0.01020408163265306,-0.014390175181129576,0.01020408163265306,0.01020408163265306,0.01020408163265306,-0.031940458260355485,0.0019046109633196126,0.01020408163265306,-0.003233750485574725,-0.08762416174026982,-0.03215303423981165,0.01020408163265306,0.01020408163265306,-0.08808178425641329,0.01020408163265306,0.01020408163265306,0.01020408163265306,-0.11202244203861346,0.01020408163265306,-0.008824971716851813,0.01020408163265306,0.01020408163265306,-0.012065014947394587,0.01020408163265306,0.01020408163265306,0.01020408163265306,0.01020408163265306,0.01020408163265306,0.01020408163265306,0.01020408163265306,0.0507782319067009,0.01020408163265306,0.01020408163265306,0.01020408163265306,0.01020408163265306,0.012223419934268665,0.01020408163265306,-0.08776759447882375,0.01020408163265306,0.01020408163265306,0.027338738263043123,0.01020408163265306,0.01020408163265306,0.01020408163265306,0.01020408163265306,0.01020408163265306,0.01020408163265306,-0.24966930292767203,0.01020408163265306,-0.04213339932254382,-0.00010127783647205686,0.08564869779223806,0.01020408163265306,0.05627911153351776,0.01020408163265306,0.01020408163265306,0.08533965843816503,0.01020408163265306,0.01020408163265306,0.01020408163265306,0.1814127188790875,0.01020408163265306,0.01020408163265306,0.01020408163265306,0.14980768179787243,0.03998180123700166,0.4317019031692665,0.01020408163265306,0.010950284675441778
2026-04-02,0.01020408163265306,-0.009651632060473323,0.046970899577162536,-0.048153672837662524,-0.017330327531784075,0.01020408163265306,0.01020408163265306,0.021314267526961625,0.08711765131342292,0.04483724048010815,-0.010422282323470968,-0.003910163283768973,-0.01230979875871535,0.01020408163265306,-0.0637054832363156,-0.0026815108310039876,0.01020408163265306,0.01020408163265306,0.01020408163265306,0.01020408163265306,0.01020408163265306,0.01020408163265306,0.01020408163265306,0.01020408163265306,0.01020408163265306,0.01020408163265306,0.01020408163265306,0.01020408163265306,0.004820370137839562,0.01020408163265306,-0.012554172290972289,0.01020408163265306,0.01020408163265306,0.01020408163265306,-0.03145223350522498,-0.016740062383396384,0.01020408163265306,-0.013166089120714907,-0.08981670707718217,-0.03799475521573339,0.01020408163265306,0.01020408163265306,-0.07927584840611658,0.01020408163265306,0.01020408163265306,0.01020408163265306,-0.1127182042699812,0.01020408163265306,-0.008227332186108901,0.01020408163265306,0.01020408163265306,-0.006857153396244991,0.01020408163265306,0.01020408163265306,0.01020408163265306,0.01020408163265306,0.01020408163265306,0.01020408163265306,0.01020408163265306,0.05605229388582723,0.01020408163265306,0.01020408163265306,0.01020408163265306,0.01020408163265306,0.018614585618814038,0.01020408163265306,-0.07863152981987007,0.01020408163265306,0.01020408163265306,0.027183980709304098,0.01020408163265306,0.01020408163265306,0.01020408163265306,0.01020408163265306,0.01020408163265306,0.01020408163265306,-0.23945683332995,0.01020408163265306,-0.045483074575940016,-0.0013203555806658804,0.061389409074791304,0.01020408163265306,0.058789521709219444,0.01020408163265306,0.01020408163265306,0.08286937161222861,0.01020408163265306,0.01020408163265306,0.01020408163265306,0.2002257247798333,0.01020408163265306,0.01020408163265306,0.01020408163265306,0.1469388277962525,0.03017536075371085,0.4515390942359038,0.01020408163265306,-0.00922427514926717
2026-04-06,0.01020408163265306,-0.01447870950540323,0.06179042241296185,-0.04812843141817666,-0.012908973444483095,0.01020408163265306,0.01020408163265306,0.020753874786035922,0.08963268565357896,0.041252282329696584,-0.010014423881986341,-0.009508342244411645,-0.021719940319152635,0.01020408163265306,-0.05697949387151985,-0.025680155048901275,0.01020408163265306,0.01020408163265306,0.01020408163265306,0.01020408163265306,0.01020408163265306,0.01020408163265306,0.01020408163265306,0.01020408163265306,0.01020408163265306,0.01020408163265306,0.01020408163265306,0.044256435230713265,0.0007188028631014681,0.01020408163265306,-0.008182634288822295,0.010275940769552471,0.01020408163265306,0.024782611602411936,-0.05133035066635302,-0.035212079283238495,0.01020408163265306,-0.04527676417023879,-0.08501497667425634,-0.04929193814573915,0.01020408163265306,0.01020408163265306,-0.09403272609950729,0.030714074201850468,0.01020408163265306,0.01020408163265306,-0.11160822348031993,0.01020408163265306,-0.008929438220265542,0.01020408163265306,0.01020408163265306,-0.011134368100650356,0.01020408163265306,0.01020408163265306,0.01020408163265306,0.01020408163265306,0.01020408163265306,0.01020408163265306,0.01020408163265306,0.07511560583583153,0.020188251356103658,0.02133918472555482,0.01020408163265306,0.01020408163265306,0.030223754116469978,0.01020408163265306,-0.11120839756691805,0.01020408163265306,0.01020408163265306,0.028905639046344633,0.01020408163265306,0.01020408163265306,0.01020408163265306,0.022148417327992748,0.01020408163265306,0.01020408163265306,-0.2633784127608941,0.01020408163265306,-0.049261623480380864,-0.0037386975557152247,0.06243059525627259,0.01020408163265306,0.11327396415035743,0.01020408163265306,0.01020408163265306,0.10005501976367237,0.01020408163265306,0.01020408163265306,0.007290214634994628,0.164694019434088,0.01996557397884962,0.007503492095080269,0.01020408163265306,0.14044814572863248,0.020713695894123512,0.4786761556441574,0.01020408163265306,-0.020333840243747528
2026-04-07,0.01020408163265306,-0.005891407104499239,0.03158774800434872,-0.042086602828000474,-0.01743663056546861,0.01020408163265306,0.01020408163265306,0.01020408163265306,0.06747704526968798,0.05008822338668504,-0.011860177634380608,0.00567777019385258,-0.001980516009081567,0.01020408163265306,-0.05846718588158813,0.01020408163265306,0.01020408163265306,0.01020408163265306,0.01020408163265306,0.01020408163265306,0.01020408163265306,0.01020408163265306,0.01020408163265306,0.01020408163265306,0.01020408163265306,0.01020408163265306,0.01020408163265306,0.01020408163265306,0.01020408163265306,0.01020408163265306,-0.015660305909576996,0.01020408163265306,0.01020408163265306,0.01020408163265306,-0.01956572149991055,-0.028567282489923934,0.01020408163265306,0.0005158902526722024,-0.10204397806600764,-0.0076368458269831675,0.01020408163265306,0.01020408163265306,-0.0672547266013584,0.01020408163265306,0.01020408163265306,0.01020408163265306,-0.12389038126282277,0.01020408163265306,-0.0031429509937178305,0.01020408163265306,0.01020408163265306,-0.002963772807541157,0.01020408163265306,0.01020408163265306,0.01020408163265306,0.01020408163265306,0.01020408163265306,0.01020408163265306,0.01020408163265306,0.027995180433493784,0.01020408163265306,0.01020408163265306,0.01020408163265306,0.01020408163265306,0.01020408163265306,0.01020408163265306,-0.041760486679938626,0.01020408163265306,0.01020408163265306,0.019783285227739714,0.01020408163265306,0.01020408163265306,0.01020408163265306,0.01020408163265306,0.01020408163265306,0.01020408163265306,-0.200411754513811,0.01020408163265306,-0.03275846662949743,-0.0022822637823570417,0.01020408163265306,0.01020408163265306,0.01020408163265306,0.01020408163265306,0.01020408163265306,0.05907070502303947,0.01020408163265306,0.01020408163265306,0.01020408163265306,0.2424576620035233,0.01020408163265306,0.01020408163265306,0.01020408163265306,0.15595487438981498,0.039243289896934215,0.4302183083202448,0.01020408163265306,-0.01787791307067367
2026-04-08,0.01020408163265306,-0.014212884118431473,0.052147313885950786,-0.044052054602452546,-0.01402341636891769,0.01020408163265306,0.01020408163265306,0.01020408163265306,0.08480507714452727,0.05111869635105903,-0.012945701260013273,-0.0029653730626612827,-0.014221734762668648,0.01020408163265306,-0.05862421179263587,-0.009363128625560333,0.01020408163265306,0.01020408163265306,0.01020408163265306,0.01020408163265306,0.01020408163265306,0.01020408163265306,0.01020408163265306,0.01020408163265306,0.01020408163265306,0.01020408163265306,0.01020408163265306,0.01020408163265306,0.01020408163265306,0.01020408163265306,-0.007310570039127008,0.01020408163265306,0.01020408163265306,0.01020408163265306,-0.027936480634508647,-0.014549344936110443,0.01020408163265306,-0.008518198364845303,-0.08729935545302918,-0.02894472589273786,0.01020408163265306,0.01020408163265306,-0.08745341871848712,0.01020408163265306,0.01020408163265306,0.01020408163265306,-0.10504309940123692,0.01020408163265306,-0.013757646232093025,0.01020408163265306,0.01020408163265306,-0.009493066570010813,0.01020408163265306,0.01020408163265306,0.01020408163265306,0.01020408163265306,0.01020408163265306,0.01020408163265306,0.01020408163265306,0.06229843467714622,0.01020408163265306,0.01020408163265306,0.01020408163265306,0.01020408163265306,0.032040417347382597,0.01020408163265306,-0.08910397131622608,0.01020408163265306,0.01020408163265306,0.02277850222077543,0.01020408163265306,0.01020408163265306,0.01020408163265306,0.01020408163265306,0.01020408163265306,0.01020408163265306,-0.24635038385869779,0.01020408163265306,-0.041045723937862544,-0.008010536869501728,0.02566990422207084,0.01020408163265306,0.05130645895715329,0.01020408163265306,0.01020408163265306,0.10914683092926819,0.01020408163265306,0.01020408163265306,0.01020408163265306,0.21578855116719112,0.01020408163265306,0.01020408163265306,0.01020408163265306,0.1404912775250149,0.028483324987750316,0.4615642425583942,0.01020408163265306,-0.025067066380358397
2026-04-09,0.01020408163265306,-0.018738887148755434,0.06435162516753855,-0.04209037443404323,-0.013874601865550765,0.01020408163265306,0.01020408163265306,0.01020408163265306,0.09176089691643943,0.055475363281473906,-0.012897126770086325,-0.0008383392117834142,-0.02871075357591369,0.01020408163265306,-0.04890546359717543,-0.025572296483845992,0.01020408163265306,0.01020408163265306,0.01020408163265306,0.01020408163265306,0.008793227144460776,0.01020408163265306,0.01020408163265306,0.01020408163265306,0.01020408163265306,0.01020408163265306,0.01020408163265306,0.020782818710258312,0.01020408163265306,0.01020408163265306,-0.004442101660645046,0.01020408163265306,0.01020408163265306,0.01700483577158163,-0.01877511926995503,-0.02958056267519707,0.01020408163265306,-0.007010649830423673,-0.10712285740070777,-0.039626863267975126,0.01020408163265306,0.020434973414030125,-0.10086985939702897,0.0681304772242826,0.01020408163265306,0.01020408163265306,-0.09257192540971432,0.01020408163265306,-0.036841687405071176,0.01020408163265306,0.01020408163265306,-0.016684117888022328,0.01020408163265306,0.01020408163265306,0.01020408163265306,0.01020408163265306,0.01020408163265306,0.01020408163265306,0.01020408163265306,0.09360262837139068,0.011047649272100397,0.01020408163265306,0.01020408163265306,0.01020408163265306,0.043553018211480735,0.01020408163265306,-0.12509526066320228,0.01020408163265306,0.01020408163265306,0.024979405514213713,0.01020408163265306,0.01020408163265306,0.01020408163265306,0.01020408163265306,0.01020408163265306,0.01020408163265306,-0.2486139664543479,0.01020408163265306,-0.0510686641107081,-0.017766298526802768,0.01020408163265306,0.01020408163265306,0.12617100221768054,0.01020408163265306,-0.009003858750870916,0.1257009450869101,0.01020408163265306,0.01020408163265306,0.01020408163265306,0.20559983057264355,0.01020408163265306,0.006977044963457307,-0.022239676469801704,0.12698363184643363,0.02755685437458537,0.5189610680060931,0.01020408163265306,-0.08994639196269118
2026-04-10,0.01020408163265306,-0.015450494519663507,0.05340969517149383,-0.04471247147582825,-0.013685688853818325,0.01020408163265306,0.01020408163265306,0.01020408163265306,0.08446353449924672,0.05607959063446587,-0.014308917561484719,0.0019277885820381917,-0.019534043105369825,0.01020408163265306,-0.04777625058089343,-0.006345951856797214,0.01020408163265306,0.01020408163265306,0.01020408163265306,0.01020408163265306,0.01020408163265306,0.01020408163265306,0.01020408163265306,0.01020408163265306,0.01020408163265306,0.01020408163265306,0.01020408163265306,0.01020408163265306,0.01020408163265306,0.01020408163265306,-0.003946193215817092,0.01020408163265306,0.01020408163265306,0.01020408163265306,-0.027559193993768542,-0.007468926901554386,0.01020408163265306,0.01020408163265306,-0.10019359932980137,-0.027530438371013377,0.01020408163265306,0.01020408163265306,-0.09129027449330003,0.016704160546228898,0.01020408163265306,0.01020408163265306,-0.10393539680723428,0.01020408163265306,-0.03340531221069253,0.01020408163265306,0.01020408163265306,-0.007451252591403288,0.01020408163265306,0.01020408163265306,0.01020408163265306,0.01020408163265306,0.01020408163265306,0.01020408163265306,0.01020408163265306,0.07307990304813679,0.01020408163265306,0.01020408163265306,0.01020408163265306,0.01020408163265306,0.03407735744414592,0.01020408163265306,-0.09456515058850565,0.01020408163265306,0.01020408163265306,0.025732733471324435,0.01020408163265306,0.01020408163265306,0.01020408163265306,0.01020408163265306,0.01020408163265306,0.01020408163265306,-0.2415594560258853,0.01020408163265306,-0.04937098329218736,-0.012950897421139475,0.01020408163265306,0.01020408163265306,0.056919857046376574,0.01020408163265306,0.01020408163265306,0.10888853352491408,0.01020408163265306,0.01020408163265306,0.01020408163265306,0.21027454029095988,0.01020408163265306,0.01020408163265306,0.001934508759648866,0.13283483695255754,0.03094346077725616,0.48664998235864826,0.01020408163265306,-0.04353265113577366
2026-04-13,0.01020408163265306,-0.023791543715927767,0.06292579308838848,-0.039216759864791874,-0.005522390797710731,0.01020408163265306,0.01020408163265306,0.01020408163265306,0.0808218013267296,0.07015180473560528,-0.02126761187149663,-0.00520884404330931,-0.02075786420544174,0.01020408163265306,-0.04825593790792173,-0.06911594403069941,0.01020408163265306,0.01020408163265306,0.01020408163265306,0.01020408163265306,0.002926857579253108,0.01020408163265306,0.01020408163265306,0.01020408163265306,0.01020408163265306,0.01020408163265306,0.01020408163265306,0.019381615837095204,0.01020408163265306,0.01020408163265306,-0.0037333107508166763,0.011141370379772182,0.01020408163265306,0.04755622504663043,-0.006463864940213332,-0.023865748673940514,0.01020408163265306,-0.014416331077547253,-0.11032547044734392,-0.04058355567023861,0.01020408163265306,0.01020408163265306,-0.09904100868866926,0.03076826746166366,0.01020408163265306,0.01020408163265306,-0.06819867510814774,0.01020408163265306,-0.03714707307033775,0.02602076797693867,0.01020408163265306,-0.0008515997281999168,0.01020408163265306,-0.023805833303719645,0.01020408163265306,0.01020408163265306,0.01020408163265306,0.01020408163265306,0.01020408163265306,0.08513316694810813,0.04311059967431783,0.01020408163265306,0.01020408163265306,0.01020408163265306,0.05057761390578147,0.01020408163265306,-0.13084316241661392,0.01020408163265306,0.01020408163265306,0.03294458717273355,0.010980569446379502,0.01020408163265306,0.01020408163265306,0.01020408163265306,0.01020408163265306,0.01020408163265306,-0.23024647866048156,0.01020408163265306,-0.05217083058785206,-0.024022825567608,0.01020408163265306,0.01020408163265306,0.20237211525953544,0.01020408163265306,-0.05445904228467992,0.0982368754700449,0.04159701540465607,0.01020408163265306,0.01020408163265306,0.1697263434119265,0.011614720961752943,0.01020408163265306,-0.0111481929684793,0.12861516860924851,0.01020408163265306,0.5474602309105376,0.022177718390037758,-0.14198541024760156
2026-04-14,0.01020408163265306,-0.020956640077522876,0.05018747546971625,-0.03943165794821899,-0.006348060331167539,0.01020408163265306,0.01020408163265306,0.01020408163265306,0.0663695730946343,0.06964365299777023,-0.023434724152710182,0.002990843642111096,-0.01096441093975616,0.01020408163265306,-0.03977573809796467,-0.04673935155393596,0.01020408163265306,0.01020408163265306,0.01020408163265306,0.01020408163265306,0.007631016592670426,0.01020408163265306,0.01020408163265306,0.01020408163265306,0.01020408163265306,0.01020408163265306,0.01020408163265306,0.01020408163265306,0.01020408163265306,0.01020408163265306,-0.005674493256213936,0.01020408163265306,0.01020408163265306,0.01020408163265306,-0.015520788301815044,0.0080068212812967,0.01020408163265306,0.004472818319765306,-0.11245514614692832,-0.02083374716956804,0.01020408163265306,0.01020408163265306,-0.08896516307972652,0.01020408163265306,0.01020408163265306,0.01020408163265306,-0.07143264011648316,0.01020408163265306,-0.02850403099494942,0.017775889825624357,0.01020408163265306,0.01020408163265306,0.01020408163265306,-0.020655481836386595,0.01020408163265306,0.01020408163265306,0.01020408163265306,0.01020408163265306,0.01020408163265306,0.07500143081159144,0.04038903154473928,0.01020408163265306,0.01020408163265306,0.01020408163265306,0.050248628136544245,0.01020408163265306,-0.1094813253769781,0.01020408163265306,0.01020408163265306,0.030537664195188823,0.01020408163265306,0.01020408163265306,0.01020408163265306,0.01020408163265306,0.01020408163265306,0.01020408163265306,-0.22809168501491195,0.01020408163265306,-0.04916532408583688,-0.0156056278416067,0.01020408163265306,0.01020408163265306,0.1129195554781059,0.01020408163265306,-0.0323750070687289,0.10377986521867999,0.01020408163265306,0.01020408163265306,0.01020408163265306,0.16355534230076338,0.01020408163265306,0.01020408163265306,0.007397315103924747,0.13453507378626783,0.01124285830455305,0.5424590638426142,0.021909316082142666,-0.1162748456985188
2026-04-15,0.01020408163265306,-0.016713454886013328,0.053141904484408704,-0.036677971674397715,-0.0056460091244291185,0.01020408163265306,0.01020408163265306,0.01020408163265306,0.07566569484807473,0.06994866929835865,-0.027800700497842237,-0.011367759820526143,-0.020660351589867648,0.01020408163265306,-0.036157922680729676,-0.06520931902422349,0.01020408163265306,0.01020408163265306,0.01020408163265306,0.016697788724735207,0.01020408163265306,0.01020408163265306,0.01020408163265306,0.01020408163265306,0.01020408163265306,0.01020408163265306,0.01020408163265306,0.01020408163265306,0.01020408163265306,0.006016606486526246,-0.010975225032231322,0.01020408163265306,0.01020408163265306,0.01020408163265306,-0.005030130438264915,-0.009886250048693103,0.01020408163265306,-0.044963991862328294,-0.09775426600163581,-0.02592492970718127,0.01020408163265306,0.03232406800936267,-0.08069379209258436,0.01020408163265306,0.01020408163265306,0.01020408163265306,-0.039915351863214016,0.01020408163265306,-0.03824950070815411,0.03901992646455915,0.01020408163265306,-0.019329156527474425,0.01020408163265306,-0.01148065477820301,0.01020408163265306,0.01020408163265306,0.01020408163265306,0.01020408163265306,0.01020408163265306,0.09015027321103951,0.03480132159854767,0.011836672250407299,0.01020408163265306,0.01020408163265306,0.06474517847943109,0.01020408163265306,-0.16387494291854277,0.01020408163265306,0.01020408163265306,0.030361791202024577,0.01020408163265306,0.01020408163265306,0.01020408163265306,0.01020408163265306,0.01020408163265306,0.01020408163265306,-0.21290243694736105,0.01020408163265306,-0.050738111896144106,-0.012116845553407024,0.01020408163265306,0.01020408163265306,0.2155878743993947,0.01020408163265306,-0.08112117665176148,0.11092012837965076,0.027882561002997498,0.01020408163265306,0.01020408163265306,0.15174935980401777,0.03935362477655532,0.01020408163265306,-0.01702533413956838,0.12671264960466894,0.01020408163265306,0.5601805565493183,0.01020408163265306,-0.1556973896399121
2026-04-16,0.01020408163265306,-0.02083493384400225,0.06343680976408395,-0.02134891441359587,-0.008513839631279422,0.01020408163265306,0.01020408163265306,0.01020408163265306,0.08276481467127174,0.05635623827719536,-0.03157651525920679,-0.032058368199658564,-0.041714237777087854,0.01020408163265306,-0.025635568039774313,-0.09409868518644297,0.01020408163265306,0.01020408163265306,0.041942614261388095,0.04006016602952861,0.005950760578192334,0.01020408163265306,0.0007890693569188988,0.01020408163265306,0.01020408163265306,0.03161273237149487,0.01020408163265306,0.0646123267600214,0.01020408163265306,-0.003953113886634475,-0.004818698678388031,0.010874782660983337,0.01020408163265306,0.060433358084445395,-0.020050643467744447,-0.048623826627993014,0.01020408163265306,-0.09798504080122164,-0.1059435134215262,-0.06911761134703914,0.01020408163265306,0.058104598112669964,-0.07459895823716652,0.01020408163265306,-0.019273450411751117,0.01020408163265306,-0.0499203831510329,0.01020408163265306,-0.06387416834733753,0.044610850806252884,0.01020408163265306,-0.030370143752513935,0.01020408163265306,-0.0036477246651356373,0.01020408163265306,0.01020408163265306,0.01020408163265306,0.01020408163265306,-0.007836277274127909,0.10069581764479851,0.021246088378337705,0.01020408163265306,0.01020408163265306,0.01642481881156567,0.039044066319293365,0.01020408163265306,-0.17079137298715638,0.01020408163265306,0.06936119410596502,0.024276157276562828,0.018823928466094313,-0.006594646295158596,0.01020408163265306,0.08171485618805165,0.01020408163265306,0.01020408163265306,-0.19958859223776315,0.01020408163265306,-0.06117219409179546,-0.024588078549741384,0.01020408163265306,0.01020408163265306,0.3283951684791454,0.01020408163265306,-0.12862032737414864,0.10659813786875225,0.11397886524769715,0.01020408163265306,0.005027397263627969,0.13579662904786607,0.07770528508914078,-0.014693233080246238,-0.035717532097961226,0.108224618398077,0.01020408163265306,0.6067021400950342,0.011783740514346965,-0.2873384582023354
2026-04-17,0.01020408163265306,-0.012610446628556001,0.049408558128041145,-0.031128773604954176,-0.00831670181565559,0.01020408163265306,0.01020408163265306,0.01020408163265306,0.08888122364462747,0.046551465763369326,-0.028349897206240558,-0.009656697755762332,-0.019633913121038064,0.01020408163265306,-0.0487356105181391,-0.040528565993588055,0.01020408163265306,0.01020408163265306,0.01020408163265306,0.01020408163265306,0.004765318414152129,0.01020408163265306,0.01020408163265306,0.01020408163265306,0.01020408163265306,0.01020408163265306,0.01020408163265306,0.01020408163265306,0.01020408163265306,0.01020408163265306,-0.01869742240620028,0.01020408163265306,0.01020408163265306,0.01020408163265306,-0.02755942690756827,0.003173592148130353,0.01020408163265306,-0.027948626010384718,-0.03744430943385423,-0.05032265712652932,0.01020408163265306,0.01020408163265306,-0.046649896055762044,0.01020408163265306,0.01020408163265306,0.01020408163265306,-0.049911750755833297,0.01020408163265306,-0.03755815762555653,0.02567635239676238,0.01020408163265306,-0.0039069421821136124,0.01020408163265306,0.01020408163265306,0.01020408163265306,0.01020408163265306,0.01020408163265306,0.01020408163265306,0.01020408163265306,0.08253955934392725,0.012987701780449869,0.01020408163265306,0.01020408163265306,0.01020408163265306,0.056537188240564425,0.01020408163265306,-0.1589998702796409,0.01020408163265306,0.01020408163265306,0.03135149944755426,0.01020408163265306,0.01020408163265306,0.01020408163265306,0.01020408163265306,0.01020408163265306,0.01020408163265306,-0.1901403699999261,0.01020408163265306,-0.06389925161782217,-0.006243255026392886,0.01020408163265306,0.01020408163265306,0.07890023612883394,0.01020408163265306,-0.023705398182869153,0.10368511332609759,0.01020408163265306,0.01020408163265306,0.01020408163265306,0.180264382414433,0.011444989012511158,0.01020408163265306,0.01020408163265306,0.13222631985573594,0.01020408163265306,0.5228286693759029,0.01020408163265306,-0.09131504549323645
2026-04-20,0.01020408163265306,-0.018188858970628226,0.06365030867399518,-0.023524950332281233,-0.00894058178186445,0.01020408163265306,0.01020408163265306,0.01020408163265306,0.09907292117652268,0.04027278572363748,-0.02931089755934567,-0.008667698615661823,-0.02742401385945778,0.01020408163265306,-0.030059650489353988,-0.06641912618873456,0.01020408163265306,0.01020408163265306,0.01020408163265306,0.011664872289817808,-0.0022670218500985186,0.01020408163265306,-0.0030969835326594506,0.01020408163265306,0.01020408163265306,0.01020408163265306,0.01020408163265306,0.01020408163265306,0.01020408163265306,0.01020408163265306,-0.014342109207083438,0.01020408163265306,0.01020408163265306,0.03148197407293059,-0.03151633688867396,-0.02299895240134854,0.01020408163265306,-0.025642038191993427,-0.03845120095038634,-0.0614591799941171,0.01020408163265306,0.01020408163265306,-0.05578647830252162,0.01020408163265306,0.01020408163265306,0.01020408163265306,-0.045639736073817355,0.01020408163265306,-0.04435706592811055,0.03519342713661776,0.01020408163265306,-0.0013783869553932685,0.01020408163265306,-0.003779372178748762,0.01020408163265306,0.01020408163265306,0.01020408163265306,0.01020408163265306,0.01020408163265306,0.10200539311202615,0.01020408163265306,0.01020408163265306,0.01020408163265306,0.01020408163265306,0.06322009958085947,0.01020408163265306,-0.17912203036969893,0.01020408163265306,0.01020408163265306,0.03038130274229503,0.01020408163265306,0.01020408163265306,0.01020408163265306,0.06782018977289746,0.01020408163265306,0.01020408163265306,-0.21281142496516037,0.01020408163265306,-0.06590307336498108,-0.01469107448536445,0.01020408163265306,0.01020408163265306,0.1546999205981851,0.01020408163265306,-0.0646090805860673,0.09479871868209609,0.058432016490920745,0.01020408163265306,-0.0007650806215871511,0.15469069690348636,0.04658765924123103,0.01020408163265306,-0.005392496700267717,0.12222109264619488,0.01020408163265306,0.5410637494917706,0.01020408163265306,-0.14132447188803665
2026-04-21,0.01020408163265306,-0.01936874754361801,0.06231700206834408,-0.022516796277517376,-0.008720909981326819,0.01020408163265306,0.01020408163265306,0.01020408163265306,0.09947892264398597,0.0410556438139396,-0.029919285152455406,-0.006416519915721638,-0.026718544560028937,0.01020408163265306,-0.026978026206866734,-0.07334558326453934,0.01020408163265306,0.01020408163265306,0.01020408163265306,0.014292129310390086,-0.002863330521431569,0.01020408163265306,-0.005603836582778026,0.01020408163265306,0.01020408163265306,0.01020408163265306,0.01020408163265306,0.01020408163265306,0.01020408163265306,0.01020408163265306,-0.013464219211800686,0.010465795391551545,0.01020408163265306,0.02853292228581044,-0.029672384236837802,-0.023542992772569736,0.01020408163265306,-0.02344749953711585,-0.041571801102273195,-0.05792548671065356,0.01020408163265306,0.01020408163265306,-0.05420196571611506,0.01020408163265306,0.01020408163265306,0.01020408163265306,-0.0478075189471955,0.01020408163265306,-0.04645133853234031,0.03431658644514582,0.01020408163265306,0.00017791899096974984,0.01020408163265306,-0.005117721595687517,0.01020408163265306,0.01020408163265306,0.01020408163265306,0.01020408163265306,0.01020408163265306,0.10449892851691245,0.01020408163265306,0.01020408163265306,0.01020408163265306,0.01020408163265306,0.060612526576551064,0.01020408163265306,-0.17477410080956843,0.01020408163265306,0.01020408163265306,0.029248164896620167,0.01020408163265306,0.01020408163265306,0.01020408163265306,0.07553859846500906,0.01020408163265306,0.01020408163265306,-0.21755836229756298,0.01020408163265306,-0.06571840976785669,-0.016216425142829588,0.01020408163265306,0.01020408163265306,0.15964851845665098,0.01020408163265306,-0.06980136898266917,0.09127876750069128,0.06570142441726001,0.01020408163265306,0.002084352071751795,0.1527444233262526,0.044208419728360204,0.01020408163265306,-0.005174564280168749,0.12202577028385797,0.01020408163265306,0.5418501641980765,0.01020408163265306,-0.1455874030039087
2026-04-22,0.01020408163265306,-0.019172166769857946,0.06407589480093577,-0.02204936330928401,-0.011104829874538409,0.01020408163265306,0.01020408163265306,0.010266400485499426,0.10054921570526254,0.040404114632817276,-0.02988517668918351,-0.009096013342637212,-0.02892940184603427,0.01020408163265306,-0.03507508274407282,-0.06631066117178966,0.01020408163265306,0.01020408163265306,0.01020408163265306,0.015625016420613123,0.0013647471283802191,0.01020408163265306,-0.01669053600280728,0.01020408163265306,0.01020408163265306,0.01020408163265306,0.01020408163265306,0.01020408163265306,0.01020408163265306,0.01020408163265306,-0.012448820129129562,0.01020408163265306,0.01020408163265306,0.02582828172196115,-0.017837171156512788,-0.042294042618757445,0.01020408163265306,-0.019300740742453845,-0.05059428500214446,-0.057397727320278036,0.01020408163265306,0.01020408163265306,-0.043738509474799944,0.01020408163265306,0.01020408163265306,0.01020408163265306,-0.0572079193752235,0.01020408163265306,-0.047000286690485595,0.02679841640219731,0.01020408163265306,0.00463935094011653,0.01020408163265306,-0.011622221187129569,0.01020408163265306,0.01020408163265306,0.01020408163265306,0.01020408163265306,0.01020408163265306,0.10896137325249093,0.01020408163265306,0.01020408163265306,0.01020408163265306,0.01020408163265306,0.05438848323121295,0.01020408163265306,-0.15058397181781347,0.01020408163265306,0.01020408163265306,0.029170203959538912,0.01020408163265306,0.01020408163265306,0.01020408163265306,0.07661432455936928,0.01020408163265306,0.01020408163265306,-0.2154462147420855,0.01020408163265306,-0.06911886348640757,-0.014781281785203574,0.01020408163265306,0.01020408163265306,0.14231665152299666,0.01020408163265306,-0.06648563946709678,0.0940529794249562,0.06099982016788665,0.01020408163265306,0.009914571855548839,0.16670500100474794,0.04706411457423144,0.01020408163265306,-0.007178567292244422,0.1176767798464027,0.01020408163265306,0.5408187640507361,0.01020408163265306,-0.13729317491523707
2026-04-23,0.01020408163265306,-0.01572282540151987,0.06745089523768354,-0.020752271663417754,-0.01320287830313137,0.01020408163265306,0.01020408163265306,0.01020408163265306,0.09507698374467956,0.03887501061341697,-0.027926515662628097,-0.013028011847404307,-0.03351728330146824,0.01020408163265306,-0.04165856728294721,-0.01926852952250528,0.01020408163265306,0.01020408163265306,0.01020408163265306,0.012156201357573934,-0.001015206073770895,0.01020408163265306,-0.02387223914558142,0.01020408163265306,0.01020408163265306,0.01020408163265306,0.01020408163265306,0.011832472059654105,0.01020408163265306,0.01020408163265306,-0.013395774694564757,0.013707182586244262,0.01020408163265306,0.01943001978442665,0.005149064152462696,-0.05930534764436235,0.01020408163265306,-0.02815520428259835,-0.06769392079890689,-0.06274430729775142,0.01020408163265306,0.01020408163265306,-0.05056465900447054,0.01020408163265306,0.01020408163265306,0.01020408163265306,-0.06608261703002406,0.01020408163265306,-0.0417363353935341,0.03358370782218458,0.01020408163265306,0.004197762610185769,0.01020408163265306,-0.008936890450074059,0.01020408163265306,0.01020408163265306,0.01020408163265306,0.01020408163265306,0.01020408163265306,0.10111844157719929,0.01020408163265306,0.01020408163265306,0.01020408163265306,0.01020408163265306,0.05212808814450286,0.01020408163265306,-0.14342518424619966,0.01020408163265306,0.01020408163265306,0.02885663059156534,0.01020408163265306,0.01020408163265306,0.01020408163265306,0.10804171871437375,0.01020408163265306,0.01020408163265306,-0.2033400628081806,0.01020408163265306,-0.06849000552943249,-0.01596783297350987,0.01020408163265306,0.01020408163265306,0.10831243725505997,0.01020408163265306,-0.06793451517427103,0.08361128617134868,0.07373519057160689,0.01020408163265306,-0.00016773295242875075,0.17288415699276474,0.05018218331684358,0.01020408163265306,-0.014293069848885629,0.1132120461391045,0.018725101159263614,0.5383313610090162,0.01020408163265306,-0.12840015327759247
2026-04-24,0.01020408163265306,-0.010665383862899015,0.03704276034196387,-0.028708950575523993,-0.010584134081933988,0.01020408163265306,0.01020408163265306,0.01020408163265306,0.08382413019771547,0.03380875486867048,-0.02388209442258115,0.006971592007250994,-0.009113100581373648,0.01020408163265306,-0.05004292310799515,-0.012596226334847664,0.01020408163265306,0.01020408163265306,0.01020408163265306,0.01020408163265306,0.01020408163265306,0.01020408163265306,0.01020408163265306,0.01020408163265306,0.01020408163265306,0.01020408163265306,0.01020408163265306,0.01020408163265306,0.01020408163265306,0.01020408163265306,-0.027865076334980872,0.01020408163265306,0.01020408163265306,0.01020408163265306,-0.01235421152531522,0.01020408163265306,0.01020408163265306,0.007077649476044411,-0.05702520754786011,-0.029724604508132267,0.01020408163265306,0.01020408163265306,-0.030924857073436646,0.01020408163265306,0.01020408163265306,0.01020408163265306,-0.08076856844989928,0.01020408163265306,-0.05506666429516602,0.01020408163265306,0.01020408163265306,-0.002124201952168503,0.01020408163265306,0.0027099551438357515,0.01020408163265306,0.01020408163265306,0.01020408163265306,0.01020408163265306,0.01020408163265306,0.049861457208093,0.01020408163265306,0.01020408163265306,0.01020408163265306,0.01020408163265306,0.028620697687316017,0.01020408163265306,-0.11201101400547718,0.01020408163265306,0.01020408163265306,0.0333863040546037,0.01020408163265306,0.01020408163265306,0.01020408163265306,0.01020408163265306,0.01020408163265306,0.01020408163265306,-0.1438212779458582,0.01020408163265306,-0.04883295795186705,-0.001394893437377167,0.01020408163265306,0.01020408163265306,0.01020408163265306,0.01020408163265306,-0.002843828015998749,0.04997038308626624,0.04142977025484708,0.01020408163265306,0.01020408163265306,0.20409548253196536,0.01020408163265306,0.01020408163265306,0.01020408163265306,0.14817937219010496,0.028995799801247855,0.41781455912040305,0.01020408163265306,-0.05609155318412619
2026-04-27,0.01020408163265306,-0.010142382696630309,0.036344847649358046,-0.02924375919078067,-0.010827545304896201,0.01020408163265306,0.01020408163265306,0.01020408163265306,0.08302010215451666,0.03614095689709789,-0.023521842045088254,0.00572926069944642,-0.008216937953302453,0.01020408163265306,-0.055099861866406336,-0.010506439176999558,0.01020408163265306,0.01020408163265306,0.01020408163265306,0.01020408163265306,0.01020408163265306,0.01020408163265306,0.01020408163265306,0.01020408163265306,0.01020408163265306,0.01020408163265306,0.01020408163265306,0.01020408163265306,0.01020408163265306,0.01020408163265306,-0.02838553763671022,0.01020408163265306,0.01020408163265306,0.01020408163265306,-0.01264135723109701,0.01020408163265306,0.01020408163265306,0.004819598603233936,-0.0584653635683538,-0.028406761795535626,0.01020408163265306,0.01020408163265306,-0.030483339944905923,0.01020408163265306,0.01020408163265306,0.01020408163265306,-0.0795173075764003,0.01020408163265306,-0.05292673071246014,0.01020408163265306,0.01020408163265306,-0.003033688773434122,0.01020408163265306,-0.0004910063089906182,0.01020408163265306,0.01020408163265306,0.01020408163265306,0.01020408163265306,0.01020408163265306,0.04761811805979496,0.01020408163265306,0.01020408163265306,0.01020408163265306,0.01020408163265306,0.029254644809434453,0.01020408163265306,-0.11193910066261938,0.01020408163265306,0.01020408163265306,0.03312292406793963,0.01020408163265306,0.01020408163265306,0.01020408163265306,0.01020408163265306,0.01020408163265306,0.01020408163265306,-0.14374292464422406,0.01020408163265306,-0.04351767008190584,-0.0002911985815686243,0.01020408163265306,0.01020408163265306,0.01020408163265306,0.01020408163265306,-0.0032268084064841773,0.04967435833278195,0.0383678762309686,0.01020408163265306,0.01020408163265306,0.2046194285013602,0.01020408163265306,0.01020408163265306,0.01020408163265306,0.1494572666707877,0.028899588325349154,0.41367105020636413,0.01020408163265306,-0.048765518274129685
2026-04-28,0.01020408163265306,-0.012027958553056923,0.05035858889734675,-0.02866703227388869,-0.01122188322994396,0.01020408163265306,0.01020408163265306,0.01020408163265306,0.09809157833311695,0.03760045997213999,-0.02596189929352139,-0.0005567888352293604,-0.005046457724037473,0.01020408163265306,-0.0667652056657387,-0.034894923645912436,0.01020408163265306,0.01020408163265306,0.01020408163265306,0.01020408163265306,0.010153439971315046,0.01020408163265306,0.00527089383051164,0.01020408163265306,0.01020408163265306,0.01020408163265306,0.01020408163265306,0.01020408163265306,0.01020408163265306,0.01020408163265306,-0.028233921357377248,0.01020408163265306,0.01020408163265306,0.01020408163265306,-0.032278490500113256,0.01020408163265306,0.01020408163265306,0.01020408163265306,-0.05771230366147541,-0.05036386592581423,0.01020408163265306,0.01020408163265306,-0.044274650118558356,0.01020408163265306,0.01020408163265306,0.01020408163265306,-0.06421023449179084,0.01020408163265306,-0.050997540597082995,0.013245989191770844,0.01020408163265306,0.01020408163265306,0.01020408163265306,-0.01993448614543411,0.01020408163265306,0.01020408163265306,0.01020408163265306,0.01020408163265306,0.01020408163265306,0.05219792111260181,0.03273444696426145,0.01020408163265306,0.01020408163265306,0.01020408163265306,0.06252120897290088,0.01020408163265306,-0.1041854034061335,0.01020408163265306,0.01020408163265306,0.0339209946256514,0.01020408163265306,0.01020408163265306,0.01020408163265306,0.01020408163265306,0.01020408163265306,0.01020408163265306,-0.19239026814950394,0.01020408163265306,-0.0456408145266265,-0.00045652189977472314,0.04866137338737994,0.01020408163265306,0.01020408163265306,0.01020408163265306,-0.03232163491977519,0.05347107692959284,0.06942744319323846,0.01020408163265306,0.01020408163265306,0.19542494766539,0.01020408163265306,0.01020408163265306,0.008251893441002864,0.14569201847928115,0.020129628744187448,0.45694660017814115,0.01020408163265306,-0.0777949536629189
2026-04-29,0.01020408163265306,-0.01066256895604654,0.054091115214991985,-0.023873908275503355,-0.010577918603848312,0.01020408163265306,0.01020408163265306,0.01020408163265306,0.09545969710521604,0.03281198771341175,-0.027023285127206892,-0.016170003278025633,-0.0043189656292605474,0.009252173037344377,-0.05719035134771425,-0.03873249848814879,0.01020408163265306,0.01020408163265306,0.01020408163265306,0.01020408163265306,0.01020408163265306,0.01020408163265306,0.01020408163265306,0.01020408163265306,0.01020408163265306,0.01020408163265306,0.01020408163265306,0.01020408163265306,0.010169815792358466,0.01020408163265306,-0.02951756810527687,0.01020408163265306,0.01020408163265306,0.01020408163265306,-0.030017497279293127,0.01020408163265306,0.01020408163265306,0.01020408163265306,-0.05064831582924844,-0.06273145605503119,0.01020408163265306,0.01020408163265306,-0.044514878667972664,0.01020408163265306,0.01020408163265306,0.01020408163265306,-0.0658464492637011,0.01020408163265306,-0.05159838044612941,0.01020408163265306,0.01020408163265306,0.01020408163265306,0.01020408163265306,-0.013018216421430891,0.01020408163265306,0.01020408163265306,0.01020408163265306,0.01020408163265306,0.01020408163265306,0.05459057072140583,0.031754825878426596,0.01020408163265306,0.01020408163265306,0.01020408163265306,0.05545566194352408,0.01020408163265306,-0.09197064079681112,0.01020408163265306,0.01020408163265306,0.032694864907466106,0.01020408163265306,0.01020408163265306,0.01020408163265306,0.02013821035622436,0.01020408163265306,0.01020408163265306,-0.17637928511034703,0.01020408163265306,-0.046965535438097124,-0.007210731096365422,0.046164179999890725,0.01020408163265306,0.01020408163265306,0.01020408163265306,-0.040183795380884374,0.040387237332591225,0.0930567403497111,0.01020408163265306,-0.0004876553040926209,0.20500510968954827,0.01020408163265306,0.01020408163265306,0.007378072454086317,0.14014641838999345,0.019780497592858937,0.47177437136761746,0.01020408163265306,-0.10210429800745581
2026-04-30,0.01020408163265306,-0.015795912500915527,0.051525764496272754,-0.02042793098499114,-0.017633256150050673,0.011834691479425471,0.014934305972333233,0.01020408163265306,0.09799382399590066,0.04040685261391162,-0.023726412051491327,-0.026393328192563757,-0.014774899122545383,0.0075257645394314655,-0.04400179169677909,-0.04165758783141827,0.01020408163265306,0.01020408163265306,0.02823045909649713,0.014882229967066559,0.001228762052020502,0.01020408163265306,0.006176078489409478,0.01020408163265306,0.01020408163265306,0.01020408163265306,0.01020408163265306,0.01020408163265306,-0.029828759660980197,0.01020408163265306,-0.026305553951801897,0.01020408163265306,0.01020408163265306,0.017658300271380066,-0.023576809160779984,0.01020408163265306,0.01020408163265306,-0.013655152609430671,-0.048206805014850085,-0.09079432221533448,0.01020408163265306,0.01020408163265306,-0.03344856947321253,0.01020408163265306,0.01020408163265306,0.01020408163265306,-0.05921493582962631,-0.026710083971380215,-0.04556786396689262,0.018306582227550217,0.01020408163265306,0.01020408163265306,0.01020408163265306,-0.01550786007642171,0.01020408163265306,0.01020408163265306,0.01020408163265306,0.01020408163265306,0.01020408163265306,0.06583265181852845,0.02376646277431068,0.01020408163265306,0.01020408163265306,0.01020408163265306,0.04571785425945665,0.01020408163265306,-0.10494352585567387,0.01020408163265306,0.01020408163265306,0.02627547470402094,0.01020408163265306,0.01020408163265306,0.01020408163265306,0.06969770077650239,0.01020408163265306,0.01020408163265306,-0.2003899031077939,0.01020408163265306,-0.05073455630022411,-0.0036300984246190656,0.0989409010871976,0.01020408163265306,0.018536232434536733,0.01020408163265306,-0.08168679743660529,0.05843009859311462,0.1536739237258426,0.04274587281593625,-0.03314180966725131,0.1602895102587492,0.040028331917181234,0.01020408163265306,0.005227197197385999,0.13277182240196717,0.024558449583648542,0.4808763268711106,0.01020408163265306,-0.1152974930037899
2026-05-01,0.01020408163265306,-0.021442876360328808,0.03661636265146645,-0.019686063132416665,-0.019972394425390054,0.017406582937804935,0.013832433857163434,0.01020408163265306,0.0955330372623626,0.04887545870597346,-0.025621319064056174,-0.026050526443023997,-0.0041905256956706275,0.01020408163265306,-0.04380570978729819,-0.051140297780001114,0.01020408163265306,0.01020408163265306,0.01020408163265306,0.01020408163265306,-0.005193777790773768,0.01020408163265306,-0.008333888813322322,0.01020408163265306,0.01020408163265306,0.01020408163265306,0.01020408163265306,0.01020408163265306,0.01020408163265306,0.01020408163265306,-0.024123257556437357,0.01020408163265306,0.01020408163265306,0.01020408163265306,-0.001038537434867752,0.01020408163265306,0.01020408163265306,-0.0016524988836550646,-0.04013721247051772,-0.07651219200942953,0.01020408163265306,0.01020408163265306,-0.006515125481822212,0.01020408163265306,0.01020408163265306,0.01020408163265306,-0.08375369627829139,-0.014397217636235084,-0.05052771118795658,0.012671307386412239,0.01020408163265306,0.01020408163265306,0.01020408163265306,-0.009979874157058017,0.01020408163265306,0.01020408163265306,0.01020408163265306,0.01020408163265306,0.01020408163265306,0.07074609512992366,0.01020408163265306,0.01020408163265306,0.01020408163265306,0.01020408163265306,0.01020408163265306,0.01020408163265306,-0.07133594907631594,0.01020408163265306,0.01020408163265306,0.03105227307834966,0.01020408163265306,0.01020408163265306,0.01020408163265306,0.02963491426121173,0.01020408163265306,0.01020408163265306,-0.18051093835600754,0.01020408163265306,-0.056280654421081794,-0.0010030803448577742,0.04156950820415045,0.01020408163265306,0.01020408163265306,0.01020408163265306,-0.036085520475015516,0.06735529041983726,0.07911905306367963,0.01020408163265306,-0.008658416598682174,0.23730533153892922,0.01020408163265306,0.01020408163265306,0.01020408163265306,0.1274425660924298,0.028410195922210967,0.4655445014021791,0.01020408163265306,-0.07639014004948987
2026-05-04,0.01020408163265306,-0.027418958830990263,0.02926839459555259,-0.01652869902524494,-0.02462401190299579,0.01020408163265306,0.012783031090936463,0.01020408163265306,0.09443165303887133,0.07542444704396455,-0.022509574809940446,-0.03147825790977193,-0.014899692649889865,0.01020408163265306,-0.03815256288126763,-0.05637905893748843,0.01020408163265306,0.01020408163265306,0.01020408163265306,0.01020408163265306,-0.0008702415384237005,0.01020408163265306,0.01020408163265306,0.01020408163265306,0.01020408163265306,0.01020408163265306,0.01020408163265306,0.01020408163265306,0.01020408163265306,0.01020408163265306,-0.019484744500403113,0.01020408163265306,0.01020408163265306,0.01020408163265306,0.01020408163265306,0.01020408163265306,0.01020408163265306,0.01020408163265306,-0.026177832359412186,-0.09065060183476129,0.01020408163265306,0.01020408163265306,-0.04916076044256753,0.01020408163265306,0.01020408163265306,0.01020408163265306,-0.10135651932072678,0.01020408163265306,-0.056788355584288325,0.01910901620777971,0.01020408163265306,0.01020408163265306,0.01020408163265306,0.01020408163265306,0.01020408163265306,0.01020408163265306,0.01020408163265306,0.01020408163265306,0.01020408163265306,0.06730018467733244,0.01020408163265306,0.01020408163265306,0.01020408163265306,0.01020408163265306,0.03105549557533599,0.01020408163265306,-0.04279955144165624,0.01020408163265306,0.01020408163265306,0.02561595483376395,0.01020408163265306,0.01020408163265306,0.01020408163265306,0.043087722682810796,0.01020408163265306,0.01020408163265306,-0.22462554537953328,0.01020408163265306,-0.049824022816290496,0.001282504449874232,0.08430805237921586,0.01020408163265306,0.01020408163265306,0.01020408163265306,-0.03861551363593334,0.06672922867668382,0.0908519044410061,0.011010357484765768,-0.03773243153992223,0.19440778493067454,0.01020408163265306,0.01020408163265306,0.01020408163265306,0.12309874251341701,0.024136690259915043,0.4552036764375663,0.01020408163265306,-0.08106872030448943
2026-05-05,0.01020408163265306,-0.04118429715296328,0.021348566569155396,-0.00964388327605603,-0.014543053347765301,0.01020408163265306,0.01020408163265306,0.01020408163265306,0.08614328873824308,0.06274162747995499,-0.021736691302004882,-0.027811105723519483,-0.00861532712686394,0.01020408163265306,-0.0326138050505082,-0.05298112505926948,0.01020408163265306,0.01020408163265306,0.01020408163265306,0.01020408163265306,0.009560304239777025,0.01020408163265306,0.01020408163265306,0.01020408163265306,0.01020408163265306,0.01020408163265306,0.01020408163265306,0.01020408163265306,0.01020408163265306,0.01020408163265306,-0.024031096546132544,0.01020408163265306,0.01020408163265306,0.01020408163265306,-0.018463672818551206,0.0038734077556361116,0.01020408163265306,0.0006176419605957474,0.001765321446652363,-0.06860782817807519,0.01020408163265306,0.01020408163265306,-0.007070343721579957,0.01020408163265306,0.01020408163265306,0.01020408163265306,-0.10200175302244936,0.01020408163265306,-0.04407494283891905,0.01020408163265306,0.01020408163265306,0.01020408163265306,0.01020408163265306,0.01020408163265306,0.01020408163265306,0.01020408163265306,0.01020408163265306,0.01020408163265306,0.01020408163265306,0.05889407814480922,0.01020408163265306,0.01020408163265306,0.01020408163265306,0.01020408163265306,0.01020408163265306,0.01020408163265306,-0.05667246495982796,0.01020408163265306,0.01020408163265306,0.03131527000588754,0.01020408163265306,0.01020408163265306,0.01020408163265306,0.01020408163265306,0.01020408163265306,0.01020408163265306,-0.17507069703548403,0.01020408163265306,-0.04959278877051576,0.006566005280639003,0.01020408163265306,0.01020408163265306,0.01020408163265306,0.01020408163265306,0.01020408163265306,0.05085693877245952,0.017787973664782394,0.01020408163265306,0.001656093246479539,0.2244948329202548,0.01020408163265306,0.01020408163265306,0.01020408163265306,0.12462958953973939,0.03590476705741926,0.4274063005713196,0.01020408163265306,-0.05370427432046211
2026-05-06,0.01020408163265306,-0.039420624202248074,0.019469686605977463,-0.008999372858644715,-0.016595568345666237,0.01020408163265306,0.01020408163265306,0.01020408163265306,0.08460681668525406,0.06889922280687438,-0.02439212564793876,-0.025337566180384567,-0.010956969214255359,0.01020408163265306,-0.030304771858119042,-0.059853276277845535,0.01020408163265306,0.01020408163265306,0.01020408163265306,0.01020408163265306,0.01020400867092182,0.01020408163265306,0.01020408163265306,0.01020408163265306,0.01020408163265306,0.01020408163265306,0.01020408163265306,0.01020408163265306,0.01020408163265306,0.01020408163265306,-0.024750103283081838,0.01020408163265306,0.01020408163265306,0.01020408163265306,-0.006816831482823473,-0.004002080485766337,0.01020408163265306,0.001930314500093816,0.0015747064740430933,-0.06849465757440472,0.01020408163265306,0.01020408163265306,-0.012076405525094121,0.01020408163265306,0.01020408163265306,0.01020408163265306,-0.1061415927372463,0.01020408163265306,-0.0438939005693434,0.01020408163265306,0.01020408163265306,0.01020408163265306,0.01020408163265306,0.01020408163265306,0.01020408163265306,0.01020408163265306,0.01020408163265306,0.01020408163265306,0.01020408163265306,0.06413669282299952,0.01020408163265306,0.01020408163265306,0.01020408163265306,0.01020408163265306,0.01020408163265306,0.01020408163265306,-0.04066416119366448,0.01020408163265306,0.01020408163265306,0.02985510363877919,0.01020408163265306,0.01020408163265306,0.01020408163265306,0.01020408163265306,0.01020408163265306,0.01020408163265306,-0.18764439546060618,0.01020408163265306,-0.047960090402219005,0.00765825755685662,0.01020408163265306,0.01020408163265306,0.01020408163265306,0.01020408163265306,0.01020408163265306,0.059648960675421546,0.019857692411251245,0.01020408163265306,-0.004558996243537169,0.2305427288470566,0.01020408163265306,0.01020408163265306,0.01020408163265306,0.12154053571766268,0.03410606381164893,0.4207550601173225,0.01020408163265306,-0.054779504656417136
2026-05-07,0.01020408163265306,-0.04209385464964168,0.031134240621088,-0.009057014987149671,-0.020119496454159204,0.01020408163265306,0.020368178693034915,0.013398863520157626,0.09388107078763673,0.07669564021560796,-0.022773591329325618,-0.0341668933325595,-0.0156261702347908,0.01020408163265306,-0.044681323434015506,-0.06598976702116503,0.01020408163265306,0.01020408163265306,0.01020408163265306,0.01020408163265306,-0.0008836365266892722,0.01020408163265306,0.009311202000178065,0.01020408163265306,0.01020408163265306,0.01020408163265306,0.01020408163265306,0.01020408163265306,-0.03210031566408442,0.01020408163265306,-0.026083565590799163,0.01020408163265306,0.01020408163265306,0.01020408163265306,0.01020408163265306,0.01020408163265306,0.01020408163265306,0.01020408163265306,-0.02015141015346166,-0.11126315944463179,0.01020408163265306,0.01020408163265306,-0.031476389209464065,0.01020408163265306,0.01020408163265306,0.01020408163265306,-0.09272230295865358,0.01020408163265306,-0.034315728251860037,0.02154673618751539,0.01020408163265306,0.01020408163265306,0.01020408163265306,0.01020408163265306,0.01020408163265306,0.01020408163265306,0.01020408163265306,0.01020408163265306,0.01020408163265306,0.08047125168816484,0.01802393489509895,0.01020408163265306,0.01020408163265306,0.01020408163265306,0.01020408163265306,0.01020408163265306,-0.03875528005897874,0.01020408163265306,0.01020408163265306,0.029539300217171306,0.01020408163265306,0.01020408163265306,0.01020408163265306,0.01020408163265306,0.01020408163265306,0.01020408163265306,-0.20972555056480915,0.01020408163265306,-0.05426013545804664,0.01020408163265306,0.07506785940736987,0.01020408163265306,0.01020408163265306,0.01020408163265306,-0.010546775432492833,0.07584898346926126,0.015026690299655398,0.01020408163265306,-0.027718484185363823,0.1945455396607567,0.01020408163265306,0.01020408163265306,0.01020408163265306,0.11638381402040178,0.03870892271425673,0.4579527783056134,0.01020408163265306,-0.02543497808735741
2026-05-08,0.01020408163265306,-0.038792153885376,0.015076174552364274,-0.009329338234078445,-0.015049854433652211,0.01020408163265306,0.01020408163265306,0.01583017969055318,0.08269799910703655,0.07335281636920148,-0.024726601302065027,-0.0251705697553539,-0.014421580460354107,0.01020408163265306,-0.03252575654004991,-0.06023622461074078,0.01020408163265306,0.01020408163265306,0.01020408163265306,0.01020408163265306,0.01020408163265306,0.01020408163265306,0.01020408163265306,0.01020408163265306,0.01020408163265306,0.01020408163265306,0.01020408163265306,0.01020408163265306,-0.018803903866123524,0.01020408163265306,-0.02511354339603187,0.01020408163265306,0.01020408163265306,0.01020408163265306,0.01020408163265306,0.01020408163265306,0.01020408163265306,0.01020408163265306,-0.01991000406680786,-0.08284455076449034,0.01020408163265306,0.01020408163265306,-0.02065164854800374,0.01020408163265306,0.01020408163265306,0.01020408163265306,-0.09752294514939619,0.01020408163265306,-0.03723122798064577,0.01020408163265306,0.01020408163265306,0.01020408163265306,0.01020408163265306,0.01020408163265306,0.01020408163265306,0.01020408163265306,0.01020408163265306,0.01020408163265306,0.01020408163265306,0.06693332902475055,0.01020408163265306,0.01020408163265306,0.01020408163265306,0.01020408163265306,0.01020408163265306,0.01020408163265306,-0.04734111158190688,0.01020408163265306,0.01020408163265306,0.029707093515148886,0.01020408163265306,0.01020408163265306,0.01020408163265306,0.01020408163265306,0.01020408163265306,0.01020408163265306,-0.16703248637750556,0.01020408163265306,-0.05147276083514963,0.007875739051405397,0.01020408163265306,0.01020408163265306,0.01020408163265306,0.01020408163265306,0.01020408163265306,0.04579830356233261,0.01020408163265306,0.01020408163265306,-0.004485689462516802,0.21425207390125253,0.01020408163265306,0.01020408163265306,0.01020408163265306,0.12587064944940413,0.03860802079313942,0.4256736194605299,0.01020408163265306,-0.022483434981972375
2026-05-11,0.014146194221167228,-0.03782543811041969,0.02126867736774264,-0.010899259674514576,-0.01590817552261256,0.01020408163265306,0.01020408163265306,0.017576242233972833,0.08061985324710505,0.06656630696334494,-0.02713223798736323,-0.0057075217759410424,-0.01982011857178176,0.01020408163265306,-0.02520585332062164,-0.05941761575255439,0.01020408163265306,0.01020408163265306,0.01020408163265306,0.01020408163265306,0.01020408163265306,0.01020408163265306,0.0030905454449987957,0.01020408163265306,0.01020408163265306,0.01020408163265306,0.01020408163265306,0.01020408163265306,-0.011445982700346765,0.01020408163265306,-0.02460182691918076,0.01020408163265306,0.01020408163265306,0.01020408163265306,0.01020408163265306,0.01020408163265306,0.01020408163265306,0.0025201096996616866,-0.028427711935750305,-0.06119704632610902,0.01020408163265306,0.01020408163265306,-0.009467837661807846,0.01020408163265306,0.01020408163265306,0.01020408163265306,-0.08842074502084658,0.01020408163265306,-0.04182491455997865,0.01020408163265306,0.01020408163265306,0.01020408163265306,0.01020408163265306,0.01020408163265306,0.01020408163265306,0.01020408163265306,0.01020408163265306,0.01020408163265306,0.01020408163265306,0.060090610679823964,0.01020408163265306,0.01020408163265306,0.01020408163265306,0.01020408163265306,0.01020408163265306,0.01020408163265306,-0.05566038397730248,0.01020408163265306,0.01020408163265306,0.030262797430013165,0.01020408163265306,0.01020408163265306,0.01020408163265306,0.01020408163265306,0.01020408163265306,0.01020408163265306,-0.17093817474592235,0.01020408163265306,-0.050971455173253646,0.004785427519833657,0.01020408163265306,0.01020408163265306,0.01020408163265306,0.01020408163265306,0.01020408163265306,0.04414025573455484,0.01020408163265306,0.01020408163265306,5.534592195277806e-05,0.1873212166561347,0.01020408163265306,0.01020408163265306,0.01020408163265306,0.12574293322818694,0.048517985499592325,0.4280277718023253,0.01020408163265306,-0.03271711677124635
2026-05-12,0.017613724142581094,-0.03431155601949812,0.015098576597223485,-0.011392582598709523,-0.017432546920204593,0.01020408163265306,0.01020408163265306,0.013973161912248178,0.08009637212332754,0.07325986058048799,-0.027935387979727333,-0.01446599636942309,-0.021344851412558714,0.01020408163265306,-0.03505123906343688,-0.03979654877330514,0.01020408163265306,0.01020408163265306,0.01020408163265306,0.01020408163265306,0.01020408163265306,0.01020408163265306,0.01020408163265306,0.01020408163265306,0.01020408163265306,0.01020408163265306,0.01020408163265306,0.01020408163265306,-0.01545085327902866,0.01020408163265306,-0.023454671114461402,0.01020408163265306,0.01020408163265306,0.01020408163265306,0.01020408163265306,0.005429865969683145,0.01020408163265306,0.005650753025545927,-0.020099180420002492,-0.07547650943155483,0.01020408163265306,0.01020408163265306,-0.018012316251300717,0.01020408163265306,0.01020408163265306,0.01020408163265306,-0.10607834899351994,0.01020408163265306,-0.03272728606786988,0.01020408163265306,0.01020408163265306,0.01020408163265306,0.01020408163265306,0.01020408163265306,0.01020408163265306,0.01020408163265306,0.01020408163265306,0.01020408163265306,0.01020408163265306,0.06086036613707458,0.015387431627037158,0.01020408163265306,0.01020408163265306,0.01020408163265306,0.01020408163265306,0.01020408163265306,-0.03322399340046305,0.01020408163265306,0.01020408163265306,0.030595343648235115,0.01020408163265306,0.01020408163265306,0.01020408163265306,0.01020408163265306,0.01020408163265306,0.01020408163265306,-0.17992870624665624,0.01020408163265306,-0.047913114891703405,0.009068451496801003,0.01020408163265306,0.01020408163265306,0.01020408163265306,0.01020408163265306,0.01020408163265306,0.024554231389545697,0.01020408163265306,0.01020408163265306,0.001950816276046475,0.20073296438237576,0.01020408163265306,0.01020408163265306,0.01020408163265306,0.1207414185843394,0.049587678627031735,0.41594229935216986,0.01020408163265306,-0.019100687862820057
2026-05-13,0.014440673235387148,-0.03013059644056834,0.013963406747047519,-0.00923243668950729,-0.016880223407367813,0.01020408163265306,0.016789699334353113,0.013110629286229176,0.07831447934315872,0.06471644803667251,-0.028302449762902977,-0.007239466506983686,-0.018438086593565786,0.01020408163265306,-0.029125398171348238,-0.04746625233755965,0.01020408163265306,0.01020408163265306,0.01020408163265306,0.01020408163265306,0.01020408163265306,0.01020408163265306,0.01020408163265306,0.01020408163265306,0.003867008170773346,0.01020408163265306,0.01020408163265306,0.01020408163265306,-0.008900580202450567,0.01020408163265306,-0.02577408521377933,0.01020408163265306,0.01020408163265306,0.01020408163265306,0.01020408163265306,0.0030936059625283905,0.01020408163265306,0.01020408163265306,-0.038401052315679064,-0.0724442646570205,0.01020408163265306,0.01020408163265306,-0.013300759121178696,0.01020408163265306,0.01020408163265306,0.01020408163265306,-0.10468622597523279,0.01020408163265306,-0.030825068978290487,0.01020408163265306,0.01020408163265306,0.006828527129614714,0.01020408163265306,0.01020408163265306,0.01020408163265306,0.01020408163265306,0.01020408163265306,0.01020408163265306,0.01020408163265306,0.05461321221586548,0.015531098503314952,0.01020408163265306,0.01020408163265306,0.01020408163265306,0.01020408163265306,0.01020408163265306,-0.046796150208813635,0.01020408163265306,0.01020408163265306,0.036931149828540455,0.01020408163265306,0.01020408163265306,0.01020408163265306,0.01020408163265306,0.01020408163265306,0.01020408163265306,-0.15708310818748947,0.01020408163265306,-0.04789953591644688,0.003989898827388179,0.01020408163265306,0.01020408163265306,0.01020408163265306,0.01020408163265306,0.01020408163265306,0.025425904161607435,0.01020408163265306,0.01020408163265306,0.006092735479093756,0.19760358179019885,0.01020408163265306,0.01020408163265306,0.01020408163265306,0.12215631815675047,0.05084665666433675,0.4026980850779145,0.01020408163265306,-0.010332275223773902
2026-05-14,0.01020408163265306,-0.0274238433643475,0.01020408163265306,-0.006547933646932647,-0.013225040335341753,0.01020408163265306,0.01020408163265306,0.011314683243367337,0.0595615750491196,0.052672287617408026,-0.02611784458885335,0.0004955113707984897,-0.016832902826857524,0.01020408163265306,-0.006442802113253343,-0.03403851482083739,0.01020408163265306,0.01020408163265306,0.01020408163265306,0.01020408163265306,0.01020408163265306,0.01020408163265306,0.01020408163265306,0.01020408163265306,0.01020408163265306,0.01020408163265306,0.01020408163265306,0.01020408163265306,0.01020408163265306,0.01020408163265306,-0.028710472695237167,0.01020408163265306,0.01020408163265306,0.01020408163265306,0.01020408163265306,-0.0034933026373280916,0.01020408163265306,0.01020408163265306,-0.03985696286337571,-0.04981734013024654,0.01020408163265306,0.01020408163265306,0.009380463730986199,0.01020408163265306,0.01020408163265306,0.01020408163265306,-0.1000565211835709,0.01020408163265306,-0.03304774614151879,0.01020408163265306,0.01020408163265306,-0.003216096441686647,0.01020408163265306,0.01020408163265306,0.01020408163265306,0.01020408163265306,0.01020408163265306,0.01020408163265306,0.01020408163265306,0.025467324237365835,0.01020408163265306,0.01020408163265306,0.01020408163265306,0.01020408163265306,0.01020408163265306,0.01020408163265306,-0.05134486769369539,0.01020408163265306,0.01020408163265306,0.03718218451090267,0.01020408163265306,0.01020408163265306,0.01020408163265306,0.01020408163265306,0.01020408163265306,0.01020408163265306,-0.11455484843297839,0.01020408163265306,-0.0417766370689908,0.006174941988921228,0.01020408163265306,0.01020408163265306,0.01020408163265306,0.01020408163265306,0.01020408163265306,0.01020408163265306,0.01020408163265306,0.01020408163265306,0.01020408163265306,0.17229022828651633,0.01020408163265306,0.01020408163265306,0.01020408163265306,0.12699927235880404,0.06763490964734968,0.3603325252688607,0.01020408163265306,-0.026879781345756373
2026-05-15,0.016021651745429133,-0.03359169711114116,0.019205466075982662,-0.010039130797718959,-0.024342309233076176,0.01020408163265306,0.026359724343688405,0.010383262213967388,0.08580272460954626,0.08315206723615663,-0.030200563891965543,-0.02446485602685007,-0.010828005228221456,0.01020408163265306,-0.0451958060106959,-0.036392042224764026,0.01020408163265306,0.01020408163265306,0.01020408163265306,0.01020408163265306,0.01020408163265306,0.01020408163265306,0.01020408163265306,0.01020408163265306,0.005288020877102966,0.01020408163265306,0.01020408163265306,0.01020408163265306,-0.039756561815935586,0.01020408163265306,-0.028435871907415915,0.01020408163265306,0.01020408163265306,0.01020408163265306,0.01020408163265306,0.01020408163265306,0.01020408163265306,0.01020408163265306,-0.02673538740238926,-0.06124717405204694,0.01020408163265306,0.01020408163265306,0.005073747685577475,0.01020408163265306,0.01020408163265306,0.01020408163265306,-0.11381279889556585,0.01020408163265306,-0.04354906240712596,0.013296200593575194,0.01020408163265306,0.01020408163265306,0.01020408163265306,-0.031003219746036974,0.01020408163265306,0.01020408163265306,0.01020408163265306,0.01020408163265306,0.01020408163265306,0.05858371899383309,0.019158027364928096,0.01020408163265306,0.01020408163265306,0.01020408163265306,0.01020408163265306,0.01020408163265306,-0.04597258469936195,0.01020408163265306,0.01020408163265306,0.034664831436617756,0.01020408163265306,0.01020408163265306,0.01020408163265306,0.0866445176666649,0.01020408163265306,0.01020408163265306,-0.1659679963417305,0.01020408163265306,-0.061720319586410236,0.00770114536113985,0.041634271475856514,0.01020408163265306,0.01020408163265306,0.01020408163265306,-0.019771330703038346,0.01020408163265306,0.01020408163265306,0.01020408163265306,-0.03434801482330188,0.1608563366199596,0.01020408163265306,0.01020408163265306,0.01020408163265306,0.13564833990083475,0.054198892464550875,0.44835198141664684,0.01020408163265306,-0.01648692987114321
2026-05-18,0.012349642077657158,-0.03345511548475044,0.01020408163265306,-0.005335810205985298,-0.020884670639291725,0.01020408163265306,0.01020408163265306,0.01020408163265306,0.06908187427879214,0.08822372011799828,-0.028432424397223238,-0.022913440272506358,-0.0097619558714099,0.01020408163265306,-0.04277940983047117,-0.014177111691675135,0.01020408163265306,0.01020408163265306,0.01020408163265306,0.01020408163265306,0.01020408163265306,0.01020408163265306,0.01020408163265306,0.01020408163265306,0.01020408163265306,0.01020408163265306,0.01020408163265306,0.01020408163265306,-0.024860062336128225,0.01020408163265306,-0.028496371049049146,0.01020408163265306,0.01020408163265306,0.01020408163265306,0.01020408163265306,0.01020408163265306,0.01020408163265306,0.01020408163265306,-0.04855819657893238,-0.05685389879614483,0.01020408163265306,0.01020408163265306,0.01020408163265306,0.01020408163265306,0.01020408163265306,0.01020408163265306,-0.11563885964574368,0.01020408163265306,-0.04023652086091583,0.01020408163265306,0.01020408163265306,0.007057248272885108,0.01020408163265306,-0.004034632203184948,0.01020408163265306,0.01020408163265306,0.01020408163265306,0.01020408163265306,0.01020408163265306,0.04012535178565513,0.015517601279741873,0.01020408163265306,0.01020408163265306,0.01020408163265306,0.01020408163265306,0.01020408163265306,-0.045230034588128014,0.01020408163265306,0.01020408163265306,0.03490997002547523,0.01020408163265306,0.01020408163265306,0.01020408163265306,0.01020408163265306,0.01020408163265306,0.01020408163265306,-0.1177997323951702,0.01020408163265306,-0.0569656086252721,0.0047650349148126315,0.01020408163265306,0.01020408163265306,0.01020408163265306,0.01020408163265306,0.01020408163265306,0.01020408163265306,0.01020408163265306,0.01020408163265306,-0.013193201982529186,0.18097793933273912,0.01020408163265306,0.01020408163265306,0.01020408163265306,0.13543874547890705,0.060865788947245404,0.4017991597519261,0.01020408163265306,0.005025593435574615
2026-05-19,0.015252924050901555,-0.031236641412877866,0.01020408163265306,-0.006593253941390114,-0.02058645354575405,0.01020408163265306,0.01020408163265306,0.01020408163265306,0.0710832626905008,0.0874095805140709,-0.02879922885020715,-0.015492881296406783,-0.010081617987423483,0.01020408163265306,-0.04351081350090397,-0.006423349343885236,0.01020408163265306,0.01020408163265306,0.01020408163265306,0.01020408163265306,0.01020408163265306,0.01020408163265306,0.01020408163265306,0.01020408163265306,0.008785678050215705,0.01020408163265306,0.01020408163265306,0.01020408163265306,-0.038180062241813036,0.01020408163265306,-0.03009182631854397,0.01020408163265306,0.01020408163265306,0.01020408163265306,0.01020408163265306,0.006144181068119102,0.01020408163265306,0.01020408163265306,-0.043973008442587135,-0.05490362902246343,0.01020408163265306,0.01020408163265306,0.01020408163265306,0.01020408163265306,0.01020408163265306,0.01020408163265306,-0.11762988087456923,0.01020408163265306,-0.042665663618693866,0.01020408163265306,0.01020408163265306,0.01020408163265306,0.01020408163265306,-0.001042230051678963,0.01020408163265306,0.01020408163265306,0.01020408163265306,0.01020408163265306,0.01020408163265306,0.036332291084704996,0.015550285252539767,0.01020408163265306,0.01020408163265306,0.01020408163265306,0.01020408163265306,0.01020408163265306,-0.06038074284294466,0.01020408163265306,0.01020408163265306,0.03406208290273842,0.01020408163265306,0.01020408163265306,0.01020408163265306,0.03143816451648213,0.01020408163265306,0.01020408163265306,-0.10967577381920299,0.01020408163265306,-0.05555124012640775,0.005700736551854757,0.01020408163265306,0.01020408163265306,0.01020408163265306,0.01020408163265306,-0.0023683444701837458,0.01020408163265306,0.01020408163265306,0.01020408163265306,-0.01178091088781069,0.16616261500904914,0.01020408163265306,0.01020408163265306,0.01020408163265306,0.1448986937376507,0.063907023453348,0.3923967886402763,0.01020408163265306,0.008986102216153135
2026-05-20,0.016671229906694916,-0.030674753185535288,0.01020408163265306,-0.006255586283443538,-0.020262890650122344,0.01020408163265306,0.01020408163265306,0.01020408163265306,0.07094346991445538,0.08551075479567105,-0.02976204443462542,-0.01539391776529764,-0.009966253728448572,0.01020408163265306,-0.04409192154290322,-0.003917831946910347,0.01020408163265306,0.01020408163265306,0.01020408163265306,0.01020408163265306,0.01020408163265306,0.01020408163265306,0.01020408163265306,0.01020408163265306,0.008165389464052614,0.01020408163265306,0.01020408163265306,0.01020408163265306,-0.037003781784950125,0.01020408163265306,-0.029322754876360393,0.01020408163265306,0.01020408163265306,0.01020408163265306,0.01020408163265306,0.003953498475878226,0.01020408163265306,0.01020408163265306,-0.04619468708791296,-0.05416417958472024,0.01020408163265306,0.01020408163265306,0.01020408163265306,0.01020408163265306,0.01020408163265306,0.01020408163265306,-0.11881994526113647,0.01020408163265306,-0.04130973646228234,0.01020408163265306,0.01020408163265306,0.01020408163265306,0.01020408163265306,-0.0009252764735154066,0.01020408163265306,0.01020408163265306,0.01020408163265306,0.01020408163265306,0.01020408163265306,0.036663106170480096,0.014911053210545751,0.01020408163265306,0.01020408163265306,0.01020408163265306,0.01020408163265306,0.01020408163265306,-0.06001537844457264,0.01020408163265306,0.01020408163265306,0.03432275704656503,0.01020408163265306,0.01020408163265306,0.01020408163265306,0.0286745723112614,0.01020408163265306,0.01020408163265306,-0.10993105540335724,0.01020408163265306,-0.05486118544461213,0.005804596775836716,0.01020408163265306,0.01020408163265306,0.01020408163265306,0.01020408163265306,-0.0034790570478861246,0.01020408163265306,0.01020408163265306,0.01020408163265306,-0.012612603074061786,0.1694006729494136,0.01020408163265306,0.01020408163265306,0.01020408163265306,0.1455561421194286,0.06539394224445996,0.3882167933815495,0.01020408163265306,0.011919718859218486
2026-05-21,0.023088415151113748,-0.03202551319121391,0.01020408163265306,-0.003938001682226935,-0.02194876878162464,0.01020408163265306,0.01020408163265306,0.011702688842137338,0.06617266450984947,0.08254558921257352,-0.028713849101765394,-0.011284120407709047,-0.013088122043676499,0.01020408163265306,-0.04050976218126121,-0.004172133588236329,0.01020408163265306,0.01020408163265306,0.01020408163265306,0.01020408163265306,0.01020408163265306,0.01020408163265306,0.01020408163265306,0.01020408163265306,0.0026166672922513703,0.01020408163265306,0.01020408163265306,0.01020408163265306,-0.03038973709070912,0.01020408163265306,-0.030215488694008974,0.01020408163265306,0.01020408163265306,0.01020408163265306,0.01020408163265306,-0.00481371252814417,0.01020408163265306,0.01020408163265306,-0.04859643570159825,-0.05502083626733263,0.01020408163265306,0.01020408163265306,0.01020408163265306,0.01020408163265306,0.01020408163265306,0.01020408163265306,-0.11331123003850868,0.01020408163265306,-0.03729283505465657,0.01020408163265306,0.01020408163265306,0.01020408163265306,0.01020408163265306,0.0015220829171103348,0.01020408163265306,0.01020408163265306,0.01020408163265306,0.01020408163265306,0.01020408163265306,0.03925043520450742,0.014858165951939659,0.01020408163265306,0.01020408163265306,0.01020408163265306,0.01020408163265306,0.01020408163265306,-0.05511325126186997,0.01020408163265306,0.01020408163265306,0.035891502185528334,0.01020408163265306,0.01020408163265306,0.01020408163265306,0.023788470510424924,0.01020408163265306,0.01020408163265306,-0.10487707049764246,0.01020408163265306,-0.05528088634187232,0.007928487560802583,0.01020408163265306,0.01020408163265306,0.01020408163265306,0.01020408163265306,-0.007385598547948477,0.01020408163265306,0.01020408163265306,0.01020408163265306,-0.010387519176062019,0.17121196421960697,0.01020408163265306,0.01020408163265306,0.01020408163265306,0.1408007529587864,0.06002658939843748,0.39493984520273334,0.01020408163265306,-0.0006325101642250652
2026-05-22,0.02391283804629791,-0.026208719824016707,0.01020408163265306,-0.004581133161827365,-0.027768143725539117,0.01020408163265306,0.021469136047252715,0.014504038713105266,0.07718664674000547,0.06709658578965413,-0.029822885903176312,-0.013142342316731987,-0.015789983410923615,0.01020408163265306,-0.04678601189517876,-0.008899401245850364,0.01020408163265306,0.01020408163265306,0.01020408163265306,0.01020408163265306,0.01020408163265306,0.01020408163265306,0.01020408163265306,0.01020408163265306,-0.017500724220314894,0.01020408163265306,0.01020408163265306,0.01020408163265306,-0.03480159769277906,0.01020408163265306,-0.027266629735680142,0.01020408163265306,0.01020408163265306,0.01020408163265306,0.01020408163265306,0.01020408163265306,0.01020408163265306,0.01020408163265306,-0.03990143861309376,-0.05712907318473352,0.01020408163265306,0.01020408163265306,0.01020408163265306,0.01020408163265306,0.01020408163265306,0.01020408163265306,-0.11004287466131578,-0.02149437446618809,-0.03136612374081974,0.01020408163265306,0.01020408163265306,0.01020408163265306,0.01020408163265306,-0.035528603234796535,0.01020408163265306,0.01020408163265306,0.01020408163265306,0.01020408163265306,0.01020408163265306,0.06080485744218126,0.012912222803839782,0.01020408163265306,0.01020408163265306,0.01020408163265306,0.01020408163265306,0.007103283771478601,-0.0704088162946014,0.006747469188258824,0.01020408163265306,0.03752127625559005,0.01020408163265306,0.01020408163265306,0.01020408163265306,0.10641000681010684,0.01020408163265306,0.01020408163265306,-0.13257038250977565,0.01020408163265306,-0.06342009218309423,0.008383117419723658,0.04173877128720154,0.01020408163265306,0.01020408163265306,0.01020408163265306,-0.03919179279624808,0.01020408163265306,0.01020408163265306,0.01020408163265306,-0.0396800851117188,0.17052617458779076,0.01020408163265306,0.01020408163265306,0.01020408163265306,0.14721467094672946,0.05424843809808261,0.44079743389259723,0.01020408163265306,0.0028875273946300396
2026-05-26,0.019730708117436796,-0.0364781987524941,0.01020408163265306,-0.005026369796099585,-0.023861094015010277,0.01020408163265306,0.02182061456010441,0.01894470207473964,0.07346437392824667,0.07442326633129603,-0.024746380234457327,-0.003262934374476072,-0.013530656187036126,0.01020408163265306,-0.04971365749770371,-0.008467004995337578,0.01020408163265306,0.01020408163265306,0.01020408163265306,0.01020408163265306,0.01020408163265306,0.01020408163265306,0.01020408163265306,0.01020408163265306,-0.02637818797393931,0.01020408163265306,0.01020408163265306,0.01020408163265306,-0.044884174974332704,0.01020408163265306,-0.02780898242377257,0.01020408163265306,0.01020408163265306,0.017068341609879956,0.01020408163265306,-0.0053417395612154975,0.01020408163265306,0.01020408163265306,0.01020408163265306,-0.05795334191711245,0.01020408163265306,0.01020408163265306,0.01020408163265306,0.01020408163265306,0.01020408163265306,0.01020408163265306,-0.08810983599964546,-0.021296262410002577,-0.02835586055093913,0.01020408163265306,0.01020408163265306,0.01020408163265306,0.01020408163265306,-0.038109769485478326,0.01020408163265306,0.01020408163265306,0.01020408163265306,0.01020408163265306,0.01020408163265306,0.04768053422341285,0.022201996902930607,0.01020408163265306,0.01020408163265306,0.01020408163265306,0.01020408163265306,-0.045577730628359917,-0.09033375002026484,-0.005736235545272613,0.01020408163265306,0.04540412878640023,0.01020408163265306,0.01020408163265306,0.01020408163265306,0.10030221021294654,0.01020408163265306,0.01020408163265306,-0.11054774142725511,0.01020408163265306,-0.05880010383701832,0.01020408163265306,0.01020408163265306,0.027296185596189952,0.01020408163265306,0.01020408163265306,-0.03067965867502169,0.01020408163265306,0.01020408163265306,0.01020408163265306,-0.04103813785776985,0.15478308765817084,0.01020408163265306,0.01020408163265306,0.01020408163265306,0.16012201498976356,0.06013556777243605,0.4197261223565502,0.01020408163265306,0.03109721932563335
2026-05-27,0.023316700618147425,-0.037115892904943874,0.01020408163265306,0.00024322250865563624,-0.01809236270674522,0.01020408163265306,0.015338766971674293,0.018539607685437054,0.07074988484307282,0.06893168481153605,-0.024762073949325038,-0.004867103297366298,-0.01182538635213187,0.01020408163265306,-0.054720439892499764,0.007068716476171941,0.01020408163265306,0.01020408163265306,0.01020408163265306,0.01020408163265306,0.01020408163265306,-0.00271642653421535,0.01020408163265306,0.01020408163265306,-0.05899038893224946,0.01020408163265306,0.01020408163265306,0.01020408163265306,-0.0010006298125346362,0.01020408163265306,-0.02704369208797224,0.01020408163265306,0.01020408163265306,0.01020408163265306,-0.006607128193906469,0.01020408163265306,0.01020408163265306,0.01020408163265306,0.01020408163265306,-0.049272665404649835,0.01020408163265306,0.01020408163265306,0.01020408163265306,0.01020408163265306,0.01020408163265306,0.01020408163265306,-0.08721607466354989,-0.04144965324206107,-0.027719784256652835,0.01020408163265306,0.01020408163265306,0.01020408163265306,0.01020408163265306,0.0066631950740805145,0.01020408163265306,0.01020408163265306,0.01020408163265306,0.01020408163265306,0.01020408163265306,0.041200112468375426,0.02972350645297958,0.01020408163265306,0.01020408163265306,0.01020408163265306,0.01020408163265306,-0.0457688084727661,-0.09666298570771645,0.01020408163265306,0.01020408163265306,0.04777868777883646,0.01020408163265306,0.01020408163265306,0.01020408163265306,0.09018944989520096,0.01020408163265306,0.01020408163265306,-0.1473240205271004,0.01020408163265306,-0.05707110915026389,0.01020408163265306,0.01020408163265306,0.01020408163265306,0.01020408163265306,0.01020408163265306,-0.03184422584627687,0.01020408163265306,0.01020408163265306,0.01020408163265306,-0.04396609201080282,0.17388987475730666,0.01020408163265306,0.01020408163265306,0.01020408163265306,0.1389298495716793,0.08427895556526521,0.41819072640133076,0.01020408163265306,0.028759104106796704
2026-05-28,0.025104785594590576,-0.03872883705043705,0.01020408163265306,-0.0028272101895206094,-0.020439669311885955,0.01020408163265306,0.01020408163265306,0.028834673569327958,0.06117892668043113,0.061922401088377564,-0.02131745972609836,0.0063123101728420694,-0.012458316869419712,0.01020408163265306,-0.0326109019255272,0.01020408163265306,0.01020408163265306,0.01020408163265306,0.01020408163265306,0.01020408163265306,0.01020408163265306,0.0003778562085301161,0.01020408163265306,0.01020408163265306,-0.019620012270598328,0.01020408163265306,0.01020408163265306,0.01020408163265306,-0.010229174160390321,0.01020408163265306,-0.026909307815899876,0.01020408163265306,0.01020408163265306,0.01020408163265306,-0.01706808777454267,-0.01100454050890246,0.01020408163265306,0.01020408163265306,0.01020408163265306,-0.044096485253380266,0.01020408163265306,0.01020408163265306,0.01020408163265306,0.01020408163265306,0.01020408163265306,0.01020408163265306,-0.09561141590673879,-0.0031050837828545414,-0.03407146737267731,0.01020408163265306,0.01020408163265306,0.01020408163265306,0.01020408163265306,0.01020408163265306,0.01020408163265306,0.01020408163265306,0.01020408163265306,0.01020408163265306,0.01020408163265306,0.018969615782099686,0.027916603394043768,0.01020408163265306,0.01020408163265306,0.01020408163265306,0.01020408163265306,-0.030633681644806496,-0.07840575132401166,0.01020408163265306,0.01020408163265306,0.048645450971143374,0.01020408163265306,0.01020408163265306,0.01020408163265306,0.03184383832998664,0.01020408163265306,0.01020408163265306,-0.10014031614546416,0.01020408163265306,-0.04855219957006944,0.01020408163265306,0.01020408163265306,0.01020408163265306,0.01020408163265306,0.01020408163265306,-0.0046502061468751705,0.01020408163265306,0.01020408163265306,0.01020408163265306,-0.012162733824426045,0.1327781046678804,0.01020408163265306,0.01020408163265306,0.01020408163265306,0.13907971175332323,0.08369046960492545,0.35047501595660174,0.01020408163265306,0.014860033575932895
2026-05-29,0.023144628367527505,-0.03989694009058902,0.01020408163265306,-0.002891895021109229,-0.018796746915581405,0.01020408163265306,0.01020408163265306,0.027997479180844095,0.06001825797121695,0.06448413218885084,-0.018797996982428886,0.007289034134931123,-0.011869042318384449,0.01020408163265306,-0.03691469211937991,0.01020408163265306,0.01020408163265306,0.01020408163265306,0.01020408163265306,0.01020408163265306,0.01020408163265306,0.0002548046424563268,0.01020408163265306,0.01020408163265306,-0.026244799938267532,0.01020408163265306,0.01020408163265306,0.01020408163265306,-0.003697803509718982,0.01020408163265306,-0.029312757726914725,0.01020408163265306,0.01020408163265306,0.01020408163265306,-0.018347736383375543,-0.015038055953418358,0.01020408163265306,0.01020408163265306,0.01020408163265306,-0.04208406565912568,0.01020408163265306,0.01020408163265306,0.01020408163265306,0.01020408163265306,0.01020408163265306,0.01020408163265306,-0.09483897431051017,-0.013998565509705787,-0.028727683055467253,0.01020408163265306,0.01020408163265306,0.01020408163265306,0.01020408163265306,0.01020408163265306,0.01020408163265306,0.01020408163265306,0.01020408163265306,0.01020408163265306,0.01020408163265306,0.018133833486973568,0.029143040260811034,0.01020408163265306,0.01020408163265306,0.01020408163265306,0.01020408163265306,-0.032860048750496494,-0.06572895058259189,0.01020408163265306,0.01020408163265306,0.0481770992394079,0.01020408163265306,0.01020408163265306,0.01020408163265306,0.021737983284394295,0.01020408163265306,0.01020408163265306,-0.101126237221513,0.01020408163265306,-0.04956929095166513,0.01007435172733244,0.01020408163265306,0.01020408163265306,0.01020408163265306,0.01020408163265306,0.00020415433067705498,0.01020408163265306,0.01020408163265306,0.01020408163265306,-0.009115393634622966,0.14134788899050507,0.01020408163265306,0.01020408163265306,0.01020408163265306,0.13761826942000216,0.08105074982028106,0.3525383694243297,0.01020408163265306,0.014194620572488536
2026-06-01,0.026345443188727412,-0.032216666868528705,0.01020408163265306,-0.005895686472696298,-0.02139930892040951,0.01020408163265306,0.017331529596939215,0.027738861522720502,0.06788944108499848,0.061865785821974176,-0.023349127375381598,0.0007424710765206871,-0.016613274238456745,0.01020408163265306,-0.03804940552615757,0.0032244901687992055,0.01020408163265306,0.01020408163265306,0.01020408163265306,0.01020408163265306,0.01020408163265306,-0.0030083773099009153,0.01020408163265306,0.01020408163265306,-0.06909511457326617,0.01020408163265306,0.01020408163265306,0.01020408163265306,0.01020408163265306,0.01020408163265306,-0.027410298326369126,0.01020408163265306,0.01020408163265306,0.01020408163265306,0.005285430992579084,-0.009013694325783835,0.01020408163265306,0.01020408163265306,0.01020408163265306,-0.02882544495369816,0.01020408163265306,0.01020408163265306,0.01020408163265306,0.01020408163265306,0.01020408163265306,0.01020408163265306,-0.09545961611146993,-0.08051146714800553,-0.006157924623993399,0.01020408163265306,0.01020408163265306,0.01020408163265306,0.01020408163265306,0.003849268750203457,0.01020408163265306,0.01020408163265306,0.01020408163265306,0.01020408163265306,0.01020408163265306,0.033054946779498086,0.04219373680839749,0.01020408163265306,0.01020408163265306,0.01020408163265306,0.01020408163265306,-0.05235357535139082,-0.08548974731013458,0.01020408163265306,0.01020408163265306,0.0455262959545804,0.01020408163265306,0.01020408163265306,0.01020408163265306,0.11112457020041164,0.01020408163265306,0.01020408163265306,-0.11197797734191707,0.01020408163265306,-0.05875574857313233,0.009192438171862929,0.01020408163265306,0.01020408163265306,0.01020408163265306,0.01020408163265306,-0.03631603406064547,0.01020408163265306,0.01020408163265306,0.01020408163265306,-0.03031197937594629,0.15309711856424613,0.01020408163265306,0.01020408163265306,0.01020408163265306,0.14129163561802943,0.06609955915960551,0.41549196526407345,0.01020408163265306,-0.0011753362634138297
2026-06-02,0.03011510713460612,-0.03435833143421125,0.01020408163265306,-0.005720612557755496,-0.02047891176014812,0.01020408163265306,0.01020408163265306,0.028988411825112782,0.0580106584041445,0.060482450601011546,-0.020972930162727,0.01020408163265306,-0.012469471102058155,0.01020408163265306,-0.02716124515220207,0.009764077201665292,0.01020408163265306,0.01020408163265306,0.01020408163265306,0.01020408163265306,0.01020408163265306,-0.005363288348761923,0.01020408163265306,0.01020408163265306,-0.047089968398270635,0.01020408163265306,0.01020408163265306,0.01020408163265306,0.007192616072736377,0.01020408163265306,-0.024769300817046105,0.01020408163265306,0.01020408163265306,0.01020408163265306,-0.01520058705538621,-0.0210501110227349,0.01020408163265306,0.01020408163265306,0.01020408163265306,-0.03487022708812115,0.01020408163265306,0.01020408163265306,0.01020408163265306,0.01020408163265306,0.01020408163265306,0.01020408163265306,-0.09438729802854444,-0.024618426849484183,-0.01788987677834457,0.01020408163265306,0.01020408163265306,0.01020408163265306,0.01020408163265306,0.01020408163265306,0.01020408163265306,0.01020408163265306,0.01020408163265306,0.01020408163265306,0.01020408163265306,0.011610333858902453,0.029048763566526248,0.01020408163265306,0.01020408163265306,0.01020408163265306,0.01020408163265306,-0.0325562261722897,-0.0761742653834581,0.01020408163265306,0.01020408163265306,0.04567149443789784,0.01020408163265306,0.01020408163265306,0.01020408163265306,0.04006975355754389,0.01020408163265306,0.01020408163265306,-0.07500919204325045,0.01020408163265306,-0.050159494607405826,0.00977754975433651,0.01020408163265306,0.01020408163265306,0.01020408163265306,0.01020408163265306,-0.0030978494160993474,0.01020408163265306,0.01020408163265306,0.01020408163265306,-0.013218920556846323,0.13063147862662694,0.01020408163265306,0.01020408163265306,0.01020408163265306,0.14022070264035397,0.07137253469223828,0.35654687442588834,0.01020408163265306,0.004664748343717927
2026-06-03,0.031723439228256524,-0.01835939730463007,0.01020408163265306,-0.0022666670922647392,-0.02478913369507027,0.01020408163265306,0.01020408163265306,0.019836019349060083,0.053291066400233865,0.060191387844229956,-0.02341611607705167,0.006297963810931381,-0.020195863853717202,0.01020408163265306,-0.015246425460218873,-0.0014023400855506848,0.01020408163265306,0.01020408163265306,0.01020408163265306,0.01020408163265306,0.01020408163265306,-0.01052762643175559,0.01020408163265306,0.01020408163265306,-0.05687109336323626,0.01020408163265306,0.01020408163265306,0.01020408163265306,0.01020408163265306,0.01020408163265306,-0.02977751102666317,0.01020408163265306,0.01020408163265306,0.01020408163265306,0.01020408163265306,-0.032068231315259356,0.01020408163265306,0.01020408163265306,0.01020408163265306,-0.04079425212884632,0.01020408163265306,0.01020408163265306,0.01020408163265306,0.01020408163265306,0.01020408163265306,0.01020408163265306,-0.09257186315356267,-0.013376694708300994,-0.02550795547523902,0.01020408163265306,0.01020408163265306,0.01020408163265306,0.01020408163265306,0.01020408163265306,0.01020408163265306,0.01020408163265306,0.01020408163265306,0.01020408163265306,0.01020408163265306,0.012406198597890408,0.020817468981616762,0.01020408163265306,0.01020408163265306,0.01020408163265306,0.01020408163265306,-0.018703531309583826,-0.0763028890149571,0.01020408163265306,0.01020408163265306,0.0488004953842337,0.01020408163265306,0.01020408163265306,0.01020408163265306,0.03762796889539563,0.01020408163265306,0.01020408163265306,-0.06934519064464911,0.01020408163265306,-0.0535724903994932,0.0045119176518571245,0.01020408163265306,0.01020408163265306,0.01020408163265306,0.01020408163265306,-0.01250601972282916,0.01020408163265306,0.01020408163265306,0.01020408163265306,-0.002116748992054305,0.14622246827609658,0.01020408163265306,0.01020408163265306,0.01020408163265306,0.12961713080987347,0.06863300065084495,0.37881181259713625,0.01020408163265306,-0.011723358447213074
2026-06-04,0.04083617547076829,-0.024414479171793818,0.01020408163265306,-0.004140647783307276,-0.018641293735843327,0.01020408163265306,0.01020408163265306,0.02132555612723256,0.06184578028142394,0.06769606258402655,-0.02485765500263517,0.005379905777052642,-0.02549796626326175,0.01020408163265306,-0.02597824323264391,0.004149152669981389,0.01020408163265306,0.01020408163265306,0.01020408163265306,0.01020408163265306,0.01020408163265306,-0.002153672035130746,0.01020408163265306,0.01020408163265306,-0.027858745859216383,0.0008692011933667462,0.01020408163265306,0.01020408163265306,-0.020794165748174026,0.01020408163265306,-0.028315281907083954,0.01020408163265306,0.01020408163265306,0.01020408163265306,0.01020408163265306,-0.023042528694950444,0.01020408163265306,0.01020408163265306,-0.0004221939570791134,-0.03270868678894513,0.01020408163265306,0.01020408163265306,0.01020408163265306,0.01020408163265306,0.01020408163265306,0.01020408163265306,-0.09292513729533179,0.01020408163265306,-0.04365361038691298,0.01020408163265306,0.01020408163265306,0.01020408163265306,0.01020408163265306,0.01020408163265306,0.01020408163265306,0.01020408163265306,0.01020408163265306,0.01020408163265306,0.01020408163265306,0.01020408163265306,0.01266136450714423,0.01020408163265306,0.01020408163265306,0.01020408163265306,0.01020408163265306,-0.02308382330556804,-0.07371478347842354,0.007462750508730966,0.01020408163265306,0.04944774619678539,0.01020408163265306,0.01020408163265306,0.01020408163265306,0.016217759949220846,0.01020408163265306,0.01020408163265306,-0.05355394633015699,0.01020408163265306,-0.05337767186549426,-0.01021312302319922,0.01020408163265306,0.01020408163265306,0.01020408163265306,0.01020408163265306,0.01013618391805063,0.01020408163265306,0.01020408163265306,0.01020408163265306,0.01020408163265306,0.1171095754205074,0.01020408163265306,0.01020408163265306,0.01020408163265306,0.14502770690757946,0.06629743331529625,0.3550529537859779,0.01020408163265306,0.005383367660169879
2026-06-05,0.04186634939617765,-0.02199973320142666,0.01020408163265306,-0.00395529994720447,-0.01942164328626938,0.01020408163265306,0.01020408163265306,0.023842017361330594,0.061719277097891004,0.06822907451942917,-0.026693827760182184,0.01020408163265306,-0.02402388103511021,0.01020408163265306,-0.024389617232384385,-0.0026711144862947046,0.01020408163265306,0.01020408163265306,0.01020408163265306,0.01020408163265306,0.01020408163265306,-0.0005964837326807044,0.01020408163265306,0.01020408163265306,-0.037330893294794505,0.0022077253992278736,0.01020408163265306,0.01020408163265306,-0.024077727765527523,0.01020408163265306,-0.026472482700969614,0.01020408163265306,0.01020408163265306,0.01020408163265306,0.01020408163265306,-0.022739079600112344,0.01020408163265306,0.01020408163265306,-0.016870419087279258,-0.03259999870625356,0.01020408163265306,0.01020408163265306,0.01020408163265306,0.01020408163265306,0.01020408163265306,0.01020408163265306,-0.10043372734879183,0.01020408163265306,-0.03464839368640757,0.01020408163265306,0.01020408163265306,0.01020408163265306,0.01020408163265306,0.01020408163265306,0.01020408163265306,0.01020408163265306,0.01020408163265306,0.01020408163265306,0.01020408163265306,0.01020408163265306,0.01374239070018207,0.01020408163265306,0.01020408163265306,0.01020408163265306,0.01020408163265306,-0.016786352542845363,-0.06484156282190986,0.008444309765863418,0.01020408163265306,0.051833619129781544,0.01020408163265306,0.01020408163265306,0.01020408163265306,0.01020408163265306,0.01020408163265306,0.01020408163265306,-0.051035951698274795,0.01020408163265306,-0.05390383158647173,-0.01015207347444434,0.01020408163265306,0.01020408163265306,0.01020408163265306,0.01020408163265306,0.01020408163265306,0.01020408163265306,0.01020408163265306,0.01020408163265306,0.01020408163265306,0.10818212537833136,0.01020408163265306,0.01020408163265306,0.01020408163265306,0.14255176740824416,0.06892795444896042,0.3515911506761885,0.01020408163265306,0.01944510922423119
2026-06-08,0.03797881945918558,-0.01705371636352772,0.01020408163265306,-0.00831752249806121,-0.020884129165743767,0.01020408163265306,0.01772815572479025,0.015602535422532912,0.073106502697159,0.06875391215560939,-0.029062031444084944,0.005828889837505386,0.01020408163265306,0.01020408163265306,-0.04175433037307496,-0.022939862868856027,0.01020408163265306,0.01020408163265306,0.01020408163265306,0.01020408163265306,0.01020408163265306,6.469289327303354e-05,0.01020408163265306,0.01020408163265306,-0.06585440330592184,0.0005931328412660183,0.01020408163265306,0.01020408163265306,-0.020336591764451212,0.01020408163265306,-0.027888046682689738,0.01020408163265306,0.01020408163265306,0.01020408163265306,0.01020408163265306,-0.012634264919948146,0.01020408163265306,0.01020408163265306,-0.011014161527685853,-0.038432693755850476,0.01020408163265306,0.01020408163265306,0.01020408163265306,0.01020408163265306,0.01020408163265306,0.01020408163265306,-0.10528308155061358,-0.02935619504637413,-0.02186214676115141,0.01020408163265306,0.01020408163265306,0.01020408163265306,0.01020408163265306,-0.0226787939313675,0.01020408163265306,0.01020408163265306,0.01020408163265306,0.01020408163265306,0.01020408163265306,0.032597549249462586,0.024672107728592057,0.01020408163265306,0.01020408163265306,0.01020408163265306,0.01020408163265306,-0.027109333955735386,-0.057413764269004755,0.006136883433441932,0.01020408163265306,0.05445314656148738,0.01020408163265306,0.01020408163265306,0.01020408163265306,0.07854457082868409,0.01020408163265306,0.01020408163265306,-0.10692782140056475,0.01020408163265306,-0.05915843658620558,-0.0072580358833008295,0.01020408163265306,0.01020408163265306,0.01020408163265306,0.01020408163265306,-0.0008643791031906125,0.01020408163265306,0.01020408163265306,0.01020408163265306,-0.01224191097706522,0.1263062484968343,0.01020408163265306,0.01020408163265306,0.01020408163265306,0.1391734680653585,0.06326613101707866,0.40426477082051426,0.01020408163265306,0.03562148384046969
2026-06-09,0.038272778111328294,-0.023525103916240034,0.01020408163265306,0.008073148949993354,-0.025191448596062052,0.01020408163265306,0.01020408163265306,0.01718230363347205,0.0596389649724072,0.06480652821510156,-0.026242716247376334,0.01020408163265306,0.01020408163265306,0.01020408163265306,-0.029487866840869507,-0.009705123881628417,0.01020408163265306,0.01020408163265306,0.01020408163265306,0.01020408163265306,0.01020408163265306,-0.004511768127705434,0.01020408163265306,0.01020408163265306,-0.04164990303618994,0.008037111919063748,0.01020408163265306,0.01020408163265306,-0.029819498436138257,0.01020408163265306,-0.030134298641212094,0.01020408163265306,0.01020408163265306,0.01020408163265306,0.01020408163265306,-0.04018425489720053,0.01020408163265306,0.01020408163265306,-0.01219483880974778,-0.05011807823487776,0.01020408163265306,0.01020408163265306,0.01020408163265306,0.01020408163265306,0.01020408163265306,0.01020408163265306,-0.11344442230705916,0.01020408163265306,-0.02631800607897143,0.01020408163265306,0.01020408163265306,0.01020408163265306,0.01020408163265306,0.004197590254866042,0.01020408163265306,0.01020408163265306,0.01020408163265306,0.01020408163265306,0.01020408163265306,0.012619080218739798,0.013125804223148517,0.01020408163265306,0.01020408163265306,0.01020408163265306,0.01020408163265306,-0.005926199502455877,-0.034310332250152446,0.00851556951384028,0.01020408163265306,0.05181174931523554,0.01020408163265306,0.01020408163265306,0.01020408163265306,0.01020408163265306,0.01020408163265306,0.01020408163265306,-0.07146772546869963,0.01020408163265306,-0.05056401413576252,-0.010631211478021133,0.01020408163265306,0.01020408163265306,0.01020408163265306,0.01020408163265306,0.01020408163265306,0.01020408163265306,0.01020408163265306,0.01020408163265306,0.01020408163265306,0.11415849304334932,0.01020408163265306,0.01020408163265306,0.01020408163265306,0.13858698904578637,0.07154196318230147,0.36048322155243057,0.01020408163265306,0.021518371878163287
2026-06-10,0.041062651657820075,-0.019071177053338682,0.01020408163265306,0.007894851837481648,-0.02372308560162366,0.01020408163265306,0.01020408163265306,0.017796762656321543,0.045202419690110386,0.04963116647826967,-0.02573267676315047,0.01020408163265306,0.01020408163265306,0.01020408163265306,-0.00530045684547141,0.0022691332379803225,0.01020408163265306,0.01020408163265306,0.01020408163265306,0.01020408163265306,0.01020408163265306,0.0011368069033548464,0.01020408163265306,0.01020408163265306,-0.03567005545459729,0.005043179824677036,0.01020408163265306,0.01020408163265306,-0.005909010256450973,0.01020408163265306,-0.03064156079789447,0.01020408163265306,0.01020408163265306,0.01020408163265306,0.01020408163265306,-0.03265576285565303,0.01020408163265306,0.01020408163265306,-0.006610142242072641,-0.04232886192823111,0.01020408163265306,0.01020408163265306,0.01020408163265306,0.01020408163265306,0.01020408163265306,0.01020408163265306,-0.123176361611978,0.01020408163265306,-0.02849918743971607,0.01020408163265306,0.01020408163265306,0.004489738124130103,0.01020408163265306,0.01020408163265306,0.01020408163265306,0.01020408163265306,0.01020408163265306,0.01020408163265306,0.01020408163265306,0.01020408163265306,0.01020408163265306,0.01020408163265306,0.01020408163265306,0.01020408163265306,0.01020408163265306,0.01020408163265306,-0.03802430957707465,0.006365382107562375,0.01020408163265306,0.04882699027060189,0.01020408163265306,0.01020408163265306,0.01020408163265306,0.01020408163265306,0.01020408163265306,0.01020408163265306,-0.03843300845797893,0.01020408163265306,-0.04228565514644443,-0.01078595721653878,0.01020408163265306,0.01020408163265306,0.01020408163265306,0.01020408163265306,0.01020408163265306,0.01020408163265306,0.01020408163265306,0.01020408163265306,0.01020408163265306,0.08722104768846964,0.01020408163265306,0.01020408163265306,0.01020408163265306,0.14386784722383064,0.0749956512437425,0.30571075000530495,0.01020408163265306,-0.00613649745654511
2026-06-11,0.03588109026749892,-0.020583559659583105,0.01020408163265306,0.007895412179724719,-0.02242962689681638,0.01020408163265306,0.01020408163265306,0.017000300568577445,0.052605532926399974,0.0698230921196664,-0.027704852286668823,0.01020408163265306,0.006916993434801512,0.01020408163265306,-0.04203742107686014,-0.006217857910826593,0.01020408163265306,0.01020408163265306,0.01020408163265306,0.01020408163265306,0.01020408163265306,-0.004163510519352508,0.003960041061967362,0.01020408163265306,-0.04591221899240716,0.01020408163265306,0.01020408163265306,0.01020408163265306,-0.01354593756500926,0.01020408163265306,-0.03460769828220749,0.01020408163265306,0.01020408163265306,0.01020408163265306,0.01020408163265306,-0.020666241382644043,0.01020408163265306,0.01020408163265306,-0.002471945666997339,-0.042314846386665904,0.01020408163265306,0.01020408163265306,0.01020408163265306,0.01020408163265306,0.01020408163265306,0.01020408163265306,-0.10045959884385074,0.01020408163265306,-0.019959096978783515,0.01020408163265306,0.01020408163265306,0.01020408163265306,0.01020408163265306,0.0017372420596494624,0.01020408163265306,0.01020408163265306,0.01020408163265306,0.01020408163265306,0.01020408163265306,0.01020408163265306,0.024387069006968125,0.01020408163265306,0.01020408163265306,0.01020408163265306,0.01020408163265306,-0.03128511531582295,-0.072983123582672,0.01020408163265306,0.01020408163265306,0.051419506834066035,0.01020408163265306,0.01020408163265306,0.01020408163265306,0.01020408163265306,0.01020408163265306,0.01020408163265306,-0.0651515617518088,0.01020408163265306,-0.05293846766489832,-0.01188655599451371,0.01020408163265306,0.01020408163265306,0.01020408163265306,0.01020408163265306,0.01020408163265306,0.01020408163265306,0.01020408163265306,0.01020408163265306,0.008035153585422304,0.11432742317992281,0.01020408163265306,0.01020408163265306,0.01020408163265306,0.14331511362462768,0.0629741227099321,0.38498477822824,0.01020408163265306,0.009199222113781146
2026-06-12,0.036416979363732976,-0.020407889284312364,0.01020408163265306,0.007893686709664203,-0.022524481523701165,0.01020408163265306,0.01020408163265306,0.01625380826388474,0.053438078785788413,0.06949842129060979,-0.027475171494151997,0.01020408163265306,0.006956148999651659,0.01020408163265306,-0.04218468198728592,-0.0049335717480017815,0.01020408163265306,0.01020408163265306,0.01020408163265306,0.01020408163265306,0.01020408163265306,-0.0041508654348467525,0.0024920840051073437,0.01020408163265306,-0.04515711273553622,0.01020408163265306,0.01020408163265306,0.01020408163265306,-0.014434310572754355,0.01020408163265306,-0.03419694831465499,0.01020408163265306,0.01020408163265306,0.01020408163265306,0.01020408163265306,-0.023764331538198707,0.01020408163265306,0.01020408163265306,-0.00046165282657107884,-0.045260314072255434,0.01020408163265306,0.01020408163265306,0.01020408163265306,0.01020408163265306,0.01020408163265306,0.01020408163265306,-0.10195988445223535,0.01020408163265306,-0.019053831981257874,0.01020408163265306,0.01020408163265306,0.01020408163265306,0.01020408163265306,0.0025811599998744163,0.01020408163265306,0.01020408163265306,0.01020408163265306,0.01020408163265306,0.01020408163265306,0.01020408163265306,0.023246643657487416,0.01020408163265306,0.01020408163265306,0.01020408163265306,0.01020408163265306,-0.03242595114078773,-0.07173576235559712,0.01020408163265306,0.01020408163265306,0.05190975121926159,0.01020408163265306,0.01020408163265306,0.01020408163265306,0.01020408163265306,0.01020408163265306,0.01020408163265306,-0.0637276211660404,0.01020408163265306,-0.053323791152399116,-0.01264195989920197,0.01020408163265306,0.01020408163265306,0.01020408163265306,0.01020408163265306,0.01020408163265306,0.01020408163265306,0.01020408163265306,0.01020408163265306,0.009947135001170896,0.115104298133485,0.01020408163265306,0.01020408163265306,0.01020408163265306,0.1430893909112374,0.06321604761505648,0.385210999554478,0.01020408163265306,0.009708357312157011
2026-06-15,0.03810284025280997,-0.02174225558256035,0.01020408163265306,0.006706305808587675,-0.027783831787470577,0.01020408163265306,0.01020408163265306,0.016731545096684137,0.07211164775492118,0.09536660694307011,-0.034705840934002474,-0.005544085523268806,0.01020408163265306,0.01020408163265306,-0.05304015257502068,-0.008277971672551255,0.01020408163265306,0.01020408163265306,0.01020408163265306,0.01020408163265306,0.01020408163265306,0.01020408163265306,-0.009924373724433772,0.01020408163265306,-0.06714829485224033,0.006293363163867609,0.01020408163265306,0.01020408163265306,-0.033663300075897476,0.01020408163265306,-0.03141763966822859,0.01020408163265306,0.01020408163265306,0.01020408163265306,0.01020408163265306,0.008841396572187679,0.01020408163265306,0.01020408163265306,-0.04862563969321459,-0.02164996080727108,0.01020408163265306,0.01020408163265306,0.01020408163265306,0.01020408163265306,0.01020408163265306,0.01020408163265306,-0.10710053083822951,-0.07444868154217604,0.005792798955819564,0.01020408163265306,0.01020408163265306,0.01020408163265306,0.01020408163265306,-0.012223999737084707,0.01020408163265306,0.01020408163265306,0.01020408163265306,0.01020408163265306,0.01020408163265306,0.0311739484415528,0.022938936024956176,0.01020408163265306,0.01020408163265306,0.01020408163265306,0.01020408163265306,-0.025943745946834552,-0.03620745149450393,0.01020408163265306,0.01020408163265306,0.0495142031622465,0.01020408163265306,0.01020408163265306,0.01020408163265306,0.03178058680056483,0.01020408163265306,0.01020408163265306,-0.07947582756823601,0.01020408163265306,-0.05517254073550987,-0.019269320004287,0.01020408163265306,0.01020408163265306,0.01020408163265306,0.01020408163265306,0.005924898388922818,0.04233865909573087,0.01020408163265306,0.01020408163265306,0.003580855370939332,0.1298690290926169,0.01020408163265306,0.01020408163265306,-0.005525925322125929,0.13504195203454825,0.06016015483431032,0.39304525456801903,0.01020408163265306,0.0419437346615673
2026-06-16,0.041144279899700265,-0.027884247958225312,0.01020408163265306,0.006237961770349808,-0.020132768946169263,0.01020408163265306,0.01020408163265306,0.02073539504985824,0.07460639160071071,0.08041977771058716,-0.03487791894322299,-0.00781975109984961,0.00781543323084404,0.01020408163265306,-0.058409432258073185,0.01020408163265306,0.01020408163265306,0.01020408163265306,0.01020408163265306,0.01020408163265306,0.01020408163265306,0.01020408163265306,-0.01596350817798769,0.01020408163265306,-0.06844552433312792,0.005743933789930112,0.01020408163265306,0.01020408163265306,-0.028213663373227213,0.01020408163265306,-0.030297058255336136,0.01020408163265306,0.01020408163265306,0.01020408163265306,-0.003217765928688455,0.007209010876093366,0.01020408163265306,0.01020408163265306,-0.026505747454861048,-0.036879621969937215,0.01020408163265306,0.01020408163265306,0.01020408163265306,0.01020408163265306,0.01020408163265306,0.01020408163265306,-0.10927252754706322,-0.06473395914747468,0.00608994155289616,0.01020408163265306,0.01020408163265306,0.01020408163265306,0.01020408163265306,-0.01755228934588498,0.01020408163265306,0.01020408163265306,0.01020408163265306,0.01020408163265306,0.01020408163265306,0.03632292847419062,0.038737617692097326,0.01020408163265306,0.01020408163265306,0.01020408163265306,0.01020408163265306,-0.011395274407303238,-0.020419876283217883,0.01020408163265306,0.01020408163265306,0.048840224701895064,0.01020408163265306,0.01020408163265306,0.01020408163265306,0.03511985714640969,0.01020408163265306,0.01020408163265306,-0.11751908961986123,0.01020408163265306,-0.04989835921396956,-0.013328612806034203,0.01020408163265306,0.01020408163265306,0.01020408163265306,0.01020408163265306,0.0033320434722658157,0.013670521345804796,0.01020408163265306,0.01020408163265306,-0.0027251048403076194,0.13526573781571585,0.01020408163265306,0.01020408163265306,-0.0004356878424693067,0.13673188444190648,0.07436658667434935,0.3779204687062514,0.01020408163265306,0.04418922237186439
2026-06-17,0.04195073601002744,-0.027215175619222015,0.01020408163265306,0.006272853228550125,-0.020421880812286394,0.01020408163265306,0.01020408163265306,0.02067437434282912,0.07461811448683833,0.08010584947200844,-0.035037121311839746,-0.007597095404008497,0.008454892327251905,0.01020408163265306,-0.057793922876261325,0.01020408163265306,0.01020408163265306,0.01020408163265306,0.01020408163265306,0.01020408163265306,0.01020408163265306,0.01020408163265306,-0.016929764516490434,0.01020408163265306,-0.06692597974060739,0.005717688188337644,0.01020408163265306,0.01020408163265306,-0.02889993399517376,0.01020408163265306,-0.030223540536175236,0.01020408163265306,0.01020408163265306,0.01020408163265306,-0.00417329707112339,0.006716841618610241,0.01020408163265306,0.01020408163265306,-0.029764222235495734,-0.03624344875230763,0.01020408163265306,0.01020408163265306,0.01020408163265306,0.01020408163265306,0.01020408163265306,0.01020408163265306,-0.10929345753670407,-0.06412156252196526,0.005919220375907154,0.01020408163265306,0.01020408163265306,0.01020408163265306,0.01020408163265306,-0.017968450553474263,0.01020408163265306,0.01020408163265306,0.01020408163265306,0.01020408163265306,0.01020408163265306,0.03601566138816676,0.037730205553552124,0.01020408163265306,0.01020408163265306,0.01020408163265306,0.01020408163265306,-0.010979676197096297,-0.017911851151640366,0.01020408163265306,0.01020408163265306,0.04894272171896652,0.01020408163265306,0.01020408163265306,0.01020408163265306,0.03503762628552987,0.01020408163265306,0.01020408163265306,-0.11449013986196818,0.01020408163265306,-0.049566033403433275,-0.014152782529482688,0.01020408163265306,0.01020408163265306,0.01020408163265306,0.01020408163265306,0.003396522563652745,0.012645565368782946,0.01020408163265306,0.01020408163265306,-0.002597480330615737,0.1358986947258605,0.01020408163265306,0.01020408163265306,-0.0019681230699732846,0.13643202345546973,0.07497872990261698,0.37833703623736603,0.01020408163265306,0.0430010113484489
2026-06-18,0.04373302981228115,-0.029980821986718614,0.01020408163265306,0.006700009117409626,-0.020527969600308095,0.01020408163265306,0.01020408163265306,0.026611783288949975,0.07491355263846346,0.07246801250226835,-0.03462336831168649,0.007368672544315506,0.01020408163265306,0.01020408163265306,-0.04812202495995385,0.01020408163265306,0.01020408163265306,0.01020408163265306,0.01020408163265306,0.01020408163265306,0.01020408163265306,0.01020408163265306,-0.004220978392014,0.01020408163265306,-0.05859034484662398,0.01020408163265306,0.01020408163265306,0.01020408163265306,0.0016205319361170065,0.01020408163265306,-0.02861925207503515,0.01020408163265306,0.01020408163265306,0.01020408163265306,-0.016214682859796506,-0.010095553936838518,0.01020408163265306,0.01020408163265306,-0.03744396993503996,-0.047258761701937706,0.01020408163265306,0.01020408163265306,0.01020408163265306,0.01020408163265306,0.01020408163265306,0.01020408163265306,-0.11267034844198356,-0.04604819026944065,-0.014194051180478487,0.01020408163265306,0.01020408163265306,-0.00181383247286338,0.01020408163265306,0.01020408163265306,0.01020408163265306,0.01020408163265306,0.01020408163265306,0.01020408163265306,0.01020408163265306,0.023563003075228572,0.02286205653279269,0.01020408163265306,0.01020408163265306,0.01020408163265306,0.01020408163265306,0.009107181227789305,-0.013175933511510531,0.01020408163265306,0.01020408163265306,0.04262225594865402,0.01020408163265306,0.01020408163265306,0.01020408163265306,0.01020408163265306,0.01020408163265306,0.01020408163265306,-0.07227390805541442,0.01020408163265306,-0.04391406826296927,-0.015486936120179902,0.01020408163265306,0.01020408163265306,0.01020408163265306,0.01020408163265306,0.01020408163265306,0.01020408163265306,0.01020408163265306,0.01020408163265306,0.01020408163265306,0.0966030100774817,0.01020408163265306,0.01020408163265306,0.0037259252934867797,0.14570090126842963,0.07923031101055976,0.33366462640120964,0.01020408163265306,0.03212707302086597
2026-06-22,0.04079156443301144,-0.033187928388240855,0.01020408163265306,0.006269953917494848,-0.013855593647372476,0.01020408163265306,0.01020408163265306,0.018974964963562192,0.0809842915947987,0.07889310600368334,-0.0356258525754543,-0.006987291005389055,0.01020408163265306,0.01020408163265306,-0.05279807785319626,0.01020408163265306,0.01020408163265306,0.01020408163265306,0.01020408163265306,0.01020408163265306,0.01020408163265306,0.01020408163265306,-0.024274628499326587,0.01020408163265306,-0.09236842554788444,-0.0037893173659193334,0.01020408163265306,0.01020408163265306,0.01020408163265306,0.01020408163265306,-0.031162182473365968,0.01020408163265306,0.01020408163265306,0.021429686937894994,0.01020408163265306,-0.006750778865936486,0.01020408163265306,0.01020408163265306,-0.04551111680104365,-0.031770731097433016,0.01020408163265306,0.01020408163265306,0.01020408163265306,0.01020408163265306,0.01020408163265306,0.01020408163265306,-0.1049244586742376,-0.07968045322736031,0.01020408163265306,0.01020408163265306,0.01020408163265306,0.01020408163265306,0.01020408163265306,0.01020408163265306,0.01020408163265306,0.01020408163265306,0.01020408163265306,0.01020408163265306,0.01020408163265306,0.029689744087596733,0.05700751579572898,0.01020408163265306,0.01020408163265306,0.01020408163265306,0.01020408163265306,-0.008083712663459563,0.0004276399235001154,-0.021614919374936245,0.01020408163265306,0.041468129440023066,0.01020408163265306,0.01020408163265306,0.01020408163265306,0.01020408163265306,0.01020408163265306,0.01020408163265306,-0.10651341097904998,0.01020408163265306,-0.0514838815716802,-0.0010461748908298894,0.01020408163265306,0.01020408163265306,0.01020408163265306,0.01020408163265306,-0.001328773558837976,0.021878735997492696,0.01020408163265306,0.01020408163265306,-0.005631436901000144,0.12488371203976151,0.01020408163265306,0.01020408163265306,-0.013857499179262657,0.13615223312636915,0.09159640695527428,0.365441143090282,0.01020408163265306,0.04411291887555928
2026-06-23,0.039558102691064134,-0.029538834597973407,0.01020408163265306,0.006582072712179475,-0.013870949769812428,0.01020408163265306,0.01020408163265306,0.020512689079892035,0.0768385583552878,0.07440946223304366,-0.03573797363771986,-0.0065997156061398995,0.01020408163265306,0.01020408163265306,-0.05654226331394617,0.01020408163265306,0.01020408163265306,0.01020408163265306,0.01020408163265306,0.01020408163265306,0.01020408163265306,0.01020408163265306,-0.02663408850216273,0.01020408163265306,-0.09501785000720088,0.007228277652310017,0.01020408163265306,0.01020408163265306,0.01020408163265306,0.01020408163265306,-0.029577991044954323,0.01020408163265306,0.01020408163265306,0.01020408163265306,0.01020408163265306,-0.00616242700045413,0.01020408163265306,0.01020408163265306,-0.033808418266913144,-0.0380636578133656,0.01020408163265306,0.01020408163265306,0.01020408163265306,0.01020408163265306,0.01020408163265306,0.01020408163265306,-0.11076722320819281,-0.07718592848247308,0.01020408163265306,0.01020408163265306,0.01020408163265306,0.01020408163265306,0.01020408163265306,0.01020408163265306,0.01020408163265306,0.01020408163265306,0.01020408163265306,0.01020408163265306,0.01020408163265306,0.030383766060124516,0.06020380683191544,0.01020408163265306,0.01020408163265306,0.01020408163265306,0.01020408163265306,-0.013366176861800723,0.0038989412518990445,-0.0024652839072736524,0.01020408163265306,0.041124637681237156,0.01020408163265306,0.01020408163265306,0.01020408163265306,0.01020408163265306,0.01020408163265306,0.01020408163265306,-0.10768565168153611,0.01020408163265306,-0.05486229208275627,0.001784023327189261,0.01020408163265306,0.01020408163265306,0.01020408163265306,0.01020408163265306,-0.011021819562474918,0.02781084996169688,0.01020408163265306,0.01020408163265306,-0.018419426943057107,0.13731424520128258,0.01020408163265306,0.01020408163265306,-0.009979464393105408,0.13714411445072183,0.08373050366231546,0.38075068845609217,0.01020408163265306,0.025583717483224508
2026-06-24,0.03880388596481163,-0.02991076449032646,0.01020408163265306,0.006596463088206193,-0.0140318423093543,0.01020408163265306,0.01020408163265306,0.022944254990245175,0.07930576209797133,0.07464726100464084,-0.037191975666969294,-0.009916313438496747,0.01020408163265306,0.01020408163265306,-0.06287795182981999,0.007117944843708392,0.01020408163265306,0.01020408163265306,0.01020408163265306,0.01020408163265306,0.01020408163265306,0.01020408163265306,-0.024498017932336913,0.01020408163265306,-0.09642099243876974,0.01020408163265306,0.01020408163265306,0.01020408163265306,0.01020408163265306,0.01020408163265306,-0.030731611265343926,0.01020408163265306,0.01020408163265306,0.01020408163265306,0.01020408163265306,-0.006743032896319312,0.01020408163265306,0.01020408163265306,-0.02542285807226538,-0.03553950015431534,0.01020408163265306,0.01020408163265306,0.01020408163265306,0.01020408163265306,0.01020408163265306,0.01020408163265306,-0.11533040329341822,-0.07696649834373838,0.01020408163265306,0.01020408163265306,0.01020408163265306,0.01020408163265306,0.01020408163265306,0.01020408163265306,0.01020408163265306,0.01020408163265306,0.01020408163265306,0.01020408163265306,0.01020408163265306,0.031736768373227024,0.05998727921478082,0.01020408163265306,0.01020408163265306,0.01020408163265306,0.01020408163265306,-0.003103166617170505,0.0029247871187881545,-0.01082730852967488,0.01020408163265306,0.04021146617120087,0.01020408163265306,0.01020408163265306,0.01020408163265306,0.01020408163265306,0.01020408163265306,0.01020408163265306,-0.11174839719044685,0.01020408163265306,-0.0570565177743671,0.0023523819423964896,0.01020408163265306,0.01020408163265306,0.01020408163265306,0.01020408163265306,-0.010025007793872694,0.02159063949644023,0.01020408163265306,0.01020408163265306,-0.015858260768639075,0.13434856217010133,0.01020408163265306,0.01020408163265306,-0.001443591514600039,0.13793971618460532,0.0793845061732978,0.3823289228281392,0.01020408163265306,0.030974431065847505
2026-06-25,0.04053138448715538,-0.0361539612275942,0.01020408163265306,0.0062086675028375955,-0.014133171972258466,0.01020408163265306,0.020392958977756313,0.024727229298166717,0.08767657132499532,0.07650933109391354,-0.03612186458647619,-0.017684426468896598,0.01020408163265306,0.01020408163265306,-0.07649543851054624,0.008103513228593352,0.01020408163265306,0.01020408163265306,0.01020408163265306,0.009049202875395927,0.01020408163265306,0.01020408163265306,-0.03605536294126494,0.01020408163265306,-0.10586956741535984,0.01020408163265306,0.01020408163265306,0.01020408163265306,0.01020408163265306,0.01020408163265306,-0.030755842928087744,0.01020408163265306,0.01020408163265306,0.026238984500273323,0.01020408163265306,0.009588616862303176,0.01020408163265306,0.01020408163265306,-0.032115644797282066,-0.0277702178411603,0.01020408163265306,0.01020408163265306,0.01020408163265306,0.01020408163265306,0.01020408163265306,0.01020408163265306,-0.10623037536967789,-0.09911461303010909,0.01020408163265306,0.01020408163265306,0.01020408163265306,0.01020408163265306,0.01020408163265306,-0.0002499811878021469,0.01020408163265306,0.01020408163265306,0.01020408163265306,0.01020408163265306,0.01020408163265306,0.03421812882664681,0.07223058021814649,0.01020408163265306,0.01020408163265306,0.01020408163265306,0.01020408163265306,-0.025727390123332895,-0.010339695215954172,-0.006038329878618623,0.01020408163265306,0.0418789160477401,0.01020408163265306,0.01020408163265306,0.01020408163265306,0.060227907958997066,0.012200261492371797,0.01020408163265306,-0.13104931687094087,0.01020408163265306,-0.05916321997845245,0.0013825008822318397,0.01020408163265306,0.01020408163265306,0.01020408163265306,0.02115417989296043,-0.010627900808018191,0.03838349147370373,0.01020408163265306,0.010243476894610038,-0.02949765179007683,0.13835485033396192,0.01020408163265306,0.01020408163265306,-0.01811842190994993,0.1345766657072225,0.08029979838890958,0.3934688844139096,0.01020408163265306,0.020849965638444976
2026-06-26,0.04199027640500687,-0.02775543110254293,0.01020408163265306,0.0075248404259787745,-0.015587278628010575,0.01020408163265306,0.01020408163265306,0.023080121095526138,0.06457660302075013,0.0624290007004286,-0.03334562875308782,0.004214465817378587,0.01020408163265306,0.01020408163265306,-0.03634901263280767,0.01020408163265306,0.01020408163265306,0.01020408163265306,0.01020408163265306,0.0038461779849227147,0.01020408163265306,0.01020408163265306,-0.00937009184604355,0.01020408163265306,-0.0770692546587253,0.010058858508852239,0.01020408163265306,0.01020408163265306,0.01020408163265306,0.01020408163265306,-0.032520359596566746,0.01020408163265306,0.01020408163265306,0.01020408163265306,0.01020408163265306,-0.029994230271059408,0.01020408163265306,0.01020408163265306,-0.018423909306462018,-0.03166177799418385,0.01020408163265306,0.01020408163265306,0.01020408163265306,0.01020408163265306,0.01020408163265306,0.01020408163265306,-0.12145281594644568,-0.05254454001744663,0.01020408163265306,0.01020408163265306,0.01020408163265306,0.01020408163265306,0.01020408163265306,0.01020408163265306,0.01020408163265306,0.01020408163265306,0.01020408163265306,0.01020408163265306,0.01020408163265306,0.01137918135348762,0.04346727985436979,0.01020408163265306,0.01020408163265306,0.01020408163265306,0.01020408163265306,0.004355394957189938,-0.015482990861380419,-0.013924839290047552,0.01020408163265306,0.039509647582979375,0.01020408163265306,0.01020408163265306,0.01020408163265306,0.01020408163265306,0.01020408163265306,0.01020408163265306,-0.05147107175901539,0.01020408163265306,-0.048989438803354386,-0.002945987132570037,0.01020408163265306,0.01020408163265306,0.01020408163265306,0.01020408163265306,0.01020408163265306,0.01020408163265306,0.01020408163265306,0.01020408163265306,0.0013484274080306294,0.09519595456376063,0.01020408163265306,0.01020408163265306,-0.004929801341186554,0.14848248575755735,0.08267819226001358,0.32978344966589057,0.01020408163265306,0.017245041354323074
2026-06-29,0.04013690076511836,-0.02507990088093425,0.01020408163265306,0.0068359901700251755,-0.013301739235256635,0.01020408163265306,0.01020408163265306,0.020639412997151337,0.07950149809386786,0.05104950865658222,-0.033959509366741365,-0.008581895390748067,0.01020408163265306,0.01020408163265306,-0.05282619127310188,0.01020408163265306,0.01020408163265306,0.01020408163265306,0.01020408163265306,0.007414890377834053,0.01020408163265306,0.01020408163265306,-0.018309545539105382,0.01020408163265306,-0.09483741446105874,0.01020408163265306,0.01020408163265306,0.01020408163265306,0.01020408163265306,0.01020408163265306,-0.03581257872018901,0.01020408163265306,0.01020408163265306,0.01020408163265306,0.01020408163265306,-0.009729111992794583,0.01020408163265306,0.01020408163265306,-0.0013697410848908416,-0.043037807066989946,0.01020408163265306,0.01020408163265306,0.01020408163265306,0.01020408163265306,0.01020408163265306,0.01020408163265306,-0.11658009624125125,-0.0880793562972162,0.01020408163265306,0.01020408163265306,0.01020408163265306,0.01020408163265306,0.01020408163265306,0.01020408163265306,0.01020408163265306,0.01020408163265306,0.01020408163265306,0.01020408163265306,0.01020408163265306,0.0267647859086831,0.05782296182831968,0.01020408163265306,0.01020408163265306,0.01020408163265306,0.01020408163265306,-0.01832292203572864,-0.023281455061481666,0.01020408163265306,0.01020408163265306,0.04089703990660632,0.01020408163265306,0.01020408163265306,0.01020408163265306,0.04514220191815209,0.01020408163265306,0.01020408163265306,-0.10556606035139231,0.01020408163265306,-0.05828320255178625,-0.0026484865148238296,0.01020408163265306,0.01020408163265306,0.01020408163265306,0.01020408163265306,-0.007838835791238218,0.01020408163265306,0.01020408163265306,0.01020408163265306,-0.016970100041667817,0.12860671865239962,0.01020408163265306,0.01020408163265306,-0.0023204510640451644,0.14841224065773617,0.08972542749555237,0.375579423371058,0.01020408163265306,0.02555433893886576
2026-06-30,0.04636897961824922,-0.019075085422459545,0.01020408163265306,0.0077534630027005,-0.01785842004814174,0.01020408163265306,0.01020408163265306,0.0209903350927483,0.06797652985021777,0.04790596615653666,-0.03450057679358745,0.003032319742737713,0.01020408163265306,0.01020408163265306,-0.035996223998064285,0.01020408163265306,0.01020408163265306,0.01020408163265306,0.01020408163265306,0.0010327124157951534,0.0060638822565694875,0.01020408163265306,-0.006457621416677077,0.01020408163265306,-0.06997049668393628,0.01020408163265306,0.01020408163265306,0.01020408163265306,0.01020408163265306,0.01020408163265306,-0.037278440850049416,0.01020408163265306,0.01020408163265306,0.01020408163265306,0.01020408163265306,-0.05270567393581847,0.01020408163265306,0.01020408163265306,0.01020408163265306,-0.02192344499687445,0.01020408163265306,0.01020408163265306,0.01020408163265306,0.01020408163265306,0.01020408163265306,0.01020408163265306,-0.12690373303311722,-0.0943650627880922,0.01020408163265306,0.01020408163265306,0.01020408163265306,0.01020408163265306,0.01020408163265306,0.01020408163265306,0.01020408163265306,0.01020408163265306,0.01020408163265306,0.01020408163265306,0.01020408163265306,0.01020408163265306,0.03657359470810021,0.01020408163265306,0.01020408163265306,0.01020408163265306,0.01020408163265306,-0.002307576223989107,-0.00849355842450432,0.009906200344633692,0.01020408163265306,0.039251460174671404,0.01020408163265306,0.01020408163265306,0.01020408163265306,0.01020408163265306,0.01020408163265306,0.01020408163265306,-0.07352838566075838,0.01020408163265306,-0.04548780103275521,-0.004961633245164401,0.01020408163265306,0.01020408163265306,0.01020408163265306,0.01020408163265306,0.005087249605797274,0.01020408163265306,0.01020408163265306,0.01020408163265306,0.01020408163265306,0.12016365270468202,0.01020408163265306,0.01020408163265306,0.01020408163265306,0.15489017914523334,0.08420674573744023,0.3173606631219271,0.01020408163265306,0.019984494753500434
2026-07-01,0.04632854832075543,-0.01696908020715769,0.01020408163265306,0.007362343055045499,-0.01751019651482843,0.01020408163265306,0.01020408163265306,0.017488206588349247,0.06793684014628104,0.04435341550457943,-0.036086702284459475,0.006425209627827524,0.01020408163265306,0.01020408163265306,-0.03625786510696063,0.01020408163265306,0.01020408163265306,0.01020408163265306,0.01020408163265306,0.0023904904364211443,0.00014876273539397335,0.007835320511924078,-0.014592076836125433,0.01020408163265306,-0.0667679754375248,0.01020408163265306,0.01020408163265306,0.01020408163265306,0.01020408163265306,0.01020408163265306,-0.03589668054937838,0.01020408163265306,0.01020408163265306,0.01020408163265306,0.01020408163265306,-0.0327761581899486,0.01020408163265306,0.01020408163265306,0.01020408163265306,0.0019908881100672692,0.01020408163265306,0.01020408163265306,0.01020408163265306,0.01020408163265306,0.01020408163265306,0.01020408163265306,-0.12567972317842024,-0.10719408764796157,0.01020408163265306,0.01020408163265306,0.01020408163265306,0.01020408163265306,0.01020408163265306,0.01020408163265306,0.01020408163265306,0.01020408163265306,0.01020408163265306,0.01020408163265306,0.01020408163265306,0.01020408163265306,0.04203010437487102,0.01020408163265306,0.01020408163265306,0.01020408163265306,0.01020408163265306,-0.01679912000193106,0.0070821349484922,0.01020408163265306,0.01020408163265306,0.039480751816222626,0.01020408163265306,0.01020408163265306,0.01020408163265306,0.01020408163265306,0.01020408163265306,0.01020408163265306,-0.08590676807172358,0.01020408163265306,-0.047484075845165605,-0.009373987942180974,0.01020408163265306,0.01020408163265306,0.01020408163265306,0.01020408163265306,-0.002426699075266119,0.01020408163265306,0.01020408163265306,0.01020408163265306,0.01020408163265306,0.13279059550611305,0.01020408163265306,0.01020408163265306,0.01020408163265306,0.1491483722209094,0.08673633487309605,0.33530640568303144,0.01020408163265306,-0.006378833692796805
2026-07-02,0.043801916953313993,-0.018244175025375432,0.01020408163265306,0.0070569994538770865,-0.013947962189246233,0.01020408163265306,0.01020408163265306,0.015495566316436817,0.08190491810824341,0.0380999581017766,-0.036420084842049914,-0.011971720307814503,0.01020408163265306,0.01020408163265306,-0.04620419460001647,0.01020408163265306,0.01020408163265306,0.01020408163265306,0.01020408163265306,0.01020408163265306,0.003627724795096431,0.01020408163265306,-0.02596982661225547,0.01020408163265306,-0.09288932275843784,0.003231111680068708,0.01020408163265306,0.01020408163265306,0.01020408163265306,0.01020408163265306,-0.033381852214438096,0.01020408163265306,0.01020408163265306,0.01020408163265306,0.01020408163265306,-0.02855156691284435,0.01020408163265306,0.01020408163265306,0.01020408163265306,-0.00016986680539977754,0.01020408163265306,0.01020408163265306,0.01020408163265306,0.01020408163265306,0.01020408163265306,0.01020408163265306,-0.10900283011786277,-0.11468049067092424,0.01020408163265306,0.01020408163265306,0.01020408163265306,0.01020408163265306,0.01020408163265306,0.01020408163265306,0.01020408163265306,0.01020408163265306,0.01020408163265306,0.01020408163265306,0.01020408163265306,0.023304606378242443,0.058577141654277944,0.01020408163265306,0.01020408163265306,0.01020408163265306,0.01020408163265306,-0.02799752139769586,0.01020408163265306,-0.021116836863850103,0.01020408163265306,0.04337280482791392,0.01020408163265306,0.01020408163265306,0.01020408163265306,0.0866048942752312,0.01020408163265306,0.01020408163265306,-0.11144433647000755,0.01020408163265306,-0.05724306816138912,-0.005787866375722482,0.01020408163265306,0.01020408163265306,0.01020408163265306,0.01020408163265306,-0.028351963370090993,0.01020408163265306,0.01020408163265306,0.01020408163265306,-0.020637224643568493,0.16730616257378306,0.01020408163265306,0.007921099746530694,-0.004712762291325211,0.13478739260905764,0.0852967156846818,0.40220471734678365,0.01020408163265306,-0.01631723746683729
2026-07-06,0.04228972736100769,-0.016430702528477573,0.01020408163265306,0.007910845599183593,-0.01494453146209899,0.01020408163265306,0.01020408163265306,0.021883211881526192,0.062292664586185105,0.03427916779770133,-0.03595746954463354,0.002438966438575084,0.01020408163265306,0.01020408163265306,-0.02527311587717762,0.01020408163265306,0.01020408163265306,0.01020408163265306,0.01020408163265306,0.007212171219321706,-0.00027253203432323764,0.01020408163265306,-0.012829204658041991,0.01020408163265306,-0.07349167266007686,0.002886366989592883,0.01020408163265306,0.01020408163265306,0.01020408163265306,0.01020408163265306,-0.031202088881459124,0.01020408163265306,0.01020408163265306,0.01020408163265306,0.01020408163265306,-0.03358622090948198,0.01020408163265306,0.01020408163265306,0.0029698497027241706,0.007698819930104393,0.01020408163265306,0.01020408163265306,0.01020408163265306,0.01020408163265306,0.01020408163265306,0.01020408163265306,-0.11934842675918826,-0.07569768282687407,-0.0028589556343576513,0.008130526042505562,0.01020408163265306,0.01020408163265306,0.01020408163265306,0.01020408163265306,0.01020408163265306,0.01020408163265306,0.01020408163265306,0.01020408163265306,0.01020408163265306,0.01020408163265306,0.03985938050190525,0.01020408163265306,0.01020408163265306,0.01020408163265306,0.01020408163265306,-0.009494811247291469,0.01020408163265306,-0.018563684438560983,0.01020408163265306,0.03851718547957362,0.01020408163265306,0.01020408163265306,0.01020408163265306,0.01551927765570912,0.01020408163265306,0.01020408163265306,-0.07430295975792774,0.01020408163265306,-0.049456310073309806,-0.008829427520119537,0.01020408163265306,0.01020408163265306,0.01020408163265306,0.01020408163265306,-0.003430420268617715,0.01020408163265306,0.01020408163265306,0.01020408163265306,-0.0038755236113291666,0.13391403168798918,0.01020408163265306,0.01020408163265306,0.01020408163265306,0.13846659521460208,0.08878230739690057,0.3511481335369856,0.01020408163265306,-0.008598386287929484
2026-07-07,0.050010049443802024,-0.02037146137255222,0.01020408163265306,0.007930604464453804,-0.01052202720933544,0.01020408163265306,0.01020408163265306,0.023865767915053897,0.058343334057611045,0.023908893053723113,-0.0363612436160326,0.008533768470111436,0.01020408163265306,0.01020408163265306,-0.020840597303471334,0.01020408163265306,0.01020408163265306,0.01020408163265306,0.01020408163265306,0.007775906535843653,0.0031687054648149053,0.01020408163265306,-0.020661058315073214,0.01020408163265306,-0.06456296944413181,-0.0038654634163895803,0.01020408163265306,0.01020408163265306,0.01020408163265306,0.01020408163265306,-0.03500262327383623,0.01020408163265306,0.01020408163265306,0.01020408163265306,0.01020408163265306,-0.03647518189913185,0.01020408163265306,0.01020408163265306,0.006595281961703619,0.006097969187178379,0.01020408163265306,0.01020408163265306,0.01020408163265306,0.01020408163265306,0.01020408163265306,0.01020408163265306,-0.11608165964892399,-0.061427617068511284,0.001847622862261606,0.0034029004007603827,0.01020408163265306,0.01020408163265306,0.01020408163265306,0.01020408163265306,0.01020408163265306,0.01020408163265306,0.01020408163265306,0.01020408163265306,0.01020408163265306,0.01020408163265306,0.04753659156146258,0.01020408163265306,0.01020408163265306,0.01020408163265306,0.01020408163265306,-0.00824902563428844,0.01020408163265306,-0.03460728884933187,0.01020408163265306,0.04095150394133347,0.01020408163265306,0.01020408163265306,0.01020408163265306,0.01031845664086344,0.01020408163265306,0.01020408163265306,-0.05709169520857381,0.01020408163265306,-0.047297060015147815,-0.008003189593198625,0.01020408163265306,0.01020408163265306,0.01020408163265306,0.01020408163265306,-0.004264372821218335,0.01020408163265306,0.01020408163265306,0.01020408163265306,0.0026432592516407415,0.12835715195735914,0.01020408163265306,0.01020408163265306,0.01020408163265306,0.1347647048654649,0.09478498356623649,0.33225135788515614,0.01020408163265306,-0.019649176756870126
2026-07-08,0.05316035108626925,-0.018950569859037925,0.01020408163265306,0.007636217978140139,-0.006229548852218563,0.01020408163265306,0.01020408163265306,0.03669559957004785,0.0544442984188772,0.01962684676687887,-0.03183375090510231,-0.00802744841902237,0.01020408163265306,0.01020408163265306,-0.03883145398281763,0.0009557883200671333,0.01020408163265306,0.01020408163265306,0.01020408163265306,0.00807753325890058,0.0028669924215447276,0.01020408163265306,-0.01967345946920277,0.01020408163265306,-0.07242346108855,0.0025646636644363263,0.01020408163265306,0.01020408163265306,0.0008679077253939561,0.01020408163265306,-0.03753339102494311,0.01020408163265306,0.01020408163265306,0.01020408163265306,0.01020408163265306,-0.016730543755088395,0.01020408163265306,0.01020408163265306,0.00871635106732771,0.01020408163265306,0.01020408163265306,0.01020408163265306,0.01020408163265306,0.01020408163265306,0.01020408163265306,0.01020408163265306,-0.12445360217754449,-0.026756403388288254,-0.009608568331281054,0.00015451671729487665,0.01020408163265306,0.01020408163265306,0.01020408163265306,0.01020408163265306,0.01020408163265306,0.01020408163265306,0.01020408163265306,0.01020408163265306,0.01020408163265306,0.01020408163265306,0.05100707011181571,0.01020408163265306,0.01020408163265306,0.01020408163265306,0.01020408163265306,-0.004683357302409499,0.01020408163265306,-0.021577188955417513,0.01020408163265306,0.04088968997218651,0.01020408163265306,0.01020408163265306,0.01020408163265306,0.01020408163265306,0.01020408163265306,0.01020408163265306,-0.06359637806370831,0.01020408163265306,-0.04717288570479917,-0.01135031133149146,0.01020408163265306,0.01020408163265306,0.01020408163265306,0.01020408163265306,0.008747506437051304,0.01020408163265306,0.01020408163265306,0.01020408163265306,-0.013538501306978161,0.0998209044180261,0.01020408163265306,0.01020408163265306,0.01020408163265306,0.13521153249064963,0.11029177838700936,0.3088351293697677,0.01020408163265306,0.010155247777032349
2026-07-09,0.055336426551477136,-0.02037987536842771,0.01020408163265306,0.006817655591386711,-0.007357953065732099,0.01020408163265306,0.03145040974495647,0.02935249850432467,0.07177720208321432,0.03264648395888457,-0.029000776887856905,-0.02101409070683647,0.009061823488486014,0.01020408163265306,-0.06986467944345419,0.01020408163265306,0.01020408163265306,0.01020408163265306,0.01020408163265306,0.009869014695720577,-0.0013123383282420912,0.01020408163265306,-0.04185253177696111,0.01020408163265306,-0.11836011227535352,0.01020408163265306,0.01020408163265306,0.01020408163265306,0.01020408163265306,0.01020408163265306,-0.03919064303845938,0.01020408163265306,0.01020408163265306,0.05157491915422162,0.01020408163265306,0.01020408163265306,0.01020408163265306,0.01020408163265306,-0.043800376492821924,-0.02931635464555446,0.009595555522573886,0.01020408163265306,0.01020408163265306,0.01020408163265306,0.01020408163265306,0.01020408163265306,-0.08915320570281836,-0.14068842940745893,0.01020408163265306,0.004773609722801942,0.01020408163265306,0.01020408163265306,0.01020408163265306,0.01020408163265306,0.01020408163265306,0.01020408163265306,0.01020408163265306,0.01020408163265306,0.01020408163265306,0.01020408163265306,0.06290851743262944,0.01020408163265306,0.01020408163265306,0.01020408163265306,0.01020408163265306,-0.026213116964853463,0.01020408163265306,-0.04189070649012467,0.01020408163265306,0.03888307095113409,0.009052879244207886,0.01020408163265306,0.01020408163265306,0.07063878275940472,0.01020408163265306,0.01020408163265306,-0.07301187491573725,0.01020408163265306,-0.05333917910869554,-0.013518798028806992,0.01020408163265306,0.01020408163265306,0.01020408163265306,0.01020408163265306,-0.004098800177498875,0.041078053830105904,0.131323703814033,0.01020408163265306,-0.026972457037271205,0.15277093797891864,0.01676130337219641,-0.03940784952891648,0.0007585685993053426,0.10805693090871767,0.11190160945345606,0.37654049383149524,0.01020408163265306,-0.04400262833238279
2026-07-10,0.04555834798034719,-0.024565130147255525,0.01020408163265306,0.006376352357456629,-0.0038090036677190936,0.01020408163265306,0.018542314091769492,0.03123440965862434,0.06960950703618517,0.03898121617012731,-0.028215267104746235,-0.02631220956213952,0.01020408163265306,0.01020408163265306,-0.056252964855690785,0.01020408163265306,0.01020408163265306,0.01020408163265306,0.01020408163265306,0.01020408163265306,0.003334385703198134,0.01020408163265306,-0.031088086485325267,0.0012322820594149603,-0.09400886293151407,0.01020408163265306,0.01020408163265306,0.01020408163265306,0.009959626803728984,0.01020408163265306,-0.03886466870870586,0.01020408163265306,0.01020408163265306,0.01020408163265306,0.01020408163265306,0.01020408163265306,0.01020408163265306,0.01020408163265306,-0.03440439349782471,-0.01352041029914409,0.01020408163265306,0.01020408163265306,0.01020408163265306,0.01020408163265306,0.01020408163265306,0.01020408163265306,-0.09867784605980258,-0.11573519771359521,0.005592354646398303,0.0018964764549583915,0.01020408163265306,0.01020408163265306,0.01020408163265306,0.01020408163265306,0.01020408163265306,0.01020408163265306,0.01020408163265306,0.01020408163265306,0.01020408163265306,0.01020408163265306,0.06379781659206608,0.01020408163265306,0.01020408163265306,0.01020408163265306,0.01020408163265306,0.000859807490970619,0.01020408163265306,-0.04784081028324375,0.01020408163265306,0.03892048434158144,0.01020408163265306,0.01020408163265306,0.01020408163265306,0.041350921244621815,0.01020408163265306,0.01020408163265306,-0.07263428894172005,0.01020408163265306,-0.04920273432814355,-0.012757243865616915,0.01020408163265306,0.01020408163265306,0.01020408163265306,0.01020408163265306,0.01020408163265306,0.028799157351488885,0.09174720983315866,0.01020408163265306,-0.028527164928493373,0.12430707076614304,0.01020408163265306,-0.014368238334698967,0.00250831333282247,0.11625394617887999,0.11953790219212132,0.334349760812789,0.01020408163265306,0.014402205555302848
2026-07-13,0.04791022407389379,-0.025935804100718864,0.01020408163265306,0.006296785881425396,-0.00501819459622176,0.01020408163265306,0.020651216354083672,0.02915084084316185,0.07060144963124464,0.0317726922903763,-0.023825004993447176,-0.026830452547027046,0.01020408163265306,0.01020408163265306,-0.05598348471604121,0.007278576390016374,0.01020408163265306,0.01020408163265306,0.01020408163265306,0.01020408163265306,0.0038313119377159383,0.01020408163265306,-0.03459241815280232,0.008586029665313726,-0.08915742119731222,0.01020408163265306,0.01020408163265306,0.01020408163265306,0.0022047290505400885,0.01020408163265306,-0.038639596850009054,0.01020408163265306,0.01020408163265306,0.01020408163265306,0.01020408163265306,0.01020408163265306,0.01020408163265306,0.01020408163265306,-0.027940820968779298,-0.007594105370086783,-0.00040857125603026984,0.01020408163265306,0.01020408163265306,0.01020408163265306,0.01020408163265306,0.01020408163265306,-0.09908387436275147,-0.08591111900676154,-0.006732630188069766,0.0029491035383741593,0.01020408163265306,0.01020408163265306,0.01020408163265306,0.01020408163265306,0.01020408163265306,0.01020408163265306,0.01020408163265306,0.01020408163265306,0.01020408163265306,0.01020408163265306,0.06724071722262165,0.01020408163265306,0.01020408163265306,0.01020408163265306,0.01020408163265306,0.0009292389610775238,0.01020408163265306,-0.046039243853628405,0.01020408163265306,0.04082983221934464,0.01020408163265306,0.01020408163265306,0.01020408163265306,0.03897782016746514,0.01020408163265306,0.01020408163265306,-0.06949164351389399,0.01020408163265306,-0.048417130244857116,-0.016136862827810107,0.01020408163265306,0.01020408163265306,0.01020408163265306,0.01020408163265306,0.01020408163265306,0.03482451954419382,0.06287411706616959,0.01020408163265306,-0.024351471489647405,0.11954229589060406,0.01020408163265306,-0.011206118263930734,0.0009279590237171714,0.11702849833618123,0.12573140600061206,0.3301224315019612,0.01020408163265306,0.011809683113814239
2026-07-14,0.052231215308935354,-0.02634176037837231,0.01020408163265306,0.0065351022315500735,-0.003745735995416069,0.01020408163265306,0.023308665772186675,0.028636872794000866,0.07467407708728802,0.024544366101940815,-0.020081238552353588,-0.015189364289137282,0.01020408163265306,0.01020408163265306,-0.08305804092752246,0.00609298532792542,0.01020408163265306,0.01020408163265306,0.01020408163265306,0.01020408163265306,0.004163114098092843,0.01020408163265306,-0.025333793306019696,0.00042033484385821385,-0.08755542383126799,0.009443810520086164,0.01020408163265306,0.01020408163265306,0.01020408163265306,0.01020408163265306,-0.03427357717252288,0.01020408163265306,0.01020408163265306,0.01020408163265306,0.01020408163265306,0.01020408163265306,0.01020408163265306,0.01020408163265306,-0.014755242430908947,-0.0002197115861456208,-0.016702984784280638,0.01020408163265306,0.01020408163265306,0.01020408163265306,0.01020408163265306,0.01020408163265306,-0.1075177100751333,-0.0723291489078474,-0.0025790682192453254,-0.004253896502601875,0.01020408163265306,0.01020408163265306,0.01020408163265306,0.01020408163265306,0.01020408163265306,0.01020408163265306,0.01020408163265306,0.01020408163265306,0.01020408163265306,0.01020408163265306,0.07623408782152065,0.01020408163265306,0.01020408163265306,0.01020408163265306,0.01020408163265306,0.007341371634518259,0.01020408163265306,-0.07050431466124861,0.01020408163265306,0.046062911338006385,8.958512857687104e-05,0.01020408163265306,0.01020408163265306,0.04816102389460716,0.01020408163265306,0.01020408163265306,-0.06830950230709726,0.01020408163265306,-0.05094030643551885,-0.012247511189993133,0.01020408163265306,0.01020408163265306,0.01020408163265306,0.01020408163265306,0.01020408163265306,0.03437679549123136,0.06599385785729334,0.01020408163265306,-0.007146988550458045,0.1000044396341706,0.01020408163265306,-0.00803441965620096,0.009198973944917853,0.11066069327443964,0.11631373139869632,0.32564275775753154,0.01020408163265306,0.009968558334652476
2026-07-15,0.04899737269117866,-0.021400980493524888,0.01020408163265306,0.0059639381166085555,0.0013238811485254947,0.01020408163265306,0.01020408163265306,0.030182225970148087,0.05817574124148262,0.012436506244012782,-0.016730449465343203,0.0010208025850134642,0.007223746006993234,0.01020408163265306,-0.0625569340267616,0.01020408163265306,0.01020408163265306,0.01020408163265306,0.01020408163265306,0.01020408163265306,0.00587365405465664,0.01020408163265306,-0.00868402341510485,0.01020408163265306,-0.09679704206964293,0.0029597912629547645,0.01020408163265306,0.01020408163265306,0.01020408163265306,0.01020408163265306,-0.03393277107946036,-0.003830952490224136,0.01020408163265306,0.01020408163265306,0.01020408163265306,0.01020408163265306,0.01020408163265306,0.01020408163265306,0.01020408163265306,-0.0043459806806288685,-0.008075292448640132,0.01020408163265306,0.01020408163265306,0.01020408163265306,0.01020408163265306,0.01020408163265306,-0.10237870930720662,-0.0025959948823541645,-0.03161295502459904,-0.0069037662389841836,-0.007698207200339395,0.01020408163265306,0.01020408163265306,0.01020408163265306,0.01020408163265306,0.01020408163265306,0.01020408163265306,0.01020408163265306,0.01020408163265306,0.01020408163265306,0.08031852221443105,0.01020408163265306,0.01020408163265306,0.01020408163265306,0.01020408163265306,0.01020408163265306,0.01020408163265306,-0.06444274033185886,0.01020408163265306,0.051683825711449805,0.01020408163265306,0.01020408163265306,0.01020408163265306,0.019654963593709267,0.01020408163265306,0.01020408163265306,-0.03462758779154227,0.01020408163265306,-0.04659312138518559,-0.015701628408572074,0.01020408163265306,0.01020408163265306,0.01020408163265306,0.01020408163265306,0.01020408163265306,0.03268910952888631,0.023633263893767333,0.01020408163265306,-0.0061865359373390865,0.06995492822516901,0.01020408163265306,0.01020408163265306,0.01020408163265306,0.09445578649801102,0.12668065993372038,0.3020910824837274,0.01020408163265306,-0.002264945053664381
2026-07-16,0.04497954134843719,-0.016911478055686283,0.01020408163265306,0.005904979439358144,-0.00031351493706729266,0.01020408163265306,0.01020408163265306,0.03613411260482791,0.03877775763873019,0.010598449377657625,-0.015476440923698527,0.01020408163265306,-0.005348930845650246,0.01020408163265306,-0.035730807251542436,0.01020408163265306,0.01020408163265306,0.01020408163265306,0.01020408163265306,0.01020408163265306,-0.00200343617810113,0.01020408163265306,0.01020408163265306,0.01020408163265306,-0.07373939135189933,-0.006060832298342993,0.01020408163265306,0.01020408163265306,0.01020408163265306,0.01020408163265306,-0.032568402966374116,-0.007401619528282171,0.01020408163265306,0.01020408163265306,0.01020408163265306,0.01020408163265306,0.01020408163265306,0.01020408163265306,0.01020408163265306,0.005782948182647677,0.01020408163265306,0.01020408163265306,0.01020408163265306,0.01020408163265306,0.01020408163265306,0.01020408163265306,-0.10955335454124374,0.01020408163265306,-0.044848697281355404,-0.003188381506107797,0.007274821073445006,0.01020408163265306,0.01020408163265306,0.01020408163265306,0.01020408163265306,0.01020408163265306,0.01020408163265306,0.01020408163265306,0.01020408163265306,0.01020408163265306,0.06349107130271842,0.01020408163265306,0.01020408163265306,0.01020408163265306,0.01020408163265306,0.01020408163265306,0.01020408163265306,-0.03972884560150371,0.01020408163265306,0.04744495177251184,0.01020408163265306,0.01020408163265306,0.01020408163265306,0.01020408163265306,0.01020408163265306,0.01020408163265306,0.01020408163265306,0.01020408163265306,-0.041740376590317284,-0.018229222072133268,0.01020408163265306,0.01020408163265306,0.01020408163265306,0.01020408163265306,0.01020408163265306,0.01020408163265306,0.01020408163265306,0.01020408163265306,0.0009052721800456281,0.0207905596712692,0.01020408163265306,0.01020408163265306,0.01020408163265306,0.1048756155191543,0.1270379375100554,0.2773277570723526,0.01020408163265306,-0.022155512151660547
2026-07-17,0.0506499234312557,-0.022913002134901314,0.01020408163265306,0.005860282834694714,0.00496303452280371,0.01020408163265306,0.01020408163265306,0.0308089460972001,0.06589312302752312,0.02102350972230264,-0.015780577947870238,-0.012599048604331727,-0.0038388561908162377,0.01020408163265306,-0.07859364010299306,0.00807991942101371,0.01020408163265306,0.01020408163265306,0.01020408163265306,0.01020408163265306,0.01020408163265306,0.01020408163265306,-0.018162174083348838,0.01020408163265306,-0.10705155021138685,-0.0013872568741355017,0.01020408163265306,0.01020408163265306,0.01020408163265306,0.01020408163265306,-0.02624070497378584,0.0026314864704035804,0.01020408163265306,0.01677880666686112,0.01020408163265306,0.01020408163265306,0.01020408163265306,0.01020408163265306,0.01020408163265306,-0.005709885789956003,-0.027657966275464796,0.01020408163265306,0.01020408163265306,0.01020408163265306,0.01020408163265306,0.01020408163265306,-0.10217506122511072,-0.04156563921217182,-0.014624126911307633,-0.0076530326601204745,7.705790395469425e-05,0.01020408163265306,0.01020408163265306,0.01020408163265306,0.01020408163265306,0.01020408163265306,0.01020408163265306,0.01020408163265306,0.01020408163265306,0.01020408163265306,0.10677652938684969,0.01020408163265306,0.01020408163265306,0.01020408163265306,0.01020408163265306,0.01020408163265306,0.01020408163265306,-0.08762499198976492,0.01020408163265306,0.05137174567964491,-0.04516083440054723,0.01020408163265306,0.01020408163265306,0.06705541306833038,0.01020408163265306,0.01020408163265306,-0.07901174215570711,0.01020408163265306,-0.050998559419163814,-0.00848300086111428,0.01020408163265306,0.01020408163265306,0.01020408163265306,0.01020408163265306,0.01020408163265306,0.024059293307113067,0.058871788716674506,0.01020408163265306,-0.01761873950827722,0.0923817991417991,0.01991787906548121,0.01020408163265306,0.01020408163265306,0.08664426966100976,0.11961401346875083,0.3348507473224494,0.01020408163265306,0.0351122511875883
2026-07-20,0.06824002807411715,-0.026014484527183218,0.01020408163265306,0.006861116340579775,0.007428306516991771,0.01020408163265306,0.01020408163265306,0.02426640749786594,0.08159356102703773,0.01331340452350588,-0.01622343030748625,-0.009678989574473345,-0.003962270987898047,0.01020408163265306,-0.09780745049770723,0.00660719262165026,0.01020408163265306,0.01020408163265306,0.01020408163265306,0.01020408163265306,0.01020408163265306,0.01020408163265306,-0.03307002585895074,0.000614164229158767,-0.09626466583877184,-0.017096559608366146,0.01020408163265306,0.01020408163265306,0.01020408163265306,0.04235196463877295,-0.017869566624006704,-0.0035592443152673015,0.01020408163265306,0.06435771378064278,0.01020408163265306,0.01020408163265306,0.01020408163265306,0.01020408163265306,-0.001029759227882284,-0.008158021229415583,-0.04615881076418427,0.01020408163265306,0.01020408163265306,0.01020408163265306,-0.03056034009028402,0.01020408163265306,-0.09884047713217788,-0.068416047762575,-0.0039831054437524435,0.007894422147041849,0.01020408163265306,0.01020408163265306,0.01020408163265306,0.01020408163265306,0.01020408163265306,0.01020408163265306,0.01020408163265306,0.0009494272771913195,0.01020408163265306,0.01020408163265306,0.12251459560901874,0.01020408163265306,0.01020408163265306,0.01020408163265306,0.01020408163265306,-0.007720041718600553,0.01020408163265306,-0.09778935572671933,0.01020408163265306,0.052116983955084836,-0.07623452010634282,0.01020408163265306,0.01020408163265306,0.11579540925536827,0.01020408163265306,0.01020408163265306,-0.10476757694393835,0.01020408163265306,-0.055246048182401544,-0.004953334228539559,0.01020408163265306,0.01020408163265306,0.01020408163265306,0.01020408163265306,0.01020408163265306,0.028007175181569345,0.0876710939081251,0.01020408163265306,-0.01680060416091088,0.0731345775749466,0.04747198847164448,0.01020408163265306,0.01020408163265306,0.07613170459967247,0.11165112790931052,0.3586093859710615,0.01020408163265306,0.02421481648217115
2026-07-21,0.05333227679542998,-0.019885090294858014,0.01020408163265306,0.006553758829978702,0.006653486096263542,0.01020408163265306,0.01020408163265306,0.02345468940859035,0.07285819588716831,0.016896172144429948,-0.015387352325543878,-0.015871644657799985,0.0006483774681291122,0.01020408163265306,-0.09690700053470812,0.006484937421041338,0.01020408163265306,0.01020408163265306,0.01020408163265306,0.01020408163265306,0.01020408163265306,0.01020408163265306,-0.011373416392420907,0.008328652197275804,-0.09388623122891164,-0.018563724156524825,0.01020408163265306,0.01020408163265306,0.01020408163265306,0.013972545126391503,-0.027414408277806245,-0.007758445454332642,0.01020408163265306,0.04197443591268712,0.01020408163265306,0.01020408163265306,0.01020408163265306,0.01020408163265306,0.01020408163265306,-0.0037002896556061066,-0.01861049630385779,0.01020408163265306,0.01020408163265306,0.01020408163265306,0.0007167452735023297,0.01020408163265306,-0.09839152729574989,-0.025429836472228795,-0.020207638416378265,0.007504646323265846,0.009170327866995408,0.01020408163265306,0.01020408163265306,0.01020408163265306,0.01020408163265306,0.01020408163265306,0.01020408163265306,-0.007957574992333937,0.01020408163265306,0.01020408163265306,0.11525723547315475,0.01020408163265306,0.01020408163265306,0.01020408163265306,0.01020408163265306,0.0003376993750887954,0.01020408163265306,-0.09188951100710137,0.01020408163265306,0.050506556994454485,-0.043552713460996414,0.01020408163265306,0.01020408163265306,0.08030083664222239,0.01020408163265306,0.01020408163265306,-0.08315761458974197,0.01020408163265306,-0.053562840669362566,-0.0024250295765631657,0.01020408163265306,0.01020408163265306,0.01020408163265306,0.01020408163265306,0.01020408163265306,0.025476245250356667,0.0555903346558984,0.01020408163265306,-0.01315567589162604,0.06255919147587356,0.016177330660251968,0.01020408163265306,0.01020408163265306,0.0833689432479206,0.12255757191618426,0.3420632845836116,0.01020408163265306,0.02593542136297959
2026-07-22,0.07213693332656085,-0.029911166734959152,0.01020408163265306,0.007155100882068782,0.009409179919998036,0.01020408163265306,0.012085499662145272,0.0277989881218257,0.09464459805622001,0.01020408163265306,-0.017683797242738407,-0.011385775629321486,-0.019132583275982454,0.01020408163265306,-0.11674209715181318,0.01020408163265306,0.01020408163265306,0.01020408163265306,0.01020408163265306,0.01020408163265306,0.01020408163265306,0.005333747702661666,-0.042673775251806795,-0.007439127708842317,-0.08241176896351446,-0.012151593653403835,0.01020408163265306,0.01020408163265306,0.01020408163265306,0.04800539916173819,-0.016228309569169964,-0.010856639493552702,0.01020408163265306,0.09761797472965619,0.01020408163265306,0.01020408163265306,0.01020408163265306,0.01020408163265306,-0.00631273455493587,-0.02261119952619537,-0.036816911817321885,0.01020408163265306,0.01020408163265306,0.01020408163265306,-0.06604043285623913,0.01020408163265306,-0.08786891226936688,-0.06847133370170484,-0.004101110688663133,0.01020408163265306,0.01020408163265306,0.01020408163265306,0.01020408163265306,0.01020408163265306,0.01020408163265306,0.01020408163265306,0.01020408163265306,-0.005968552045073313,0.01020408163265306,0.0068253579195335905,0.1299909078332299,0.01020408163265306,0.01020408163265306,0.01020408163265306,0.01020408163265306,-0.003861827523728996,0.01020408163265306,-0.07524418677836663,0.02680139208753584,0.050352899634202614,-0.08635458574189195,0.01020408163265306,0.01020408163265306,0.1039729426907005,0.01020408163265306,0.01020408163265306,-0.09009797671416811,0.01020408163265306,-0.05908099565893339,0.0009271620440609724,0.01020408163265306,0.03409901592006069,0.01020408163265306,0.01020408163265306,0.01020408163265306,0.05636314702910388,0.08046233607459913,0.01020408163265306,-0.025775357123242,0.07687344635430192,0.051716402783909744,0.0008283324289826231,0.01020408163265306,0.0646771477239683,0.10598194567042381,0.36606942323976466,0.01020408163265306,-0.014702447689663624
2026-07-23,0.045410202858450925,-0.030459269295171357,0.01020408163265306,0.007280694005957471,0.01020408163265306,0.01020408163265306,0.01020408163265306,0.042242382229848593,0.07987274824861433,0.01020408163265306,-0.020946969919442664,-0.006428623812710492,0.008792585383958622,0.01020408163265306,-0.10904046633864672,0.01020408163265306,0.01020408163265306,0.01020408163265306,0.01020408163265306,0.01020408163265306,0.0007407644596412379,-0.0055325419870857154,-0.03232822519876052,0.009815123371183038,-0.08524360248469905,-0.02174770793428646,0.01020408163265306,0.01020408163265306,0.01020408163265306,0.018803124130507887,-0.022423987682818627,-0.005208148348046069,0.01020408163265306,0.04147299923981889,0.01020408163265306,0.01020408163265306,0.01020408163265306,0.01020408163265306,0.01020408163265306,0.00333643029974045,0.0012386617055513433,0.01020408163265306,0.01020408163265306,0.01020408163265306,-0.014206149508868721,-0.0055556076205113426,-0.10138031809554132,-0.013324267915132007,-0.010287939476864736,0.01020408163265306,0.0005279302760276827,0.01020408163265306,0.01020408163265306,0.01020408163265306,0.01020408163265306,0.01020408163265306,0.01020408163265306,-0.02555049231113634,0.01020408163265306,0.01020408163265306,0.12026025150984061,0.01020408163265306,0.01020408163265306,0.01020408163265306,0.01020408163265306,0.01020408163265306,0.0092332695494935,-0.0837854230423357,0.01020408163265306,0.04751136901985941,-0.04742617606528474,0.01020408163265306,0.01020408163265306,0.07783891440875919,0.01020408163265306,0.01020408163265306,-0.07374944978975762,0.01020408163265306,-0.04666096024227675,0.0011963709860699518,0.01020408163265306,0.01020408163265306,0.01020408163265306,0.01020408163265306,0.01020408163265306,0.04521615380391875,0.06632625516559369,0.01020408163265306,-0.016660189699588962,0.07966932439402423,0.021509642861688147,0.01020408163265306,0.01020408163265306,0.07606144789347678,0.122435000217559,0.2838896788840976,0.01020408163265306,0.03665294696732534
2026-07-24,0.04186707883768597,-0.024117270823473036,0.01020408163265306,0.006384120414542407,0.01020408163265306,0.01020408163265306,0.01020408163265306,0.038771374407022365,0.03445559523539565,0.01020408163265306,-0.020406750828599475,0.01020408163265306,0.005539496432883328,0.01020408163265306,-0.042441369123524066,0.01020408163265306,0.01020408163265306,0.01020408163265306,0.01020408163265306,0.01020408163265306,-0.01721008045836645,0.0017034026277370096,0.01020408163265306,0.006393199943554133,-0.055254446332999044,-0.008720538194918656,0.01020408163265306,0.01020408163265306,0.01020408163265306,0.01020408163265306,-0.025069299205229642,-0.012702257819593802,0.01020408163265306,0.01020408163265306,0.01020408163265306,0.01020408163265306,0.01020408163265306,0.01020408163265306,0.01020408163265306,0.01020408163265306,0.01020408163265306,0.01020408163265306,0.01020408163265306,0.01020408163265306,0.01020408163265306,0.01020408163265306,-0.12059675553416326,0.01020408163265306,-0.037806852683388834,0.01020408163265306,0.003982729025833195,0.00814236872123041,0.01020408163265306,0.01020408163265306,0.01020408163265306,0.01020408163265306,0.01020408163265306,0.0008404442542510344,0.01020408163265306,0.01020408163265306,0.07357653627253116,0.01020408163265306,0.01020408163265306,0.01020408163265306,0.01020408163265306,0.01020408163265306,0.01020408163265306,-0.005355825645457189,0.01020408163265306,0.0459837628028027,0.01020408163265306,0.01020408163265306,0.01020408163265306,0.01020408163265306,0.01020408163265306,0.01020408163265306,0.01020408163265306,0.01020408163265306,-0.02929945602207188,-0.004182197968770444,0.01020408163265306,0.01020408163265306,0.01020408163265306,0.01020408163265306,0.01020408163265306,0.014000075441325078,0.01020408163265306,0.01020408163265306,-0.013076188248411011,0.015729718513233445,0.01020408163265306,0.01020408163265306,0.01020408163265306,0.09082725889988447,0.15186153082111542,0.2025820567825305,0.01020408163265306,0.00012915170030640584
2026-07-27,0.04313824080997576,-0.03130695829427748,0.01020408163265306,0.006410870913084298,0.01020408163265306,0.01020408163265306,0.01020408163265306,0.05451045349247253,0.058329469388631906,0.01020408163265306,-0.0240237111955227,0.01020408163265306,0.01020408163265306,0.01020408163265306,-0.06710589144691163,0.01020408163265306,0.01020408163265306,0.01020408163265306,0.01020408163265306,0.01020408163265306,-0.018125223845168126,0.002073235623779793,-0.022507258345234142,0.006024861796135877,-0.07993262456597447,-0.016582845193716313,0.01020408163265306,0.01020408163265306,0.01020408163265306,0.01020408163265306,-0.023094525539394596,-0.011451612715714618,0.01020408163265306,0.01020408163265306,0.01020408163265306,0.01020408163265306,0.01020408163265306,0.01020408163265306,0.01020408163265306,0.01020408163265306,0.01020408163265306,0.01020408163265306,0.01020408163265306,0.01020408163265306,0.01020408163265306,0.01020408163265306,-0.0994773530877958,0.01020408163265306,-0.029688818203991205,0.01020408163265306,0.001448832613052231,0.01020408163265306,0.01020408163265306,0.01020408163265306,0.01020408163265306,0.0019049087218852082,0.01020408163265306,-0.02566892013741516,0.01020408163265306,0.01020408163265306,0.09691539710360325,0.01020408163265306,0.01020408163265306,0.01020408163265306,0.01020408163265306,0.01020408163265306,0.01020408163265306,-0.046213162370576245,0.01020408163265306,0.04923659180919348,0.01020408163265306,0.01020408163265306,0.01020408163265306,0.01463059358366767,0.01020408163265306,0.01020408163265306,-0.009239610986552677,0.01020408163265306,-0.036691314419091535,0.0014488313813161534,0.01020408163265306,0.01020408163265306,0.01020408163265306,0.01020408163265306,0.01020408163265306,0.024940035922758372,0.028566912665879296,0.01020408163265306,-0.0233753524051194,0.041205281998580846,0.01020408163265306,0.01020408163265306,0.01020408163265306,0.07955721986782045,0.1480610431573498,0.22877717422188174,0.01020408163265306,0.03444808482424465
2026-07-28,0.037873953354744826,-0.032200727892597654,0.01020408163265306,0.006057149031333239,0.01020408163265306,0.01020408163265306,0.01020408163265306,0.05121781788298151,0.06199053969559855,0.01020408163265306,-0.02060674838264074,0.00666613897225363,0.01020408163265306,0.01020408163265306,-0.06438430132472521,0.01020408163265306,0.01020408163265306,0.01020408163265306,0.01020408163265306,0.01020408163265306,-0.02110973258204832,-0.005688979592305484,-0.020503915727270665,0.01020408163265306,-0.07267863402316141,-0.01857498870004993,0.01020408163265306,0.01020408163265306,0.01020408163265306,0.01020408163265306,-0.02198708858801593,-0.00827422975410193,0.01020408163265306,0.011488211419667306,0.01020408163265306,0.01020408163265306,0.01020408163265306,0.01020408163265306,0.01020408163265306,0.01020408163265306,0.01020408163265306,0.01020408163265306,0.01020408163265306,0.01020408163265306,0.01020408163265306,0.01020408163265306,-0.09689529188738988,0.01020408163265306,-0.0253816873843705,0.01020408163265306,0.01020408163265306,0.01020408163265306,0.01020408163265306,0.01020408163265306,0.01020408163265306,-0.0020234353357426772,0.01020408163265306,-0.02458712970427479,0.01020408163265306,0.01020408163265306,0.09719430996604697,0.01020408163265306,0.01020408163265306,0.01020408163265306,0.01020408163265306,0.01020408163265306,0.01020408163265306,-0.05874378623708354,0.01020408163265306,0.05196051913109463,0.01020408163265306,0.01020408163265306,0.01020408163265306,0.010217669880869565,0.01020408163265306,0.01020408163265306,-0.008347538711144875,0.01020408163265306,-0.037743158027369696,-0.0012045062254522794,0.01020408163265306,0.01020408163265306,0.01020408163265306,0.01020408163265306,0.01020408163265306,0.020669551017567157,0.028480948846106725,0.01020408163265306,-0.01735150873226804,0.024709616022564836,0.01020408163265306,0.01020408163265306,0.01020408163265306,0.07971897979321561,0.14675121758843676,0.237928227640574,0.01020408163265306,0.04250539571181523
2026-07-29,0.04813762560928053,-0.034436688885130434,0.01020408163265306,0.006389585742135986,0.01020408163265306,0.01020408163265306,0.012933432453843539,0.04565304666234629,0.0913263355676515,0.01020408163265306,-0.021339361620199858,0.0003841515868060197,0.0071078167175824495,0.01020408163265306,-0.09671196191091591,0.01020408163265306,0.01020408163265306,0.01020408163265306,0.01020408163265306,0.01020408163265306,-0.0034558243341353354,-0.02291253891471863,-0.045538755455611674,-0.006549544937155772,-0.09938368580863566,-0.019524522127875893,0.01020408163265306,0.01020408163265306,0.01020408163265306,0.030834499259017774,-0.014424017331745772,-0.0047433067158053795,0.01020408163265306,0.07490240001328245,0.01020408163265306,0.01020408163265306,0.01020408163265306,0.01020408163265306,0.01020408163265306,0.0023409449798793107,-0.011517454304069604,0.01020408163265306,0.01020408163265306,0.01020408163265306,-0.0303093129074153,0.008125292337399946,-0.085080035510032,-0.04135813803676427,-0.001743060264876398,0.01020408163265306,0.01020408163265306,0.01020408163265306,0.01020408163265306,0.01020408163265306,0.01020408163265306,-0.0014832191625549218,0.01020408163265306,-0.03648906221006197,0.01020408163265306,0.00717842732540208,0.12820176480685952,0.01020408163265306,0.01020408163265306,0.01020408163265306,0.01020408163265306,0.001401101243728841,0.01020408163265306,-0.09687573360675707,0.047654447337392734,0.05369919814730302,-0.08036810963960962,0.01020408163265306,0.01020408163265306,0.09316194263629766,0.01020408163265306,0.01020408163265306,-0.09800545183542178,0.01020408163265306,-0.05083879028098961,0.00161609593846798,0.01020408163265306,0.042839476312907625,0.01020408163265306,0.01020408163265306,0.01020408163265306,0.03189067029050112,0.09617809250282446,0.01020408163265306,-0.02999407074097138,0.0639262185219807,0.039915862700034964,0.01020408163265306,0.01020408163265306,0.06008956899152926,0.11835140233074107,0.303146683604307,0.008256302575089608,0.027848423612166724
2026-07-30,0.02732243606034373,-0.014601657890655964,0.01020408163265306,0.004557993581240533,0.01020408163265306,0.01020408163265306,0.01020408163265306,0.05271462731480642,0.03184073883518871,0.01020408163265306,-0.026191957074975035,0.01020408163265306,0.003728177795033002,0.01020408163265306,-0.0606440924142376,0.01020408163265306,0.01020408163265306,0.01020408163265306,0.01020408163265306,0.01020408163265306,-0.020090608258514046,0.01020408163265306,-0.006451477047176442,0.01020408163265306,-0.058514883972770396,0.009301152200362386,0.01020408163265306,0.01020408163265306,0.01020408163265306,0.01020408163265306,-0.01939603202155365,-0.013024579880311386,0.01020408163265306,0.01020408163265306,0.01020408163265306,0.01020408163265306,0.01020408163265306,0.01020408163265306,0.01020408163265306,0.01020408163265306,0.01020408163265306,0.01020408163265306,0.01020408163265306,0.01020408163265306,0.01020408163265306,0.01020408163265306,-0.10909628603705224,0.01020408163265306,-0.027223052501759742,0.01020408163265306,0.0023917490329452,-0.0067925473246542665,0.01020408163265306,0.01020408163265306,-0.014351435886298851,0.01020408163265306,0.01020408163265306,0.01020408163265306,0.01020408163265306,0.01020408163265306,0.10069469520032781,0.01020408163265306,0.01020408163265306,0.01020408163265306,0.01020408163265306,0.01020408163265306,0.01020408163265306,-0.02497482252251989,0.01020408163265306,0.05679784418229261,0.01020408163265306,0.01020408163265306,0.01020408163265306,0.01020408163265306,0.01020408163265306,0.01020408163265306,0.01020408163265306,0.01020408163265306,-0.020219308666843516,0.005995969437141888,0.01020408163265306,0.01020408163265306,0.01020408163265306,0.01020408163265306,0.01020408163265306,0.01020408163265306,0.01020408163265306,0.01020408163265306,-0.02385740602050434,0.01020408163265306,0.01020408163265306,0.01020408163265306,0.01020408163265306,0.0657463501717939,0.17287842132283718,0.16442051945075767,0.01020408163265306,0.04295784028169512
2026-07-31,0.03950756335830792,-0.014870914962516467,0.01020408163265306,0.004350226471607576,0.00950125018989963,0.01020408163265306,0.01020408163265306,0.039594444489412496,0.07754880314633357,0.01020408163265306,-0.024212101494726003,-0.0038859946072154795,-0.00384274880796618,0.02585260230535065,-0.10256034643071728,0.01020408163265306,0.01020408163265306,0.01020408163265306,0.01020408163265306,0.01020408163265306,-0.0170715565684421,0.01020408163265306,-0.051956538600080385,0.01020408163265306,-0.10797482780285755,0.01020408163265306,0.01020408163265306,0.01020408163265306,0.01020408163265306,0.01020408163265306,-0.01855407909923793,-0.013848067322308486,0.01020408163265306,0.061958397665235226,0.01020408163265306,0.01020408163265306,0.01020408163265306,0.01020408163265306,0.01020408163265306,-0.019430958984431146,0.01020408163265306,0.01020408163265306,0.01020408163265306,0.01020408163265306,0.01020408163265306,0.01020408163265306,-0.07468691533678577,-0.01847122582028584,0.0006122194410912076,0.01020408163265306,0.01020408163265306,0.01020408163265306,0.01020408163265306,0.01020408163265306,-0.07929952567514055,0.01020408163265306,0.01020408163265306,-0.0040674902476177666,0.01020408163265306,0.006946578330006604,0.13764134139418707,0.005051708841320439,0.01020408163265306,0.0036855268395274325,0.01020408163265306,-0.0009326574635032132,0.007476254443029343,-0.10834451805595706,0.01020408163265306,0.06575670423952032,-0.018260774899298504,0.01020408163265306,0.01020408163265306,0.09108187714858126,0.01020408163265306,0.01020408163265306,0.01020408163265306,0.01020408163265306,-0.04171352630316025,0.008631267973497598,0.01020408163265306,0.01020408163265306,0.01020408163265306,0.01020408163265306,0.01020408163265306,0.015642740387816313,0.05795824669008196,0.01020408163265306,-0.024325473505559768,0.018055366580423123,0.01020408163265306,0.01020408163265306,0.01020408163265306,0.04609559041161977,0.15553286254470894,0.25085911250656145,0.01020408163265306,0.057745066793769464
